x y z c
-0.072219899	0.36503305	-7.7629314	3.058163529117403
-0.0675939798	0.374318654	-7.72322278	3.058163529117403
-0.0309546333	0.384960949	-7.75118922	3.058163529117403
-0.0774613256	0.354511938	-7.8079235	2.745302752707055
-0.0309546333	0.384960949	-7.75118922	2.745302752707055
0.0	0.392368271	-7.78343941	2.745302752707055
-0.0309546333	0.384960949	-7.75118922	3.0039120587170784
-0.0774613256	0.354511938	-7.8079235	3.0039120587170784
-0.072219899	0.36503305	-7.7629314	3.0039120587170784
-0.072219899	0.36503305	-7.7629314	2.882993120683543
-0.0774613256	0.354511938	-7.8079235	2.882993120683543
-0.125717942	0.340947713	-7.76934699	2.882993120683543
-0.10473874	0.356501112	-7.73362734	3.0088317248653556
-0.072219899	0.36503305	-7.7629314	3.0088317248653556
-0.125717942	0.340947713	-7.76934699	3.0088317248653556
-0.0675939798	0.374318654	-7.72322278	3.103982978258166
-0.072219899	0.36503305	-7.7629314	3.103982978258166
-0.10473874	0.356501112	-7.73362734	3.103982978258166
-0.0624824695	0.384578985	-7.67934587	2.9714610782418003
-0.0675939798	0.374318654	-7.72322278	2.9714610782418003
-0.108118428	0.362650049	-7.69233734	2.9714610782418003
-0.0309546333	0.384960949	-7.75118922	3.0476088231532454
0.0	0.402	-7.731	3.0476088231532454
0.0	0.392368271	-7.78343941	3.0476088231532454
-0.0675939798	0.374318654	-7.72322278	2.780065681161324
-0.0624824695	0.384578985	-7.67934587	2.780065681161324
0.0	0.402	-7.731	2.780065681161324
-0.0309546333	0.384960949	-7.75118922	3.052406123836389
-0.0675939798	0.374318654	-7.72322278	3.052406123836389
0.0	0.402	-7.731	3.052406123836389
0.0	0.410990357	-7.6820525	2.7725035811428236
0.0	0.402	-7.731	2.7725035811428236
-0.0624824695	0.384578985	-7.67934587	2.7725035811428236
-0.0624824695	0.384578985	-7.67934587	2.775524053944708
-0.0568482058	0.395888638	-7.63098168	2.775524053944708
0.0	0.410990357	-7.6820525	2.775524053944708
0.0	0.419408777	-7.63621888	2.84209135907413
0.0	0.410990357	-7.6820525	2.84209135907413
-0.0568482058	0.395888638	-7.63098168	2.84209135907413
0.0	0.427254787	-7.59350172	2.8726731455024797
0.0	0.419408777	-7.63621888	2.8726731455024797
-0.0568482058	0.395888638	-7.63098168	2.8726731455024797
0.0	0.353827022	-7.9932751	2.826200942129596
0.0	0.344188582	-8.04575105	2.826200942129596
-0.0515028223	0.324107746	-8.03432201	2.826200942129596
-0.0510155054	0.337392477	-7.96313664	2.696146480678403
0.0	0.353827022	-7.9932751	2.696146480678403
-0.0515028223	0.324107746	-8.03432201	2.696146480678403
-0.0510088838	0.34703189	-7.91067092	2.933622337022634
-0.0510155054	0.337392477	-7.96313664	2.933622337022634
-0.0912356772	0.326862692	-7.92616173	2.933622337022634
-0.0510088838	0.34703189	-7.91067092	2.830438445004707
0.0	0.363464301	-7.94080547	2.830438445004707
-0.0510155054	0.337392477	-7.96313664	2.830438445004707
0.0	0.363464301	-7.94080547	2.8303820870006353
0.0	0.353827022	-7.9932751	2.8303820870006353
-0.0510155054	0.337392477	-7.96313664	2.8303820870006353
0.0	0.37310033	-7.88834265	2.8304948298885484
0.0	0.363464301	-7.94080547	2.8304948298885484
-0.0510088838	0.34703189	-7.91067092	2.8304948298885484
0.0	0.382735017	-7.83588713	2.6152415089419594
0.0	0.37310033	-7.88834265	2.6152415089419594
-0.0837451326	0.341898456	-7.86186333	2.6152415089419594
-0.0510088838	0.34703189	-7.91067092	2.7500602813372637
-0.0837451326	0.341898456	-7.86186333	2.7500602813372637
0.0	0.37310033	-7.88834265	2.7500602813372637
-0.0510088838	0.34703189	-7.91067092	2.865210262597654
-0.0912356772	0.326862692	-7.92616173	2.865210262597654
-0.0837451326	0.341898456	-7.86186333	2.865210262597654
-0.0774613256	0.354511938	-7.8079235	2.8032128559987406
-0.0837451326	0.341898456	-7.86186333	2.8032128559987406
-0.13287015	0.32678446	-7.82969002	2.8032128559987406
-0.0837451326	0.341898456	-7.86186333	2.619106968125328
-0.0774613256	0.354511938	-7.8079235	2.619106968125328
0.0	0.382735017	-7.83588713	2.619106968125328
0.0	0.392368271	-7.78343941	2.649180745834884
0.0	0.382735017	-7.83588713	2.649180745834884
-0.0774613256	0.354511938	-7.8079235	2.649180745834884
0.16579713	0.524061199	-7.64834484	3.6067231347596382
0.158449555	0.524793392	-7.62296451	3.6067231347596382
0.16605877	0.506601365	-7.63006459	3.6067231347596382
0.16605877	0.506601365	-7.63006459	3.6124658493959996
0.158449555	0.524793392	-7.62296451	3.6124658493959996
0.158543577	0.507653586	-7.60490725	3.6124658493959996
0.16579713	0.524061199	-7.64834484	3.590494508407426
0.16605877	0.506601365	-7.63006459	3.590494508407426
0.167729729	0.49686716	-7.6491728	3.590494508407426
0.158365331	0.541893645	-7.64100829	3.5517362051339942
0.158296303	0.558942747	-7.65904084	3.5517362051339942
0.143686841	0.561584626	-7.63674138	3.5517362051339942
0.16579713	0.524061199	-7.64834484	3.616490066657528
0.158365331	0.541893645	-7.64100829	3.616490066657528
0.158449555	0.524793392	-7.62296451	3.616490066657528
0.158449555	0.524793392	-7.62296451	3.5495461861040813
0.158365331	0.541893645	-7.64100829	3.5495461861040813
0.143616378	0.54461754	-7.61886061	3.5495461861040813
0.143686841	0.561584626	-7.63674138	3.5542050501643327
0.143616378	0.54461754	-7.61886061	3.5542050501643327
0.158365331	0.541893645	-7.64100829	3.5542050501643327
0.167298298	0.514011687	-7.6670155	3.603081983702967
0.166866867	0.531156213	-7.6848582	3.603081983702967
0.165535912	0.54145662	-7.66656117	3.603081983702967
0.16527505	0.558787431	-7.68471322	3.617463146240418
0.158296303	0.558942747	-7.65904084	3.617463146240418
0.165535912	0.54145662	-7.66656117	3.617463146240418
0.165535912	0.54145662	-7.66656117	3.621264385684704
0.158296303	0.558942747	-7.65904084	3.621264385684704
0.158365331	0.541893645	-7.64100829	3.621264385684704
0.165535912	0.54145662	-7.66656117	3.611736100663601
0.158365331	0.541893645	-7.64100829	3.611736100663601
0.16579713	0.524061199	-7.64834484	3.611736100663601
0.165535912	0.54145662	-7.66656117	3.593960607996359
0.16579713	0.524061199	-7.64834484	3.593960607996359
0.167298298	0.514011687	-7.6670155	3.593960607996359
0.167298298	0.514011687	-7.6670155	3.5573836021048173
0.167729729	0.49686716	-7.6491728	3.5573836021048173
0.162142379	0.492293576	-7.675811	3.5573836021048173
0.167729729	0.49686716	-7.6491728	3.6011219947186195
0.167298298	0.514011687	-7.6670155	3.6011219947186195
0.16579713	0.524061199	-7.64834484	3.6011219947186195
0.143686841	0.561584626	-7.63674138	3.599803176592598
0.12625643	0.559165974	-7.61872198	3.599803176592598
0.143616378	0.54461754	-7.61886061	3.599803176592598
0.143569463	0.527639851	-7.60100067	3.597312434031728
0.125935175	0.525252722	-7.5832244	3.597312434031728
0.143539035	0.510657495	-7.58315853	3.597312434031728
0.143539035	0.510657495	-7.58315853	3.5988032345875336
0.125935175	0.525252722	-7.5832244	3.5988032345875336
0.125853216	0.508270088	-7.56550099	3.5988032345875336
0.125853216	0.508270088	-7.56550099	3.578615386945073
0.125935175	0.525252722	-7.5832244	3.578615386945073
0.105011681	0.521367675	-7.57180609	3.578615386945073
0.143539035	0.510657495	-7.58315853	3.597244659915897
0.125853216	0.508270088	-7.56550099	3.597244659915897
0.143520911	0.493674002	-7.56533238	3.597244659915897
0.143520911	0.493674002	-7.56533238	3.5988980287154906
0.125853216	0.508270088	-7.56550099	3.5988980287154906
0.125801464	0.491285587	-7.54779585	3.5988980287154906
0.143539035	0.510657495	-7.58315853	3.550745967776399
0.143520911	0.493674002	-7.56533238	3.550745967776399
0.158644115	0.490481376	-7.58683533	3.550745967776399
0.158543577	0.507653586	-7.60490725	3.5475879367860297
0.158449555	0.524793392	-7.62296451	3.5475879367860297
0.143569463	0.527639851	-7.60100067	3.5475879367860297
0.16605877	0.506601365	-7.63006459	3.602158927584067
0.158543577	0.507653586	-7.60490725	3.602158927584067
0.1663209	0.489077286	-7.61172071	3.602158927584067
0.158644115	0.490481376	-7.58683533	3.5458036277555167
0.158543577	0.507653586	-7.60490725	3.5458036277555167
0.143539035	0.510657495	-7.58315853	3.5458036277555167
0.143569463	0.527639851	-7.60100067	3.5517567117797877
0.143539035	0.510657495	-7.58315853	3.5517567117797877
0.158543577	0.507653586	-7.60490725	3.5517567117797877
0.143616378	0.54461754	-7.61886061	3.5528979579161186
0.143569463	0.527639851	-7.60100067	3.5528979579161186
0.158449555	0.524793392	-7.62296451	3.5528979579161186
0.143616378	0.54461754	-7.61886061	3.6010760007773777
0.12625643	0.559165974	-7.61872198	3.6010760007773777
0.126062232	0.542223406	-7.60096537	3.6010760007773777
0.126062232	0.542223406	-7.60096537	3.5759916200392863
0.12625643	0.559165974	-7.61872198	3.5759916200392863
0.105216531	0.555684456	-7.60729257	3.5759916200392863
0.143616378	0.54461754	-7.61886061	3.598038110824586
0.126062232	0.542223406	-7.60096537	3.598038110824586
0.143569463	0.527639851	-7.60100067	3.598038110824586
0.143569463	0.527639851	-7.60100067	3.5993882255921825
0.126062232	0.542223406	-7.60096537	3.5993882255921825
0.125935175	0.525252722	-7.5832244	3.5993882255921825
0.125935175	0.525252722	-7.5832244	3.5772137378727713
0.126062232	0.542223406	-7.60096537	3.5772137378727713
0.105083603	0.538530129	-7.58954745	3.5772137378727713
0.126544998	0.576057917	-7.63649023	3.5742965903749013
0.126949177	0.592875546	-7.65426313	3.5742965903749013
0.105768067	0.589914082	-7.64276174	3.5742965903749013
0.143792181	0.578531073	-7.65464748	3.603051806859905
0.126544998	0.576057917	-7.63649023	3.603051806859905
0.143686841	0.561584626	-7.63674138	3.603051806859905
0.143686841	0.561584626	-7.63674138	3.6043831569817675
0.126544998	0.576057917	-7.63649023	3.6043831569817675
0.12625643	0.559165974	-7.61872198	3.6043831569817675
0.12625643	0.559165974	-7.61872198	3.575008374692944
0.126544998	0.576057917	-7.63649023	3.575008374692944
0.105436082	0.572819756	-7.62503585	3.575008374692944
0.143792181	0.578531073	-7.65464748	3.609657436903853
0.126949177	0.592875546	-7.65426313	3.609657436903853
0.126544998	0.576057917	-7.63649023	3.609657436903853
0.143949148	0.595440077	-7.67258398	3.6163172745868284
0.127453328	0.609612696	-7.67202967	3.6163172745868284
0.126949177	0.592875546	-7.65426313	3.6163172745868284
0.126949177	0.592875546	-7.65426313	3.5737718322330565
0.127453328	0.609612696	-7.67202967	3.5737718322330565
0.106216636	0.606929441	-7.66043605	3.5737718322330565
0.143949148	0.595440077	-7.67258398	3.6080367288511885
0.126949177	0.592875546	-7.65426313	3.6080367288511885
0.143792181	0.578531073	-7.65464748	3.6080367288511885
0.16527505	0.558787431	-7.68471322	3.627245606692892
0.158250793	0.575922384	-7.67706564	3.627245606692892
0.158296303	0.558942747	-7.65904084	3.627245606692892
0.158296303	0.558942747	-7.65904084	3.5542524035659686
0.158250793	0.575922384	-7.67706564	3.5542524035659686
0.143792181	0.578531073	-7.65464748	3.5542524035659686
0.143949148	0.595440077	-7.67258398	3.557623288150615
0.143792181	0.578531073	-7.65464748	3.557623288150615
0.158250793	0.575922384	-7.67706564	3.557623288150615
0.143792181	0.578531073	-7.65464748	3.5557415489413913
0.143686841	0.561584626	-7.63674138	3.5557415489413913
0.158296303	0.558942747	-7.65904084	3.5557415489413913
0.144496378	0.62902048	-7.70853124	3.563429919253492
0.144178771	0.612284162	-7.69055184	3.563429919253492
0.158277348	0.60955599	-7.7131055	3.563429919253492
0.164493996	0.6103898	-7.73877992	3.6600037079048726
0.158365073	0.626143299	-7.73110751	3.6600037079048726
0.158277348	0.60955599	-7.7131055	3.6600037079048726
0.158277348	0.60955599	-7.7131055	3.5653152428738886
0.158365073	0.626143299	-7.73110751	3.5653152428738886
0.144496378	0.62902048	-7.70853124	3.5653152428738886
0.144874823	0.645588132	-7.72642971	3.568469826918985
0.144496378	0.62902048	-7.70853124	3.568469826918985
0.158365073	0.626143299	-7.73110751	3.568469826918985
0.144874823	0.645588132	-7.72642971	3.6160608845695754
0.128172098	0.6431648	-7.70748339	3.6160608845695754
0.144496378	0.62902048	-7.70853124	3.6160608845695754
0.144496378	0.62902048	-7.70853124	3.617643006718288
0.128172098	0.6431648	-7.70748339	3.617643006718288
0.127946161	0.626322422	-7.68977435	3.617643006718288
0.127946161	0.626322422	-7.68977435	3.571275772399367
0.128172098	0.6431648	-7.70748339	3.571275772399367
0.107078415	0.640546148	-7.69538393	3.571275772399367
0.144496378	0.62902048	-7.70853124	3.618542056389151
0.127946161	0.626322422	-7.68977435	3.618542056389151
0.144178771	0.612284162	-7.69055184	3.618542056389151
0.144178771	0.612284162	-7.69055184	3.621287031535674
0.127946161	0.626322422	-7.68977435	3.621287031535674
0.127453328	0.609612696	-7.67202967	3.621287031535674
0.127453328	0.609612696	-7.67202967	3.573054436001506
0.127946161	0.626322422	-7.68977435	3.573054436001506
0.106716636	0.623814569	-7.67799777	3.573054436001506
0.127912538	0.66033252	-7.72519401	3.561480672931953
0.127251298	0.677898396	-7.74304086	3.561480672931953
0.106601031	0.674370045	-7.73028069	3.561480672931953
0.145230151	0.661993434	-7.74414532	3.602370402300724
0.127912538	0.66033252	-7.72519401	3.602370402300724
0.144874823	0.645588132	-7.72642971	3.602370402300724
0.144874823	0.645588132	-7.72642971	3.5996883703189697
0.127912538	0.66033252	-7.72519401	3.5996883703189697
0.128172098	0.6431648	-7.70748339	3.5996883703189697
0.128172098	0.6431648	-7.70748339	3.5674494389733713
0.127912538	0.66033252	-7.72519401	3.5674494389733713
0.107063053	0.65728692	-7.7127039	3.5674494389733713
0.145491564	0.694696829	-7.77888159	3.5878203912928606
0.14522415	0.711237047	-7.79589443	3.5878203912928606
0.127501656	0.712962423	-7.7797589	3.5878203912928606
0.127501656	0.712962423	-7.7797589	3.576526363615495
0.14522415	0.711237047	-7.79589443	3.576526363615495
0.12841463	0.729933763	-7.79811323	3.576526363615495
0.127501656	0.712962423	-7.7797589	3.558790105072596
0.12841463	0.729933763	-7.79811323	3.558790105072596
0.107039771	0.727980248	-7.78587144	3.558790105072596
0.110032674	0.709889537	-7.76794833	3.637447789863195
0.126862688	0.695615767	-7.76123607	3.637447789863195
0.127501656	0.712962423	-7.7797589	3.637447789863195
0.145465449	0.678328389	-7.76163782	3.5707948060975694
0.145491564	0.694696829	-7.77888159	3.5707948060975694
0.126862688	0.695615767	-7.76123607	3.5707948060975694
0.126862688	0.695615767	-7.76123607	3.5480357127001896
0.145491564	0.694696829	-7.77888159	3.5480357127001896
0.127501656	0.712962423	-7.7797589	3.5480357127001896
0.145465449	0.678328389	-7.76163782	3.5468382404719345
0.126862688	0.695615767	-7.76123607	3.5468382404719345
0.127251298	0.677898396	-7.74304086	3.5468382404719345
0.109842267	0.691130624	-7.74845538	3.63788643748451
0.127251298	0.677898396	-7.74304086	3.63788643748451
0.126862688	0.695615767	-7.76123607	3.63788643748451
0.158464257	0.675417343	-7.78428434	3.582473183708612
0.158262679	0.692016941	-7.80153527	3.582473183708612
0.145491564	0.694696829	-7.77888159	3.582473183708612
0.145465449	0.678328389	-7.76163782	3.583405745280341
0.158464257	0.675417343	-7.78428434	3.583405745280341
0.145491564	0.694696829	-7.77888159	3.583405745280341
0.145491564	0.694696829	-7.77888159	3.584674710850354
0.158262679	0.692016941	-7.80153527	3.584674710850354
0.14522415	0.711237047	-7.79589443	3.584674710850354
0.16371705	0.661207357	-7.79205024	3.702217077755447
0.158464257	0.675417343	-7.78428434	3.702217077755447
0.158515205	0.658983521	-7.76676936	3.702217077755447
0.158515205	0.658983521	-7.76676936	3.5797955021750973
0.158464257	0.675417343	-7.78428434	3.5797955021750973
0.145465449	0.678328389	-7.76163782	3.5797955021750973
0.16371705	0.661207357	-7.79205024	3.6912677289629
0.158515205	0.658983521	-7.76676936	3.6912677289629
0.16397468	0.644419524	-7.77444945	3.6912677289629
0.16371705	0.661207357	-7.79205024	3.6231503180225766
0.16397468	0.644419524	-7.77444945	3.6231503180225766
0.164280518	0.633934514	-7.79182193	3.6231503180225766
0.16397468	0.644419524	-7.77444945	3.692094084092634
0.158515205	0.658983521	-7.76676936	3.692094084092634
0.158465288	0.6425918	-7.74902526	3.692094084092634
0.158465288	0.6425918	-7.74902526	3.575507286838918
0.158515205	0.658983521	-7.76676936	3.575507286838918
0.145230151	0.661993434	-7.74414532	3.575507286838918
0.158515205	0.658983521	-7.76676936	3.5796141398269716
0.145465449	0.678328389	-7.76163782	3.5796141398269716
0.145230151	0.661993434	-7.74414532	3.5796141398269716
0.145230151	0.661993434	-7.74414532	3.574424065035919
0.144874823	0.645588132	-7.72642971	3.574424065035919
0.158465288	0.6425918	-7.74902526	3.574424065035919
0.145230151	0.661993434	-7.74414532	3.581383078439919
0.145465449	0.678328389	-7.76163782	3.581383078439919
0.127251298	0.677898396	-7.74304086	3.581383078439919
0.145230151	0.661993434	-7.74414532	3.5708865562691434
0.127251298	0.677898396	-7.74304086	3.5708865562691434
0.127912538	0.66033252	-7.72519401	3.5708865562691434
0.165141143	0.59973432	-7.75622901	3.6131498516374783
0.164709712	0.616878846	-7.77407171	3.6131498516374783
0.164233965	0.627459646	-7.75667093	3.6131498516374783
0.16397468	0.644419524	-7.77444945	3.674958466359852
0.158465288	0.6425918	-7.74902526	3.674958466359852
0.164233965	0.627459646	-7.75667093	3.674958466359852
0.164233965	0.627459646	-7.75667093	3.676621613536998
0.158465288	0.6425918	-7.74902526	3.676621613536998
0.158365073	0.626143299	-7.73110751	3.676621613536998
0.158365073	0.626143299	-7.73110751	3.5704095109771896
0.158465288	0.6425918	-7.74902526	3.5704095109771896
0.144874823	0.645588132	-7.72642971	3.5704095109771896
0.164233965	0.627459646	-7.75667093	3.6582686501237056
0.158365073	0.626143299	-7.73110751	3.6582686501237056
0.164493996	0.6103898	-7.73877992	3.6582686501237056
0.164280518	0.633934514	-7.79182193	3.5600865775907486
0.164709712	0.616878846	-7.77407171	3.5600865775907486
0.157443567	0.613465711	-7.80120016	3.5600865775907486
0.164709712	0.616878846	-7.77407171	3.617457923644059
0.164280518	0.633934514	-7.79182193	3.617457923644059
0.16397468	0.644419524	-7.77444945	3.617457923644059
0.16397468	0.644419524	-7.77444945	3.6166969142918917
0.164233965	0.627459646	-7.75667093	3.6166969142918917
0.164709712	0.616878846	-7.77407171	3.6166969142918917
0.165014482	0.576053404	-7.70280063	3.6351228764240067
0.158240317	0.592805314	-7.6950868	3.6351228764240067
0.158250793	0.575922384	-7.67706564	3.6351228764240067
0.165014482	0.576053404	-7.70280063	3.6243263330797615
0.158250793	0.575922384	-7.67706564	3.6243263330797615
0.16527505	0.558787431	-7.68471322	3.6243263330797615
0.165014482	0.576053404	-7.70280063	3.601011059040214
0.16527505	0.558787431	-7.68471322	3.601011059040214
0.166435436	0.54830074	-7.7027009	3.601011059040214
0.158240317	0.592805314	-7.6950868	3.5608718705053084
0.158277348	0.60955599	-7.7131055	3.5608718705053084
0.144178771	0.612284162	-7.69055184	3.5608718705053084
0.158250793	0.575922384	-7.67706564	3.5572361456752923
0.158240317	0.592805314	-7.6950868	3.5572361456752923
0.143949148	0.595440077	-7.67258398	3.5572361456752923
0.144178771	0.612284162	-7.69055184	3.560058892197439
0.143949148	0.595440077	-7.67258398	3.560058892197439
0.158240317	0.592805314	-7.6950868	3.560058892197439
0.164493996	0.6103898	-7.73877992	3.64410437281124
0.158277348	0.60955599	-7.7131055	3.64410437281124
0.16475415	0.593254286	-7.72082301	3.64410437281124
0.16475415	0.593254286	-7.72082301	3.645798754960322
0.158277348	0.60955599	-7.7131055	3.645798754960322
0.158240317	0.592805314	-7.6950868	3.645798754960322
0.16475415	0.593254286	-7.72082301	3.632948871379314
0.158240317	0.592805314	-7.6950868	3.632948871379314
0.165014482	0.576053404	-7.70280063	3.632948871379314
0.164493996	0.6103898	-7.73877992	3.6082160289375977
0.16475415	0.593254286	-7.72082301	3.6082160289375977
0.165572574	0.582589793	-7.73838631	3.6082160289375977
0.159475197	0.561781872	-7.74773553	3.554651414911527
0.166004005	0.565445266	-7.72054361	3.554651414911527
0.160146547	0.544463784	-7.72981458	3.554651414911527
0.166004005	0.565445266	-7.72054361	3.6090750161226057
0.165572574	0.582589793	-7.73838631	3.6090750161226057
0.16475415	0.593254286	-7.72082301	3.6090750161226057
0.166435436	0.54830074	-7.7027009	3.6070597190893787
0.166004005	0.565445266	-7.72054361	3.6070597190893787
0.165014482	0.576053404	-7.70280063	3.6070597190893787
0.16475415	0.593254286	-7.72082301	3.604594191665837
0.165014482	0.576053404	-7.70280063	3.604594191665837
0.166004005	0.565445266	-7.72054361	3.604594191665837
0.144178771	0.612284162	-7.69055184	3.6141256028231674
0.127453328	0.609612696	-7.67202967	3.6141256028231674
0.143949148	0.595440077	-7.67258398	3.6141256028231674
0.166435436	0.54830074	-7.7027009	3.5577008030201105
0.166866867	0.531156213	-7.6848582	3.5577008030201105
0.160814809	0.527109243	-7.71185299	3.5577008030201105
0.166866867	0.531156213	-7.6848582	3.6050617526524644
0.166435436	0.54830074	-7.7027009	3.6050617526524644
0.16527505	0.558787431	-7.68471322	3.6050617526524644
0.16527505	0.558787431	-7.68471322	3.5974663987386606
0.165535912	0.54145662	-7.66656117	3.5974663987386606
0.166866867	0.531156213	-7.6848582	3.5974663987386606
0.166866867	0.531156213	-7.6848582	3.5575588768549924
0.167298298	0.514011687	-7.6670155	3.5575588768549924
0.161480061	0.509718946	-7.69385153	3.5575588768549924
0.160814809	0.527109243	-7.71185299	3.5525529969312775
0.166866867	0.531156213	-7.6848582	3.5525529969312775
0.161480061	0.509718946	-7.69385153	3.5525529969312775
0.147247478	0.505121641	-7.71746469	3.4905808087747197
0.161480061	0.509718946	-7.69385153	3.4905808087747197
0.145744207	0.485994055	-7.70128702	3.4905808087747197
0.162142379	0.492293576	-7.675811	3.5514834590088107
0.161480061	0.509718946	-7.69385153	3.5514834590088107
0.167298298	0.514011687	-7.6670155	3.5514834590088107
0.146326315	0.522652697	-7.73532068	3.38548478168527
0.147247478	0.505121641	-7.71746469	3.38548478168527
0.118485463	0.500708049	-7.73673441	3.38548478168527
0.160814809	0.527109243	-7.71185299	3.5204404453104
0.161480061	0.509718946	-7.69385153	3.5204404453104
0.147247478	0.505121641	-7.71746469	3.5204404453104
0.146326315	0.522652697	-7.73532068	3.5205393800870257
0.160814809	0.527109243	-7.71185299	3.5205393800870257
0.147247478	0.505121641	-7.71746469	3.5205393800870257
0.166004005	0.565445266	-7.72054361	3.5578073964237458
0.166435436	0.54830074	-7.7027009	3.5578073964237458
0.160146547	0.544463784	-7.72981458	3.5578073964237458
0.160146547	0.544463784	-7.72981458	3.553609748024522
0.166435436	0.54830074	-7.7027009	3.553609748024522
0.160814809	0.527109243	-7.71185299	3.553609748024522
0.160146547	0.544463784	-7.72981458	3.521667170338779
0.160814809	0.527109243	-7.71185299	3.521667170338779
0.146326315	0.522652697	-7.73532068	3.521667170338779
0.145401094	0.540129157	-7.75311167	3.397781566691184
0.146326315	0.522652697	-7.73532068	3.397781566691184
0.118126567	0.518746643	-7.75419824	3.397781566691184
0.118126567	0.518746643	-7.75419824	3.4021038569631585
0.117768898	0.536744863	-7.77162374	3.4021038569631585
0.145401094	0.540129157	-7.75311167	3.4021038569631585
0.159475197	0.561781872	-7.74773553	3.5228725568678874
0.160146547	0.544463784	-7.72981458	3.5228725568678874
0.145401094	0.540129157	-7.75311167	3.5228725568678874
0.145401094	0.540129157	-7.75311167	3.522286876855052
0.160146547	0.544463784	-7.72981458	3.522286876855052
0.146326315	0.522652697	-7.73532068	3.522286876855052
0.139217518	0.554805581	-7.77413588	3.4648929136737
0.159475197	0.561781872	-7.74773553	3.4648929136737
0.145401094	0.540129157	-7.75311167	3.4648929136737
0.118485463	0.500708049	-7.73673441	3.3902207652507426
0.118126567	0.518746643	-7.75419824	3.3902207652507426
0.146326315	0.522652697	-7.73532068	3.3902207652507426
0.117768898	0.536744863	-7.77162374	3.519643856539541
0.117412467	0.55470235	-7.78901059	3.519643856539541
0.139217518	0.554805581	-7.77413588	3.519643856539541
0.139217518	0.554805581	-7.77413588	3.4442782759058193
0.145401094	0.540129157	-7.75311167	3.4442782759058193
0.117768898	0.536744863	-7.77162374	3.4442782759058193
0.117412467	0.55470235	-7.78901059	3.3831402876805643
0.117057288	0.57261874	-7.80635846	3.3831402876805643
0.145988382	0.573281599	-7.78383281	3.3831402876805643
0.139217518	0.554805581	-7.77413588	3.538336548442953
0.117412467	0.55470235	-7.78901059	3.538336548442953
0.145988382	0.573281599	-7.78383281	3.538336548442953
0.165572574	0.582589793	-7.73838631	3.5578761244803694
0.166004005	0.565445266	-7.72054361	3.5578761244803694
0.159475197	0.561781872	-7.74773553	3.5578761244803694
0.159475197	0.561781872	-7.74773553	3.555676014942981
0.158800678	0.579062796	-7.76561501	3.555676014942981
0.165572574	0.582589793	-7.73838631	3.555676014942981
0.159475197	0.561781872	-7.74773553	3.418576230360319
0.139217518	0.554805581	-7.77413588	3.418576230360319
0.158800678	0.579062796	-7.76561501	3.418576230360319
0.158122906	0.596305832	-7.78345219	3.5842341764281964
0.158800678	0.579062796	-7.76561501	3.5842341764281964
0.145988382	0.573281599	-7.78383281	3.5842341764281964
0.145988382	0.573281599	-7.78383281	3.598174859272319
0.158800678	0.579062796	-7.76561501	3.598174859272319
0.139217518	0.554805581	-7.77413588	3.598174859272319
0.164709712	0.616878846	-7.77407171	3.5578897375758327
0.165141143	0.59973432	-7.75622901	3.5578897375758327
0.158122906	0.596305832	-7.78345219	3.5578897375758327
0.157443567	0.613465711	-7.80120016	3.5587908937413864
0.164709712	0.616878846	-7.77407171	3.5587908937413864
0.158122906	0.596305832	-7.78345219	3.5587908937413864
0.143453599	0.590890454	-7.80379847	3.5291453039171863
0.158122906	0.596305832	-7.78345219	3.5291453039171863
0.145988382	0.573281599	-7.78383281	3.5291453039171863
0.158122906	0.596305832	-7.78345219	3.5566813974445854
0.165141143	0.59973432	-7.75622901	3.5566813974445854
0.158800678	0.579062796	-7.76561501	3.5566813974445854
0.165141143	0.59973432	-7.75622901	3.5579043779172825
0.165572574	0.582589793	-7.73838631	3.5579043779172825
0.158800678	0.579062796	-7.76561501	3.5579043779172825
0.165572574	0.582589793	-7.73838631	3.611105456151062
0.165141143	0.59973432	-7.75622901	3.611105456151062
0.164493996	0.6103898	-7.73877992	3.611105456151062
0.164233965	0.627459646	-7.75667093	3.6118753485562065
0.164493996	0.6103898	-7.73877992	3.6118753485562065
0.165141143	0.59973432	-7.75622901	3.6118753485562065
0.0738349645	0.57128861	-7.80457696	3.3720872346867914
0.0741837746	0.553375536	-7.78723754	3.3720872346867914
0.044864594	0.576708983	-7.7852099	3.3720872346867914
0.0950179574	0.558786249	-7.79722896	3.5761849550365006
0.0953772557	0.540844719	-7.77988637	3.5761849550365006
0.0741837746	0.553375536	-7.78723754	3.5761849550365006
0.0953772557	0.540844719	-7.77988637	3.575917797311319
0.0957365539	0.522903189	-7.76254378	3.575917797311319
0.0745327395	0.535438573	-7.7698757	3.575917797311319
0.0957365539	0.522903189	-7.76254378	3.552104150552185
0.0953772557	0.540844719	-7.77988637	3.552104150552185
0.117768898	0.536744863	-7.77162374	3.552104150552185
0.0953772557	0.540844719	-7.77988637	3.5520925518065436
0.0950179574	0.558786249	-7.79722896	3.5520925518065436
0.117412467	0.55470235	-7.78901059	3.5520925518065436
0.117768898	0.536744863	-7.77162374	3.5513662950155407
0.0953772557	0.540844719	-7.77988637	3.5513662950155407
0.117412467	0.55470235	-7.78901059	3.5513662950155407
0.0741837746	0.553375536	-7.78723754	3.575857508277803
0.0953772557	0.540844719	-7.77988637	3.575857508277803
0.0745327395	0.535438573	-7.7698757	3.575857508277803
0.0741837746	0.553375536	-7.78723754	3.369839742265778
0.0745327395	0.535438573	-7.7698757	3.369839742265778
0.0451755845	0.558119245	-7.76698478	3.369839742265778
0.0957365539	0.522903189	-7.76254378	3.57564589886813
0.0960958522	0.50496166	-7.74520119	3.57564589886813
0.0748818589	0.517477977	-7.75249168	3.57564589886813
0.0960958522	0.50496166	-7.74520119	3.6420295542128707
0.0964551505	0.48702013	-7.7278586	3.6420295542128707
0.0781185439	0.501106165	-7.73786672	3.6420295542128707
0.0964551505	0.48702013	-7.7278586	3.552105786991539
0.0960958522	0.50496166	-7.74520119	3.552105786991539
0.118485463	0.500708049	-7.73673441	3.552105786991539
0.0960958522	0.50496166	-7.74520119	3.5521085556338763
0.0957365539	0.522903189	-7.76254378	3.5521085556338763
0.118126567	0.518746643	-7.75419824	3.5521085556338763
0.118485463	0.500708049	-7.73673441	3.5494344322581868
0.0960958522	0.50496166	-7.74520119	3.5494344322581868
0.118126567	0.518746643	-7.75419824	3.5494344322581868
0.118126567	0.518746643	-7.75419824	3.55039867429167
0.0957365539	0.522903189	-7.76254378	3.55039867429167
0.117768898	0.536744863	-7.77162374	3.55039867429167
0.0960958522	0.50496166	-7.74520119	3.672965759723917
0.0781185439	0.501106165	-7.73786672	3.672965759723917
0.0748818589	0.517477977	-7.75249168	3.672965759723917
0.0748818589	0.517477977	-7.75249168	3.5185515948466106
0.0781185439	0.501106165	-7.73786672	3.5185515948466106
0.051836022	0.519613176	-7.73708457	3.5185515948466106
0.0748818589	0.517477977	-7.75249168	3.4837194224486554
0.051836022	0.519613176	-7.73708457	3.4837194224486554
0.0494960246	0.538007127	-7.75262741	3.4837194224486554
0.0745327395	0.535438573	-7.7698757	3.575024558209236
0.0957365539	0.522903189	-7.76254378	3.575024558209236
0.0748818589	0.517477977	-7.75249168	3.575024558209236
0.0745327395	0.535438573	-7.7698757	3.442302594780881
0.0748818589	0.517477977	-7.75249168	3.442302594780881
0.0494960246	0.538007127	-7.75262741	3.442302594780881
0.051836022	0.519613176	-7.73708457	3.4492548467939868
0.0781185439	0.501106165	-7.73786672	3.4492548467939868
0.0511054614	0.503307134	-7.71998459	3.4492548467939868
0.0273834727	0.577935126	-7.71285187	3.649368352137727
0.0277751779	0.561554372	-7.69583829	3.649368352137727
0.0329305504	0.577923678	-7.68653037	3.649368352137727
0.0320375812	0.560578106	-7.67300735	3.7013848690181548
0.0329305504	0.577923678	-7.68653037	3.7013848690181548
0.0277751779	0.561554372	-7.69583829	3.7013848690181548
0.0273834727	0.577935126	-7.71285187	3.6037234772442255
0.0329305504	0.577923678	-7.68653037	3.6037234772442255
0.033033045	0.596093697	-7.70350781	3.6037234772442255
0.033033045	0.596093697	-7.70350781	3.5434470578559845
0.0329305504	0.577923678	-7.68653037	3.5434470578559845
0.0462725695	0.598335423	-7.6799007	3.5434470578559845
0.033033045	0.596093697	-7.70350781	3.561138806482621
0.0462725695	0.598335423	-7.6799007	3.561138806482621
0.0450458687	0.615526618	-7.69866502	3.561138806482621
0.0450458687	0.615526618	-7.69866502	3.540458551975431
0.0462725695	0.598335423	-7.6799007	3.540458551975431
0.0641172822	0.615906658	-7.67958261	3.540458551975431
0.0269843224	0.594627226	-7.73018883	3.610274689037169
0.033033045	0.596093697	-7.70350781	3.610274689037169
0.0324859865	0.612794582	-7.72098283	3.610274689037169
0.0324859865	0.612794582	-7.72098283	3.5899102913010403
0.033033045	0.596093697	-7.70350781	3.5899102913010403
0.0450458687	0.615526618	-7.69866502	3.5899102913010403
0.0336916258	0.544009392	-7.72950147	3.557381434891144
0.0272358667	0.567286707	-7.71958603	3.557381434891144
0.032203394	0.562784657	-7.74452395	3.557381434891144
0.0272358667	0.567286707	-7.71958603	3.5978695178627698
0.0269390042	0.583814444	-7.73678929	3.5978695178627698
0.032203394	0.562784657	-7.74452395	3.5978695178627698
0.0272358667	0.567286707	-7.71958603	3.8401163754206773
0.0275271545	0.551069344	-7.70270583	3.8401163754206773
0.0273834727	0.577935126	-7.71285187	3.8401163754206773
0.0272358667	0.567286707	-7.71958603	3.8281355409735034
0.0273834727	0.577935126	-7.71285187	3.8281355409735034
0.0269843224	0.594627226	-7.73018883	3.8281355409735034
0.0269390042	0.583814444	-7.73678929	3.8310097526835203
0.0272358667	0.567286707	-7.71958603	3.8310097526835203
0.0269843224	0.594627226	-7.73018883	3.8310097526835203
0.0269843224	0.594627226	-7.73018883	3.610175352271262
0.0273834727	0.577935126	-7.71285187	3.610175352271262
0.033033045	0.596093697	-7.70350781	3.610175352271262
0.0265778492	0.611625559	-7.74784386	3.6049863478761566
0.0269843224	0.594627226	-7.73018883	3.6049863478761566
0.0324859865	0.612794582	-7.72098283	3.6049863478761566
0.0275271545	0.551069344	-7.70270583	3.837133910402368
0.0277751779	0.561554372	-7.69583829	3.837133910402368
0.0273834727	0.577935126	-7.71285187	3.837133910402368
0.0277751779	0.561554372	-7.69583829	3.741785591275331
0.0281593322	0.545489391	-7.67915267	3.741785591275331
0.0320375812	0.560578106	-7.67300735	3.741785591275331
0.0278127854	0.535166923	-7.68615345	3.613881088607131
0.0275271545	0.551069344	-7.70270583	3.613881088607131
0.0323692799	0.530077991	-7.71067938	3.613881088607131
0.0278127854	0.535166923	-7.68615345	3.859049357471095
0.0280926898	0.519583321	-7.66993291	3.859049357471095
0.0281593322	0.545489391	-7.67915267	3.859049357471095
0.0278127854	0.535166923	-7.68615345	3.846367253327772
0.0281593322	0.545489391	-7.67915267	3.846367253327772
0.0277751779	0.561554372	-7.69583829	3.846367253327772
0.0275271545	0.551069344	-7.70270583	3.8494647022569186
0.0278127854	0.535166923	-7.68615345	3.8494647022569186
0.0277751779	0.561554372	-7.69583829	3.8494647022569186
0.0324554574	0.514175859	-7.69422039	3.6149481810349577
0.0278127854	0.535166923	-7.68615345	3.6149481810349577
0.0323692799	0.530077991	-7.71067938	3.6149481810349577
0.0280926898	0.519583321	-7.66993291	3.622276018159402
0.0278127854	0.535166923	-7.68615345	3.622276018159402
0.0324554574	0.514175859	-7.69422039	3.622276018159402
0.0519325956	0.48366118	-7.70140381	3.4287081966880297
0.0325433537	0.498581321	-7.67807757	3.4287081966880297
0.0324554574	0.514175859	-7.69422039	3.4287081966880297
0.0324554574	0.514175859	-7.69422039	3.6229918422666034
0.0325433537	0.498581321	-7.67807757	3.6229918422666034
0.0280926898	0.519583321	-7.66993291	3.6229918422666034
0.0511054614	0.503307134	-7.71998459	3.3593498114127813
0.0519325956	0.48366118	-7.70140381	3.3593498114127813
0.0324554574	0.514175859	-7.69422039	3.3593498114127813
0.051836022	0.519613176	-7.73708457	3.4210016570016974
0.0511054614	0.503307134	-7.71998459	3.4210016570016974
0.0323692799	0.530077991	-7.71067938	3.4210016570016974
0.0324554574	0.514175859	-7.69422039	3.4391227012125487
0.0323692799	0.530077991	-7.71067938	3.4391227012125487
0.0511054614	0.503307134	-7.71998459	3.4391227012125487
0.0275271545	0.551069344	-7.70270583	3.5426200076025065
0.0272358667	0.567286707	-7.71958603	3.5426200076025065
0.0336916258	0.544009392	-7.72950147	3.5426200076025065
0.0323692799	0.530077991	-7.71067938	3.5839183330618973
0.0275271545	0.551069344	-7.70270583	3.5839183330618973
0.0336916258	0.544009392	-7.72950147	3.5839183330618973
0.0323692799	0.530077991	-7.71067938	3.447174894914111
0.0336916258	0.544009392	-7.72950147	3.447174894914111
0.051836022	0.519613176	-7.73708457	3.447174894914111
0.0336916258	0.544009392	-7.72950147	3.4834478378235727
0.032203394	0.562784657	-7.74452395	3.4834478378235727
0.0494960246	0.538007127	-7.75262741	3.4834478378235727
0.032203394	0.562784657	-7.74452395	3.4960853584842218
0.0451755845	0.558119245	-7.76698478	3.4960853584842218
0.0494960246	0.538007127	-7.75262741	3.4960853584842218
0.0494960246	0.538007127	-7.75262741	3.481578313066872
0.051836022	0.519613176	-7.73708457	3.481578313066872
0.0336916258	0.544009392	-7.72950147	3.481578313066872
0.0745327395	0.535438573	-7.7698757	3.420018661816649
0.0494960246	0.538007127	-7.75262741	3.420018661816649
0.0451755845	0.558119245	-7.76698478	3.420018661816649
0.032203394	0.562784657	-7.74452395	3.592500612881262
0.0269390042	0.583814444	-7.73678929	3.592500612881262
0.0321243855	0.579577137	-7.76189665	3.592500612881262
0.032203394	0.562784657	-7.74452395	3.5561548913179664
0.0321243855	0.579577137	-7.76189665	3.5561548913179664
0.0451755845	0.558119245	-7.76698478	3.5561548913179664
0.0451755845	0.558119245	-7.76698478	3.5296994818373015
0.0321243855	0.579577137	-7.76189665	3.5296994818373015
0.044864594	0.576708983	-7.7852099	3.5296994818373015
0.0320485294	0.596645189	-7.77955154	3.562630894599105
0.044864594	0.576708983	-7.7852099	3.562630894599105
0.0321243855	0.579577137	-7.76189665	3.562630894599105
0.0451755845	0.558119245	-7.76698478	3.3522914506615225
0.044864594	0.576708983	-7.7852099	3.3522914506615225
0.0741837746	0.553375536	-7.78723754	3.3522914506615225
0.031977056	0.613771531	-7.7972637	3.4995861611644794
0.0475569058	0.591139937	-7.80328771	3.4995861611644794
0.0320485294	0.596645189	-7.77955154	3.4995861611644794
0.0320485294	0.596645189	-7.77955154	3.5630433892977162
0.0475569058	0.591139937	-7.80328771	3.5630433892977162
0.044864594	0.576708983	-7.7852099	3.5630433892977162
0.031977056	0.613771531	-7.7972637	3.5846280239511525
0.0320485294	0.596645189	-7.77955154	3.5846280239511525
0.0263292286	0.617763533	-7.77212595	3.5846280239511525
0.0320485294	0.596645189	-7.77955154	3.585786525961849
0.0321243855	0.579577137	-7.76189665	3.585786525961849
0.0266366616	0.600647285	-7.75431012	3.585786525961849
0.0269390042	0.583814444	-7.73678929	3.5902553281241505
0.0266366616	0.600647285	-7.75431012	3.5902553281241505
0.0321243855	0.579577137	-7.76189665	3.5902553281241505
0.0269390042	0.583814444	-7.73678929	3.8193771983587563
0.0269843224	0.594627226	-7.73018883	3.8193771983587563
0.0265778492	0.611625559	-7.74784386	3.8193771983587563
0.0266366616	0.600647285	-7.75431012	3.822149362897234
0.0269390042	0.583814444	-7.73678929	3.822149362897234
0.0265778492	0.611625559	-7.74784386	3.822149362897234
0.0266366616	0.600647285	-7.75431012	3.8108634814565794
0.0265778492	0.611625559	-7.74784386	3.8108634814565794
0.0261641922	0.628924314	-7.76581091	3.8108634814565794
0.0266366616	0.600647285	-7.75431012	3.583301241129113
0.0263292286	0.617763533	-7.77212595	3.583301241129113
0.0320485294	0.596645189	-7.77955154	3.583301241129113
0.0263292286	0.617763533	-7.77212595	3.5867369649702474
0.0260240379	0.634754938	-7.78981183	3.5867369649702474
0.031977056	0.613771531	-7.7972637	3.5867369649702474
0.0260240379	0.634754938	-7.78981183	3.816132317098127
0.0263292286	0.617763533	-7.77212595	3.816132317098127
0.025752177	0.646154412	-7.78370666	3.816132317098127
0.0263292286	0.617763533	-7.77212595	3.8116420916792237
0.0261641922	0.628924314	-7.76581091	3.8116420916792237
0.025752177	0.646154412	-7.78370666	3.8116420916792237
0.025752177	0.646154412	-7.78370666	3.6066309416558946
0.0261641922	0.628924314	-7.76581091	3.6066309416558946
0.031327544	0.6469921	-7.75688672	3.6066309416558946
0.0260240379	0.634754938	-7.78981183	3.8138946190112013
0.025752177	0.646154412	-7.78370666	3.8138946190112013
0.0253432056	0.663257221	-7.80147019	3.8138946190112013
0.0253432056	0.663257221	-7.80147019	3.613297428681516
0.025752177	0.646154412	-7.78370666	3.613297428681516
0.030755681	0.664134204	-7.77486375	3.613297428681516
0.031327544	0.6469921	-7.75688672	3.6092331358137955
0.030755681	0.664134204	-7.77486375	3.6092331358137955
0.025752177	0.646154412	-7.78370666	3.6092331358137955
0.030755681	0.664134204	-7.77486375	3.614476488016841
0.0301707498	0.681203998	-7.79281619	3.614476488016841
0.0253432056	0.663257221	-7.80147019	3.614476488016841
0.0263292286	0.617763533	-7.77212595	3.813937193565363
0.0266366616	0.600647285	-7.75431012	3.813937193565363
0.0261641922	0.628924314	-7.76581091	3.813937193565363
0.0261641922	0.628924314	-7.76581091	3.6010881029845825
0.0265778492	0.611625559	-7.74784386	3.6010881029845825
0.0319083586	0.62985014	-7.738887	3.6010881029845825
0.0324859865	0.612794582	-7.72098283	3.603859445232156
0.0319083586	0.62985014	-7.738887	3.603859445232156
0.0265778492	0.611625559	-7.74784386	3.603859445232156
0.0319083586	0.62985014	-7.738887	3.611397896798791
0.0426331281	0.649315955	-7.73564109	3.611397896798791
0.031327544	0.6469921	-7.75688672	3.611397896798791
0.0319083586	0.62985014	-7.738887	3.605411048383497
0.031327544	0.6469921	-7.75688672	3.605411048383497
0.0261641922	0.628924314	-7.76581091	3.605411048383497
0.031327544	0.6469921	-7.75688672	3.6144273953884416
0.0426331281	0.649315955	-7.73564109	3.6144273953884416
0.0418957727	0.666366732	-7.75360354	3.6144273953884416
0.0418957727	0.666366732	-7.75360354	3.554903494470161
0.0426331281	0.649315955	-7.73564109	3.554903494470161
0.0600758824	0.666787525	-7.73399039	3.554903494470161
0.031327544	0.6469921	-7.75688672	3.6145506162421857
0.0418957727	0.666366732	-7.75360354	3.6145506162421857
0.030755681	0.664134204	-7.77486375	3.6145506162421857
0.030755681	0.664134204	-7.77486375	3.6160754470993797
0.0418957727	0.666366732	-7.75360354	3.6160754470993797
0.04125656	0.683481842	-7.77148089	3.6160754470993797
0.0627926221	0.686439117	-7.75188923	3.441205811622661
0.0600758824	0.666787525	-7.73399039	3.441205811622661
0.0881904358	0.685613819	-7.74110383	3.441205811622661
0.0617414863	0.703161024	-7.76953961	3.444348353627616
0.0627926221	0.686439117	-7.75188923	3.444348353627616
0.0906941589	0.703553175	-7.75928882	3.444348353627616
0.0881904358	0.685613819	-7.74110383	3.460265928686435
0.0906941589	0.703553175	-7.75928882	3.460265928686435
0.0627926221	0.686439117	-7.75188923	3.460265928686435
0.0881904358	0.685613819	-7.74110383	3.596713862981201
0.106601031	0.674370045	-7.73028069	3.596713862981201
0.109842267	0.691130624	-7.74845538	3.596713862981201
0.109842267	0.691130624	-7.74845538	3.6056029028489727
0.106601031	0.674370045	-7.73028069	3.6056029028489727
0.127251298	0.677898396	-7.74304086	3.6056029028489727
0.109842267	0.691130624	-7.74845538	3.617288376961171
0.126862688	0.695615767	-7.76123607	3.617288376961171
0.110032674	0.709889537	-7.76794833	3.617288376961171
0.0881904358	0.685613819	-7.74110383	3.5757508600967283
0.109842267	0.691130624	-7.74845538	3.5757508600967283
0.0906941589	0.703553175	-7.75928882	3.5757508600967283
0.110032674	0.709889537	-7.76794833	3.5828649540122717
0.0906941589	0.703553175	-7.75928882	3.5828649540122717
0.109842267	0.691130624	-7.74845538	3.5828649540122717
0.107039771	0.727980248	-7.78587144	3.6278326960326104
0.0879258178	0.736271256	-7.79319599	3.6278326960326104
0.0884008601	0.718934487	-7.77532177	3.6278326960326104
0.107039771	0.727980248	-7.78587144	3.5876060298994226
0.0884008601	0.718934487	-7.77532177	3.5876060298994226
0.110032674	0.709889537	-7.76794833	3.5876060298994226
0.110032674	0.709889537	-7.76794833	3.600041699792549
0.127501656	0.712962423	-7.7797589	3.600041699792549
0.107039771	0.727980248	-7.78587144	3.600041699792549
0.110032674	0.709889537	-7.76794833	3.642862088876559
0.0884008601	0.718934487	-7.77532177	3.642862088876559
0.0906941589	0.703553175	-7.75928882	3.642862088876559
0.0884008601	0.718934487	-7.77532177	3.4003744179671034
0.0879258178	0.736271256	-7.79319599	3.4003744179671034
0.0576431804	0.718386703	-7.78798271	3.4003744179671034
0.0576431804	0.718386703	-7.78798271	3.439634179908038
0.0617414863	0.703161024	-7.76953961	3.439634179908038
0.0884008601	0.718934487	-7.77532177	3.439634179908038
0.0906941589	0.703553175	-7.75928882	3.489297135799252
0.0884008601	0.718934487	-7.77532177	3.489297135799252
0.0617414863	0.703161024	-7.76953961	3.489297135799252
0.0405822254	0.700597286	-7.78941453	3.542798448758503
0.0617414863	0.703161024	-7.76953961	3.542798448758503
0.0576431804	0.718386703	-7.78798271	3.542798448758503
0.030755681	0.664134204	-7.77486375	3.6153088207272974
0.04125656	0.683481842	-7.77148089	3.6153088207272974
0.0301707498	0.681203998	-7.79281619	3.6153088207272974
0.0301707498	0.681203998	-7.79281619	3.6150861257040545
0.04125656	0.683481842	-7.77148089	3.6150861257040545
0.0405822254	0.700597286	-7.78941453	3.6150861257040545
0.0405822254	0.700597286	-7.78941453	3.4917360534815423
0.04125656	0.683481842	-7.77148089	3.4917360534815423
0.0617414863	0.703161024	-7.76953961	3.4917360534815423
0.04125656	0.683481842	-7.77148089	3.485975343031462
0.0418957727	0.666366732	-7.75360354	3.485975343031462
0.0627926221	0.686439117	-7.75188923	3.485975343031462
0.0418957727	0.666366732	-7.75360354	3.487015876272155
0.0600758824	0.666787525	-7.73399039	3.487015876272155
0.0627926221	0.686439117	-7.75188923	3.487015876272155
0.04125656	0.683481842	-7.77148089	3.497061204321962
0.0627926221	0.686439117	-7.75188923	3.497061204321962
0.0617414863	0.703161024	-7.76953961	3.497061204321962
0.0880454476	0.66832052	-7.72335749	3.6395755398478773
0.106601031	0.674370045	-7.73028069	3.6395755398478773
0.0881904358	0.685613819	-7.74110383	3.6395755398478773
0.0880454476	0.66832052	-7.72335749	3.4404559245905495
0.0881904358	0.685613819	-7.74110383	3.4404559245905495
0.0600758824	0.666787525	-7.73399039	3.4404559245905495
0.0870786103	0.650685352	-7.70539854	3.461069449718906
0.0880454476	0.66832052	-7.72335749	3.461069449718906
0.0610922344	0.649934372	-7.71619186	3.461069449718906
0.0600758824	0.666787525	-7.73399039	3.4500387381273625
0.0610922344	0.649934372	-7.71619186	3.4500387381273625
0.0880454476	0.66832052	-7.72335749	3.4500387381273625
0.0610922344	0.649934372	-7.71619186	3.484488976027233
0.0625183524	0.633241364	-7.69826068	3.484488976027233
0.0870786103	0.650685352	-7.70539854	3.484488976027233
0.0870786103	0.650685352	-7.70539854	3.607653407951586
0.107063053	0.65728692	-7.7127039	3.607653407951586
0.0880454476	0.66832052	-7.72335749	3.607653407951586
0.0880454476	0.66832052	-7.72335749	3.6390202761863017
0.107063053	0.65728692	-7.7127039	3.6390202761863017
0.106601031	0.674370045	-7.73028069	3.6390202761863017
0.106601031	0.674370045	-7.73028069	3.568358121204037
0.107063053	0.65728692	-7.7127039	3.568358121204037
0.127912538	0.66033252	-7.72519401	3.568358121204037
0.107078415	0.640546148	-7.69538393	3.5751002775706358
0.128172098	0.6431648	-7.70748339	3.5751002775706358
0.107063053	0.65728692	-7.7127039	3.5751002775706358
0.107078415	0.640546148	-7.69538393	3.618340397253046
0.107063053	0.65728692	-7.7127039	3.618340397253046
0.0870786103	0.650685352	-7.70539854	3.618340397253046
0.106716636	0.623814569	-7.67799777	3.5757691483314487
0.127946161	0.626322422	-7.68977435	3.5757691483314487
0.107078415	0.640546148	-7.69538393	3.5757691483314487
0.106716636	0.623814569	-7.67799777	3.604294623794157
0.107078415	0.640546148	-7.69538393	3.604294623794157
0.0862950781	0.632838758	-7.68722508	3.604294623794157
0.0862950781	0.632838758	-7.68722508	3.5845167216353375
0.107078415	0.640546148	-7.69538393	3.5845167216353375
0.0870786103	0.650685352	-7.70539854	3.5845167216353375
0.106716636	0.623814569	-7.67799777	3.586090378127063
0.0862950781	0.632838758	-7.68722508	3.586090378127063
0.0863310787	0.615096013	-7.66901626	3.586090378127063
0.0863310787	0.615096013	-7.66901626	3.5299590850699794
0.0862950781	0.632838758	-7.68722508	3.5299590850699794
0.0641172822	0.615906658	-7.67958261	3.5299590850699794
0.0862950781	0.632838758	-7.68722508	3.494347394849798
0.0870786103	0.650685352	-7.70539854	3.494347394849798
0.0625183524	0.633241364	-7.69826068	3.494347394849798
0.0625183524	0.633241364	-7.69826068	3.50830581336925
0.0641172822	0.615906658	-7.67958261	3.50830581336925
0.0862950781	0.632838758	-7.68722508	3.50830581336925
0.0436351057	0.632377084	-7.71739656	3.5461316393644275
0.0450458687	0.615526618	-7.69866502	3.5461316393644275
0.0625183524	0.633241364	-7.69826068	3.5461316393644275
0.0625183524	0.633241364	-7.69826068	3.54180711117136
0.0450458687	0.615526618	-7.69866502	3.54180711117136
0.0641172822	0.615906658	-7.67958261	3.54180711117136
0.0426331281	0.649315955	-7.73564109	3.5519265581558024
0.0436351057	0.632377084	-7.71739656	3.5519265581558024
0.0610922344	0.649934372	-7.71619186	3.5519265581558024
0.0600758824	0.666787525	-7.73399039	3.5572544843673097
0.0426331281	0.649315955	-7.73564109	3.5572544843673097
0.0610922344	0.649934372	-7.71619186	3.5572544843673097
0.0324859865	0.612794582	-7.72098283	3.584947179943501
0.0450458687	0.615526618	-7.69866502	3.584947179943501
0.0436351057	0.632377084	-7.71739656	3.584947179943501
0.0324859865	0.612794582	-7.72098283	3.6027818965874605
0.0436351057	0.632377084	-7.71739656	3.6027818965874605
0.0319083586	0.62985014	-7.738887	3.6027818965874605
0.0319083586	0.62985014	-7.738887	3.605829953128577
0.0436351057	0.632377084	-7.71739656	3.605829953128577
0.0426331281	0.649315955	-7.73564109	3.605829953128577
0.0610922344	0.649934372	-7.71619186	3.5558861097096903
0.0436351057	0.632377084	-7.71739656	3.5558861097096903
0.0625183524	0.633241364	-7.69826068	3.5558861097096903
0.106216636	0.606929441	-7.66043605	3.6104948970453576
0.106716636	0.623814569	-7.67799777	3.6104948970453576
0.0863310787	0.615096013	-7.66901626	3.6104948970453576
0.0642358354	0.596597902	-7.65996436	3.5194118057317247
0.0641172822	0.615906658	-7.67958261	3.5194118057317247
0.0462725695	0.598335423	-7.6799007	3.5194118057317247
0.0642358354	0.596597902	-7.65996436	3.4213360572424287
0.0462725695	0.598335423	-7.6799007	3.4213360572424287
0.0440346144	0.573911295	-7.65905857	3.4213360572424287
0.0346432413	0.548199355	-7.65329113	3.4862010790024707
0.0472224843	0.553045951	-7.63368414	3.4862010790024707
0.0440346144	0.573911295	-7.65905857	3.4862010790024707
0.0320375812	0.560578106	-7.67300735	3.5907556563584473
0.0346432413	0.548199355	-7.65329113	3.5907556563584473
0.0440346144	0.573911295	-7.65905857	3.5907556563584473
0.0320375812	0.560578106	-7.67300735	3.604412305486285
0.0440346144	0.573911295	-7.65905857	3.604412305486285
0.0329305504	0.577923678	-7.68653037	3.604412305486285
0.0462725695	0.598335423	-7.6799007	3.4475515079978676
0.0329305504	0.577923678	-7.68653037	3.4475515079978676
0.0440346144	0.573911295	-7.65905857	3.4475515079978676
0.0440346144	0.573911295	-7.65905857	3.3461348245158047
0.0639039918	0.571411481	-7.63474144	3.3461348245158047
0.0642358354	0.596597902	-7.65996436	3.3461348245158047
0.0440346144	0.573911295	-7.65905857	3.4330459947114087
0.0472224843	0.553045951	-7.63368414	3.4330459947114087
0.0639039918	0.571411481	-7.63474144	3.4330459947114087
0.0897644109	0.580285369	-7.6326839	3.4593211855660027
0.0865242171	0.597546645	-7.65097641	3.4593211855660027
0.0639039918	0.571411481	-7.63474144	3.4593211855660027
0.0897644109	0.580285369	-7.6326839	3.4878821048408692
0.0639039918	0.571411481	-7.63474144	3.4878821048408692
0.086431426	0.562766822	-7.61533308	3.4878821048408692
0.086431426	0.562766822	-7.61533308	3.550024060877061
0.0639039918	0.571411481	-7.63474144	3.550024060877061
0.0661608033	0.554062556	-7.61557164	3.550024060877061
0.0472224843	0.553045951	-7.63368414	3.545338774531054
0.0661608033	0.554062556	-7.61557164	3.545338774531054
0.0639039918	0.571411481	-7.63474144	3.545338774531054
0.0865242171	0.597546645	-7.65097641	3.532759719191753
0.0863310787	0.615096013	-7.66901626	3.532759719191753
0.0642358354	0.596597902	-7.65996436	3.532759719191753
0.0863310787	0.615096013	-7.66901626	3.495642794559012
0.0641172822	0.615906658	-7.67958261	3.495642794559012
0.0642358354	0.596597902	-7.65996436	3.495642794559012
0.0865242171	0.597546645	-7.65097641	3.3794648158786935
0.0642358354	0.596597902	-7.65996436	3.3794648158786935
0.0639039918	0.571411481	-7.63474144	3.3794648158786935
0.127453328	0.609612696	-7.67202967	3.5739744638395514
0.106716636	0.623814569	-7.67799777	3.5739744638395514
0.106216636	0.606929441	-7.66043605	3.5739744638395514
0.106216636	0.606929441	-7.66043605	3.6036279805888327
0.0863310787	0.615096013	-7.66901626	3.6036279805888327
0.0865242171	0.597546645	-7.65097641	3.6036279805888327
0.106216636	0.606929441	-7.66043605	3.6223501618299925
0.0865242171	0.597546645	-7.65097641	3.6223501618299925
0.105768067	0.589914082	-7.64276174	3.6223501618299925
0.106216636	0.606929441	-7.66043605	3.573000844765351
0.105768067	0.589914082	-7.64276174	3.573000844765351
0.126949177	0.592875546	-7.65426313	3.573000844765351
0.105768067	0.589914082	-7.64276174	3.7105485886053873
0.0897644109	0.580285369	-7.6326839	3.7105485886053873
0.105436082	0.572819756	-7.62503585	3.7105485886053873
0.105436082	0.572819756	-7.62503585	3.6756641998316315
0.0897644109	0.580285369	-7.6326839	3.6756641998316315
0.086431426	0.562766822	-7.61533308	3.6756641998316315
0.105768067	0.589914082	-7.64276174	3.5730262034456763
0.105436082	0.572819756	-7.62503585	3.5730262034456763
0.126544998	0.576057917	-7.63649023	3.5730262034456763
0.105768067	0.589914082	-7.64276174	3.6500686564111082
0.0865242171	0.597546645	-7.65097641	3.6500686564111082
0.0897644109	0.580285369	-7.6326839	3.6500686564111082
0.105436082	0.572819756	-7.62503585	3.632762760588189
0.086431426	0.562766822	-7.61533308	3.632762760588189
0.105216531	0.555684456	-7.60729257	3.632762760588189
0.105436082	0.572819756	-7.62503585	3.573682699502456
0.105216531	0.555684456	-7.60729257	3.573682699502456
0.12625643	0.559165974	-7.61872198	3.573682699502456
0.105216531	0.555684456	-7.60729257	3.6318342369588557
0.086431426	0.562766822	-7.61533308	3.6318342369588557
0.0863282059	0.545448002	-7.59760485	3.6318342369588557
0.0863282059	0.545448002	-7.59760485	3.6188528942615794
0.0836810995	0.528238977	-7.580693	3.6188528942615794
0.105083603	0.538530129	-7.58954745	3.6188528942615794
0.0863282059	0.545448002	-7.59760485	3.633977231563748
0.105083603	0.538530129	-7.58954745	3.633977231563748
0.105216531	0.555684456	-7.60729257	3.633977231563748
0.105216531	0.555684456	-7.60729257	3.574678415627096
0.105083603	0.538530129	-7.58954745	3.574678415627096
0.126062232	0.542223406	-7.60096537	3.574678415627096
0.125935175	0.525252722	-7.5832244	3.5758445346708028
0.105083603	0.538530129	-7.58954745	3.5758445346708028
0.105011681	0.521367675	-7.57180609	3.5758445346708028
0.105011681	0.521367675	-7.57180609	3.578217170984278
0.105083603	0.538530129	-7.58954745	3.578217170984278
0.0836810995	0.528238977	-7.580693	3.578217170984278
0.0487970305	0.536155248	-7.61475864	3.5556212408019188
0.0678144433	0.536975007	-7.59714548	3.5556212408019188
0.0661608033	0.554062556	-7.61557164	3.5556212408019188
0.086431426	0.562766822	-7.61533308	3.5798854170574845
0.0661608033	0.554062556	-7.61557164	3.5798854170574845
0.0863282059	0.545448002	-7.59760485	3.5798854170574845
0.0863282059	0.545448002	-7.59760485	3.6037857670187927
0.0661608033	0.554062556	-7.61557164	3.6037857670187927
0.0678144433	0.536975007	-7.59714548	3.6037857670187927
0.0863282059	0.545448002	-7.59760485	3.6469372471404276
0.0678144433	0.536975007	-7.59714548	3.6469372471404276
0.0836810995	0.528238977	-7.580693	3.6469372471404276
0.0678144433	0.536975007	-7.59714548	3.3986905898741355
0.049106718	0.521216536	-7.599513	3.3986905898741355
0.0661234711	0.511124878	-7.57216681	3.3986905898741355
0.0494054226	0.492628168	-7.5707442	3.5623029932503627
0.0681935289	0.494314165	-7.55369059	3.5623029932503627
0.0661234711	0.511124878	-7.57216681	3.5623029932503627
0.0661234711	0.511124878	-7.57216681	3.5605799488817653
0.0681935289	0.494314165	-7.55369059	3.5605799488817653
0.0880223012	0.508563161	-7.55940753	3.5605799488817653
0.0836810995	0.528238977	-7.580693	3.4981893030035307
0.0678144433	0.536975007	-7.59714548	3.4981893030035307
0.0661234711	0.511124878	-7.57216681	3.4981893030035307
0.0661234711	0.511124878	-7.57216681	3.509135645948597
0.0880223012	0.508563161	-7.55940753	3.509135645948597
0.0836810995	0.528238977	-7.580693	3.509135645948597
0.108034254	0.504730702	-7.55507899	3.633812064297986
0.125853216	0.508270088	-7.56550099	3.633812064297986
0.105011681	0.521367675	-7.57180609	3.633812064297986
0.108034254	0.504730702	-7.55507899	3.6432594905488727
0.105011681	0.521367675	-7.57180609	3.6432594905488727
0.0880223012	0.508563161	-7.55940753	3.6432594905488727
0.105011681	0.521367675	-7.57180609	3.54481183029694
0.0836810995	0.528238977	-7.580693	3.54481183029694
0.0880223012	0.508563161	-7.55940753	3.54481183029694
0.0289046448	0.514321104	-7.64678027	3.6441745152408314
0.0292656703	0.499223351	-7.63109925	3.6441745152408314
0.0355336004	0.517895216	-7.62187829	3.6441745152408314
0.0292656703	0.499223351	-7.63109925	3.6623473131669555
0.0357701442	0.503042542	-7.60702627	3.6623473131669555
0.0355336004	0.517895216	-7.62187829	3.6623473131669555
0.0289046448	0.514321104	-7.64678027	3.647617391089596
0.0355336004	0.517895216	-7.62187829	3.647617391089596
0.0351491553	0.532906895	-7.63728474	3.647617391089596
0.0351491553	0.532906895	-7.63728474	3.6165779136322715
0.0355336004	0.517895216	-7.62187829	3.6165779136322715
0.0487970305	0.536155248	-7.61475864	3.6165779136322715
0.0351491553	0.532906895	-7.63728474	3.5621058128315886
0.0487970305	0.536155248	-7.61475864	3.5621058128315886
0.0472224843	0.553045951	-7.63368414	3.5621058128315886
0.0346432413	0.548199355	-7.65329113	3.6327579146550364
0.0351491553	0.532906895	-7.63728474	3.6327579146550364
0.0472224843	0.553045951	-7.63368414	3.6327579146550364
0.0472224843	0.553045951	-7.63368414	3.549870484673549
0.0487970305	0.536155248	-7.61475864	3.549870484673549
0.0661608033	0.554062556	-7.61557164	3.549870484673549
0.0281593322	0.545489391	-7.67915267	3.6261234800648405
0.0285358459	0.529743936	-7.66279893	3.6261234800648405
0.0346432413	0.548199355	-7.65329113	3.6261234800648405
0.0285358459	0.529743936	-7.66279893	3.6363309476128642
0.0351491553	0.532906895	-7.63728474	3.6363309476128642
0.0346432413	0.548199355	-7.65329113	3.6363309476128642
0.0281593322	0.545489391	-7.67915267	3.7117864024612723
0.0346432413	0.548199355	-7.65329113	3.7117864024612723
0.0320375812	0.560578106	-7.67300735	3.7117864024612723
0.0283668103	0.504321742	-7.65404756	3.6309281409130474
0.0280926898	0.519583321	-7.66993291	3.6309281409130474
0.0325433537	0.498581321	-7.67807757	3.6309281409130474
0.0285358459	0.529743936	-7.66279893	3.6325554884057887
0.0289046448	0.514321104	-7.64678027	3.6325554884057887
0.0351491553	0.532906895	-7.63728474	3.6325554884057887
0.0283668103	0.504321742	-7.65404756	3.865525237093446
0.0289046448	0.514321104	-7.64678027	3.865525237093446
0.0285358459	0.529743936	-7.66279893	3.865525237093446
0.0280926898	0.519583321	-7.66993291	3.868867349216408
0.0283668103	0.504321742	-7.65404756	3.868867349216408
0.0285358459	0.529743936	-7.66279893	3.868867349216408
0.0280926898	0.519583321	-7.66993291	3.8558328780980196
0.0285358459	0.529743936	-7.66279893	3.8558328780980196
0.0281593322	0.545489391	-7.67915267	3.8558328780980196
0.028635101	0.489384732	-7.63850004	3.8754409804639924
0.0292656703	0.499223351	-7.63109925	3.8754409804639924
0.0289046448	0.514321104	-7.64678027	3.8754409804639924
0.0283668103	0.504321742	-7.65404756	3.878913025283794
0.028635101	0.489384732	-7.63850004	3.878913025283794
0.0289046448	0.514321104	-7.64678027	3.878913025283794
0.0357701442	0.503042542	-7.60702627	3.741747665980379
0.0359784055	0.488471641	-7.59252281	3.741747665980379
0.0457780352	0.503890861	-7.58726061	3.741747665980379
0.0355336004	0.517895216	-7.62187829	3.624896728678588
0.0357701442	0.503042542	-7.60702627	3.624896728678588
0.049106718	0.521216536	-7.599513	3.624896728678588
0.0457780352	0.503890861	-7.58726061	3.662689779271577
0.049106718	0.521216536	-7.599513	3.662689779271577
0.0357701442	0.503042542	-7.60702627	3.662689779271577
0.0355336004	0.517895216	-7.62187829	3.6205802042271023
0.049106718	0.521216536	-7.599513	3.6205802042271023
0.0487970305	0.536155248	-7.61475864	3.6205802042271023
0.0487970305	0.536155248	-7.61475864	3.6129730079945577
0.049106718	0.521216536	-7.599513	3.6129730079945577
0.0678144433	0.536975007	-7.59714548	3.6129730079945577
0.0457780352	0.503890861	-7.58726061	3.621931022051863
0.0494054226	0.492628168	-7.5707442	3.621931022051863
0.0661234711	0.511124878	-7.57216681	3.621931022051863
0.0457780352	0.503890861	-7.58726061	3.5483371895430555
0.0661234711	0.511124878	-7.57216681	3.5483371895430555
0.049106718	0.521216536	-7.599513	3.5483371895430555
0.0288975276	0.474774203	-7.62329235	3.8996720315091973
0.0291540668	0.460491455	-7.60842584	3.8996720315091973
0.0296188783	0.484452516	-7.61575778	3.8996720315091973
0.0291540668	0.460491455	-7.60842584	3.8959247980805856
0.0299642392	0.470009838	-7.60075714	3.8959247980805856
0.0296188783	0.484452516	-7.61575778	3.8959247980805856
0.0296188783	0.484452516	-7.61575778	3.6819619591003465
0.0299642392	0.470009838	-7.60075714	3.6819619591003465
0.0359784055	0.488471641	-7.59252281	3.6819619591003465
0.0292656703	0.499223351	-7.63109925	3.662384087089564
0.0296188783	0.484452516	-7.61575778	3.662384087089564
0.0357701442	0.503042542	-7.60702627	3.662384087089564
0.0299642392	0.470009838	-7.60075714	3.703325220283665
0.0361781522	0.474303598	-7.57842986	3.703325220283665
0.0359784055	0.488471641	-7.59252281	3.703325220283665
0.0296188783	0.484452516	-7.61575778	3.680921378904282
0.0359784055	0.488471641	-7.59252281	3.680921378904282
0.0357701442	0.503042542	-7.60702627	3.680921378904282
0.0361781522	0.474303598	-7.57842986	3.6536273980772287
0.0363773049	0.460470597	-7.56466013	3.6536273980772287
0.0495847392	0.475410671	-7.55342557	3.6536273980772287
0.0359784055	0.488471641	-7.59252281	3.6446502447364604
0.0361781522	0.474303598	-7.57842986	3.6446502447364604
0.0494054226	0.492628168	-7.5707442	3.6446502447364604
0.0361781522	0.474303598	-7.57842986	3.5571523201748314
0.0495847392	0.475410671	-7.55342557	3.5571523201748314
0.0494054226	0.492628168	-7.5707442	3.5571523201748314
0.0359784055	0.488471641	-7.59252281	3.71797066757349
0.0494054226	0.492628168	-7.5707442	3.71797066757349
0.0457780352	0.503890861	-7.58726061	3.71797066757349
0.0296494421	0.432911571	-7.57971871	3.917251664275639
0.0306313696	0.44211106	-7.57178056	3.917251664275639
0.0303017372	0.455895981	-7.58609803	3.917251664275639
0.0303017372	0.455895981	-7.58609803	3.9212914060314943
0.0294047058	0.446537197	-7.59390124	3.9212914060314943
0.0296494421	0.432911571	-7.57971871	3.9212914060314943
0.0303017372	0.455895981	-7.58609803	3.721864735741008
0.0306313696	0.44211106	-7.57178056	3.721864735741008
0.0363773049	0.460470597	-7.56466013	3.721864735741008
0.0299642392	0.470009838	-7.60075714	3.701888617146021
0.0303017372	0.455895981	-7.58609803	3.701888617146021
0.0361781522	0.474303598	-7.57842986	3.701888617146021
0.0306313696	0.44211106	-7.57178056	3.736518894625553
0.0352355841	0.443646191	-7.55212641	3.736518894625553
0.0363773049	0.460470597	-7.56466013	3.736518894625553
0.0303017372	0.455895981	-7.58609803	3.723680811000811
0.0363773049	0.460470597	-7.56466013	3.723680811000811
0.0361781522	0.474303598	-7.57842986	3.723680811000811
0.0294047058	0.446537197	-7.59390124	3.703532964721833
0.0291540668	0.460491455	-7.60842584	3.703532964721833
0.0323770436	0.440455117	-7.61557542	3.703532964721833
0.0303017372	0.455895981	-7.58609803	3.906485099717114
0.0299642392	0.470009838	-7.60075714	3.906485099717114
0.0294047058	0.446537197	-7.59390124	3.906485099717114
0.0291540668	0.460491455	-7.60842584	3.9103760720808074
0.0294047058	0.446537197	-7.59390124	3.9103760720808074
0.0299642392	0.470009838	-7.60075714	3.9103760720808074
0.0296494421	0.432911571	-7.57971871	3.932412982832791
0.0298882828	0.419614183	-7.56587783	3.932412982832791
0.0306313696	0.44211106	-7.57178056	3.932412982832791
0.0423055448	0.405184312	-7.60776768	3.593541070438783
0.0593926768	0.399664819	-7.62608947	3.593541070438783
0.0608140558	0.384352554	-7.61230656	3.593541070438783
0.0296494421	0.432911571	-7.57971871	3.7241771939849513
0.0294047058	0.446537197	-7.59390124	3.7241771939849513
0.0323427605	0.426783083	-7.60073604	3.7241771939849513
0.0323194096	0.413442043	-7.58623449	3.7292948504776984
0.0296494421	0.432911571	-7.57971871	3.7292948504776984
0.0323427605	0.426783083	-7.60073604	3.7292948504776984
0.0323194096	0.413442043	-7.58623449	3.6459004210871098
0.0323427605	0.426783083	-7.60073604	3.6459004210871098
0.0423055448	0.405184312	-7.60776768	3.6459004210871098
0.0323427605	0.426783083	-7.60073604	3.7086893427903296
0.0294047058	0.446537197	-7.59390124	3.7086893427903296
0.0323770436	0.440455117	-7.61557542	3.7086893427903296
0.0323427605	0.426783083	-7.60073604	3.635395677848064
0.0323770436	0.440455117	-7.61557542	3.635395677848064
0.0426882013	0.418887229	-7.62241164	3.635395677848064
0.0423055448	0.405184312	-7.60776768	3.6381222607713517
0.0323427605	0.426783083	-7.60073604	3.6381222607713517
0.0426882013	0.418887229	-7.62241164	3.6381222607713517
0.0	0.419408777	-7.63621888	3.152206891374304
0.0	0.427254787	-7.59350172	3.152206891374304
0.0188447281	0.397032421	-7.61191269	3.152206891374304
0.0426882013	0.418887229	-7.62241164	3.6281954535378933
0.0323770436	0.440455117	-7.61557542	3.6281954535378933
0.043088949	0.432915335	-7.63737202	3.6281954535378933
0.0426882013	0.418887229	-7.62241164	3.4808202777807127
0.043088949	0.432915335	-7.63737202	3.4808202777807127
0.0677293515	0.411959183	-7.64509569	3.4808202777807127
0.0593926768	0.399664819	-7.62608947	3.508575724245431
0.0426882013	0.418887229	-7.62241164	3.508575724245431
0.0677293515	0.411959183	-7.64509569	3.508575724245431
0.0677293515	0.411959183	-7.64509569	3.550346047548108
0.043088949	0.432915335	-7.63737202	3.550346047548108
0.0569387502	0.431734967	-7.65538017	3.550346047548108
0.0423055448	0.405184312	-7.60776768	3.624823537667006
0.0426882013	0.418887229	-7.62241164	3.624823537667006
0.0593926768	0.399664819	-7.62608947	3.624823537667006
0.0136806576	0.3983937	-7.6445465	3.2086466156362414
0.0188447281	0.397032421	-7.61191269	3.2086466156362414
0.0348180613	0.365121416	-7.62952614	3.2086466156362414
0.0188447281	0.397032421	-7.61191269	3.368285140151051
0.0136806576	0.3983937	-7.6445465	3.368285140151051
0.0	0.419408777	-7.63621888	3.368285140151051
0.00747118382	0.400030553	-7.68378663	2.9450080417917692
0.0136806576	0.3983937	-7.6445465	2.9450080417917692
0.0437492065	0.35299685	-7.6693389	2.9450080417917692
0.0136806576	0.3983937	-7.6445465	3.575213795866018
0.00747118382	0.400030553	-7.68378663	3.575213795866018
0.0	0.410990357	-7.6820525	3.575213795866018
0.043088949	0.432915335	-7.63737202	3.7020340871503246
0.0435079004	0.447267263	-7.6526452	3.7020340871503246
0.0569387502	0.431734967	-7.65538017	3.7020340871503246
0.0	0.419408777	-7.63621888	3.2607080178044034
0.0136806576	0.3983937	-7.6445465	3.2607080178044034
0.0	0.410990357	-7.6820525	3.2607080178044034
0.0288975276	0.474774203	-7.62329235	3.885575632708777
0.0296188783	0.484452516	-7.61575778	3.885575632708777
0.0292656703	0.499223351	-7.63109925	3.885575632708777
0.028635101	0.489384732	-7.63850004	3.8891828406089424
0.0288975276	0.474774203	-7.62329235	3.8891828406089424
0.0292656703	0.499223351	-7.63109925	3.8891828406089424
0.0291540668	0.460491455	-7.60842584	3.6833826830012733
0.0288975276	0.474774203	-7.62329235	3.6833826830012733
0.0324227607	0.454457396	-7.63075012	3.6833826830012733
0.0323770436	0.440455117	-7.61557542	3.6886053169965902
0.0291540668	0.460491455	-7.60842584	3.6886053169965902
0.0324227607	0.454457396	-7.63075012	3.6886053169965902
0.0323770436	0.440455117	-7.61557542	3.6251531289215273
0.0324227607	0.454457396	-7.63075012	3.6251531289215273
0.043088949	0.432915335	-7.63737202	3.6251531289215273
0.0324227607	0.454457396	-7.63075012	3.669052192177748
0.0288975276	0.474774203	-7.62329235	3.669052192177748
0.0324803848	0.468788494	-7.64625689	3.669052192177748
0.0324227607	0.454457396	-7.63075012	3.615177913882286
0.0324803848	0.468788494	-7.64625689	3.615177913882286
0.0435079004	0.447267263	-7.6526452	3.615177913882286
0.043088949	0.432915335	-7.63737202	3.6185282475415486
0.0324227607	0.454457396	-7.63075012	3.6185282475415486
0.0435079004	0.447267263	-7.6526452	3.6185282475415486
0.0288975276	0.474774203	-7.62329235	3.6637345957995473
0.028635101	0.489384732	-7.63850004	3.6637345957995473
0.0324803848	0.468788494	-7.64625689	3.6637345957995473
0.028635101	0.489384732	-7.63850004	3.6445975607260563
0.0283668103	0.504321742	-7.65404756	3.6445975607260563
0.0325503538	0.483446276	-7.66209165	3.6445975607260563
0.0324803848	0.468788494	-7.64625689	3.6500403922061757
0.028635101	0.489384732	-7.63850004	3.6500403922061757
0.0325503538	0.483446276	-7.66209165	3.6500403922061757
0.0324803848	0.468788494	-7.64625689	3.6054759592490435
0.0325503538	0.483446276	-7.66209165	3.6054759592490435
0.0439450855	0.461941025	-7.66822691	3.6054759592490435
0.0325503538	0.483446276	-7.66209165	3.6338878110440462
0.0283668103	0.504321742	-7.65404756	3.6338878110440462
0.0325433537	0.498581321	-7.67807757	3.6338878110440462
0.0325503538	0.483446276	-7.66209165	3.664046068524937
0.0325433537	0.498581321	-7.67807757	3.664046068524937
0.0421683385	0.477232762	-7.68051941	3.664046068524937
0.0421683385	0.477232762	-7.68051941	3.686336153808482
0.0439450855	0.461941025	-7.66822691	3.686336153808482
0.0325503538	0.483446276	-7.66209165	3.686336153808482
0.0435079004	0.447267263	-7.6526452	3.609123766547043
0.0324803848	0.468788494	-7.64625689	3.609123766547043
0.0439450855	0.461941025	-7.66822691	3.609123766547043
0.0435079004	0.447267263	-7.6526452	3.597262203157532
0.0439450855	0.461941025	-7.66822691	3.597262203157532
0.0614767583	0.44282411	-7.67063041	3.597262203157532
0.0569387502	0.431734967	-7.65538017	3.703683553170343
0.0435079004	0.447267263	-7.6526452	3.703683553170343
0.0614767583	0.44282411	-7.67063041	3.703683553170343
0.0614767583	0.44282411	-7.67063041	3.5596818375847428
0.0439450855	0.461941025	-7.66822691	3.5596818375847428
0.0594467117	0.461522315	-7.68729409	3.5596818375847428
0.0757028563	0.428960868	-7.66640541	3.6101059851659216
0.0614767583	0.44282411	-7.67063041	3.6101059851659216
0.081368093	0.446729107	-7.68606222	3.6101059851659216
0.0978923436	0.415254011	-7.65848824	3.555589651885642
0.0757028563	0.428960868	-7.66640541	3.555589651885642
0.0975330453	0.433195541	-7.67583083	3.555589651885642
0.0978923436	0.415254011	-7.65848824	3.4915742293553365
0.0975330453	0.433195541	-7.67583083	3.4915742293553365
0.123145737	0.429692513	-7.666472	3.4915742293553365
0.123145737	0.429692513	-7.666472	3.525598082510057
0.0975330453	0.433195541	-7.67583083	3.525598082510057
0.119569404	0.446353532	-7.68411614	3.525598082510057
0.12380315	0.411225349	-7.64844207	3.4737982536109295
0.0978923436	0.415254011	-7.65848824	3.4737982536109295
0.123145737	0.429692513	-7.666472	3.4737982536109295
0.0677293515	0.411959183	-7.64509569	3.431320431072992
0.0757028563	0.428960868	-7.66640541	3.431320431072992
0.0978923436	0.415254011	-7.65848824	3.431320431072992
0.0569387502	0.431734967	-7.65538017	3.7415165949334748
0.0614767583	0.44282411	-7.67063041	3.7415165949334748
0.0757028563	0.428960868	-7.66640541	3.7415165949334748
0.0569387502	0.431734967	-7.65538017	3.581773182569104
0.0757028563	0.428960868	-7.66640541	3.581773182569104
0.0677293515	0.411959183	-7.64509569	3.581773182569104
0.0975330453	0.433195541	-7.67583083	3.5769279536359178
0.0757028563	0.428960868	-7.66640541	3.5769279536359178
0.081368093	0.446729107	-7.68606222	3.5769279536359178
0.0978923436	0.415254011	-7.65848824	3.4096558209101246
0.0982516419	0.397312481	-7.64114564	3.4096558209101246
0.0677293515	0.411959183	-7.64509569	3.4096558209101246
0.0982516419	0.397312481	-7.64114564	3.4865055885495693
0.0978923436	0.415254011	-7.65848824	3.4865055885495693
0.12380315	0.411225349	-7.64844207	3.4865055885495693
0.0982516419	0.397312481	-7.64114564	3.573612106592456
0.0986109401	0.379370951	-7.62380305	3.573612106592456
0.0773298736	0.391112342	-7.63020018	3.573612106592456
0.0986109401	0.379370951	-7.62380305	3.491470560094816
0.0982516419	0.397312481	-7.64114564	3.491470560094816
0.123892491	0.392359625	-7.63032159	3.491470560094816
0.123892491	0.392359625	-7.63032159	3.4688744348897758
0.0982516419	0.397312481	-7.64114564	3.4688744348897758
0.12380315	0.411225349	-7.64844207	3.4688744348897758
0.0593926768	0.399664819	-7.62608947	3.625322748251803
0.0677293515	0.411959183	-7.64509569	3.625322748251803
0.0773298736	0.391112342	-7.63020018	3.625322748251803
0.0792384414	0.374508605	-7.61484101	3.635805465096091
0.0773298736	0.391112342	-7.63020018	3.635805465096091
0.0986109401	0.379370951	-7.62380305	3.635805465096091
0.0608140558	0.384352554	-7.61230656	3.6914360186741404
0.0593926768	0.399664819	-7.62608947	3.6914360186741404
0.0773298736	0.391112342	-7.63020018	3.6914360186741404
0.0773298736	0.391112342	-7.63020018	3.480391186269131
0.0677293515	0.411959183	-7.64509569	3.480391186269131
0.0982516419	0.397312481	-7.64114564	3.480391186269131
0.166583587	0.471489097	-7.59331348	3.6056553154290905
0.158644115	0.490481376	-7.58683533	3.6056553154290905
0.158749266	0.473281133	-7.56874831	3.6056553154290905
0.158749266	0.473281133	-7.56874831	3.5441584256205596
0.158644115	0.490481376	-7.58683533	3.5441584256205596
0.143520911	0.493674002	-7.56533238	3.5441584256205596
0.143520911	0.493674002	-7.56533238	3.549846635184602
0.143512721	0.476691507	-7.54752129	3.549846635184602
0.158749266	0.473281133	-7.56874831	3.549846635184602
0.169455453	0.428289053	-7.577802	3.593512641940666
0.169024022	0.44543358	-7.5956447	3.593512641940666
0.166846906	0.453836896	-7.57484312	3.593512641940666
0.166583587	0.471489097	-7.59331348	3.5938080398318366
0.158749266	0.473281133	-7.56874831	3.5938080398318366
0.166846906	0.453836896	-7.57484312	3.5938080398318366
0.166846906	0.453836896	-7.57484312	3.6026043917538506
0.158749266	0.473281133	-7.56874831	3.6026043917538506
0.158857987	0.456055548	-7.55064615	3.6026043917538506
0.166846906	0.453836896	-7.57484312	3.5898754028956255
0.158857987	0.456055548	-7.55064615	3.5898754028956255
0.167110929	0.436120747	-7.55630983	3.5898754028956255
0.166846906	0.453836896	-7.57484312	3.577026594598697
0.167110929	0.436120747	-7.55630983	3.577026594598697
0.169455453	0.428289053	-7.577802	3.577026594598697
0.166583587	0.471489097	-7.59331348	3.580333848145601
0.166846906	0.453836896	-7.57484312	3.580333848145601
0.169024022	0.44543358	-7.5956447	3.580333848145601
0.168592591	0.462578107	-7.6134874	3.556680523155329
0.169024022	0.44543358	-7.5956447	3.556680523155329
0.16411246	0.439813685	-7.62146246	3.556680523155329
0.169024022	0.44543358	-7.5956447	3.5953774957030236
0.168592591	0.462578107	-7.6134874	3.5953774957030236
0.166583587	0.471489097	-7.59331348	3.5953774957030236
0.1663209	0.489077286	-7.61172071	3.6089100430027856
0.158543577	0.507653586	-7.60490725	3.6089100430027856
0.158644115	0.490481376	-7.58683533	3.6089100430027856
0.1663209	0.489077286	-7.61172071	3.5978848362931846
0.158644115	0.490481376	-7.58683533	3.5978848362931846
0.166583587	0.471489097	-7.59331348	3.5978848362931846
0.1663209	0.489077286	-7.61172071	3.583681027361047
0.166583587	0.471489097	-7.59331348	3.583681027361047
0.168592591	0.462578107	-7.6134874	3.583681027361047
0.123145737	0.429692513	-7.666472	3.4292620132425933
0.119569404	0.446353532	-7.68411614	3.4292620132425933
0.147331789	0.45061857	-7.66570111	3.4292620132425933
0.162142379	0.492293576	-7.675811	3.5504026403964812
0.167729729	0.49686716	-7.6491728	3.5504026403964812
0.162801837	0.474833805	-7.65773215	3.5504026403964812
0.162142379	0.492293576	-7.675811	3.5179271532637597
0.162801837	0.474833805	-7.65773215	3.5179271532637597
0.149077792	0.469895843	-7.68155856	3.5179271532637597
0.163458508	0.457340293	-7.63961573	3.4415096637196085
0.147848164	0.43232596	-7.64769262	3.4415096637196085
0.147331789	0.45061857	-7.66570111	3.4415096637196085
0.162801837	0.474833805	-7.65773215	3.455075514548045
0.163458508	0.457340293	-7.63961573	3.455075514548045
0.147331789	0.45061857	-7.66570111	3.455075514548045
0.162801837	0.474833805	-7.65773215	3.488511868065893
0.147331789	0.45061857	-7.66570111	3.488511868065893
0.149077792	0.469895843	-7.68155856	3.488511868065893
0.16816116	0.479722633	-7.6313301	3.556942340299317
0.168592591	0.462578107	-7.6134874	3.556942340299317
0.163458508	0.457340293	-7.63961573	3.556942340299317
0.163458508	0.457340293	-7.63961573	3.5482146097177036
0.168592591	0.462578107	-7.6134874	3.5482146097177036
0.16411246	0.439813685	-7.62146246	3.5482146097177036
0.163458508	0.457340293	-7.63961573	3.4446153856676993
0.16411246	0.439813685	-7.62146246	3.4446153856676993
0.147848164	0.43232596	-7.64769262	3.4446153856676993
0.167729729	0.49686716	-7.6491728	3.5571773998088747
0.16816116	0.479722633	-7.6313301	3.5571773998088747
0.162801837	0.474833805	-7.65773215	3.5571773998088747
0.162801837	0.474833805	-7.65773215	3.5493125272648287
0.16816116	0.479722633	-7.6313301	3.5493125272648287
0.163458508	0.457340293	-7.63961573	3.5493125272648287
0.168592591	0.462578107	-7.6134874	3.597268295423697
0.16816116	0.479722633	-7.6313301	3.597268295423697
0.1663209	0.489077286	-7.61172071	3.597268295423697
0.16816116	0.479722633	-7.6313301	3.59918366569444
0.167729729	0.49686716	-7.6491728	3.59918366569444
0.16605877	0.506601365	-7.63006459	3.59918366569444
0.16605877	0.506601365	-7.63006459	3.5870678116141437
0.1663209	0.489077286	-7.61172071	3.5870678116141437
0.16816116	0.479722633	-7.6313301	3.5870678116141437
0.16411246	0.439813685	-7.62146246	3.427489997063305
0.148521007	0.413871289	-7.62932314	3.427489997063305
0.147848164	0.43232596	-7.64769262	3.427489997063305
0.147331789	0.45061857	-7.66570111	3.431790161445355
0.147848164	0.43232596	-7.64769262	3.431790161445355
0.123145737	0.429692513	-7.666472	3.431790161445355
0.12380315	0.411225349	-7.64844207	3.4297985026573
0.123145737	0.429692513	-7.666472	3.4297985026573
0.147848164	0.43232596	-7.64769262	3.4297985026573
0.147848164	0.43232596	-7.64769262	3.4248096441432896
0.148521007	0.413871289	-7.62932314	3.4248096441432896
0.12380315	0.411225349	-7.64844207	3.4248096441432896
0.148521007	0.413871289	-7.62932314	3.3692198815892067
0.148493925	0.392508881	-7.60914664	3.3692198815892067
0.123892491	0.392359625	-7.63032159	3.3692198815892067
0.123892491	0.392359625	-7.63032159	3.41791767841976
0.12380315	0.411225349	-7.64844207	3.41791767841976
0.148521007	0.413871289	-7.62932314	3.41791767841976
0.169024022	0.44543358	-7.5956447	3.5563939866113294
0.169455453	0.428289053	-7.577802	3.5563939866113294
0.164763761	0.422254614	-7.60327305	3.5563939866113294
0.16411246	0.439813685	-7.62146246	3.5471106105252552
0.169024022	0.44543358	-7.5956447	3.5471106105252552
0.164763761	0.422254614	-7.60327305	3.5471106105252552
0.16411246	0.439813685	-7.62146246	3.4372510445915228
0.164763761	0.422254614	-7.60327305	3.4372510445915228
0.148521007	0.413871289	-7.62932314	3.4372510445915228
0.164763761	0.422254614	-7.60327305	3.3621552301459965
0.148493925	0.392508881	-7.60914664	3.3621552301459965
0.148521007	0.413871289	-7.62932314	3.3621552301459965
0.0136806576	0.3983937	-7.6445465	3.0468315884936064
0.0348180613	0.365121416	-7.62952614	3.0468315884936064
0.0437492065	0.35299685	-7.6693389	3.0468315884936064
0.0437492065	0.35299685	-7.6693389	2.9614015118491257
0.086955913	0.337323114	-7.68004034	2.9614015118491257
0.0377217651	0.352341943	-7.71555137	2.9614015118491257
0.0377217651	0.352341943	-7.71555137	3.051431468404694
0.0819725605	0.334840311	-7.71665845	3.051431468404694
0.0401314523	0.346464999	-7.75270697	3.051431468404694
0.0	0.402	-7.731	2.918265217354906
0.0377217651	0.352341943	-7.71555137	2.918265217354906
0.0401314523	0.346464999	-7.75270697	2.918265217354906
0.0437492065	0.35299685	-7.6693389	2.866820814388847
0.0377217651	0.352341943	-7.71555137	2.866820814388847
0.00747118382	0.400030553	-7.68378663	2.866820814388847
0.0819725605	0.334840311	-7.71665845	3.0779572190372404
0.086955913	0.337323114	-7.68004034	3.0779572190372404
0.127070707	0.339979603	-7.7180037	3.0779572190372404
0.086955913	0.337323114	-7.68004034	3.0469080759048275
0.137254732	0.343944612	-7.6834211	3.0469080759048275
0.127070707	0.339979603	-7.7180037	3.0469080759048275
0.086955913	0.337323114	-7.68004034	3.056079459897598
0.0819725605	0.334840311	-7.71665845	3.056079459897598
0.0377217651	0.352341943	-7.71555137	3.056079459897598
0.127070707	0.339979603	-7.7180037	2.997630875263737
0.111518669	0.33512293	-7.76172679	2.997630875263737
0.0819725605	0.334840311	-7.71665845	2.997630875263737
0.0765145437	0.332121022	-7.75676444	3.1428580191340263
0.0819725605	0.334840311	-7.71665845	3.1428580191340263
0.111518669	0.33512293	-7.76172679	3.1428580191340263
0.0819725605	0.334840311	-7.71665845	3.0982622114759057
0.0765145437	0.332121022	-7.75676444	3.0982622114759057
0.0401314523	0.346464999	-7.75270697	3.0982622114759057
0.0705580122	0.329153363	-7.80053355	3.245392599003963
0.0765145437	0.332121022	-7.75676444	3.245392599003963
0.0956705734	0.330641675	-7.80602327	3.245392599003963
0.111518669	0.33512293	-7.76172679	3.07646684335409
0.132874643	0.331081296	-7.80736641	3.07646684335409
0.0956705734	0.330641675	-7.80602327	3.07646684335409
0.111518669	0.33512293	-7.76172679	3.0861265761079224
0.0956705734	0.330641675	-7.80602327	3.0861265761079224
0.0765145437	0.332121022	-7.75676444	3.0861265761079224
0.0401314523	0.346464999	-7.75270697	2.824869732886437
0.025204055	0.354146515	-7.79091864	2.824869732886437
0.0	0.402	-7.731	2.824869732886437
0.0765145437	0.332121022	-7.75676444	2.935368208789096
0.0705580122	0.329153363	-7.80053355	2.935368208789096
0.025204055	0.354146515	-7.79091864	2.935368208789096
0.0401314523	0.346464999	-7.75270697	3.1069147528748338
0.0765145437	0.332121022	-7.75676444	3.1069147528748338
0.025204055	0.354146515	-7.79091864	3.1069147528748338
0.162904483	0.339461716	-7.69173656	3.306243895075491
0.154128817	0.337012693	-7.72552725	3.306243895075491
0.127070707	0.339979603	-7.7180037	3.306243895075491
0.162904483	0.339461716	-7.69173656	3.3052283158971165
0.127070707	0.339979603	-7.7180037	3.3052283158971165
0.137254732	0.343944612	-7.6834211	3.3052283158971165
0.154128817	0.337012693	-7.72552725	3.266962138753698
0.14452239	0.33433183	-7.76251678	3.266962138753698
0.127070707	0.339979603	-7.7180037	3.266962138753698
0.14452239	0.33433183	-7.76251678	3.117971714483277
0.154128817	0.337012693	-7.72552725	3.117971714483277
0.184577639	0.319025617	-7.75197071	3.117971714483277
0.127070707	0.339979603	-7.7180037	3.134945889119091
0.14452239	0.33433183	-7.76251678	3.134945889119091
0.111518669	0.33512293	-7.76172679	3.134945889119091
0.14452239	0.33433183	-7.76251678	3.1265870716730575
0.132874643	0.331081296	-7.80736641	3.1265870716730575
0.111518669	0.33512293	-7.76172679	3.1265870716730575
0.14452239	0.33433183	-7.76251678	2.9773894429049155
0.184577639	0.319025617	-7.75197071	2.9773894429049155
0.172108433	0.315010834	-7.80288594	2.9773894429049155
0.132874643	0.331081296	-7.80736641	3.0256060333602672
0.14452239	0.33433183	-7.76251678	3.0256060333602672
0.172108433	0.315010834	-7.80288594	3.0256060333602672
0.162142379	0.492293576	-7.675811	3.4874914445353578
0.149077792	0.469895843	-7.68155856	3.4874914445353578
0.145744207	0.485994055	-7.70128702	3.4874914445353578
0.145744207	0.485994055	-7.70128702	3.4637095617008034
0.161480061	0.509718946	-7.69385153	3.4637095617008034
0.162142379	0.492293576	-7.675811	3.4637095617008034
0.145744207	0.485994055	-7.70128702	3.4149248844253295
0.149077792	0.469895843	-7.68155856	3.4149248844253295
0.121870585	0.465469676	-7.70139636	3.4149248844253295
0.149077792	0.469895843	-7.68155856	3.3846886115992967
0.147331789	0.45061857	-7.66570111	3.3846886115992967
0.119569404	0.446353532	-7.68411614	3.3846886115992967
0.119569404	0.446353532	-7.68411614	3.368263229891539
0.121870585	0.465469676	-7.70139636	3.368263229891539
0.149077792	0.469895843	-7.68155856	3.368263229891539
0.147247478	0.505121641	-7.71746469	3.4009257958404597
0.145744207	0.485994055	-7.70128702	3.4009257958404597
0.118845575	0.482629435	-7.71923258	3.4009257958404597
0.121870585	0.465469676	-7.70139636	3.435244946987771
0.118845575	0.482629435	-7.71923258	3.435244946987771
0.145744207	0.485994055	-7.70128702	3.435244946987771
0.118845575	0.482629435	-7.71923258	3.378592086698622
0.118485463	0.500708049	-7.73673441	3.378592086698622
0.147247478	0.505121641	-7.71746469	3.378592086698622
0.0975330453	0.433195541	-7.67583083	3.6983243741934992
0.081368093	0.446729107	-7.68606222	3.6983243741934992
0.097173747	0.45113707	-7.69317342	3.6983243741934992
0.097173747	0.45113707	-7.69317342	3.651786971684491
0.0792400967	0.464859375	-7.70295851	3.651786971684491
0.0968144488	0.4690786	-7.71051601	3.651786971684491
0.097173747	0.45113707	-7.69317342	3.5015685345705054
0.0968144488	0.4690786	-7.71051601	3.5015685345705054
0.121870585	0.465469676	-7.70139636	3.5015685345705054
0.0975330453	0.433195541	-7.67583083	3.5520553062338136
0.097173747	0.45113707	-7.69317342	3.5520553062338136
0.119569404	0.446353532	-7.68411614	3.5520553062338136
0.119569404	0.446353532	-7.68411614	3.518486693157201
0.097173747	0.45113707	-7.69317342	3.518486693157201
0.121870585	0.465469676	-7.70139636	3.518486693157201
0.0964551505	0.48702013	-7.7278586	3.641599958087085
0.0968144488	0.4690786	-7.71051601	3.641599958087085
0.0784647148	0.483011478	-7.72035775	3.641599958087085
0.0968144488	0.4690786	-7.71051601	3.552095961045261
0.0964551505	0.48702013	-7.7278586	3.552095961045261
0.118845575	0.482629435	-7.71923258	3.552095961045261
0.121870585	0.465469676	-7.70139636	3.522932976909353
0.0968144488	0.4690786	-7.71051601	3.522932976909353
0.118845575	0.482629435	-7.71923258	3.522932976909353
0.118845575	0.482629435	-7.71923258	3.5484736742955096
0.0964551505	0.48702013	-7.7278586	3.5484736742955096
0.118485463	0.500708049	-7.73673441	3.5484736742955096
0.0968144488	0.4690786	-7.71051601	3.6450969138808302
0.0792400967	0.464859375	-7.70295851	3.6450969138808302
0.0784647148	0.483011478	-7.72035775	3.6450969138808302
0.0964551505	0.48702013	-7.7278586	3.637826172306664
0.0784647148	0.483011478	-7.72035775	3.637826172306664
0.0781185439	0.501106165	-7.73786672	3.637826172306664
0.0792400967	0.464859375	-7.70295851	3.417585159936442
0.0519325956	0.48366118	-7.70140381	3.417585159936442
0.0784647148	0.483011478	-7.72035775	3.417585159936442
0.0781185439	0.501106165	-7.73786672	3.412355465187396
0.0784647148	0.483011478	-7.72035775	3.412355465187396
0.0511054614	0.503307134	-7.71998459	3.412355465187396
0.0784647148	0.483011478	-7.72035775	3.3855193796478296
0.0519325956	0.48366118	-7.70140381	3.3855193796478296
0.0511054614	0.503307134	-7.71998459	3.3855193796478296
0.0594467117	0.461522315	-7.68729409	3.4686869057643688
0.0519325956	0.48366118	-7.70140381	3.4686869057643688
0.0792400967	0.464859375	-7.70295851	3.4686869057643688
0.097173747	0.45113707	-7.69317342	3.6855799472771604
0.081368093	0.446729107	-7.68606222	3.6855799472771604
0.0792400967	0.464859375	-7.70295851	3.6855799472771604
0.0792400967	0.464859375	-7.70295851	3.547784205262014
0.081368093	0.446729107	-7.68606222	3.547784205262014
0.0594467117	0.461522315	-7.68729409	3.547784205262014
0.0614767583	0.44282411	-7.67063041	3.5445202736814663
0.0594467117	0.461522315	-7.68729409	3.5445202736814663
0.081368093	0.446729107	-7.68606222	3.5445202736814663
0.0594467117	0.461522315	-7.68729409	3.656849934028939
0.0439450855	0.461941025	-7.66822691	3.656849934028939
0.0421683385	0.477232762	-7.68051941	3.656849934028939
0.0594467117	0.461522315	-7.68729409	3.566177845738899
0.0421683385	0.477232762	-7.68051941	3.566177845738899
0.0519325956	0.48366118	-7.70140381	3.566177845738899
0.0421683385	0.477232762	-7.68051941	3.5501631072217363
0.0325433537	0.498581321	-7.67807757	3.5501631072217363
0.0519325956	0.48366118	-7.70140381	3.5501631072217363
0.0	0.410990357	-7.6820525	3.494879231082439
0.00747118382	0.400030553	-7.68378663	3.494879231082439
0.0	0.402	-7.731	3.494879231082439
0.0377217651	0.352341943	-7.71555137	2.8436692120769216
0.0	0.402	-7.731	2.8436692120769216
0.00747118382	0.400030553	-7.68378663	2.8436692120769216
0.025204055	0.354146515	-7.79091864	2.929293788625099
0.0	0.392368271	-7.78343941	2.929293788625099
0.0	0.402	-7.731	2.929293788625099
0.132874643	0.331081296	-7.80736641	2.944322352499576
0.172108433	0.315010834	-7.80288594	2.944322352499576
0.118829517	0.327161726	-7.86144714	2.944322352499576
0.10200329	0.322466034	-7.9262365	2.497845311966977
0.118829517	0.327161726	-7.86144714	2.497845311966977
0.19465327	0.285270839	-7.91156012	2.497845311966977
0.172108433	0.315010834	-7.80288594	2.6528049418521538
0.204345478	0.293721972	-7.84306458	2.6528049418521538
0.118829517	0.327161726	-7.86144714	2.6528049418521538
0.0705580122	0.329153363	-7.80053355	2.683133222434984
0.0640827669	0.325927271	-7.84811422	2.683133222434984
0.0	0.382735017	-7.83588713	2.683133222434984
0.0	0.382735017	-7.83588713	2.929224971171515
0.0	0.392368271	-7.78343941	2.929224971171515
0.025204055	0.354146515	-7.79091864	2.929224971171515
0.025204055	0.354146515	-7.79091864	2.8604003446877755
0.0705580122	0.329153363	-7.80053355	2.8604003446877755
0.0	0.382735017	-7.83588713	2.8604003446877755
0.0640827669	0.325927271	-7.84811422	3.209129763539099
0.0705580122	0.329153363	-7.80053355	3.209129763539099
0.0956705734	0.330641675	-7.80602327	3.209129763539099
0.0956705734	0.330641675	-7.80602327	2.863802362705752
0.118829517	0.327161726	-7.86144714	2.863802362705752
0.0640827669	0.325927271	-7.84811422	2.863802362705752
0.132874643	0.331081296	-7.80736641	2.9922755567690302
0.118829517	0.327161726	-7.86144714	2.9922755567690302
0.0956705734	0.330641675	-7.80602327	2.9922755567690302
0.0570734373	0.322435088	-7.89961939	2.8355005629303927
0.0640827669	0.325927271	-7.84811422	2.8355005629303927
0.118829517	0.327161726	-7.86144714	2.8355005629303927
0.118829517	0.327161726	-7.86144714	2.7736806263706817
0.10200329	0.322466034	-7.9262365	2.7736806263706817
0.0570734373	0.322435088	-7.89961939	2.7736806263706817
0.0	0.37310033	-7.88834265	2.6519056103261436
0.0	0.382735017	-7.83588713	2.6519056103261436
0.0640827669	0.325927271	-7.84811422	2.6519056103261436
0.0	0.363464301	-7.94080547	2.7021524029120125
0.0	0.37310033	-7.88834265	2.7021524029120125
0.0570734373	0.322435088	-7.89961939	2.7021524029120125
0.0640827669	0.325927271	-7.84811422	2.6986296933114713
0.0570734373	0.322435088	-7.89961939	2.6986296933114713
0.0	0.37310033	-7.88834265	2.6986296933114713
0.0819986399	0.316883341	-8.00326437	2.7601835067340716
0.0495207192	0.318672178	-7.95511742	2.7601835067340716
0.10200329	0.322466034	-7.9262365	2.7601835067340716
0.0570734373	0.322435088	-7.89961939	2.7226195741970685
0.0495207192	0.318672178	-7.95511742	2.7226195741970685
0.0	0.363464301	-7.94080547	2.7226195741970685
0.0	0.353827022	-7.9932751	2.7637431186654102
0.0	0.363464301	-7.94080547	2.7637431186654102
0.0495207192	0.318672178	-7.95511742	2.7637431186654102
0.0495207192	0.318672178	-7.95511742	2.8693839722199606
0.0570734373	0.322435088	-7.89961939	2.8693839722199606
0.10200329	0.322466034	-7.9262365	2.8693839722199606
0.0	0.344188582	-8.04575105	2.8448403451703066
0.0	0.353827022	-7.9932751	2.8448403451703066
0.04108066	0.314467177	-8.01713572	2.8448403451703066
0.0495207192	0.318672178	-7.95511742	2.739241565938748
0.04108066	0.314467177	-8.01713572	2.739241565938748
0.0	0.353827022	-7.9932751	2.739241565938748
0.04108066	0.314467177	-8.01713572	2.915949221024903
0.0495207192	0.318672178	-7.95511742	2.915949221024903
0.0819986399	0.316883341	-8.00326437	2.915949221024903
0.0819986399	0.316883341	-8.00326437	2.378602161846118
0.10200329	0.322466034	-7.9262365	2.378602161846118
0.183287363	0.275360323	-7.99188382	2.378602161846118
0.0481950048	0.608082256	-7.8210028	3.4722405200173396
0.0454042297	0.625506718	-7.83492367	3.4722405200173396
0.0731378072	0.607042059	-7.83918767	3.4722405200173396
0.031977056	0.613771531	-7.7972637	3.497535868834238
0.0481950048	0.608082256	-7.8210028	3.497535868834238
0.0475569058	0.591139937	-7.80328771	3.497535868834238
0.0475569058	0.591139937	-7.80328771	3.4443628082820736
0.0481950048	0.608082256	-7.8210028	3.4443628082820736
0.0734863089	0.589177539	-7.82189375	3.4443628082820736
0.044864594	0.576708983	-7.7852099	3.4300327520506846
0.0475569058	0.591139937	-7.80328771	3.4300327520506846
0.0738349645	0.57128861	-7.80457696	3.4300327520506846
0.0950179574	0.558786249	-7.79722896	3.5520736241136164
0.0946586591	0.576727779	-7.81457155	3.5520736241136164
0.117057288	0.57261874	-7.80635846	3.5520736241136164
0.117412467	0.55470235	-7.78901059	3.552337411378833
0.0950179574	0.558786249	-7.79722896	3.552337411378833
0.117057288	0.57261874	-7.80635846	3.552337411378833
0.117057288	0.57261874	-7.80635846	3.5533122312765064
0.0946586591	0.576727779	-7.81457155	3.5533122312765064
0.116703375	0.590493663	-7.823667	3.5533122312765064
0.0946586591	0.576727779	-7.81457155	3.5764472489808776
0.0950179574	0.558786249	-7.79722896	3.5764472489808776
0.0738349645	0.57128861	-7.80457696	3.5764472489808776
0.0734863089	0.589177539	-7.82189375	3.5775301595157463
0.0946586591	0.576727779	-7.81457155	3.5775301595157463
0.0738349645	0.57128861	-7.80457696	3.5775301595157463
0.0734863089	0.589177539	-7.82189375	3.428272673480522
0.0738349645	0.57128861	-7.80457696	3.428272673480522
0.0475569058	0.591139937	-7.80328771	3.428272673480522
0.0738349645	0.57128861	-7.80457696	3.576692854616462
0.0950179574	0.558786249	-7.79722896	3.576692854616462
0.0741837746	0.553375536	-7.78723754	3.576692854616462
0.0942993608	0.594669309	-7.83191415	3.576704495416626
0.0946586591	0.576727779	-7.81457155	3.576704495416626
0.0734863089	0.589177539	-7.82189375	3.576704495416626
0.0942993608	0.594669309	-7.83191415	3.552013275980467
0.0939400625	0.612610838	-7.84925674	3.552013275980467
0.116350741	0.608326744	-7.84093589	3.552013275980467
0.0946586591	0.576727779	-7.81457155	3.5520470913476023
0.0942993608	0.594669309	-7.83191415	3.5520470913476023
0.116703375	0.590493663	-7.823667	3.5520470913476023
0.116703375	0.590493663	-7.823667	3.5542903376191037
0.0942993608	0.594669309	-7.83191415	3.5542903376191037
0.116350741	0.608326744	-7.84093589	3.5542903376191037
0.0939400625	0.612610838	-7.84925674	3.5769569714262066
0.0942993608	0.594669309	-7.83191415	3.5769569714262066
0.0731378072	0.607042059	-7.83918767	3.5769569714262066
0.0731378072	0.607042059	-7.83918767	3.5783697958505862
0.0942993608	0.594669309	-7.83191415	3.5783697958505862
0.0734863089	0.589177539	-7.82189375	3.5783697958505862
0.0731378072	0.607042059	-7.83918767	3.4483740925396984
0.0734863089	0.589177539	-7.82189375	3.4483740925396984
0.0481950048	0.608082256	-7.8210028	3.4483740925396984
0.116703375	0.590493663	-7.823667	3.473571971577941
0.116350741	0.608326744	-7.84093589	3.473571971577941
0.140560492	0.610445171	-7.82575946	3.473571971577941
0.140560492	0.610445171	-7.82575946	3.374331607750506
0.143453599	0.590890454	-7.80379847	3.374331607750506
0.116703375	0.590493663	-7.823667	3.374331607750506
0.140560492	0.610445171	-7.82575946	3.4500623723622694
0.157443567	0.613465711	-7.80120016	3.4500623723622694
0.143453599	0.590890454	-7.80379847	3.4500623723622694
0.157443567	0.613465711	-7.80120016	3.54558619157863
0.158122906	0.596305832	-7.78345219	3.54558619157863
0.143453599	0.590890454	-7.80379847	3.54558619157863
0.143453599	0.590890454	-7.80379847	3.3784171999022106
0.145988382	0.573281599	-7.78383281	3.3784171999022106
0.117057288	0.57261874	-7.80635846	3.3784171999022106
0.117057288	0.57261874	-7.80635846	3.423955582966009
0.116703375	0.590493663	-7.823667	3.423955582966009
0.143453599	0.590890454	-7.80379847	3.423955582966009
0.114953321	0.679232956	-7.90960794	3.5059825755184795
0.114607332	0.696851012	-7.9266733	3.5059825755184795
0.137495694	0.706583592	-7.92078438	3.5059825755184795
0.152735101	0.728928211	-7.92052732	3.5468240662332717
0.155927941	0.716788494	-7.90187311	3.5468240662332717
0.137495694	0.706583592	-7.92078438	3.5468240662332717
0.114262727	0.714424863	-7.94369686	3.5070614607519883
0.137495694	0.706583592	-7.92078438	3.5070614607519883
0.114607332	0.696851012	-7.9266733	3.5070614607519883
0.135200326	0.724405298	-7.94005354	3.5114318189312277
0.152735101	0.728928211	-7.92052732	3.5114318189312277
0.137495694	0.706583592	-7.92078438	3.5114318189312277
0.137495694	0.706583592	-7.92078438	3.5116380133374037
0.114262727	0.714424863	-7.94369686	3.5116380133374037
0.135200326	0.724405298	-7.94005354	3.5116380133374037
0.113919527	0.731954096	-7.96067827	3.550357586279938
0.135200326	0.724405298	-7.94005354	3.550357586279938
0.114262727	0.714424863	-7.94369686	3.550357586279938
0.16320757	0.694206425	-7.82665453	3.6908435097217027
0.157864274	0.708922723	-7.8185255	3.6908435097217027
0.158262679	0.692016941	-7.80153527	3.6908435097217027
0.16320757	0.694206425	-7.82665453	3.7056207716496665
0.158262679	0.692016941	-7.80153527	3.7056207716496665
0.163461341	0.677803818	-7.80945287	3.7056207716496665
0.163461341	0.677803818	-7.80945287	3.7028951215848163
0.158262679	0.692016941	-7.80153527	3.7028951215848163
0.158464257	0.675417343	-7.78428434	3.7028951215848163
0.16320757	0.694206425	-7.82665453	3.6372943478875346
0.163461341	0.677803818	-7.80945287	3.6372943478875346
0.163431755	0.667663257	-7.82692421	3.6372943478875346
0.157864274	0.708922723	-7.8185255	3.579639138847434
0.157257926	0.726243277	-7.83535865	3.579639138847434
0.144615206	0.728139296	-7.81281242	3.579639138847434
0.158262679	0.692016941	-7.80153527	3.582662712863142
0.157864274	0.708922723	-7.8185255	3.582662712863142
0.14522415	0.711237047	-7.79589443	3.582662712863142
0.144615206	0.728139296	-7.81281242	3.5816292725762917
0.14522415	0.711237047	-7.79589443	3.5816292725762917
0.157864274	0.708922723	-7.8185255	3.5816292725762917
0.16270739	0.726399992	-7.86043419	3.678587885913226
0.157257926	0.726243277	-7.83535865	3.678587885913226
0.162955756	0.710412876	-7.84365265	3.678587885913226
0.162955756	0.710412876	-7.84365265	3.6658830419216835
0.157257926	0.726243277	-7.83535865	3.6658830419216835
0.157864274	0.708922723	-7.8185255	3.6658830419216835
0.162955756	0.710412876	-7.84365265	3.6971619897966193
0.157864274	0.708922723	-7.8185255	3.6971619897966193
0.16320757	0.694206425	-7.82665453	3.6971619897966193
0.163012374	0.684328952	-7.84426858	3.6392405657750384
0.162596443	0.700857507	-7.86147022	3.6392405657750384
0.162955756	0.710412876	-7.84365265	3.6392405657750384
0.163431755	0.667663257	-7.82692421	3.633628438724659
0.163012374	0.684328952	-7.84426858	3.633628438724659
0.16320757	0.694206425	-7.82665453	3.633628438724659
0.162955756	0.710412876	-7.84365265	3.6445520230579747
0.16320757	0.694206425	-7.82665453	3.6445520230579747
0.163012374	0.684328952	-7.84426858	3.6445520230579747
0.12841463	0.729933763	-7.79811323	3.6180757740174956
0.14522415	0.711237047	-7.79589443	3.6180757740174956
0.144615206	0.728139296	-7.81281242	3.6180757740174956
0.163431755	0.667663257	-7.82692421	3.6852185393332677
0.1638545	0.650863904	-7.80944074	3.6852185393332677
0.158594553	0.651145526	-7.83324215	3.6852185393332677
0.156765125	0.630478847	-7.81879311	3.5900676058845096
0.158594553	0.651145526	-7.83324215	3.5900676058845096
0.1638545	0.650863904	-7.80944074	3.5900676058845096
0.1638545	0.650863904	-7.80944074	3.6281254637801155
0.163431755	0.667663257	-7.82692421	3.6281254637801155
0.163461341	0.677803818	-7.80945287	3.6281254637801155
0.164280518	0.633934514	-7.79182193	3.6227340243381176
0.1638545	0.650863904	-7.80944074	3.6227340243381176
0.16371705	0.661207357	-7.79205024	3.6227340243381176
0.163461341	0.677803818	-7.80945287	3.7027865564844045
0.158464257	0.675417343	-7.78428434	3.7027865564844045
0.16371705	0.661207357	-7.79205024	3.7027865564844045
0.163461341	0.677803818	-7.80945287	3.6301590592178905
0.16371705	0.661207357	-7.79205024	3.6301590592178905
0.1638545	0.650863904	-7.80944074	3.6301590592178905
0.1638545	0.650863904	-7.80944074	3.5632067927170157
0.164280518	0.633934514	-7.79182193	3.5632067927170157
0.156765125	0.630478847	-7.81879311	3.5632067927170157
0.156765125	0.630478847	-7.81879311	3.5624858660477265
0.164280518	0.633934514	-7.79182193	3.5624858660477265
0.157443567	0.613465711	-7.80120016	3.5624858660477265
0.156765125	0.630478847	-7.81879311	3.508807417162604
0.157443567	0.613465711	-7.80120016	3.508807417162604
0.140560492	0.610445171	-7.82575946	3.508807417162604
0.156765125	0.630478847	-7.81879311	3.3622578353087325
0.140560492	0.610445171	-7.82575946	3.3622578353087325
0.140018871	0.635229304	-7.84998681	3.3622578353087325
0.116350741	0.608326744	-7.84093589	3.476493202064074
0.115999402	0.626117603	-7.85816478	3.476493202064074
0.140018871	0.635229304	-7.84998681	3.476493202064074
0.140560492	0.610445171	-7.82575946	3.3291412607225728
0.116350741	0.608326744	-7.84093589	3.3291412607225728
0.140018871	0.635229304	-7.84998681	3.3291412607225728
0.140018871	0.635229304	-7.84998681	3.431996047646055
0.158594553	0.651145526	-7.83324215	3.431996047646055
0.156765125	0.630478847	-7.81879311	3.431996047646055
0.163012374	0.684328952	-7.84426858	3.569662893040246
0.163431755	0.667663257	-7.82692421	3.569662893040246
0.155413493	0.663999751	-7.85344646	3.569662893040246
0.155413493	0.663999751	-7.85344646	3.6600988919853132
0.163431755	0.667663257	-7.82692421	3.6600988919853132
0.158594553	0.651145526	-7.83324215	3.6600988919853132
0.155413493	0.663999751	-7.85344646	3.462391196010568
0.158594553	0.651145526	-7.83324215	3.462391196010568
0.140018871	0.635229304	-7.84998681	3.462391196010568
0.137876137	0.679368935	-7.8943796	3.442116909664408
0.154740581	0.680500673	-7.87049973	3.442116909664408
0.140009557	0.658126097	-7.87184853	3.442116909664408
0.140009557	0.658126097	-7.87184853	3.434849909283065
0.155413493	0.663999751	-7.85344646	3.434849909283065
0.140018871	0.635229304	-7.84998681	3.434849909283065
0.140009557	0.658126097	-7.87184853	3.3639335882497523
0.140018871	0.635229304	-7.84998681	3.3639335882497523
0.115649374	0.643865852	-7.87535332	3.3639335882497523
0.115649374	0.643865852	-7.87535332	3.470689527728642
0.115300675	0.661571102	-7.89250116	3.470689527728642
0.140009557	0.658126097	-7.87184853	3.470689527728642
0.154740581	0.680500673	-7.87049973	3.568077158489504
0.155413493	0.663999751	-7.85344646	3.568077158489504
0.140009557	0.658126097	-7.87184853	3.568077158489504
0.115999402	0.626117603	-7.85816478	3.4775235917613547
0.115649374	0.643865852	-7.87535332	3.4775235917613547
0.140018871	0.635229304	-7.84998681	3.4775235917613547
0.115300675	0.661571102	-7.89250116	3.3909110333550565
0.137876137	0.679368935	-7.8943796	3.3909110333550565
0.140009557	0.658126097	-7.87184853	3.3909110333550565
0.154069788	0.696824324	-7.88736631	3.3480024924924057
0.137876137	0.679368935	-7.8943796	3.3480024924924057
0.137495694	0.706583592	-7.92078438	3.3480024924924057
0.115300675	0.661571102	-7.89250116	3.507064697925108
0.114953321	0.679232956	-7.90960794	3.507064697925108
0.137876137	0.679368935	-7.8943796	3.507064697925108
0.137876137	0.679368935	-7.8943796	3.3183455277701195
0.114953321	0.679232956	-7.90960794	3.3183455277701195
0.137495694	0.706583592	-7.92078438	3.3183455277701195
0.162596443	0.700857507	-7.86147022	3.5729937720005167
0.163012374	0.684328952	-7.84426858	3.5729937720005167
0.154740581	0.680500673	-7.87049973	3.5729937720005167
0.154069788	0.696824324	-7.88736631	3.579827858784509
0.162596443	0.700857507	-7.86147022	3.579827858784509
0.154740581	0.680500673	-7.87049973	3.579827858784509
0.154740581	0.680500673	-7.87049973	3.5753698969927274
0.163012374	0.684328952	-7.84426858	3.5753698969927274
0.155413493	0.663999751	-7.85344646	3.5753698969927274
0.154069788	0.696824324	-7.88736631	3.551563954769781
0.154740581	0.680500673	-7.87049973	3.551563954769781
0.137876137	0.679368935	-7.8943796	3.551563954769781
0.161775269	0.733489964	-7.89543157	3.6865891376091393
0.162184048	0.717245577	-7.87852566	3.6865891376091393
0.155927941	0.716788494	-7.90187311	3.6865891376091393
0.152735101	0.728928211	-7.92052732	3.679271513253072
0.161775269	0.733489964	-7.89543157	3.679271513253072
0.155927941	0.716788494	-7.90187311	3.679271513253072
0.137495694	0.706583592	-7.92078438	3.456115608597496
0.155927941	0.716788494	-7.90187311	3.456115608597496
0.154069788	0.696824324	-7.88736631	3.456115608597496
0.154069788	0.696824324	-7.88736631	3.5961753295912287
0.155927941	0.716788494	-7.90187311	3.5961753295912287
0.162184048	0.717245577	-7.87852566	3.5961753295912287
0.162184048	0.717245577	-7.87852566	3.651002642233867
0.161775269	0.733489964	-7.89543157	3.651002642233867
0.162459832	0.742203948	-7.87701695	3.651002642233867
0.162184048	0.717245577	-7.87852566	3.5763900036188225
0.162596443	0.700857507	-7.86147022	3.5763900036188225
0.154069788	0.696824324	-7.88736631	3.5763900036188225
0.162596443	0.700857507	-7.86147022	3.64513534624214
0.162184048	0.717245577	-7.87852566	3.64513534624214
0.16270739	0.726399992	-7.86043419	3.64513534624214
0.162184048	0.717245577	-7.87852566	3.6596855843778937
0.162459832	0.742203948	-7.87701695	3.6596855843778937
0.16270739	0.726399992	-7.86043419	3.6596855843778937
0.16270739	0.726399992	-7.86043419	3.652394606231685
0.162955756	0.710412876	-7.84365265	3.652394606231685
0.162596443	0.700857507	-7.86147022	3.652394606231685
0.0925028694	0.684376957	-7.9186271	3.5779136055553264
0.0928621677	0.666435428	-7.90128451	3.5779136055553264
0.0717452993	0.678250636	-7.90812992	3.5779136055553264
0.0928621677	0.666435428	-7.90128451	3.551798787797547
0.0925028694	0.684376957	-7.9186271	3.551798787797547
0.114953321	0.679232956	-7.90960794	3.551798787797547
0.093221466	0.648493898	-7.88394192	3.5518645452142774
0.0928621677	0.666435428	-7.90128451	3.5518645452142774
0.115300675	0.661571102	-7.89250116	3.5518645452142774
0.115649374	0.643865852	-7.87535332	3.557246299244872
0.093221466	0.648493898	-7.88394192	3.557246299244872
0.115300675	0.661571102	-7.89250116	3.557246299244872
0.115300675	0.661571102	-7.89250116	3.5582386422453185
0.0928621677	0.666435428	-7.90128451	3.5582386422453185
0.114953321	0.679232956	-7.90960794	3.5582386422453185
0.0928621677	0.666435428	-7.90128451	3.577682652002532
0.093221466	0.648493898	-7.88394192	3.577682652002532
0.072093207	0.660486471	-7.89092986	3.577682652002532
0.0717452993	0.678250636	-7.90812992	3.5817505362343756
0.0928621677	0.666435428	-7.90128451	3.5817505362343756
0.072093207	0.660486471	-7.89092986	3.5817505362343756
0.0717452993	0.678250636	-7.90812992	3.4484655861427393
0.072093207	0.660486471	-7.89092986	3.4484655861427393
0.0465986141	0.676360427	-7.88732534	3.4484655861427393
0.072093207	0.660486471	-7.89092986	3.580902084384027
0.093221466	0.648493898	-7.88394192	3.580902084384027
0.0724412587	0.6426968	-7.87370597	3.580902084384027
0.0935807643	0.630552368	-7.86659933	3.551922106346848
0.093221466	0.648493898	-7.88394192	3.551922106346848
0.115649374	0.643865852	-7.87535332	3.551922106346848
0.0939400625	0.612610838	-7.84925674	3.5519716150109146
0.0935807643	0.630552368	-7.86659933	3.5519716150109146
0.115999402	0.626117603	-7.85816478	3.5519716150109146
0.115999402	0.626117603	-7.85816478	3.556257472773036
0.0935807643	0.630552368	-7.86659933	3.556257472773036
0.115649374	0.643865852	-7.87535332	3.556257472773036
0.0935807643	0.630552368	-7.86659933	3.577204177697673
0.0939400625	0.612610838	-7.84925674	3.577204177697673
0.0727894578	0.624881903	-7.85645849	3.577204177697673
0.093221466	0.648493898	-7.88394192	3.5774461299095854
0.0935807643	0.630552368	-7.86659933	3.5774461299095854
0.0724412587	0.6426968	-7.87370597	3.5774461299095854
0.0724412587	0.6426968	-7.87370597	3.5800556947994164
0.0935807643	0.630552368	-7.86659933	3.5800556947994164
0.0727894578	0.624881903	-7.85645849	3.5800556947994164
0.0724412587	0.6426968	-7.87370597	3.4249938409211618
0.0727894578	0.624881903	-7.85645849	3.4249938409211618
0.0461633194	0.643238198	-7.85366202	3.4249938409211618
0.072093207	0.660486471	-7.89092986	3.4366317768785173
0.0724412587	0.6426968	-7.87370597	3.4366317768785173
0.0463784124	0.659882804	-7.87058337	3.4366317768785173
0.0727894578	0.624881903	-7.85645849	3.5792116275574015
0.0939400625	0.612610838	-7.84925674	3.5792116275574015
0.0731378072	0.607042059	-7.83918767	3.5792116275574015
0.0727894578	0.624881903	-7.85645849	3.4029803381894883
0.0731378072	0.607042059	-7.83918767	3.4029803381894883
0.0454042297	0.625506718	-7.83492367	3.4029803381894883
0.116350741	0.608326744	-7.84093589	3.5552721034833
0.0939400625	0.612610838	-7.84925674	3.5552721034833
0.115999402	0.626117603	-7.85816478	3.5552721034833
0.0566722747	0.73556813	-7.80609619	3.3944155084144936
0.0576431804	0.718386703	-7.78798271	3.3944155084144936
0.0879258178	0.736271256	-7.79319599	3.3944155084144936
0.0301707498	0.681203998	-7.79281619	3.6193707029673154
0.0405822254	0.700597286	-7.78941453	3.6193707029673154
0.0295904629	0.698118241	-7.81061245	3.6193707029673154
0.0295904629	0.698118241	-7.81061245	3.6169261653775586
0.0405822254	0.700597286	-7.78941453	3.6169261653775586
0.0397923535	0.717632697	-7.80745362	3.6169261653775586
0.0397923535	0.717632697	-7.80745362	3.5581049689184696
0.0405822254	0.700597286	-7.78941453	3.5581049689184696
0.0576431804	0.718386703	-7.78798271	3.5581049689184696
0.0295904629	0.698118241	-7.81061245	3.6255064334797997
0.0397923535	0.717632697	-7.80745362	3.6255064334797997
0.0290237296	0.714972479	-7.82831454	3.6255064334797997
0.0290237296	0.714972479	-7.82831454	3.6226671721674273
0.0397923535	0.717632697	-7.80745362	3.6226671721674273
0.0389763643	0.734612327	-7.8254858	3.6226671721674273
0.0389763643	0.734612327	-7.8254858	3.5604780519113923
0.0397923535	0.717632697	-7.80745362	3.5604780519113923
0.0566722747	0.73556813	-7.80609619	3.5604780519113923
0.0566722747	0.73556813	-7.80609619	3.55644623207702
0.0397923535	0.717632697	-7.80745362	3.55644623207702
0.0576431804	0.718386703	-7.78798271	3.55644623207702
0.0290237296	0.714972479	-7.82831454	3.633623550546854
0.0389763643	0.734612327	-7.8254858	3.633623550546854
0.0284608641	0.73172439	-7.84591232	3.633623550546854
0.0248268304	0.70140913	-7.85919031	3.825816158706856
0.0251224731	0.684949307	-7.84205774	3.825816158706856
0.0241353542	0.713768459	-7.85393282	3.825816158706856
0.0251224731	0.684949307	-7.84205774	3.823242002215311
0.0254205968	0.668351352	-7.8247814	3.823242002215311
0.0245347105	0.697067745	-7.83658691	3.823242002215311
0.0251224731	0.684949307	-7.84205774	3.821214168766228
0.0245347105	0.697067745	-7.83658691	3.821214168766228
0.0241353542	0.713768459	-7.85393282	3.821214168766228
0.0254205968	0.668351352	-7.8247814	3.818673946193292
0.024937355	0.680229521	-7.81909818	3.818673946193292
0.0245347105	0.697067745	-7.83658691	3.818673946193292
0.0241353542	0.713768459	-7.85393282	3.636167915974706
0.0245347105	0.697067745	-7.83658691	3.636167915974706
0.0290237296	0.714972479	-7.82831454	3.636167915974706
0.0295904629	0.698118241	-7.81061245	3.6286049843123465
0.0290237296	0.714972479	-7.82831454	3.6286049843123465
0.0245347105	0.697067745	-7.83658691	3.6286049843123465
0.0290237296	0.714972479	-7.82831454	3.635059720755436
0.0284608641	0.73172439	-7.84591232	3.635059720755436
0.0241353542	0.713768459	-7.85393282	3.635059720755436
0.0245347105	0.697067745	-7.83658691	3.628743441568935
0.024937355	0.680229521	-7.81909818	3.628743441568935
0.0295904629	0.698118241	-7.81061245	3.628743441568935
0.024937355	0.680229521	-7.81909818	3.620911942482344
0.0253432056	0.663257221	-7.80147019	3.620911942482344
0.0301707498	0.681203998	-7.79281619	3.620911942482344
0.0301707498	0.681203998	-7.79281619	3.622695028213869
0.0295904629	0.698118241	-7.81061245	3.622695028213869
0.024937355	0.680229521	-7.81909818	3.622695028213869
0.0257211398	0.651618702	-7.80736485	3.593772398388409
0.0254205968	0.668351352	-7.8247814	3.593772398388409
0.0318501758	0.647575712	-7.83221484	3.593772398388409
0.0254205968	0.668351352	-7.8247814	3.8207707736573484
0.0257211398	0.651618702	-7.80736485	3.8207707736573484
0.024937355	0.680229521	-7.81909818	3.8207707736573484
0.0257211398	0.651618702	-7.80736485	3.8184031391134297
0.0260240379	0.634754938	-7.78981183	3.8184031391134297
0.0253432056	0.663257221	-7.80147019	3.8184031391134297
0.0257211398	0.651618702	-7.80736485	3.8162340674236384
0.0253432056	0.663257221	-7.80147019	3.8162340674236384
0.024937355	0.680229521	-7.81909818	3.8162340674236384
0.0257211398	0.651618702	-7.80736485	3.5928148916555633
0.0318501758	0.647575712	-7.83221484	3.5928148916555633
0.0319109292	0.630749407	-7.81481921	3.5928148916555633
0.0319109292	0.630749407	-7.81481921	3.4943769535487976
0.0481950048	0.608082256	-7.8210028	3.4943769535487976
0.031977056	0.613771531	-7.7972637	3.4943769535487976
0.0319109292	0.630749407	-7.81481921	3.5886878457512315
0.031977056	0.613771531	-7.7972637	3.5886878457512315
0.0260240379	0.634754938	-7.78981183	3.5886878457512315
0.0260240379	0.634754938	-7.78981183	3.590221564999776
0.0257211398	0.651618702	-7.80736485	3.590221564999776
0.0319109292	0.630749407	-7.81481921	3.590221564999776
0.0318501758	0.647575712	-7.83221484	3.533633722445807
0.0461633194	0.643238198	-7.85366202	3.533633722445807
0.0454042297	0.625506718	-7.83492367	3.533633722445807
0.0319109292	0.630749407	-7.81481921	3.5686880840564714
0.0318501758	0.647575712	-7.83221484	3.5686880840564714
0.0454042297	0.625506718	-7.83492367	3.5686880840564714
0.0319109292	0.630749407	-7.81481921	3.5718635803416707
0.0454042297	0.625506718	-7.83492367	3.5718635803416707
0.0481950048	0.608082256	-7.8210028	3.5718635803416707
0.0454042297	0.625506718	-7.83492367	3.3986366532474515
0.0461633194	0.643238198	-7.85366202	3.3986366532474515
0.0727894578	0.624881903	-7.85645849	3.3986366532474515
0.0254205968	0.668351352	-7.8247814	3.5970190870783747
0.0317948187	0.664246974	-7.84944699	3.5970190870783747
0.0318501758	0.647575712	-7.83221484	3.5970190870783747
0.0318501758	0.647575712	-7.83221484	3.5587906844789425
0.0317948187	0.664246974	-7.84944699	3.5587906844789425
0.0461633194	0.643238198	-7.85366202	3.5587906844789425
0.0254205968	0.668351352	-7.8247814	3.597392704128731
0.0251224731	0.684949307	-7.84205774	3.597392704128731
0.0317948187	0.664246974	-7.84944699	3.597392704128731
0.0317948187	0.664246974	-7.84944699	3.562687313099016
0.0317448752	0.680759765	-7.8665121	3.562687313099016
0.0463784124	0.659882804	-7.87058337	3.562687313099016
0.0317448752	0.680759765	-7.8665121	3.567207935730235
0.0465986141	0.676360427	-7.88732534	3.567207935730235
0.0463784124	0.659882804	-7.87058337	3.567207935730235
0.0317948187	0.664246974	-7.84944699	3.5630242599936857
0.0463784124	0.659882804	-7.87058337	3.5630242599936857
0.0461633194	0.643238198	-7.85366202	3.5630242599936857
0.0461633194	0.643238198	-7.85366202	3.4503258059566253
0.0463784124	0.659882804	-7.87058337	3.4503258059566253
0.0724412587	0.6426968	-7.87370597	3.4503258059566253
0.0463784124	0.659882804	-7.87058337	3.4665308816596903
0.0465986141	0.676360427	-7.88732534	3.4665308816596903
0.072093207	0.660486471	-7.89092986	3.4665308816596903
0.0251224731	0.684949307	-7.84205774	3.6010790005275957
0.0248268304	0.70140913	-7.85919031	3.6010790005275957
0.0317448752	0.680759765	-7.8665121	3.6010790005275957
0.0248268304	0.70140913	-7.85919031	3.6056549402376543
0.031700356	0.697110825	-7.88340676	3.6056549402376543
0.0317448752	0.680759765	-7.8665121	3.6056549402376543
0.0317448752	0.680759765	-7.8665121	3.5666616960001236
0.031700356	0.697110825	-7.88340676	3.5666616960001236
0.0465986141	0.676360427	-7.88732534	3.5666616960001236
0.0251224731	0.684949307	-7.84205774	3.601300004540414
0.0317448752	0.680759765	-7.8665121	3.601300004540414
0.0317948187	0.664246974	-7.84944699	3.601300004540414
0.031700356	0.697110825	-7.88340676	3.570712673387811
0.0316612654	0.713297062	-7.90012778	3.570712673387811
0.0468237437	0.69266866	-7.90388552	3.570712673387811
0.031700356	0.697110825	-7.88340676	3.571451565144342
0.0468237437	0.69266866	-7.90388552	3.571451565144342
0.0465986141	0.676360427	-7.88732534	3.571451565144342
0.0465986141	0.676360427	-7.88732534	3.4831758119404017
0.0468237437	0.69266866	-7.90388552	3.4831758119404017
0.0717452993	0.678250636	-7.90812992	3.4831758119404017
0.0468237437	0.69266866	-7.90388552	3.437308657309622
0.0316612654	0.713297062	-7.90012778	3.437308657309622
0.0446349333	0.717478645	-7.92613337	3.437308657309622
0.0248268304	0.70140913	-7.85919031	3.604829053814723
0.024533728	0.717727522	-7.87617567	3.604829053814723
0.031700356	0.697110825	-7.88340676	3.604829053814723
0.024533728	0.717727522	-7.87617567	3.8284938810962257
0.0248268304	0.70140913	-7.85919031	3.8284938810962257
0.0237393649	0.730328369	-7.87113248	3.8284938810962257
0.0248268304	0.70140913	-7.85919031	3.82385491396531
0.0241353542	0.713768459	-7.85393282	3.82385491396531
0.0237393649	0.730328369	-7.87113248	3.82385491396531
0.0237393649	0.730328369	-7.87113248	3.6437473693987443
0.0241353542	0.713768459	-7.85393282	3.6437473693987443
0.0284608641	0.73172439	-7.84591232	3.6437473693987443
0.024533728	0.717727522	-7.87617567	3.6086394401465562
0.0242432226	0.73390133	-7.89301054	3.6086394401465562
0.0316612654	0.713297062	-7.90012778	3.6086394401465562
0.0290966484	0.733204062	-7.91417885	3.639998938685213
0.0316612654	0.713297062	-7.90012778	3.639998938685213
0.0242432226	0.73390133	-7.89301054	3.639998938685213
0.024533728	0.717727522	-7.87617567	3.61007997042175
0.0316612654	0.713297062	-7.90012778	3.61007997042175
0.031700356	0.697110825	-7.88340676	3.61007997042175
0.0713975314	0.695989007	-7.9253059	3.3139244357362805
0.0468237437	0.69266866	-7.90388552	3.3139244357362805
0.0446349333	0.717478645	-7.92613337	3.3139244357362805
0.0290966484	0.733204062	-7.91417885	3.532136184955344
0.0446349333	0.717478645	-7.92613337	3.532136184955344
0.0316612654	0.713297062	-7.90012778	3.532136184955344
0.0446349333	0.717478645	-7.92613337	3.3302204961945994
0.0464799515	0.738941903	-7.94972422	3.3302204961945994
0.0710498982	0.713701294	-7.94245755	3.3302204961945994
0.0710498982	0.713701294	-7.94245755	3.583453673189414
0.0921435712	0.702318487	-7.93596969	3.583453673189414
0.0713975314	0.695989007	-7.9253059	3.583453673189414
0.0710498982	0.713701294	-7.94245755	3.4295196344118555
0.0713975314	0.695989007	-7.9253059	3.4295196344118555
0.0446349333	0.717478645	-7.92613337	3.4295196344118555
0.0914249746	0.738201547	-7.97065487	3.578571023106731
0.0917842729	0.720260017	-7.95331228	3.578571023106731
0.0707023941	0.7313872	-7.95958459	3.578571023106731
0.0917842729	0.720260017	-7.95331228	3.5783580088370552
0.0921435712	0.702318487	-7.93596969	3.5783580088370552
0.0710498982	0.713701294	-7.94245755	3.5783580088370552
0.0707023941	0.7313872	-7.95958459	3.5843084382220485
0.0917842729	0.720260017	-7.95331228	3.5843084382220485
0.0710498982	0.713701294	-7.94245755	3.5843084382220485
0.0707023941	0.7313872	-7.95958459	3.475136681032185
0.0710498982	0.713701294	-7.94245755	3.475136681032185
0.0464799515	0.738941903	-7.94972422	3.475136681032185
0.0921435712	0.702318487	-7.93596969	3.551641710463598
0.0917842729	0.720260017	-7.95331228	3.551641710463598
0.114262727	0.714424863	-7.94369686	3.551641710463598
0.0917842729	0.720260017	-7.95331228	3.5515499707024083
0.0914249746	0.738201547	-7.97065487	3.5515499707024083
0.113919527	0.731954096	-7.96067827	3.5515499707024083
0.113919527	0.731954096	-7.96067827	3.561235867893292
0.114262727	0.714424863	-7.94369686	3.561235867893292
0.0917842729	0.720260017	-7.95331228	3.561235867893292
0.114262727	0.714424863	-7.94369686	3.560233638567957
0.114607332	0.696851012	-7.9266733	3.560233638567957
0.0921435712	0.702318487	-7.93596969	3.560233638567957
0.0925028694	0.684376957	-7.9186271	3.551724574146176
0.0921435712	0.702318487	-7.93596969	3.551724574146176
0.114607332	0.696851012	-7.9266733	3.551724574146176
0.114953321	0.679232956	-7.90960794	3.5592343906504618
0.0925028694	0.684376957	-7.9186271	3.5592343906504618
0.114607332	0.696851012	-7.9266733	3.5592343906504618
0.0921435712	0.702318487	-7.93596969	3.5781387761896175
0.0925028694	0.684376957	-7.9186271	3.5781387761896175
0.0713975314	0.695989007	-7.9253059	3.5781387761896175
0.0713975314	0.695989007	-7.9253059	3.582601116629946
0.0925028694	0.684376957	-7.9186271	3.582601116629946
0.0717452993	0.678250636	-7.90812992	3.582601116629946
0.0713975314	0.695989007	-7.9253059	3.4605017971767427
0.0717452993	0.678250636	-7.90812992	3.4605017971767427
0.0468237437	0.69266866	-7.90388552	3.4605017971767427
0.0668700943	0.778351539	-8.0037969	3.588132912223833
0.0460195324	0.790225113	-8.00044498	3.588132912223833
0.053696006	0.789536204	-8.02269783	3.588132912223833
0.0460195324	0.790225113	-8.00044498	3.551085656126139
0.0668700943	0.778351539	-8.0037969	3.551085656126139
0.0475193077	0.772161389	-7.98395611	3.551085656126139
0.0315469349	0.79165968	-7.98102819	3.5781580490219804
0.0460195324	0.790225113	-8.00044498	3.5781580490219804
0.0475193077	0.772161389	-7.98395611	3.5781580490219804
0.0315590468	0.776337938	-7.96521734	3.6035600076914194
0.0315469349	0.79165968	-7.98102819	3.6035600076914194
0.0475193077	0.772161389	-7.98395611	3.6035600076914194
0.047769652	0.756166165	-7.96826724	3.5909514557096296
0.0315590468	0.776337938	-7.96521734	3.5909514557096296
0.0475193077	0.772161389	-7.98395611	3.5909514557096296
0.047769652	0.756166165	-7.96826724	3.550516451918268
0.0475193077	0.772161389	-7.98395611	3.550516451918268
0.0703550122	0.749046423	-7.97668678	3.550516451918268
0.0233878158	0.781525864	-7.94258158	3.624430755836348
0.0231082129	0.79709268	-7.95878465	3.624430755836348
0.0315590468	0.776337938	-7.96521734	3.624430755836348
0.0231082129	0.79709268	-7.95878465	3.6331449192042133
0.0315469349	0.79165968	-7.98102819	3.6331449192042133
0.0315590468	0.776337938	-7.96521734	3.6331449192042133
0.0233878158	0.781525864	-7.94258158	3.6284175907325698
0.0315590468	0.776337938	-7.96521734	3.6284175907325698
0.0315765107	0.760838485	-7.94921948	3.6284175907325698
0.0236702164	0.765803293	-7.9262164	3.6204059234286756
0.0233878158	0.781525864	-7.94258158	3.6204059234286756
0.0315765107	0.760838485	-7.94921948	3.6204059234286756
0.0221905355	0.795098991	-7.93840537	3.8343296300164726
0.0233878158	0.781525864	-7.94258158	3.8343296300164726
0.0225723363	0.779132432	-7.92182198	3.8343296300164726
0.0233878158	0.781525864	-7.94258158	3.8413614302321837
0.0236702164	0.765803293	-7.9262164	3.8413614302321837
0.0225723363	0.779132432	-7.92182198	3.8413614302321837
0.0225723363	0.779132432	-7.92182198	3.831294982065025
0.0236702164	0.765803293	-7.9262164	3.831294982065025
0.0229577855	0.763013299	-7.90508012	3.831294982065025
0.0267999743	0.781299696	-7.89800301	3.660558907801533
0.0262495957	0.797666078	-7.9152168	3.660558907801533
0.0225723363	0.779132432	-7.92182198	3.660558907801533
0.0239553683	0.749927542	-7.90969177	3.616430641493564
0.0236702164	0.765803293	-7.9262164	3.616430641493564
0.0315993548	0.745163556	-7.9330369	3.616430641493564
0.0236702164	0.765803293	-7.9262164	3.623744104218673
0.0315765107	0.760838485	-7.94921948	3.623744104218673
0.0315993548	0.745163556	-7.9330369	3.623744104218673
0.0239553683	0.749927542	-7.90969177	3.706966343652756
0.0315993548	0.745163556	-7.9330369	3.706966343652756
0.0290966484	0.733204062	-7.91417885	3.706966343652756
0.0236702164	0.765803293	-7.9262164	3.8382576933687864
0.0239553683	0.749927542	-7.90969177	3.8382576933687864
0.0229577855	0.763013299	-7.90508012	3.8382576933687864
0.0315993548	0.745163556	-7.9330369	3.4663718587596684
0.0464799515	0.738941903	-7.94972422	3.4663718587596684
0.0446349333	0.717478645	-7.92613337	3.4663718587596684
0.0290966484	0.733204062	-7.91417885	3.5531811884063487
0.0315993548	0.745163556	-7.9330369	3.5531811884063487
0.0446349333	0.717478645	-7.92613337	3.5531811884063487
0.0315765107	0.760838485	-7.94921948	3.587678688311293
0.0315590468	0.776337938	-7.96521734	3.587678688311293
0.047769652	0.756166165	-7.96826724	3.587678688311293
0.0315765107	0.760838485	-7.94921948	3.542300976185301
0.047769652	0.756166165	-7.96826724	3.542300976185301
0.0464799515	0.738941903	-7.94972422	3.542300976185301
0.0315993548	0.745163556	-7.9330369	3.6075661590357306
0.0315765107	0.760838485	-7.94921948	3.6075661590357306
0.0464799515	0.738941903	-7.94972422	3.6075661590357306
0.0464799515	0.738941903	-7.94972422	3.465524295154592
0.047769652	0.756166165	-7.96826724	3.465524295154592
0.0707023941	0.7313872	-7.95958459	3.465524295154592
0.047769652	0.756166165	-7.96826724	3.5101623612149004
0.0703550122	0.749046423	-7.97668678	3.5101623612149004
0.0707023941	0.7313872	-7.95958459	3.5101623612149004
0.0707023941	0.7313872	-7.95958459	3.585164754005937
0.0703550122	0.749046423	-7.97668678	3.585164754005937
0.0914249746	0.738201547	-7.97065487	3.585164754005937
0.113577755	0.749438294	-7.97761714	3.5622413688732806
0.113919527	0.731954096	-7.96067827	3.5622413688732806
0.0914249746	0.738201547	-7.97065487	3.5622413688732806
0.0914249746	0.738201547	-7.97065487	3.5514490586078757
0.0910656763	0.756143076	-7.98799746	3.5514490586078757
0.113577755	0.749438294	-7.97761714	3.5514490586078757
0.0910656763	0.756143076	-7.98799746	3.5787776404066025
0.0914249746	0.738201547	-7.97065487	3.5787776404066025
0.0703550122	0.749046423	-7.97668678	3.5787776404066025
0.0907063781	0.774084606	-8.00534005	3.5209165302125567
0.0910656763	0.756143076	-7.98799746	3.5209165302125567
0.0668700943	0.778351539	-8.0037969	3.5209165302125567
0.0475193077	0.772161389	-7.98395611	3.3312393969880643
0.0668700943	0.778351539	-8.0037969	3.3312393969880643
0.0703550122	0.749046423	-7.97668678	3.3312393969880643
0.0910656763	0.756143076	-7.98799746	3.3551504776564087
0.0703550122	0.749046423	-7.97668678	3.3551504776564087
0.0668700943	0.778351539	-8.0037969	3.3551504776564087
0.0668700943	0.778351539	-8.0037969	3.540243448486707
0.053696006	0.789536204	-8.02269783	3.540243448486707
0.0790452473	0.780041243	-8.02530798	3.540243448486707
0.0668700943	0.778351539	-8.0037969	3.5923700380282177
0.0790452473	0.780041243	-8.02530798	3.5923700380282177
0.0907063781	0.774084606	-8.00534005	3.5923700380282177
0.127198774	0.789294769	-8.0239947	3.5417010022106825
0.114653762	0.778180589	-8.00482891	3.5417010022106825
0.101620925	0.780005512	-8.02578235	3.5417010022106825
0.0907063781	0.774084606	-8.00534005	3.62377095609435
0.0790452473	0.780041243	-8.02530798	3.62377095609435
0.101620925	0.780005512	-8.02578235	3.62377095609435
0.0907063781	0.774084606	-8.00534005	3.5918009736695726
0.101620925	0.780005512	-8.02578235	3.5918009736695726
0.114653762	0.778180589	-8.00482891	3.5918009736695726
0.0910656763	0.756143076	-7.98799746	3.520103334997615
0.0907063781	0.774084606	-8.00534005	3.520103334997615
0.114653762	0.778180589	-8.00482891	3.520103334997615
0.113577755	0.749438294	-7.97761714	3.341340726660174
0.0910656763	0.756143076	-7.98799746	3.341340726660174
0.114653762	0.778180589	-8.00482891	3.341340726660174
0.0251679409	0.829837263	-7.94906958	3.6705826845323064
0.0336289593	0.83467885	-7.93288323	3.6705826845323064
0.0342005219	0.852638524	-7.94948028	3.6705826845323064
0.0257091085	0.81382818	-7.93221058	3.68298030966585
0.0345942356	0.818274714	-7.91508449	3.68298030966585
0.0336289593	0.83467885	-7.93288323	3.68298030966585
0.0336289593	0.83467885	-7.93288323	3.582857593535316
0.0345942356	0.818274714	-7.91508449	3.582857593535316
0.0500366405	0.837512565	-7.9144952	3.582857593535316
0.0342005219	0.852638524	-7.94948028	3.6199590070474073
0.0336289593	0.83467885	-7.93288323	3.6199590070474073
0.0484152861	0.854754919	-7.93334514	3.6199590070474073
0.0500366405	0.837512565	-7.9144952	3.54978963152358
0.069142712	0.854014904	-7.91875844	3.54978963152358
0.0484152861	0.854754919	-7.93334514	3.54978963152358
0.0500366405	0.837512565	-7.9144952	3.5639163941877543
0.0484152861	0.854754919	-7.93334514	3.5639163941877543
0.0336289593	0.83467885	-7.93288323	3.5639163941877543
0.0257091085	0.81382818	-7.93221058	3.7085396744882932
0.0336289593	0.83467885	-7.93288323	3.7085396744882932
0.0251679409	0.829837263	-7.94906958	3.7085396744882932
0.0221905355	0.795098991	-7.93840537	3.6756248165556435
0.0225723363	0.779132432	-7.92182198	3.6756248165556435
0.0262495957	0.797666078	-7.9152168	3.6756248165556435
0.0262495957	0.797666078	-7.9152168	3.691549580471977
0.0345942356	0.818274714	-7.91508449	3.691549580471977
0.0257091085	0.81382818	-7.93221058	3.691549580471977
0.0262495957	0.797666078	-7.9152168	3.6701216882955108
0.0257091085	0.81382818	-7.93221058	3.6701216882955108
0.0221905355	0.795098991	-7.93840537	3.6701216882955108
0.0214381234	0.826564175	-7.97108614	3.8407052745444794
0.0228314511	0.812501314	-7.97482306	3.8407052745444794
0.021812445	0.810910387	-7.9548276	3.8407052745444794
0.0228314511	0.812501314	-7.97482306	3.8478773965884376
0.0231082129	0.79709268	-7.95878465	3.8478773965884376
0.021812445	0.810910387	-7.9548276	3.8478773965884376
0.021812445	0.810910387	-7.9548276	3.83746621962816
0.0231082129	0.79709268	-7.95878465	3.83746621962816
0.0221905355	0.795098991	-7.93840537	3.83746621962816
0.0231082129	0.79709268	-7.95878465	3.844567886709422
0.0233878158	0.781525864	-7.94258158	3.844567886709422
0.0221905355	0.795098991	-7.93840537	3.844567886709422
0.021812445	0.810910387	-7.9548276	3.6839536672389253
0.0221905355	0.795098991	-7.93840537	3.6839536672389253
0.0257091085	0.81382818	-7.93221058	3.6839536672389253
0.0257091085	0.81382818	-7.93221058	3.6781621383127763
0.0251679409	0.829837263	-7.94906958	3.6781621383127763
0.021812445	0.810910387	-7.9548276	3.6781621383127763
0.0214381234	0.826564175	-7.97108614	3.692827769535076
0.021812445	0.810910387	-7.9548276	3.692827769535076
0.0251679409	0.829837263	-7.94906958	3.692827769535076
0.0246352406	0.845766916	-7.96583012	3.6847727260853986
0.0214381234	0.826564175	-7.97108614	3.6847727260853986
0.0251679409	0.829837263	-7.94906958	3.6847727260853986
0.0246352406	0.845766916	-7.96583012	3.6634650376954583
0.0251679409	0.829837263	-7.94906958	3.6634650376954583
0.0342005219	0.852638524	-7.94948028	3.6634650376954583
0.0225570625	0.827777824	-7.99072396	3.7959868439936346
0.0210675748	0.842060176	-7.98718079	3.7959868439936346
0.0206325001	0.847224524	-8.00818095	3.7959868439936346
0.0210675748	0.842060176	-7.98718079	3.843984669961582
0.0225570625	0.827777824	-7.99072396	3.843984669961582
0.0214381234	0.826564175	-7.97108614	3.843984669961582
0.0214381234	0.826564175	-7.97108614	3.8504832268526736
0.0225570625	0.827777824	-7.99072396	3.8504832268526736
0.0228314511	0.812501314	-7.97482306	3.8504832268526736
0.0210675748	0.842060176	-7.98718079	3.7014840005679632
0.0214381234	0.826564175	-7.97108614	3.7014840005679632
0.0246352406	0.845766916	-7.96583012	3.7014840005679632
0.030725576	0.807635805	-7.9958465	3.633931149309021
0.0460195324	0.790225113	-8.00044498	3.633931149309021
0.0315469349	0.79165968	-7.98102819	3.633931149309021
0.0228314511	0.812501314	-7.97482306	3.6613251003579466
0.0225570625	0.827777824	-7.99072396	3.6613251003579466
0.030725576	0.807635805	-7.9958465	3.6613251003579466
0.0231082129	0.79709268	-7.95878465	3.628502802892537
0.0228314511	0.812501314	-7.97482306	3.628502802892537
0.0315469349	0.79165968	-7.98102819	3.628502802892537
0.030725576	0.807635805	-7.9958465	3.6511931882719355
0.0315469349	0.79165968	-7.98102819	3.6511931882719355
0.0228314511	0.812501314	-7.97482306	3.6511931882719355
0.0460195324	0.790225113	-8.00044498	3.6046229108110093
0.030725576	0.807635805	-7.9958465	3.6046229108110093
0.0371219931	0.803382825	-8.01867007	3.6046229108110093
0.0245898304	0.825134343	-8.01740173	3.5743184585571095
0.0370340337	0.808064126	-8.03957326	3.5743184585571095
0.0371219931	0.803382825	-8.01867007	3.5743184585571095
0.0371219931	0.803382825	-8.01867007	3.6286861161921022
0.0370340337	0.808064126	-8.03957326	3.6286861161921022
0.053696006	0.789536204	-8.02269783	3.6286861161921022
0.0371219931	0.803382825	-8.01867007	3.633383711233536
0.053696006	0.789536204	-8.02269783	3.633383711233536
0.0460195324	0.790225113	-8.00044498	3.633383711233536
0.0371219931	0.803382825	-8.01867007	3.544596047966822
0.030725576	0.807635805	-7.9958465	3.544596047966822
0.0245898304	0.825134343	-8.01740173	3.544596047966822
0.0206325001	0.847224524	-8.00818095	3.573100852506394
0.0201844467	0.852542928	-8.02980757	3.573100852506394
0.0245898304	0.825134343	-8.01740173	3.573100852506394
0.030725576	0.807635805	-7.9958465	3.549951630906178
0.0225570625	0.827777824	-7.99072396	3.549951630906178
0.0245898304	0.825134343	-8.01740173	3.549951630906178
0.0206325001	0.847224524	-8.00818095	3.5431693147375247
0.0245898304	0.825134343	-8.01740173	3.5431693147375247
0.0225570625	0.827777824	-7.99072396	3.5431693147375247
0.0201844467	0.852542928	-8.02980757	3.5244668685657397
0.0206325001	0.847224524	-8.00818095	3.5244668685657397
0.0257881599	0.874202968	-8.00769617	3.5244668685657397
0.0201844467	0.852542928	-8.02980757	3.4926166759032147
0.0257881599	0.874202968	-8.00769617	3.4926166759032147
0.0230465265	0.874938606	-8.03614583	3.4926166759032147
0.0230465265	0.874938606	-8.03614583	3.566606006081478
0.0257881599	0.874202968	-8.00769617	3.566606006081478
0.0330049552	0.891524985	-8.02064404	3.566606006081478
0.0206325001	0.847224524	-8.00818095	3.599888231513611
0.0210675748	0.842060176	-7.98718079	3.599888231513611
0.0250351265	0.86430722	-7.98179201	3.599888231513611
0.0250351265	0.86430722	-7.98179201	3.482032654476795
0.036742008	0.884671317	-7.97702662	3.482032654476795
0.0257881599	0.874202968	-8.00769617	3.482032654476795
0.0257881599	0.874202968	-8.00769617	3.4455476948661565
0.0206325001	0.847224524	-8.00818095	3.4455476948661565
0.0250351265	0.86430722	-7.98179201	3.4455476948661565
0.0210675748	0.842060176	-7.98718079	3.634298545067219
0.0246352406	0.845766916	-7.96583012	3.634298545067219
0.0250351265	0.86430722	-7.98179201	3.634298545067219
0.0340271878	0.867218105	-7.96409264	3.6611663851949254
0.0250351265	0.86430722	-7.98179201	3.6611663851949254
0.0246352406	0.845766916	-7.96583012	3.6611663851949254
0.0340271878	0.867218105	-7.96409264	3.6866651071945324
0.036742008	0.884671317	-7.97702662	3.6866651071945324
0.0250351265	0.86430722	-7.98179201	3.6866651071945324
0.036742008	0.884671317	-7.97702662	3.4702075363698004
0.0553486852	0.900352383	-7.97355583	3.4702075363698004
0.0447133143	0.899824994	-8.00182804	3.4702075363698004
0.0447133143	0.899824994	-8.00182804	3.511644269257434
0.0553486852	0.900352383	-7.97355583	3.511644269257434
0.0673798657	0.910659372	-7.99115253	3.511644269257434
0.036742008	0.884671317	-7.97702662	3.350040158006256
0.0447133143	0.899824994	-8.00182804	3.350040158006256
0.0257881599	0.874202968	-8.00769617	3.350040158006256
0.0330049552	0.891524985	-8.02064404	3.569194628099585
0.0257881599	0.874202968	-8.00769617	3.569194628099585
0.0447133143	0.899824994	-8.00182804	3.569194628099585
0.0469389968	0.908761015	-8.02857284	3.5731097035116974
0.0330049552	0.891524985	-8.02064404	3.5731097035116974
0.0447133143	0.899824994	-8.00182804	3.5731097035116974
0.115158927	0.910879001	-7.99394281	3.5782334458636886
0.104457743	0.908840734	-7.97248581	3.5782334458636886
0.127735488	0.900125553	-7.9751113	3.5782334458636886
0.0673798657	0.910659372	-7.99115253	3.6140964618502895
0.0553486852	0.900352383	-7.97355583	3.6140964618502895
0.0789295405	0.908949097	-7.97193027	3.6140964618502895
0.0647173265	0.921682744	-8.03856597	3.5553408790796794
0.0469389968	0.908761015	-8.02857284	3.5553408790796794
0.0677122804	0.91651678	-8.01380754	3.5553408790796794
0.0917005155	0.91630747	-7.9974624	3.417571861521448
0.0952497007	0.923096295	-8.02587237	3.417571861521448
0.0677122804	0.91651678	-8.01380754	3.417571861521448
0.0447133143	0.899824994	-8.00182804	3.511774307068511
0.0673798657	0.910659372	-7.99115253	3.511774307068511
0.0677122804	0.91651678	-8.01380754	3.511774307068511
0.0677122804	0.91651678	-8.01380754	3.5422209436552103
0.0673798657	0.910659372	-7.99115253	3.5422209436552103
0.0917005155	0.91630747	-7.9974624	3.5422209436552103
0.0647173265	0.921682744	-8.03856597	3.4301583099192965
0.0677122804	0.91651678	-8.01380754	3.4301583099192965
0.0952497007	0.923096295	-8.02587237	3.4301583099192965
0.0673798657	0.910659372	-7.99115253	3.5532732615619147
0.0789295405	0.908949097	-7.97193027	3.5532732615619147
0.0917005155	0.91630747	-7.9974624	3.5532732615619147
0.115158927	0.910879001	-7.99394281	3.5512851997184494
0.0917005155	0.91630747	-7.9974624	3.5512851997184494
0.104457743	0.908840734	-7.97248581	3.5512851997184494
0.0789295405	0.908949097	-7.97193027	3.4737078138108566
0.104457743	0.908840734	-7.97248581	3.4737078138108566
0.0917005155	0.91630747	-7.9974624	3.4737078138108566
0.115158927	0.910879001	-7.99394281	3.5666433986188797
0.117938182	0.914901163	-8.01573629	3.5666433986188797
0.0917005155	0.91630747	-7.9974624	3.5666433986188797
0.0917005155	0.91630747	-7.9974624	3.4415367539498423
0.117938182	0.914901163	-8.01573629	3.4415367539498423
0.0952497007	0.923096295	-8.02587237	3.4415367539498423
0.117938182	0.914901163	-8.01573629	3.5633678596067715
0.115297691	0.921682169	-8.03961228	3.5633678596067715
0.0952497007	0.923096295	-8.02587237	3.5633678596067715
0.0677122804	0.91651678	-8.01380754	3.4560288311823633
0.0469389968	0.908761015	-8.02857284	3.4560288311823633
0.0447133143	0.899824994	-8.00182804	3.4560288311823633
0.0553486852	0.900352383	-7.97355583	3.463605446809205
0.0498287325	0.87646335	-7.95385575	3.463605446809205
0.0731742145	0.893138054	-7.95723162	3.463605446809205
0.0776321594	0.870850434	-7.93316113	3.4861173400354835
0.095181009	0.883416125	-7.94464977	3.4861173400354835
0.0731742145	0.893138054	-7.95723162	3.4861173400354835
0.0731742145	0.893138054	-7.95723162	3.3514257264591576
0.0498287325	0.87646335	-7.95385575	3.3514257264591576
0.0776321594	0.870850434	-7.93316113	3.3514257264591576
0.0553486852	0.900352383	-7.97355583	3.598276241523332
0.0731742145	0.893138054	-7.95723162	3.598276241523332
0.0789295405	0.908949097	-7.97193027	3.598276241523332
0.0789295405	0.908949097	-7.97193027	3.6353211544944353
0.0731742145	0.893138054	-7.95723162	3.6353211544944353
0.0957729216	0.897462263	-7.95920016	3.6353211544944353
0.127735488	0.900125553	-7.9751113	3.5600748168549785
0.104457743	0.908840734	-7.97248581	3.5600748168549785
0.113975288	0.890548137	-7.9568256	3.5600748168549785
0.117466026	0.874373925	-7.94168522	3.6268397016183296
0.113975288	0.890548137	-7.9568256	3.6268397016183296
0.095181009	0.883416125	-7.94464977	3.6268397016183296
0.095181009	0.883416125	-7.94464977	3.7235237852772247
0.113975288	0.890548137	-7.9568256	3.7235237852772247
0.0957729216	0.897462263	-7.95920016	3.7235237852772247
0.0957729216	0.897462263	-7.95920016	3.642268355632396
0.0731742145	0.893138054	-7.95723162	3.642268355632396
0.095181009	0.883416125	-7.94464977	3.642268355632396
0.0957729216	0.897462263	-7.95920016	3.7211534588701887
0.113975288	0.890548137	-7.9568256	3.7211534588701887
0.104457743	0.908840734	-7.97248581	3.7211534588701887
0.0957729216	0.897462263	-7.95920016	3.6540604802246555
0.104457743	0.908840734	-7.97248581	3.6540604802246555
0.0789295405	0.908949097	-7.97193027	3.6540604802246555
0.117466026	0.874373925	-7.94168522	3.578515157105611
0.095181009	0.883416125	-7.94464977	3.578515157105611
0.100178598	0.865678232	-7.92692886	3.578515157105611
0.100178598	0.865678232	-7.92692886	3.580569575591026
0.095181009	0.883416125	-7.94464977	3.580569575591026
0.0776321594	0.870850434	-7.93316113	3.580569575591026
0.117466026	0.874373925	-7.94168522	3.512039998240008
0.100178598	0.865678232	-7.92692886	3.512039998240008
0.126960708	0.854068815	-7.92647812	3.512039998240008
0.116914012	0.84154262	-7.90728237	3.442793051687624
0.126960708	0.854068815	-7.92647812	3.442793051687624
0.100178598	0.865678232	-7.92692886	3.442793051687624
0.100178598	0.865678232	-7.92692886	3.4452315041314203
0.0906476064	0.848786568	-7.9088018	3.4452315041314203
0.116914012	0.84154262	-7.90728237	3.4452315041314203
0.069142712	0.854014904	-7.91875844	3.494120346072533
0.0906476064	0.848786568	-7.9088018	3.494120346072533
0.100178598	0.865678232	-7.92692886	3.494120346072533
0.100178598	0.865678232	-7.92692886	3.546509112078395
0.0776321594	0.870850434	-7.93316113	3.546509112078395
0.069142712	0.854014904	-7.91875844	3.546509112078395
0.069142712	0.854014904	-7.91875844	3.523016291920468
0.0776321594	0.870850434	-7.93316113	3.523016291920468
0.0484152861	0.854754919	-7.93334514	3.523016291920468
0.0484152861	0.854754919	-7.93334514	3.3376034506940258
0.0776321594	0.870850434	-7.93316113	3.3376034506940258
0.0498287325	0.87646335	-7.95385575	3.3376034506940258
0.0553486852	0.900352383	-7.97355583	3.4840814678346095
0.036742008	0.884671317	-7.97702662	3.4840814678346095
0.0498287325	0.87646335	-7.95385575	3.4840814678346095
0.0246352406	0.845766916	-7.96583012	3.7082466002254333
0.0342005219	0.852638524	-7.94948028	3.7082466002254333
0.0340271878	0.867218105	-7.96409264	3.7082466002254333
0.0498287325	0.87646335	-7.95385575	3.6444165019337222
0.036742008	0.884671317	-7.97702662	3.6444165019337222
0.0340271878	0.867218105	-7.96409264	3.6444165019337222
0.0498287325	0.87646335	-7.95385575	3.6649175057000245
0.0340271878	0.867218105	-7.96409264	3.6649175057000245
0.0342005219	0.852638524	-7.94948028	3.6649175057000245
0.0342005219	0.852638524	-7.94948028	3.530747525130658
0.0484152861	0.854754919	-7.93334514	3.530747525130658
0.0498287325	0.87646335	-7.95385575	3.530747525130658
0.0556551863	0.75271505	-7.82421917	3.55844851840797
0.0389763643	0.734612327	-7.8254858	3.55844851840797
0.0566722747	0.73556813	-7.80609619	3.55844851840797
0.0284608641	0.73172439	-7.84591232	3.6297723239728126
0.0389763643	0.734612327	-7.8254858	3.6297723239728126
0.0381300969	0.751519467	-7.84350366	3.6297723239728126
0.0381300969	0.751519467	-7.84350366	3.563283042886718
0.0389763643	0.734612327	-7.8254858	3.563283042886718
0.0556551863	0.75271505	-7.82421917	3.563283042886718
0.0284608641	0.73172439	-7.84591232	3.64490383131153
0.0381300969	0.751519467	-7.84350366	3.64490383131153
0.0279127581	0.748325492	-7.8633245	3.64490383131153
0.0545827657	0.769810167	-7.84234415	3.56091723658545
0.0381300969	0.751519467	-7.84350366	3.56091723658545
0.0556551863	0.75271505	-7.82421917	3.56091723658545
0.0372465483	0.768324809	-7.86149305	3.566774897518718
0.0381300969	0.751519467	-7.84350366	3.566774897518718
0.0545827657	0.769810167	-7.84234415	3.566774897518718
0.0273548534	0.76494051	-7.88078626	3.648274150525042
0.0372465483	0.768324809	-7.86149305	3.648274150525042
0.0364211158	0.785106818	-7.87937348	3.648274150525042
0.0364211158	0.785106818	-7.87937348	3.570368723114112
0.0372465483	0.768324809	-7.86149305	3.570368723114112
0.0535220545	0.786768614	-7.86033097	3.570368723114112
0.0535220545	0.786768614	-7.86033097	3.565486720996324
0.0372465483	0.768324809	-7.86149305	3.565486720996324
0.0545827657	0.769810167	-7.84234415	3.565486720996324
0.0279127581	0.748325492	-7.8633245	3.639254571975353
0.0381300969	0.751519467	-7.84350366	3.639254571975353
0.0372465483	0.768324809	-7.86149305	3.639254571975353
0.0279127581	0.748325492	-7.8633245	3.6526935412340955
0.0372465483	0.768324809	-7.86149305	3.6526935412340955
0.0273548534	0.76494051	-7.88078626	3.6526935412340955
0.024533728	0.717727522	-7.87617567	3.8265960498386975
0.0237393649	0.730328369	-7.87113248	3.8265960498386975
0.0233468179	0.74674432	-7.88818262	3.8265960498386975
0.0233468179	0.74674432	-7.88818262	3.650951671573341
0.0237393649	0.730328369	-7.87113248	3.650951671573341
0.0279127581	0.748325492	-7.8633245	3.650951671573341
0.0284608641	0.73172439	-7.84591232	3.6428544283747564
0.0279127581	0.748325492	-7.8633245	3.6428544283747564
0.0237393649	0.730328369	-7.87113248	3.6428544283747564
0.0279127581	0.748325492	-7.8633245	3.645810081937439
0.0273548534	0.76494051	-7.88078626	3.645810081937439
0.0233468179	0.74674432	-7.88818262	3.645810081937439
0.0242432226	0.73390133	-7.89301054	3.7331242975763734
0.0239553683	0.749927542	-7.90969177	3.7331242975763734
0.0290966484	0.733204062	-7.91417885	3.7331242975763734
0.0229577855	0.763013299	-7.90508012	3.8341612963675407
0.0239553683	0.749927542	-7.90969177	3.8341612963675407
0.0242432226	0.73390133	-7.89301054	3.8341612963675407
0.0242432226	0.73390133	-7.89301054	3.831275224883889
0.024533728	0.717727522	-7.87617567	3.831275224883889
0.0233468179	0.74674432	-7.88818262	3.831275224883889
0.0242432226	0.73390133	-7.89301054	3.8294377622128972
0.0233468179	0.74674432	-7.88818262	3.8294377622128972
0.0229577855	0.763013299	-7.90508012	3.8294377622128972
0.0229577855	0.763013299	-7.90508012	3.658877241458986
0.0233468179	0.74674432	-7.88818262	3.658877241458986
0.0273548534	0.76494051	-7.88078626	3.658877241458986
0.0273548534	0.76494051	-7.88078626	3.66546661107093
0.0364211158	0.785106818	-7.87937348	3.66546661107093
0.0267999743	0.781299696	-7.89800301	3.66546661107093
0.0267999743	0.781299696	-7.89800301	3.657956784916908
0.0364211158	0.785106818	-7.87937348	3.657956784916908
0.0354747177	0.801713188	-7.8972999	3.657956784916908
0.0225723363	0.779132432	-7.92182198	3.6672776809642733
0.0229577855	0.763013299	-7.90508012	3.6672776809642733
0.0267999743	0.781299696	-7.89800301	3.6672776809642733
0.0273548534	0.76494051	-7.88078626	3.6564314663264463
0.0267999743	0.781299696	-7.89800301	3.6564314663264463
0.0229577855	0.763013299	-7.90508012	3.6564314663264463
0.0523954512	0.803834891	-7.87849368	3.565368217632099
0.0364211158	0.785106818	-7.87937348	3.565368217632099
0.0535220545	0.786768614	-7.86033097	3.565368217632099
0.0500366405	0.837512565	-7.9144952	3.5730778309573483
0.0345942356	0.818274714	-7.91508449	3.5730778309573483
0.0512333928	0.820632838	-7.89643032	3.5730778309573483
0.0500366405	0.837512565	-7.9144952	3.5631276259457487
0.0512333928	0.820632838	-7.89643032	3.5631276259457487
0.0707783344	0.836446067	-7.9001645	3.5631276259457487
0.0354747177	0.801713188	-7.8972999	3.574101262182777
0.0364211158	0.785106818	-7.87937348	3.574101262182777
0.0523954512	0.803834891	-7.87849368	3.574101262182777
0.0267999743	0.781299696	-7.89800301	3.6766109987102733
0.0354747177	0.801713188	-7.8972999	3.6766109987102733
0.0262495957	0.797666078	-7.9152168	3.6766109987102733
0.0262495957	0.797666078	-7.9152168	3.6705427728255198
0.0354747177	0.801713188	-7.8972999	3.6705427728255198
0.0345942356	0.818274714	-7.91508449	3.6705427728255198
0.0345942356	0.818274714	-7.91508449	3.5787562524247343
0.0354747177	0.801713188	-7.8972999	3.5787562524247343
0.0512333928	0.820632838	-7.89643032	3.5787562524247343
0.0512333928	0.820632838	-7.89643032	3.572232322150503
0.0354747177	0.801713188	-7.8972999	3.572232322150503
0.0523954512	0.803834891	-7.87849368	3.572232322150503
0.0512333928	0.820632838	-7.89643032	3.565252259774856
0.0523954512	0.803834891	-7.87849368	3.565252259774856
0.0720862	0.819389245	-7.88224409	3.565252259774856
0.0512333928	0.820632838	-7.89643032	3.562657460603538
0.0720862	0.819389245	-7.88224409	3.562657460603538
0.0707783344	0.836446067	-7.9001645	3.562657460603538
0.0707783344	0.836446067	-7.9001645	3.5838490522717477
0.0720862	0.819389245	-7.88224409	3.5838490522717477
0.0922355998	0.83111006	-7.89058016	3.5838490522717477
0.0707783344	0.836446067	-7.9001645	3.5744350277312114
0.0922355998	0.83111006	-7.89058016	3.5744350277312114
0.0906476064	0.848786568	-7.9088018	3.5744350277312114
0.0500366405	0.837512565	-7.9144952	3.550820557345487
0.0707783344	0.836446067	-7.9001645	3.550820557345487
0.069142712	0.854014904	-7.91875844	3.550820557345487
0.069142712	0.854014904	-7.91875844	3.5701867139979364
0.0707783344	0.836446067	-7.9001645	3.5701867139979364
0.0906476064	0.848786568	-7.9088018	3.5701867139979364
0.0922355998	0.83111006	-7.89058016	3.5756731070208705
0.0720862	0.819389245	-7.88224409	3.5756731070208705
0.0933037642	0.813407493	-7.87234628	3.5756731070208705
0.0720862	0.819389245	-7.88224409	3.5508858728706794
0.0523954512	0.803834891	-7.87849368	3.5508858728706794
0.0731109208	0.801690721	-7.86378615	3.5508858728706794
0.0523954512	0.803834891	-7.87849368	3.564196180900267
0.0535220545	0.786768614	-7.86033097	3.564196180900267
0.0731109208	0.801690721	-7.86378615	3.564196180900267
0.0731109208	0.801690721	-7.86378615	3.5592197405154407
0.0535220545	0.786768614	-7.86033097	3.5592197405154407
0.0739597101	0.78405073	-7.84545723	3.5592197405154407
0.0731109208	0.801690721	-7.86378615	3.573706586491511
0.0739597101	0.78405073	-7.84545723	3.573706586491511
0.0943290598	0.795648606	-7.85406171	3.573706586491511
0.0720862	0.819389245	-7.88224409	3.572711731484619
0.0731109208	0.801690721	-7.86378615	3.572711731484619
0.0933037642	0.813407493	-7.87234628	3.572711731484619
0.0933037642	0.813407493	-7.87234628	3.5742894007302244
0.0731109208	0.801690721	-7.86378615	3.5742894007302244
0.0943290598	0.795648606	-7.85406171	3.5742894007302244
0.0933037642	0.813407493	-7.87234628	3.5722107228179008
0.0943290598	0.795648606	-7.85406171	3.5722107228179008
0.114621797	0.8016503	-7.86479318	3.5722107228179008
0.113518292	0.819694692	-7.88306538	3.570104809486844
0.0933037642	0.813407493	-7.87234628	3.570104809486844
0.114621797	0.8016503	-7.86479318	3.570104809486844
0.0922355998	0.83111006	-7.89058016	3.575152504865689
0.0933037642	0.813407493	-7.87234628	3.575152504865689
0.113518292	0.819694692	-7.88306538	3.575152504865689
0.0906476064	0.848786568	-7.9088018	3.4779027657679418
0.0922355998	0.83111006	-7.89058016	3.4779027657679418
0.116914012	0.84154262	-7.90728237	3.4779027657679418
0.0922355998	0.83111006	-7.89058016	3.4273401782354487
0.113518292	0.819694692	-7.88306538	3.4273401782354487
0.116914012	0.84154262	-7.90728237	3.4273401782354487
0.1073238	0.760892935	-7.82002299	3.521847213343123
0.129295118	0.763612163	-7.8339083	3.521847213343123
0.106726194	0.778705302	-7.83831336	3.521847213343123
0.106726194	0.778705302	-7.83831336	3.4761403597684013
0.0808812948	0.769176965	-7.82818861	3.4761403597684013
0.1073238	0.760892935	-7.82002299	3.4761403597684013
0.0943290598	0.795648606	-7.85406171	3.4878066368956784
0.0739597101	0.78405073	-7.84545723	3.4878066368956784
0.106726194	0.778705302	-7.83831336	3.4878066368956784
0.0535220545	0.786768614	-7.86033097	3.574928379060105
0.0545827657	0.769810167	-7.84234415	3.574928379060105
0.0739597101	0.78405073	-7.84545723	3.574928379060105
0.0739597101	0.78405073	-7.84545723	3.5509870359189906
0.0545827657	0.769810167	-7.84234415	3.5509870359189906
0.0808812948	0.769176965	-7.82818861	3.5509870359189906
0.0739597101	0.78405073	-7.84545723	3.4651316703452038
0.0808812948	0.769176965	-7.82818861	3.4651316703452038
0.106726194	0.778705302	-7.83831336	3.4651316703452038
0.0545827657	0.769810167	-7.84234415	3.4660886010690812
0.0556551863	0.75271505	-7.82421917	3.4660886010690812
0.0808812948	0.769176965	-7.82818861	3.4660886010690812
0.128645711	0.746871453	-7.81594892	3.5836116588866442
0.1073238	0.760892935	-7.82002299	3.5836116588866442
0.107642724	0.744636043	-7.80327111	3.5836116588866442
0.107642724	0.744636043	-7.80327111	3.618606057524215
0.1073238	0.760892935	-7.82002299	3.618606057524215
0.0868782479	0.753896099	-7.81143512	3.618606057524215
0.107642724	0.744636043	-7.80327111	3.589749712694167
0.0868782479	0.753896099	-7.81143512	3.589749712694167
0.0879258178	0.736271256	-7.79319599	3.589749712694167
0.12841463	0.729933763	-7.79811323	3.5715880425637554
0.107642724	0.744636043	-7.80327111	3.5715880425637554
0.107039771	0.727980248	-7.78587144	3.5715880425637554
0.107039771	0.727980248	-7.78587144	3.6311853018993347
0.107642724	0.744636043	-7.80327111	3.6311853018993347
0.0879258178	0.736271256	-7.79319599	3.6311853018993347
0.0556551863	0.75271505	-7.82421917	3.3940867006423714
0.0566722747	0.73556813	-7.80609619	3.3940867006423714
0.0868782479	0.753896099	-7.81143512	3.3940867006423714
0.0868782479	0.753896099	-7.81143512	3.460394967765498
0.0808812948	0.769176965	-7.82818861	3.460394967765498
0.0556551863	0.75271505	-7.82421917	3.460394967765498
0.0879258178	0.736271256	-7.79319599	3.387460315579743
0.0868782479	0.753896099	-7.81143512	3.387460315579743
0.0566722747	0.73556813	-7.80609619	3.387460315579743
0.0868782479	0.753896099	-7.81143512	3.576638831496111
0.1073238	0.760892935	-7.82002299	3.576638831496111
0.0808812948	0.769176965	-7.82818861	3.576638831496111
0.114621797	0.8016503	-7.86479318	3.506949644127369
0.0943290598	0.795648606	-7.85406171	3.506949644127369
0.106726194	0.778705302	-7.83831336	3.506949644127369
0.12841463	0.729933763	-7.79811323	3.614564304540791
0.144615206	0.728139296	-7.81281242	3.614564304540791
0.128645711	0.746871453	-7.81594892	3.614564304540791
0.128645711	0.746871453	-7.81594892	3.63591143519439
0.144615206	0.728139296	-7.81281242	3.63591143519439
0.143738846	0.74561858	-7.82998358	3.63591143519439
0.12841463	0.729933763	-7.79811323	3.5661903348897073
0.128645711	0.746871453	-7.81594892	3.5661903348897073
0.107642724	0.744636043	-7.80327111	3.5661903348897073
0.128645711	0.746871453	-7.81594892	3.5509297143943144
0.129295118	0.763612163	-7.8339083	3.5509297143943144
0.1073238	0.760892935	-7.82002299	3.5509297143943144
0.128645711	0.746871453	-7.81594892	3.651437428813742
0.143738846	0.74561858	-7.82998358	3.651437428813742
0.129295118	0.763612163	-7.8339083	3.651437428813742
0.129295118	0.763612163	-7.8339083	3.5990185045224217
0.143738846	0.74561858	-7.82998358	3.5990185045224217
0.146597205	0.7607452	-7.84999963	3.5990185045224217
0.16270739	0.726399992	-7.86043419	3.633717363985195
0.156545238	0.743941038	-7.85232633	3.633717363985195
0.157257926	0.726243277	-7.83535865	3.633717363985195
0.157257926	0.726243277	-7.83535865	3.573689316911944
0.156545238	0.743941038	-7.85232633	3.573689316911944
0.143738846	0.74561858	-7.82998358	3.573689316911944
0.143738846	0.74561858	-7.82998358	3.5726727187936778
0.144615206	0.728139296	-7.81281242	3.5726727187936778
0.157257926	0.726243277	-7.83535865	3.5726727187936778
0.146597205	0.7607452	-7.84999963	3.635316587350514
0.143738846	0.74561858	-7.82998358	3.635316587350514
0.156545238	0.743941038	-7.85232633	3.635316587350514
0.146597205	0.7607452	-7.84999963	3.530452524956442
0.137154745	0.78159586	-7.85985522	3.530452524956442
0.129295118	0.763612163	-7.8339083	3.530452524956442
0.129295118	0.763612163	-7.8339083	3.361378245354688
0.137154745	0.78159586	-7.85985522	3.361378245354688
0.106726194	0.778705302	-7.83831336	3.361378245354688
0.146597205	0.7607452	-7.84999963	3.569203780115781
0.156140248	0.761506027	-7.87002638	3.569203780115781
0.137154745	0.78159586	-7.85985522	3.569203780115781
0.106726194	0.778705302	-7.83831336	3.293628092160712
0.137154745	0.78159586	-7.85985522	3.293628092160712
0.114621797	0.8016503	-7.86479318	3.293628092160712
0.137154745	0.78159586	-7.85985522	3.3182221726853705
0.156140248	0.761506027	-7.87002638	3.3182221726853705
0.155410564	0.785515174	-7.8937519	3.3182221726853705
0.162459832	0.742203948	-7.87701695	3.6080407252121187
0.16225835	0.758886543	-7.8952372	3.6080407252121187
0.156140248	0.761506027	-7.87002638	3.6080407252121187
0.162459832	0.742203948	-7.87701695	3.6113749417741876
0.156140248	0.761506027	-7.87002638	3.6113749417741876
0.156545238	0.743941038	-7.85232633	3.6113749417741876
0.16270739	0.726399992	-7.86043419	3.655915786404069
0.162459832	0.742203948	-7.87701695	3.655915786404069
0.156545238	0.743941038	-7.85232633	3.655915786404069
0.146597205	0.7607452	-7.84999963	3.6807715415535793
0.156545238	0.743941038	-7.85232633	3.6807715415535793
0.156140248	0.761506027	-7.87002638	3.6807715415535793
0.161370182	0.749587608	-7.91218475	3.583370056102257
0.161775269	0.733489964	-7.89543157	3.583370056102257
0.152735101	0.728928211	-7.92052732	3.583370056102257
0.161775269	0.733489964	-7.89543157	3.668514270528133
0.161370182	0.749587608	-7.91218475	3.668514270528133
0.16225835	0.758886543	-7.8952372	3.668514270528133
0.1623307	0.77182285	-7.91398482	3.70539504163499
0.16225835	0.758886543	-7.8952372	3.70539504163499
0.161370182	0.749587608	-7.91218475	3.70539504163499
0.161775269	0.733489964	-7.89543157	3.6324174732820067
0.16225835	0.758886543	-7.8952372	3.6324174732820067
0.162459832	0.742203948	-7.87701695	3.6324174732820067
0.1623307	0.77182285	-7.91398482	3.591164399008351
0.16172935	0.788398622	-7.92549975	3.591164399008351
0.155410564	0.785515174	-7.8937519	3.591164399008351
0.1623307	0.77182285	-7.91398482	3.567282308780742
0.155410564	0.785515174	-7.8937519	3.567282308780742
0.16225835	0.758886543	-7.8952372	3.567282308780742
0.156140248	0.761506027	-7.87002638	3.454499723502526
0.16225835	0.758886543	-7.8952372	3.454499723502526
0.155410564	0.785515174	-7.8937519	3.454499723502526
0.130496371	0.822095343	-7.89591416	3.614205638618432
0.113518292	0.819694692	-7.88306538	3.614205638618432
0.13301443	0.803942254	-7.8791577	3.614205638618432
0.130496371	0.822095343	-7.89591416	3.6533594955013324
0.13301443	0.803942254	-7.8791577	3.6533594955013324
0.145081084	0.811550916	-7.90119225	3.6533594955013324
0.145081084	0.811550916	-7.90119225	3.4420456216651067
0.13301443	0.803942254	-7.8791577	3.4420456216651067
0.155410564	0.785515174	-7.8937519	3.4420456216651067
0.141735422	0.829756071	-7.91569552	3.529107011460963
0.116914012	0.84154262	-7.90728237	3.529107011460963
0.130496371	0.822095343	-7.89591416	3.529107011460963
0.130496371	0.822095343	-7.89591416	3.5510275069511907
0.116914012	0.84154262	-7.90728237	3.5510275069511907
0.113518292	0.819694692	-7.88306538	3.5510275069511907
0.130496371	0.822095343	-7.89591416	3.6889641217290046
0.145081084	0.811550916	-7.90119225	3.6889641217290046
0.141735422	0.829756071	-7.91569552	3.6889641217290046
0.155410564	0.785515174	-7.8937519	3.326926397741516
0.13301443	0.803942254	-7.8791577	3.326926397741516
0.137154745	0.78159586	-7.85985522	3.326926397741516
0.13301443	0.803942254	-7.8791577	3.5752047627843377
0.113518292	0.819694692	-7.88306538	3.5752047627843377
0.114621797	0.8016503	-7.86479318	3.5752047627843377
0.13301443	0.803942254	-7.8791577	3.4867231601877915
0.114621797	0.8016503	-7.86479318	3.4867231601877915
0.137154745	0.78159586	-7.85985522	3.4867231601877915
0.155410564	0.785515174	-7.8937519	3.5239326821897095
0.156185396	0.806447651	-7.9183478	3.5239326821897095
0.145081084	0.811550916	-7.90119225	3.5239326821897095
0.147321643	0.86917242	-7.96546183	3.6446064309524595
0.143655541	0.85883113	-7.94885257	3.6446064309524595
0.158012938	0.849742143	-7.97149329	3.6446064309524595
0.147321643	0.86917242	-7.96546183	3.722689512265225
0.145971212	0.88445897	-7.97934182	3.722689512265225
0.133270563	0.880475648	-7.9593928	3.722689512265225
0.147321643	0.86917242	-7.96546183	3.724581595916645
0.133270563	0.880475648	-7.9593928	3.724581595916645
0.143655541	0.85883113	-7.94885257	3.724581595916645
0.143655541	0.85883113	-7.94885257	3.506079710033365
0.133270563	0.880475648	-7.9593928	3.506079710033365
0.117466026	0.874373925	-7.94168522	3.506079710033365
0.146013783	0.841849133	-7.93451268	3.5858525295633608
0.143655541	0.85883113	-7.94885257	3.5858525295633608
0.126960708	0.854068815	-7.92647812	3.5858525295633608
0.126960708	0.854068815	-7.92647812	3.4468572144203864
0.143655541	0.85883113	-7.94885257	3.4468572144203864
0.117466026	0.874373925	-7.94168522	3.4468572144203864
0.133270563	0.880475648	-7.9593928	3.6029485983907463
0.127735488	0.900125553	-7.9751113	3.6029485983907463
0.113975288	0.890548137	-7.9568256	3.6029485983907463
0.133270563	0.880475648	-7.9593928	3.6451597830267053
0.113975288	0.890548137	-7.9568256	3.6451597830267053
0.117466026	0.874373925	-7.94168522	3.6451597830267053
0.134165961	0.908240737	-8.03058733	3.5951756524969283
0.115297691	0.921682169	-8.03961228	3.5951756524969283
0.117938182	0.914901163	-8.01573629	3.5951756524969283
0.115158927	0.910879001	-7.99394281	3.570185033797006
0.13675933	0.899797973	-8.00343194	3.570185033797006
0.117938182	0.914901163	-8.01573629	3.570185033797006
0.134165961	0.908240737	-8.03058733	3.5367357367050567
0.117938182	0.914901163	-8.01573629	3.5367357367050567
0.13675933	0.899797973	-8.00343194	3.5367357367050567
0.155520255	0.873925493	-8.00958625	3.5512902382546665
0.157032304	0.874939178	-8.03892015	3.5512902382546665
0.147724462	0.891525281	-8.02301946	3.5512902382546665
0.155520255	0.873925493	-8.00958625	3.5523430531342814
0.147724462	0.891525281	-8.02301946	3.5523430531342814
0.13675933	0.899797973	-8.00343194	3.5523430531342814
0.127735488	0.900125553	-7.9751113	3.4779714253549634
0.145971212	0.88445897	-7.97934182	3.4779714253549634
0.13675933	0.899797973	-8.00343194	3.4779714253549634
0.13675933	0.899797973	-8.00343194	3.356038134708507
0.145971212	0.88445897	-7.97934182	3.356038134708507
0.155520255	0.873925493	-8.00958625	3.356038134708507
0.127735488	0.900125553	-7.9751113	3.51001709350156
0.13675933	0.899797973	-8.00343194	3.51001709350156
0.115158927	0.910879001	-7.99394281	3.51001709350156
0.145971212	0.88445897	-7.97934182	3.5786935238501436
0.127735488	0.900125553	-7.9751113	3.5786935238501436
0.133270563	0.880475648	-7.9593928	3.5786935238501436
0.147724462	0.891525281	-8.02301946	3.5784857932524976
0.134165961	0.908240737	-8.03058733	3.5784857932524976
0.13675933	0.899797973	-8.00343194	3.5784857932524976
0.161037548	0.842061896	-7.99008022	3.6017624928832004
0.160602487	0.847225884	-8.01107969	3.6017624928832004
0.1573284	0.86421649	-7.98455513	3.6017624928832004
0.145971212	0.88445897	-7.97934182	3.49876354948139
0.1573284	0.86421649	-7.98455513	3.49876354948139
0.155520255	0.873925493	-8.00958625	3.49876354948139
0.158012938	0.849742143	-7.97149329	3.72698679894618
0.161037548	0.842061896	-7.99008022	3.72698679894618
0.1573284	0.86421649	-7.98455513	3.72698679894618
0.158012938	0.849742143	-7.97149329	3.703043654858965
0.1573284	0.86421649	-7.98455513	3.703043654858965
0.147321643	0.86917242	-7.96546183	3.703043654858965
0.147321643	0.86917242	-7.96546183	3.6751009563212818
0.1573284	0.86421649	-7.98455513	3.6751009563212818
0.145971212	0.88445897	-7.97934182	3.6751009563212818
0.160602487	0.847225884	-8.01107969	3.525859267214375
0.160154443	0.852543988	-8.03270587	3.525859267214375
0.155520255	0.873925493	-8.00958625	3.525859267214375
0.155520255	0.873925493	-8.00958625	3.4818356957453633
0.160154443	0.852543988	-8.03270587	3.4818356957453633
0.157032304	0.874939178	-8.03892015	3.4818356957453633
0.160602487	0.847225884	-8.01107969	3.45900100869969
0.155520255	0.873925493	-8.00958625	3.45900100869969
0.1573284	0.86421649	-7.98455513	3.45900100869969
0.159788173	0.812454673	-7.97761195	3.7399338972098857
0.161277004	0.83006661	-7.97533364	3.7399338972098857
0.161387976	0.816324133	-7.95654321	3.7399338972098857
0.161277004	0.83006661	-7.97533364	3.6710766255244955
0.158012938	0.849742143	-7.97149329	3.6710766255244955
0.157893712	0.833561443	-7.95336334	3.6710766255244955
0.158012938	0.849742143	-7.97149329	3.4984174761454785
0.143655541	0.85883113	-7.94885257	3.4984174761454785
0.157893712	0.833561443	-7.95336334	3.4984174761454785
0.161387976	0.816324133	-7.95654321	3.7254829943724608
0.161277004	0.83006661	-7.97533364	3.7254829943724608
0.157893712	0.833561443	-7.95336334	3.7254829943724608
0.161387976	0.816324133	-7.95654321	3.7745154620587855
0.157893712	0.833561443	-7.95336334	3.7745154620587855
0.156162325	0.823301248	-7.93638821	3.7745154620587855
0.156162325	0.823301248	-7.93638821	3.7006717045434536
0.157893712	0.833561443	-7.95336334	3.7006717045434536
0.146013783	0.841849133	-7.93451268	3.7006717045434536
0.146013783	0.841849133	-7.93451268	3.583719645957468
0.157893712	0.833561443	-7.95336334	3.583719645957468
0.143655541	0.85883113	-7.94885257	3.583719645957468
0.160177792	0.796971681	-7.96149844	3.7101420760203543
0.159788173	0.812454673	-7.97761195	3.7101420760203543
0.161387976	0.816324133	-7.95654321	3.7101420760203543
0.160571376	0.781331163	-7.945221	3.675498911112756
0.160177792	0.796971681	-7.96149844	3.675498911112756
0.161489995	0.803386601	-7.94123364	3.675498911112756
0.160177792	0.796971681	-7.96149844	3.743201725128275
0.161387976	0.816324133	-7.95654321	3.743201725128275
0.161489995	0.803386601	-7.94123364	3.743201725128275
0.161489995	0.803386601	-7.94123364	3.718380816046304
0.161387976	0.816324133	-7.95654321	3.718380816046304
0.156162325	0.823301248	-7.93638821	3.718380816046304
0.161489995	0.803386601	-7.94123364	3.6382108800425614
0.156162325	0.823301248	-7.93638821	3.6382108800425614
0.156185396	0.806447651	-7.9183478	3.6382108800425614
0.160571376	0.781331163	-7.945221	3.6909560166729865
0.161489995	0.803386601	-7.94123364	3.6909560166729865
0.16172935	0.788398622	-7.92549975	3.6909560166729865
0.16172935	0.788398622	-7.92549975	3.6894988125246124
0.161489995	0.803386601	-7.94123364	3.6894988125246124
0.156185396	0.806447651	-7.9183478	3.6894988125246124
0.16172935	0.788398622	-7.92549975	3.5074943250046777
0.156185396	0.806447651	-7.9183478	3.5074943250046777
0.155410564	0.785515174	-7.8937519	3.5074943250046777
0.145081084	0.811550916	-7.90119225	3.6190104298722003
0.156185396	0.806447651	-7.9183478	3.6190104298722003
0.141735422	0.829756071	-7.91569552	3.6190104298722003
0.156162325	0.823301248	-7.93638821	3.6373859245152538
0.146013783	0.841849133	-7.93451268	3.6373859245152538
0.141735422	0.829756071	-7.91569552	3.6373859245152538
0.156185396	0.806447651	-7.9183478	3.533104341232033
0.156162325	0.823301248	-7.93638821	3.533104341232033
0.141735422	0.829756071	-7.91569552	3.533104341232033
0.146013783	0.841849133	-7.93451268	3.568351355155929
0.126960708	0.854068815	-7.92647812	3.568351355155929
0.141735422	0.829756071	-7.91569552	3.568351355155929
0.141735422	0.829756071	-7.91569552	3.4754258664997097
0.126960708	0.854068815	-7.92647812	3.4754258664997097
0.116914012	0.84154262	-7.90728237	3.4754258664997097
0.160154443	0.852543988	-8.03270587	3.570124825497393
0.160602487	0.847225884	-8.01107969	3.570124825497393
0.156247019	0.824945732	-8.02004385	3.570124825497393
0.159402576	0.827777806	-7.99355908	3.5513861234618957
0.151166094	0.807540572	-7.99836517	3.5513861234618957
0.156247019	0.824945732	-8.02004385	3.5513861234618957
0.156247019	0.824945732	-8.02004385	3.541888487135447
0.160602487	0.847225884	-8.01107969	3.541888487135447
0.159402576	0.827777806	-7.99355908	3.541888487135447
0.161037548	0.842061896	-7.99008022	3.7959497981497416
0.159402576	0.827777806	-7.99355908	3.7959497981497416
0.160602487	0.847225884	-8.01107969	3.7959497981497416
0.159402576	0.827777806	-7.99355908	3.8953643694945956
0.161037548	0.842061896	-7.99008022	3.8953643694945956
0.161277004	0.83006661	-7.97533364	3.8953643694945956
0.161277004	0.83006661	-7.97533364	3.7676218549979446
0.161037548	0.842061896	-7.99008022	3.7676218549979446
0.158012938	0.849742143	-7.97149329	3.7676218549979446
0.159402576	0.827777806	-7.99355908	3.798632222123876
0.161277004	0.83006661	-7.97533364	3.798632222123876
0.159788173	0.812454673	-7.97761195	3.798632222123876
0.159402576	0.827777806	-7.99355908	3.659563224516861
0.159788173	0.812454673	-7.97761195	3.659563224516861
0.151166094	0.807540572	-7.99836517	3.659563224516861
0.159788173	0.812454673	-7.97761195	3.607525769969534
0.160177792	0.796971681	-7.96149844	3.607525769969534
0.15039818	0.791187119	-7.98422135	3.607525769969534
0.15039818	0.791187119	-7.98422135	3.645115342047224
0.151166094	0.807540572	-7.99836517	3.645115342047224
0.159788173	0.812454673	-7.97761195	3.645115342047224
0.142968116	0.807659961	-8.04134463	3.5794798566791877
0.156247019	0.824945732	-8.02004385	3.5794798566791877
0.143862419	0.803130062	-8.02065177	3.5794798566791877
0.151166094	0.807540572	-7.99836517	3.5494733582320053
0.143862419	0.803130062	-8.02065177	3.5494733582320053
0.156247019	0.824945732	-8.02004385	3.5494733582320053
0.151166094	0.807540572	-7.99836517	3.609019916723833
0.135756885	0.789974917	-8.00236566	3.609019916723833
0.143862419	0.803130062	-8.02065177	3.609019916723833
0.127198774	0.789294769	-8.0239947	3.6401759122178934
0.143862419	0.803130062	-8.02065177	3.6401759122178934
0.135756885	0.789974917	-8.00236566	3.6401759122178934
0.135756885	0.789974917	-8.00236566	3.645953420795836
0.151166094	0.807540572	-7.99836517	3.645953420795836
0.15039818	0.791187119	-7.98422135	3.645953420795836
0.114653762	0.778180589	-8.00482891	3.5561775239266784
0.135756885	0.789974917	-8.00236566	3.5561775239266784
0.131473471	0.769842039	-7.98683198	3.5561775239266784
0.135756885	0.789974917	-8.00236566	3.545403975378864
0.15039818	0.791187119	-7.98422135	3.545403975378864
0.131473471	0.769842039	-7.98683198	3.545403975378864
0.15039818	0.791187119	-7.98422135	3.5515445830939245
0.150908368	0.775840034	-7.96865313	3.5515445830939245
0.131473471	0.769842039	-7.98683198	3.5515445830939245
0.150908368	0.775840034	-7.96865313	3.587197451431474
0.133510633	0.75580252	-7.97165339	3.587197451431474
0.131473471	0.769842039	-7.98683198	3.587197451431474
0.114653762	0.778180589	-8.00482891	3.4291321759468407
0.131473471	0.769842039	-7.98683198	3.4291321759468407
0.113577755	0.749438294	-7.97761714	3.4291321759468407
0.135756885	0.789974917	-8.00236566	3.5924945917802287
0.114653762	0.778180589	-8.00482891	3.5924945917802287
0.127198774	0.789294769	-8.0239947	3.5924945917802287
0.15039818	0.791187119	-7.98422135	3.614814423876444
0.160177792	0.796971681	-7.96149844	3.614814423876444
0.150908368	0.775840034	-7.96865313	3.614814423876444
0.131473471	0.769842039	-7.98683198	3.6477187576353547
0.133510633	0.75580252	-7.97165339	3.6477187576353547
0.113577755	0.749438294	-7.97761714	3.6477187576353547
0.151428314	0.76030761	-7.95288992	3.5687712464383794
0.152071475	0.744703122	-7.93681622	3.5687712464383794
0.134305164	0.740113036	-7.955914	3.5687712464383794
0.133510633	0.75580252	-7.97165339	3.572968460998857
0.151428314	0.76030761	-7.95288992	3.572968460998857
0.134305164	0.740113036	-7.955914	3.572968460998857
0.133510633	0.75580252	-7.97165339	3.6035438184152135
0.134305164	0.740113036	-7.955914	3.6035438184152135
0.113919527	0.731954096	-7.96067827	3.6035438184152135
0.113577755	0.749438294	-7.97761714	3.5769980753080595
0.133510633	0.75580252	-7.97165339	3.5769980753080595
0.113919527	0.731954096	-7.96067827	3.5769980753080595
0.134305164	0.740113036	-7.955914	3.570418813209212
0.152071475	0.744703122	-7.93681622	3.570418813209212
0.135200326	0.724405298	-7.94005354	3.570418813209212
0.134305164	0.740113036	-7.955914	3.6013830646491036
0.135200326	0.724405298	-7.94005354	3.6013830646491036
0.113919527	0.731954096	-7.96067827	3.6013830646491036
0.150908368	0.775840034	-7.96865313	3.5739929780571327
0.151428314	0.76030761	-7.95288992	3.5739929780571327
0.133510633	0.75580252	-7.97165339	3.5739929780571327
0.160968861	0.765535597	-7.92878219	3.5869492177111755
0.161370182	0.749587608	-7.91218475	3.5869492177111755
0.152071475	0.744703122	-7.93681622	3.5869492177111755
0.151428314	0.76030761	-7.95288992	3.5986283170714723
0.160968861	0.765535597	-7.92878219	3.5986283170714723
0.152071475	0.744703122	-7.93681622	3.5986283170714723
0.152071475	0.744703122	-7.93681622	3.5936485879014173
0.161370182	0.749587608	-7.91218475	3.5936485879014173
0.152735101	0.728928211	-7.92052732	3.5936485879014173
0.152071475	0.744703122	-7.93681622	3.563760781349894
0.152735101	0.728928211	-7.92052732	3.563760781349894
0.135200326	0.724405298	-7.94005354	3.563760781349894
0.160968861	0.765535597	-7.92878219	3.6692256947020203
0.160571376	0.781331163	-7.945221	3.6692256947020203
0.16172935	0.788398622	-7.92549975	3.6692256947020203
0.161370182	0.749587608	-7.91218475	3.7674999733367467
0.160968861	0.765535597	-7.92878219	3.7674999733367467
0.1623307	0.77182285	-7.91398482	3.7674999733367467
0.160968861	0.765535597	-7.92878219	3.797459133138065
0.16172935	0.788398622	-7.92549975	3.797459133138065
0.1623307	0.77182285	-7.91398482	3.797459133138065
0.160177792	0.796971681	-7.96149844	3.599261531095808
0.160571376	0.781331163	-7.945221	3.599261531095808
0.150908368	0.775840034	-7.96865313	3.599261531095808
0.160571376	0.781331163	-7.945221	3.591161507734274
0.160968861	0.765535597	-7.92878219	3.591161507734274
0.151428314	0.76030761	-7.95288992	3.591161507734274
0.150908368	0.775840034	-7.96865313	3.605567078876089
0.160571376	0.781331163	-7.945221	3.605567078876089
0.151428314	0.76030761	-7.95288992	3.605567078876089
0.108034254	0.504730702	-7.55507899	3.540087758429347
0.0880223012	0.508563161	-7.55940753	3.540087758429347
0.0963281185	0.487382907	-7.53647701	3.540087758429347
0.125801464	0.491285587	-7.54779585	3.646479808469661
0.125853216	0.508270088	-7.56550099	3.646479808469661
0.108034254	0.504730702	-7.55507899	3.646479808469661
0.158857987	0.456055548	-7.55064615	3.542631409152795
0.158749266	0.473281133	-7.56874831	3.542631409152795
0.143512721	0.476691507	-7.54752129	3.542631409152795
0.143520911	0.493674002	-7.56533238	3.597572281628816
0.125801464	0.491285587	-7.54779585	3.597572281628816
0.143512721	0.476691507	-7.54752129	3.597572281628816
0.143512721	0.476691507	-7.54752129	3.5937912811754593
0.125801464	0.491285587	-7.54779585	3.5937912811754593
0.123638924	0.475454852	-7.53013652	3.5937912811754593
0.123638924	0.475454852	-7.53013652	3.4658728711978233
0.125801464	0.491285587	-7.54779585	3.4658728711978233
0.0963281185	0.487382907	-7.53647701	3.4658728711978233
0.125801464	0.491285587	-7.54779585	3.497318689616671
0.108034254	0.504730702	-7.55507899	3.497318689616671
0.0963281185	0.487382907	-7.53647701	3.497318689616671
0.105004558	0.469862693	-7.51860618	3.5361999449584482
0.123638924	0.475454852	-7.53013652	3.5361999449584482
0.0963281185	0.487382907	-7.53647701	3.5361999449584482
0.0681935289	0.494314165	-7.55369059	3.4439356236624046
0.0495847392	0.475410671	-7.55342557	3.4439356236624046
0.0684934755	0.47242061	-7.53132398	3.4439356236624046
0.0681935289	0.494314165	-7.55369059	3.3452952410100236
0.0684934755	0.47242061	-7.53132398	3.3452952410100236
0.0963281185	0.487382907	-7.53647701	3.3452952410100236
0.0681935289	0.494314165	-7.55369059	3.417726237061163
0.0963281185	0.487382907	-7.53647701	3.417726237061163
0.0880223012	0.508563161	-7.55940753	3.417726237061163
0.0494054226	0.492628168	-7.5707442	3.5532963813764566
0.0495847392	0.475410671	-7.55342557	3.5532963813764566
0.0681935289	0.494314165	-7.55369059	3.5532963813764566
0.0363773049	0.460470597	-7.56466013	3.611552124427577
0.0352355841	0.443646191	-7.55212641	3.611552124427577
0.0474849661	0.453474106	-7.53484664	3.611552124427577
0.0495847392	0.475410671	-7.55342557	3.492693907673257
0.0363773049	0.460470597	-7.56466013	3.492693907673257
0.0474849661	0.453474106	-7.53484664	3.492693907673257
0.0684934755	0.47242061	-7.53132398	3.443129351032665
0.0495847392	0.475410671	-7.55342557	3.443129351032665
0.0474849661	0.453474106	-7.53484664	3.443129351032665
0.0647173265	0.921682744	-8.03856597	3.5636920224561526
0.0468740462	0.915502894	-8.054459	3.5636920224561526
0.0469389968	0.908761015	-8.02857284	3.5636920224561526
0.0297995474	0.906566265	-8.09254688	3.5624018479670227
0.0307377868	0.901479726	-8.06894922	3.5624018479670227
0.0455227849	0.920529776	-8.07773984	3.5624018479670227
0.0681558974	0.928989391	-8.06253289	3.530972569214467
0.0455227849	0.920529776	-8.07773984	3.530972569214467
0.0468740462	0.915502894	-8.054459	3.530972569214467
0.0468740462	0.915502894	-8.054459	3.5651937468701704
0.0455227849	0.920529776	-8.07773984	3.5651937468701704
0.0307377868	0.901479726	-8.06894922	3.5651937468701704
0.0225804411	0.880471052	-8.05864282	3.609189320135995
0.0230465265	0.874938606	-8.03614583	3.609189320135995
0.0320165627	0.896774895	-8.04492673	3.609189320135995
0.0225804411	0.880471052	-8.05864282	3.5968200183826573
0.0320165627	0.896774895	-8.04492673	3.5968200183826573
0.0307377868	0.901479726	-8.06894922	3.5968200183826573
0.0230465265	0.874938606	-8.03614583	3.5695221553236465
0.0330049552	0.891524985	-8.02064404	3.5695221553236465
0.0320165627	0.896774895	-8.04492673	3.5695221553236465
0.0307377868	0.901479726	-8.06894922	3.5559754983424043
0.0320165627	0.896774895	-8.04492673	3.5559754983424043
0.0468740462	0.915502894	-8.054459	3.5559754983424043
0.0469389968	0.908761015	-8.02857284	3.538170232244654
0.0468740462	0.915502894	-8.054459	3.538170232244654
0.0320165627	0.896774895	-8.04492673	3.538170232244654
0.0469389968	0.908761015	-8.02857284	3.5853112721309537
0.0320165627	0.896774895	-8.04492673	3.5853112721309537
0.0330049552	0.891524985	-8.02064404	3.5853112721309537
0.0197241061	0.858007183	-8.05202727	3.630354047390903
0.0201844467	0.852542928	-8.02980757	3.630354047390903
0.0230465265	0.874938606	-8.03614583	3.630354047390903
0.0197241061	0.858007183	-8.05202727	3.6249678229218625
0.0230465265	0.874938606	-8.03614583	3.6249678229218625
0.0225804411	0.880471052	-8.05864282	3.6249678229218625
0.0192522759	0.86360782	-8.07480154	3.619647786947424
0.0197241061	0.858007183	-8.05202727	3.619647786947424
0.0225804411	0.880471052	-8.05864282	3.619647786947424
0.0187705392	0.869326046	-8.09805398	3.610623764833759
0.0192522759	0.86360782	-8.07480154	3.610623764833759
0.0221036576	0.886130483	-8.08165618	3.610623764833759
0.0225804411	0.880471052	-8.05864282	3.6151122625474996
0.0221036576	0.886130483	-8.08165618	3.6151122625474996
0.0192522759	0.86360782	-8.07480154	3.6151122625474996
0.0197241061	0.858007183	-8.05202727	3.612971369034437
0.0192522759	0.86360782	-8.07480154	3.612971369034437
0.0225466682	0.840111621	-8.06539064	3.612971369034437
0.0192522759	0.86360782	-8.07480154	3.6050656472120517
0.0187705392	0.869326046	-8.09805398	3.6050656472120517
0.0220568373	0.845765861	-8.08816745	3.6050656472120517
0.0220568373	0.845765861	-8.08816745	3.613387520495058
0.0225466682	0.840111621	-8.06539064	3.613387520495058
0.0192522759	0.86360782	-8.07480154	3.613387520495058
0.0225804411	0.880471052	-8.05864282	3.6288128046602077
0.0307377868	0.901479726	-8.06894922	3.6288128046602077
0.0221036576	0.886130483	-8.08165618	3.6288128046602077
0.0221036576	0.886130483	-8.08165618	3.627472209267857
0.0307377868	0.901479726	-8.06894922	3.627472209267857
0.0297995474	0.906566265	-8.09254688	3.627472209267857
0.0182888025	0.875044272	-8.12130643	3.6106235637323674
0.0187705392	0.869326046	-8.09805398	3.6106235637323674
0.021621921	0.891848709	-8.10490862	3.6106235637323674
0.0221036576	0.886130483	-8.08165618	3.642710149447509
0.0297995474	0.906566265	-8.09254688	3.642710149447509
0.021621921	0.891848709	-8.10490862	3.642710149447509
0.021621921	0.891848709	-8.10490862	3.644318762955787
0.0297995474	0.906566265	-8.09254688	3.644318762955787
0.0291757468	0.912076094	-8.11587839	3.644318762955787
0.0221036576	0.886130483	-8.08165618	3.610623764709969
0.021621921	0.891848709	-8.10490862	3.610623764709969
0.0187705392	0.869326046	-8.09805398	3.610623764709969
0.021621921	0.891848709	-8.10490862	3.6486957870135557
0.0291757468	0.912076094	-8.11587839	3.6486957870135557
0.0211401843	0.897566936	-8.12816106	3.6486957870135557
0.0187705392	0.869326046	-8.09805398	3.606214645669503
0.0182888025	0.875044272	-8.12130643	3.606214645669503
0.0215547702	0.851561346	-8.11151324	3.606214645669503
0.0215547702	0.851561346	-8.11151324	3.603814735151184
0.0220568373	0.845765861	-8.08816745	3.603814735151184
0.0187705392	0.869326046	-8.09805398	3.603814735151184
0.0182888025	0.875044272	-8.12130643	3.607383826382825
0.0178070659	0.880762498	-8.14455887	3.607383826382825
0.0210453617	0.857441575	-8.1352004	3.607383826382825
0.0288739	0.839204219	-8.13170483	3.6458328793082564
0.0215547702	0.851561346	-8.11151324	3.6458328793082564
0.0210453617	0.857441575	-8.1352004	3.6458328793082564
0.0210453617	0.857441575	-8.1352004	3.598656148148358
0.0215547702	0.851561346	-8.11151324	3.598656148148358
0.0182888025	0.875044272	-8.12130643	3.598656148148358
0.0178070659	0.880762498	-8.14455887	3.6106236948686434
0.0182888025	0.875044272	-8.12130643	3.6106236948686434
0.0211401843	0.897566936	-8.12816106	3.6106236948686434
0.021621921	0.891848709	-8.10490862	3.6106237005334427
0.0211401843	0.897566936	-8.12816106	3.6106237005334427
0.0182888025	0.875044272	-8.12130643	3.6106237005334427
0.0211401843	0.897566936	-8.12816106	3.6498944095892205
0.0286664292	0.917746591	-8.13912098	3.6498944095892205
0.0206584476	0.903285162	-8.1514135	3.6498944095892205
0.0211401843	0.897566936	-8.12816106	3.610623694992405
0.0206584476	0.903285162	-8.1514135	3.610623694992405
0.0178070659	0.880762498	-8.14455887	3.610623694992405
0.0211401843	0.897566936	-8.12816106	3.649497439356343
0.0291757468	0.912076094	-8.11587839	3.649497439356343
0.0286664292	0.917746591	-8.13912098	3.649497439356343
0.0291757468	0.912076094	-8.11587839	3.5656553951526484
0.0297995474	0.906566265	-8.09254688	3.5656553951526484
0.0446262441	0.925829832	-8.10070092	3.5656553951526484
0.0440252421	0.931409053	-8.12380216	3.5684702123893435
0.0291757468	0.912076094	-8.11587839	3.5684702123893435
0.0446262441	0.925829832	-8.10070092	3.5684702123893435
0.0440252421	0.931409053	-8.12380216	3.576542623954104
0.0446262441	0.925829832	-8.10070092	3.576542623954104
0.0637015301	0.939462893	-8.11012701	3.576542623954104
0.0637015301	0.939462893	-8.11012701	3.559788881523932
0.0446262441	0.925829832	-8.10070092	3.559788881523932
0.0639660767	0.933423053	-8.08593963	3.559788881523932
0.0446262441	0.925829832	-8.10070092	3.5702858370656294
0.0297995474	0.906566265	-8.09254688	3.5702858370656294
0.0455227849	0.920529776	-8.07773984	3.5702858370656294
0.0446262441	0.925829832	-8.10070092	3.5924093130679884
0.0455227849	0.920529776	-8.07773984	3.5924093130679884
0.0639660767	0.933423053	-8.08593963	3.5924093130679884
0.0440252421	0.931409053	-8.12380216	3.5596675584661885
0.0637015301	0.939462893	-8.11012701	3.5596675584661885
0.0626666689	0.945215278	-8.13436383	3.5596675584661885
0.0440252421	0.931409053	-8.12380216	3.41313122848127
0.0626666689	0.945215278	-8.13436383	3.41313122848127
0.0425798758	0.939129823	-8.15774946	3.41313122848127
0.0286664292	0.917746591	-8.13912098	3.566618428282018
0.0291757468	0.912076094	-8.11587839	3.566618428282018
0.0440252421	0.931409053	-8.12380216	3.566618428282018
0.0286664292	0.917746591	-8.13912098	3.409364895995598
0.0440252421	0.931409053	-8.12380216	3.409364895995598
0.0425798758	0.939129823	-8.15774946	3.409364895995598
0.0626666689	0.945215278	-8.13436383	3.5837627005060795
0.0637015301	0.939462893	-8.11012701	3.5837627005060795
0.0836148495	0.946823668	-8.12207165	3.5837627005060795
0.0626666689	0.945215278	-8.13436383	3.4111062085437402
0.0836148495	0.946823668	-8.12207165	3.4111062085437402
0.0879212852	0.955052734	-8.15498674	3.4111062085437402
0.0637015301	0.939462893	-8.11012701	3.43019677086795
0.0639660767	0.933423053	-8.08593963	3.43019677086795
0.0933102092	0.940703347	-8.09732932	3.43019677086795
0.0836148495	0.946823668	-8.12207165	3.4896583925433284
0.0637015301	0.939462893	-8.11012701	3.4896583925433284
0.0933102092	0.940703347	-8.09732932	3.4896583925433284
0.11408557	0.933422654	-8.08697621	3.5837483454962955
0.113347846	0.939462577	-8.11115377	3.5837483454962955
0.0933102092	0.940703347	-8.09732932	3.5837483454962955
0.0933102092	0.940703347	-8.09732932	3.4882750374444313
0.113347846	0.939462577	-8.11115377	3.4882750374444313
0.0836148495	0.946823668	-8.12207165	3.4882750374444313
0.113347846	0.939462577	-8.11115377	3.425599030253358
0.113377672	0.945215074	-8.13541263	3.425599030253358
0.0836148495	0.946823668	-8.12207165	3.425599030253358
0.0836148495	0.946823668	-8.12207165	3.3143852064004693
0.113377672	0.945215074	-8.13541263	3.3143852064004693
0.0879212852	0.955052734	-8.15498674	3.3143852064004693
0.115297691	0.921682169	-8.03961228	3.595974103067963
0.115079961	0.927359047	-8.06314262	3.595974103067963
0.0947775654	0.929052978	-8.05010401	3.595974103067963
0.115297691	0.921682169	-8.03961228	3.5854075738259676
0.0947775654	0.929052978	-8.05010401	3.5854075738259676
0.0952497007	0.923096295	-8.02587237	3.5854075738259676
0.115079961	0.927359047	-8.06314262	3.588944490246774
0.11408557	0.933422654	-8.08697621	3.588944490246774
0.094191418	0.93471471	-8.07309189	3.588944490246774
0.0947775654	0.929052978	-8.05010401	3.6014442187871176
0.115079961	0.927359047	-8.06314262	3.6014442187871176
0.094191418	0.93471471	-8.07309189	3.6014442187871176
0.094191418	0.93471471	-8.07309189	3.584164758846477
0.11408557	0.933422654	-8.08697621	3.584164758846477
0.0933102092	0.940703347	-8.09732932	3.584164758846477
0.0639660767	0.933423053	-8.08593963	3.5580981354140624
0.0455227849	0.920529776	-8.07773984	3.5580981354140624
0.0681558974	0.928989391	-8.06253289	3.5580981354140624
0.0639660767	0.933423053	-8.08593963	3.47236069920041
0.0681558974	0.928989391	-8.06253289	3.47236069920041
0.094191418	0.93471471	-8.07309189	3.47236069920041
0.0947775654	0.929052978	-8.05010401	3.5035358283044458
0.094191418	0.93471471	-8.07309189	3.5035358283044458
0.0681558974	0.928989391	-8.06253289	3.5035358283044458
0.094191418	0.93471471	-8.07309189	3.42496148421715
0.0933102092	0.940703347	-8.09732932	3.42496148421715
0.0639660767	0.933423053	-8.08593963	3.42496148421715
0.0681558974	0.928989391	-8.06253289	3.5523298949410598
0.0468740462	0.915502894	-8.054459	3.5523298949410598
0.0647173265	0.921682744	-8.03856597	3.5523298949410598
0.0681558974	0.928989391	-8.06253289	3.447357935011326
0.0647173265	0.921682744	-8.03856597	3.447357935011326
0.0947775654	0.929052978	-8.05010401	3.447357935011326
0.0952497007	0.923096295	-8.02587237	3.4178474007252606
0.0947775654	0.929052978	-8.05010401	3.4178474007252606
0.0647173265	0.921682744	-8.03856597	3.4178474007252606
0.132466885	0.915502723	-8.05623114	3.617474429640043
0.115079961	0.927359047	-8.06314262	3.617474429640043
0.115297691	0.921682169	-8.03961228	3.617474429640043
0.132466885	0.915502723	-8.05623114	3.555017382185183
0.115297691	0.921682169	-8.03961228	3.555017382185183
0.134165961	0.908240737	-8.03058733	3.555017382185183
0.14798913	0.901479663	-8.07137709	3.5624056278767973
0.147949118	0.906566239	-8.09499331	3.5624056278767973
0.132852724	0.920529527	-8.07954769	3.5624056278767973
0.132852724	0.920529527	-8.07954769	3.583360597486233
0.11408557	0.933422654	-8.08697621	3.583360597486233
0.115079961	0.927359047	-8.06314262	3.583360597486233
0.132852724	0.920529527	-8.07954769	3.616977553886401
0.115079961	0.927359047	-8.06314262	3.616977553886401
0.132466885	0.915502723	-8.05623114	3.616977553886401
0.132852724	0.920529527	-8.07954769	3.5652011787732145
0.132466885	0.915502723	-8.05623114	3.5652011787732145
0.14798913	0.901479663	-8.07137709	3.5652011787732145
0.147949118	0.906566239	-8.09499331	3.5656575635858676
0.147605875	0.912076251	-8.1183306	3.5656575635858676
0.132797316	0.925829654	-8.10252602	3.5656575635858676
0.147605875	0.912076251	-8.1183306	3.568470682509806
0.132440765	0.931409043	-8.12563238	3.568470682509806
0.132797316	0.925829654	-8.10252602	3.568470682509806
0.132797316	0.925829654	-8.10252602	3.5765420250382602
0.132440765	0.931409043	-8.12563238	3.5765420250382602
0.113347846	0.939462577	-8.11115377	3.5765420250382602
0.132797316	0.925829654	-8.10252602	3.559789616583375
0.113347846	0.939462577	-8.11115377	3.559789616583375
0.11408557	0.933422654	-8.08697621	3.559789616583375
0.147949118	0.906566239	-8.09499331	3.570290677799006
0.132797316	0.925829654	-8.10252602	3.570290677799006
0.132852724	0.920529527	-8.07954769	3.570290677799006
0.132852724	0.920529527	-8.07954769	3.5924135150320042
0.132797316	0.925829654	-8.10252602	3.5924135150320042
0.11408557	0.933422654	-8.08697621	3.5924135150320042
0.147605875	0.912076251	-8.1183306	3.5666182048806676
0.147151949	0.917746917	-8.1415744	3.5666182048806676
0.132440765	0.931409043	-8.12563238	3.5666182048806676
0.132440765	0.931409043	-8.12563238	3.4093526204062585
0.147151949	0.917746917	-8.1415744	3.4093526204062585
0.132479155	0.939129865	-8.15961196	3.4093526204062585
0.132479155	0.939129865	-8.15961196	3.4131070814177518
0.113377672	0.945215074	-8.13541263	3.4131070814177518
0.132440765	0.931409043	-8.12563238	3.4131070814177518
0.113347846	0.939462577	-8.11115377	3.55966830749684
0.132440765	0.931409043	-8.12563238	3.55966830749684
0.113377672	0.945215074	-8.13541263	3.55966830749684
0.147605875	0.912076251	-8.1183306	3.6494900474915184
0.155125946	0.897567108	-8.13093613	3.6494900474915184
0.147151949	0.917746917	-8.1415744	3.6494900474915184
0.159222275	0.863608448	-8.07769972	3.610623814609928
0.158740531	0.869326548	-8.1009525	3.610623814609928
0.156089432	0.886130793	-8.08443061	3.610623814609928
0.158740531	0.869326548	-8.1009525	3.6028436182675994
0.159222275	0.863608448	-8.07769972	3.6028436182675994
0.155848579	0.845616245	-8.09076255	3.6028436182675994
0.158258787	0.875044649	-8.12420527	3.604464873731592
0.158740531	0.869326548	-8.1009525	3.604464873731592
0.155387924	0.851434618	-8.11410928	3.604464873731592
0.155848579	0.845616245	-8.09076255	3.6018113064321198
0.155387924	0.851434618	-8.11410928	3.6018113064321198
0.158740531	0.869326548	-8.1009525	3.6018113064321198
0.158740531	0.869326548	-8.1009525	3.610622761612385
0.158258787	0.875044649	-8.12420527	3.610622761612385
0.155607689	0.89184895	-8.10768337	3.610622761612385
0.147949118	0.906566239	-8.09499331	3.6427105126216697
0.156089432	0.886130793	-8.08443061	3.6427105126216697
0.155607689	0.89184895	-8.10768337	3.6427105126216697
0.147949118	0.906566239	-8.09499331	3.644321265423006
0.155607689	0.89184895	-8.10768337	3.644321265423006
0.147605875	0.912076251	-8.1183306	3.644321265423006
0.155607689	0.89184895	-8.10768337	3.6106232901572897
0.156089432	0.886130793	-8.08443061	3.6106232901572897
0.158740531	0.869326548	-8.1009525	3.6106232901572897
0.158258787	0.875044649	-8.12420527	3.610621343662536
0.157777044	0.880762749	-8.14745805	3.610621343662536
0.155125946	0.897567108	-8.13093613	3.610621343662536
0.147605875	0.912076251	-8.1183306	3.64868762110461
0.155607689	0.89184895	-8.10768337	3.64868762110461
0.155125946	0.897567108	-8.13093613	3.64868762110461
0.155125946	0.897567108	-8.13093613	3.610622086484167
0.155607689	0.89184895	-8.10768337	3.610622086484167
0.158258787	0.875044649	-8.12420527	3.610622086484167
0.147151949	0.917746917	-8.1415744	3.6498783720665715
0.155125946	0.897567108	-8.13093613	3.6498783720665715
0.154644202	0.903285265	-8.1541889	3.6498783720665715
0.154644202	0.903285265	-8.1541889	3.6106206648088395
0.155125946	0.897567108	-8.13093613	3.6106206648088395
0.157777044	0.880762749	-8.14745805	3.6106206648088395
0.157777044	0.880762749	-8.14745805	3.6061170355267596
0.158258787	0.875044649	-8.12420527	3.6061170355267596
0.154920108	0.857343441	-8.13781895	3.6061170355267596
0.155387924	0.851434618	-8.11410928	3.6438980854270118
0.147251955	0.838934008	-8.13362747	3.6438980854270118
0.154920108	0.857343441	-8.13781895	3.6438980854270118
0.155387924	0.851434618	-8.11410928	3.5967289505744744
0.154920108	0.857343441	-8.13781895	3.5967289505744744
0.158258787	0.875044649	-8.12420527	3.5967289505744744
0.159694106	0.858007999	-8.05492538	3.619654141747415
0.159222275	0.863608448	-8.07769972	3.619654141747415
0.15656622	0.880471462	-8.06141707	3.619654141747415
0.156089432	0.886130793	-8.08443061	3.615115640545586
0.15656622	0.880471462	-8.06141707	3.615115640545586
0.159222275	0.863608448	-8.07769972	3.615115640545586
0.159222275	0.863608448	-8.07769972	3.6102982194594624
0.159694106	0.858007999	-8.05492538	3.6102982194594624
0.156297604	0.839944765	-8.06800524	3.6102982194594624
0.156297604	0.839944765	-8.06800524	3.6113051448851112
0.155848579	0.845616245	-8.09076255	3.6113051448851112
0.159222275	0.863608448	-8.07769972	3.6113051448851112
0.14770635	0.896775003	-8.04732227	3.5968300136939138
0.15656622	0.880471462	-8.06141707	3.5968300136939138
0.14798913	0.901479663	-8.07137709	3.5968300136939138
0.14798913	0.901479663	-8.07137709	3.6288201201333004
0.15656622	0.880471462	-8.06141707	3.6288201201333004
0.156089432	0.886130793	-8.08443061	3.6288201201333004
0.14798913	0.901479663	-8.07137709	3.627481421686446
0.156089432	0.886130793	-8.08443061	3.627481421686446
0.147949118	0.906566239	-8.09499331	3.627481421686446
0.14770635	0.896775003	-8.04732227	3.555980097683057
0.14798913	0.901479663	-8.07137709	3.555980097683057
0.132466885	0.915502723	-8.05623114	3.555980097683057
0.132466885	0.915502723	-8.05623114	3.548439026708029
0.134165961	0.908240737	-8.03058733	3.548439026708029
0.14770635	0.896775003	-8.04732227	3.548439026708029
0.14770635	0.896775003	-8.04732227	3.6039492359955307
0.134165961	0.908240737	-8.03058733	3.6039492359955307
0.147724462	0.891525281	-8.02301946	3.6039492359955307
0.147724462	0.891525281	-8.02301946	3.5695302710940586
0.157032304	0.874939178	-8.03892015	3.5695302710940586
0.14770635	0.896775003	-8.04732227	3.5695302710940586
0.157032304	0.874939178	-8.03892015	3.609199967810055
0.15656622	0.880471462	-8.06141707	3.609199967810055
0.14770635	0.896775003	-8.04732227	3.609199967810055
0.160154443	0.852543988	-8.03270587	3.630366587773416
0.159694106	0.858007999	-8.05492538	3.630366587773416
0.157032304	0.874939178	-8.03892015	3.630366587773416
0.157032304	0.874939178	-8.03892015	3.624977202492542
0.159694106	0.858007999	-8.05492538	3.624977202492542
0.15656622	0.880471462	-8.06141707	3.624977202492542
0.159694106	0.858007999	-8.05492538	3.619498452314172
0.160154443	0.852543988	-8.03270587	3.619498452314172
0.156730071	0.834482429	-8.04608713	3.619498452314172
0.160154443	0.852543988	-8.03270587	3.518508179830287
0.156247019	0.824945732	-8.02004385	3.518508179830287
0.156730071	0.834482429	-8.04608713	3.518508179830287
0.156730071	0.834482429	-8.04608713	3.4239959695323683
0.156247019	0.824945732	-8.02004385	3.4239959695323683
0.142968116	0.807659961	-8.04134463	3.4239959695323683
0.156730071	0.834482429	-8.04608713	3.5106973005521525
0.142968116	0.807659961	-8.04134463	3.5106973005521525
0.147358987	0.8196513	-8.06374542	3.5106973005521525
0.159694106	0.858007999	-8.05492538	3.6260505479566842
0.156730071	0.834482429	-8.04608713	3.6260505479566842
0.156297604	0.839944765	-8.06800524	3.6260505479566842
0.142968116	0.807659961	-8.04134463	3.634377967718474
0.143862419	0.803130062	-8.02065177	3.634377967718474
0.127198774	0.789294769	-8.0239947	3.634377967718474
0.133286973	0.803218382	-8.06052771	3.641398941596616
0.147358987	0.8196513	-8.06374542	3.641398941596616
0.142968116	0.807659961	-8.04134463	3.641398941596616
0.133286973	0.803218382	-8.06052771	3.558184675122081
0.142968116	0.807659961	-8.04134463	3.558184675122081
0.117591018	0.789766482	-8.04572697	3.558184675122081
0.127198774	0.789294769	-8.0239947	3.4762998171812276
0.117591018	0.789766482	-8.04572697	3.4762998171812276
0.142968116	0.807659961	-8.04134463	3.4762998171812276
0.147642859	0.826516208	-8.08688558	3.5663867515431225
0.147358987	0.8196513	-8.06374542	3.5663867515431225
0.132125722	0.807618852	-8.08084994	3.5663867515431225
0.114628816	0.800608597	-8.09319626	3.619653395364813
0.132125722	0.807618852	-8.08084994	3.619653395364813
0.114896761	0.794779981	-8.06984616	3.619653395364813
0.114896761	0.794779981	-8.06984616	3.6673419279455772
0.132125722	0.807618852	-8.08084994	3.6673419279455772
0.133286973	0.803218382	-8.06052771	3.6673419279455772
0.133286973	0.803218382	-8.06052771	3.658518272398109
0.132125722	0.807618852	-8.08084994	3.658518272398109
0.147358987	0.8196513	-8.06374542	3.658518272398109
0.114896761	0.794779981	-8.06984616	3.6012504758574098
0.133286973	0.803218382	-8.06052771	3.6012504758574098
0.117591018	0.789766482	-8.04572697	3.6012504758574098
0.156297604	0.839944765	-8.06800524	3.629709160564079
0.156730071	0.834482429	-8.04608713	3.629709160564079
0.147358987	0.8196513	-8.06374542	3.629709160564079
0.156297604	0.839944765	-8.06800524	3.6115724358764467
0.147358987	0.8196513	-8.06374542	3.6115724358764467
0.147642859	0.826516208	-8.08688558	3.6115724358764467
0.156297604	0.839944765	-8.06800524	3.641096854415587
0.147642859	0.826516208	-8.08688558	3.641096854415587
0.155848579	0.845616245	-8.09076255	3.641096854415587
0.147601367	0.832931413	-8.1101241	3.5666682822354985
0.147642859	0.826516208	-8.08688558	3.5666682822354985
0.132470515	0.813899606	-8.10370139	3.5666682822354985
0.132372099	0.819841362	-8.12659946	3.572081338817183
0.147601367	0.832931413	-8.1101241	3.572081338817183
0.132470515	0.813899606	-8.10370139	3.572081338817183
0.132372099	0.819841362	-8.12659946	3.590701212404387
0.132470515	0.813899606	-8.10370139	3.590701212404387
0.11358059	0.806276136	-8.11713404	3.590701212404387
0.11358059	0.806276136	-8.11713404	3.5837023253387925
0.132470515	0.813899606	-8.10370139	3.5837023253387925
0.114628816	0.800608597	-8.09319626	3.5837023253387925
0.114628816	0.800608597	-8.09319626	3.618888768564911
0.132470515	0.813899606	-8.10370139	3.618888768564911
0.132125722	0.807618852	-8.08084994	3.618888768564911
0.132125722	0.807618852	-8.08084994	3.5715536678596655
0.132470515	0.813899606	-8.10370139	3.5715536678596655
0.147642859	0.826516208	-8.08688558	3.5715536678596655
0.131969314	0.825653367	-8.14995839	3.5710721944051005
0.132372099	0.819841362	-8.12659946	3.5710721944051005
0.112787148	0.812146982	-8.14146533	3.5710721944051005
0.112787148	0.812146982	-8.14146533	3.5581821678464727
0.132372099	0.819841362	-8.12659946	3.5581821678464727
0.11358059	0.806276136	-8.11713404	3.5581821678464727
0.147251955	0.838934008	-8.13362747	3.5635334628175572
0.147601367	0.832931413	-8.1101241	3.5635334628175572
0.132372099	0.819841362	-8.12659946	3.5635334628175572
0.131969314	0.825653367	-8.14995839	3.565538037648512
0.147251955	0.838934008	-8.13362747	3.565538037648512
0.132372099	0.819841362	-8.12659946	3.565538037648512
0.155387924	0.851434618	-8.11410928	3.644382868912515
0.147601367	0.832931413	-8.1101241	3.644382868912515
0.147251955	0.838934008	-8.13362747	3.644382868912515
0.154920108	0.857343441	-8.13781895	3.6421099542499284
0.147251955	0.838934008	-8.13362747	3.6421099542499284
0.146786485	0.844832731	-8.15743076	3.6421099542499284
0.155848579	0.845616245	-8.09076255	3.634985333759178
0.147642859	0.826516208	-8.08688558	3.634985333759178
0.147601367	0.832931413	-8.1101241	3.634985333759178
0.155848579	0.845616245	-8.09076255	3.6464968260234474
0.147601367	0.832931413	-8.1101241	3.6464968260234474
0.155387924	0.851434618	-8.11410928	3.6464968260234474
0.101620925	0.780005512	-8.02578235	3.4964705382503674
0.0790452473	0.780041243	-8.02530798	3.4964705382503674
0.0904009071	0.785849849	-8.05318206	3.4964705382503674
0.127198774	0.789294769	-8.0239947	3.5343052445622565
0.101620925	0.780005512	-8.02578235	3.5343052445622565
0.117591018	0.789766482	-8.04572697	3.5343052445622565
0.0904009071	0.785849849	-8.05318206	3.4777840664516178
0.114896761	0.794779981	-8.06984616	3.4777840664516178
0.117591018	0.789766482	-8.04572697	3.4777840664516178
0.0904009071	0.785849849	-8.05318206	3.4509786378212337
0.117591018	0.789766482	-8.04572697	3.4509786378212337
0.101620925	0.780005512	-8.02578235	3.4509786378212337
0.0790452473	0.780041243	-8.02530798	3.529715537425269
0.053696006	0.789536204	-8.02269783	3.529715537425269
0.0624769937	0.789936314	-8.04501865	3.529715537425269
0.0790452473	0.780041243	-8.02530798	3.4349697392018474
0.0624769937	0.789936314	-8.04501865	3.4349697392018474
0.0904009071	0.785849849	-8.05318206	3.4349697392018474
0.0460133699	0.803557713	-8.0593535	3.5948427390343602
0.0641258228	0.794961376	-8.06935656	3.5948427390343602
0.0624769937	0.789936314	-8.04501865	3.5948427390343602
0.0316611951	0.820059811	-8.06186249	3.634890678023688
0.0460133699	0.803557713	-8.0593535	3.634890678023688
0.0370340337	0.808064126	-8.03957326	3.634890678023688
0.0370340337	0.808064126	-8.03957326	3.467457781797403
0.0624769937	0.789936314	-8.04501865	3.467457781797403
0.053696006	0.789536204	-8.02269783	3.467457781797403
0.0624769937	0.789936314	-8.04501865	3.548219327969329
0.0370340337	0.808064126	-8.03957326	3.548219327969329
0.0460133699	0.803557713	-8.0593535	3.548219327969329
0.0316611951	0.820059811	-8.06186249	3.5618213037883795
0.0304146229	0.82689399	-8.08503706	3.5618213037883795
0.0463157381	0.807954789	-8.0798208	3.5618213037883795
0.0463157381	0.807954789	-8.0798208	3.6149980787668397
0.0633784001	0.800803097	-8.09277596	3.6149980787668397
0.0641258228	0.794961376	-8.06935656	3.6149980787668397
0.0463157381	0.807954789	-8.0798208	3.6612801460251108
0.0641258228	0.794961376	-8.06935656	3.6612801460251108
0.0460133699	0.803557713	-8.0593535	3.6612801460251108
0.0463157381	0.807954789	-8.0798208	3.6525664243953586
0.0460133699	0.803557713	-8.0593535	3.6525664243953586
0.0316611951	0.820059811	-8.06186249	3.6525664243953586
0.0201844467	0.852542928	-8.02980757	3.622602254023269
0.0197241061	0.858007183	-8.05202727	3.622602254023269
0.023018849	0.83466112	-8.04343454	3.622602254023269
0.0245898304	0.825134343	-8.01740173	3.5207856444517853
0.0201844467	0.852542928	-8.02980757	3.5207856444517853
0.023018849	0.83466112	-8.04343454	3.5207856444517853
0.0245898304	0.825134343	-8.01740173	3.4242507635429593
0.023018849	0.83466112	-8.04343454	3.4242507635429593
0.0370340337	0.808064126	-8.03957326	3.4242507635429593
0.023018849	0.83466112	-8.04343454	3.628208685768091
0.0197241061	0.858007183	-8.05202727	3.628208685768091
0.0225466682	0.840111621	-8.06539064	3.628208685768091
0.023018849	0.83466112	-8.04343454	3.631536526406289
0.0225466682	0.840111621	-8.06539064	3.631536526406289
0.0316611951	0.820059811	-8.06186249	3.631536526406289
0.0316611951	0.820059811	-8.06186249	3.612486995692602
0.0225466682	0.840111621	-8.06539064	3.612486995692602
0.0304146229	0.82689399	-8.08503706	3.612486995692602
0.0304146229	0.82689399	-8.08503706	3.6430845685677347
0.0225466682	0.840111621	-8.06539064	3.6430845685677347
0.0220568373	0.845765861	-8.08816745	3.6430845685677347
0.0370340337	0.808064126	-8.03957326	3.508659937381969
0.023018849	0.83466112	-8.04343454	3.508659937381969
0.0316611951	0.820059811	-8.06186249	3.508659937381969
0.0624769937	0.789936314	-8.04501865	3.4581075829396233
0.0641258228	0.794961376	-8.06935656	3.4581075829396233
0.0904009071	0.785849849	-8.05318206	3.4581075829396233
0.0641258228	0.794961376	-8.06935656	3.430254347311774
0.0633784001	0.800803097	-8.09277596	3.430254347311774
0.0940990794	0.793400042	-8.08323703	3.430254347311774
0.0940990794	0.793400042	-8.08323703	3.34987805635322
0.0904009071	0.785849849	-8.05318206	3.34987805635322
0.0641258228	0.794961376	-8.06935656	3.34987805635322
0.114628816	0.800608597	-8.09319626	3.5941229788850393
0.114896761	0.794779981	-8.06984616	3.5941229788850393
0.0940990794	0.793400042	-8.08323703	3.5941229788850393
0.0940990794	0.793400042	-8.08323703	3.452202606901823
0.114896761	0.794779981	-8.06984616	3.452202606901823
0.0904009071	0.785849849	-8.05318206	3.452202606901823
0.11358059	0.806276136	-8.11713404	3.585771996937552
0.114628816	0.800608597	-8.09319626	3.585771996937552
0.0934933447	0.799043047	-8.1062193	3.585771996937552
0.114628816	0.800608597	-8.09319626	3.5979486744632636
0.0940990794	0.793400042	-8.08323703	3.5979486744632636
0.0934933447	0.799043047	-8.1062193	3.5979486744632636
0.0633784001	0.800803097	-8.09277596	3.425648000172401
0.0633877997	0.806460721	-8.11673279	3.425648000172401
0.0934933447	0.799043047	-8.1062193	3.425648000172401
0.0934933447	0.799043047	-8.1062193	3.437910859711737
0.0940990794	0.793400042	-8.08323703	3.437910859711737
0.0633784001	0.800803097	-8.09277596	3.437910859711737
0.0633877997	0.806460721	-8.11673279	3.430848999339133
0.0631265173	0.812306117	-8.1410036	3.430848999339133
0.092591158	0.804983594	-8.13047952	3.430848999339133
0.092591158	0.804983594	-8.13047952	3.4257322792769265
0.0934933447	0.799043047	-8.1062193	3.4257322792769265
0.0633877997	0.806460721	-8.11673279	3.4257322792769265
0.0922188924	0.811124424	-8.15541409	3.4194288614990023
0.092591158	0.804983594	-8.13047952	3.4194288614990023
0.0631265173	0.812306117	-8.1410036	3.4194288614990023
0.11358059	0.806276136	-8.11713404	3.5811615341013496
0.0934933447	0.799043047	-8.1062193	3.5811615341013496
0.092591158	0.804983594	-8.13047952	3.5811615341013496
0.112787148	0.812146982	-8.14146533	3.579316205041481
0.11358059	0.806276136	-8.11713404	3.579316205041481
0.092591158	0.804983594	-8.13047952	3.579316205041481
0.0922188924	0.811124424	-8.15541409	3.5727471385297416
0.112787148	0.812146982	-8.14146533	3.5727471385297416
0.092591158	0.804983594	-8.13047952	3.5727471385297416
0.0294942092	0.833262578	-8.10826111	3.5627116609625884
0.0288739	0.839204219	-8.13170483	3.5627116609625884
0.0441166801	0.820131613	-8.12553512	3.5627116609625884
0.0288739	0.839204219	-8.13170483	3.5589611781225643
0.0283591271	0.845025675	-8.15538835	3.5589611781225643
0.0435304524	0.825884474	-8.14877015	3.5589611781225643
0.0288739	0.839204219	-8.13170483	3.5661745439081654
0.0435304524	0.825884474	-8.14877015	3.5661745439081654
0.0441166801	0.820131613	-8.12553512	3.5661745439081654
0.0304146229	0.82689399	-8.08503706	3.564058538252493
0.0294942092	0.833262578	-8.10826111	3.564058538252493
0.0449920543	0.814225235	-8.10268723	3.564058538252493
0.0294942092	0.833262578	-8.10826111	3.5704357134144336
0.0441166801	0.820131613	-8.12553512	3.5704357134144336
0.0449920543	0.814225235	-8.10268723	3.5704357134144336
0.0304146229	0.82689399	-8.08503706	3.636979278548151
0.0220568373	0.845765861	-8.08816745	3.636979278548151
0.0294942092	0.833262578	-8.10826111	3.636979278548151
0.0294942092	0.833262578	-8.10826111	3.648504836772977
0.0220568373	0.845765861	-8.08816745	3.648504836772977
0.0215547702	0.851561346	-8.11151324	3.648504836772977
0.0294942092	0.833262578	-8.10826111	3.64727261360207
0.0215547702	0.851561346	-8.11151324	3.64727261360207
0.0288739	0.839204219	-8.13170483	3.64727261360207
0.0288739	0.839204219	-8.13170483	3.645772950919933
0.0210453617	0.857441575	-8.1352004	3.645772950919933
0.0283591271	0.845025675	-8.15538835	3.645772950919933
0.0449920543	0.814225235	-8.10268723	3.5891577568440853
0.0441166801	0.820131613	-8.12553512	3.5891577568440853
0.0633877997	0.806460721	-8.11673279	3.5891577568440853
0.0449920543	0.814225235	-8.10268723	3.5810252620689833
0.0633877997	0.806460721	-8.11673279	3.5810252620689833
0.0633784001	0.800803097	-8.09277596	3.5810252620689833
0.0449920543	0.814225235	-8.10268723	3.6151964772554006
0.0633784001	0.800803097	-8.09277596	3.6151964772554006
0.0463157381	0.807954789	-8.0798208	3.6151964772554006
0.0449920543	0.814225235	-8.10268723	3.5675260865940777
0.0463157381	0.807954789	-8.0798208	3.5675260865940777
0.0304146229	0.82689399	-8.08503706	3.5675260865940777
0.0441166801	0.820131613	-8.12553512	3.571708008246862
0.0435304524	0.825884474	-8.14877015	3.571708008246862
0.0631265173	0.812306117	-8.1410036	3.571708008246862
0.0441166801	0.820131613	-8.12553512	3.5573794729751826
0.0631265173	0.812306117	-8.1410036	3.5573794729751826
0.0633877997	0.806460721	-8.11673279	3.5573794729751826
0.0631265173	0.812306117	-8.1410036	3.556916363478176
0.0435304524	0.825884474	-8.14877015	3.556916363478176
0.0621022827	0.818442685	-8.16520856	3.556916363478176
0.0329944486	0.848505096	-8.20214352	3.570600731786047
0.051536284	0.83333038	-8.20625942	3.570600731786047
0.0420463816	0.834876953	-8.18293158	3.570600731786047
0.0420463816	0.834876953	-8.18293158	3.6167211586066252
0.0275096603	0.851471959	-8.17940915	3.6167211586066252
0.0329944486	0.848505096	-8.20214352	3.6167211586066252
0.0420463816	0.834876953	-8.18293158	3.6167931352367866
0.051536284	0.83333038	-8.20625942	3.6167931352367866
0.063044389	0.824140944	-8.19084157	3.6167931352367866
0.0621022827	0.818442685	-8.16520856	3.4993766216902387
0.0420463816	0.834876953	-8.18293158	3.4993766216902387
0.063044389	0.824140944	-8.19084157	3.4993766216902387
0.051536284	0.83333038	-8.20625942	3.579761108362335
0.0329944486	0.848505096	-8.20214352	3.579761108362335
0.0562611619	0.857023431	-8.20053073	3.579761108362335
0.0283591271	0.845025675	-8.15538835	3.5568348054022523
0.0275096603	0.851471959	-8.17940915	3.5568348054022523
0.0420463816	0.834876953	-8.18293158	3.5568348054022523
0.0420463816	0.834876953	-8.18293158	3.4048240536259606
0.0621022827	0.818442685	-8.16520856	3.4048240536259606
0.0435304524	0.825884474	-8.14877015	3.4048240536259606
0.0435304524	0.825884474	-8.14877015	3.4036201252136946
0.0283591271	0.845025675	-8.15538835	3.4036201252136946
0.0420463816	0.834876953	-8.18293158	3.4036201252136946
0.112756753	0.818323166	-8.16582624	3.57813633151661
0.112787148	0.812146982	-8.14146533	3.57813633151661
0.0922188924	0.811124424	-8.15541409	3.57813633151661
0.112756753	0.818323166	-8.16582624	3.4093329476734797
0.0922188924	0.811124424	-8.15541409	3.4093329476734797
0.0866093909	0.819106493	-8.18840675	3.4093329476734797
0.0631265173	0.812306117	-8.1410036	3.4261571126882884
0.0621022827	0.818442685	-8.16520856	3.4261571126882884
0.0922188924	0.811124424	-8.15541409	3.4261571126882884
0.0922188924	0.811124424	-8.15541409	3.312735110722429
0.0621022827	0.818442685	-8.16520856	3.312735110722429
0.0866093909	0.819106493	-8.18840675	3.312735110722429
0.0986404197	0.825256082	-8.20922094	3.6691619600805203
0.121521266	0.83333038	-8.20770935	3.6691619600805203
0.110553752	0.824038995	-8.19164879	3.6691619600805203
0.0986404197	0.825256082	-8.20922094	3.624361477723305
0.110553752	0.824038995	-8.19164879	3.624361477723305
0.0866093909	0.819106493	-8.18840675	3.624361477723305
0.110553752	0.824038995	-8.19164879	3.4869106227702504
0.112756753	0.818323166	-8.16582624	3.4869106227702504
0.0866093909	0.819106493	-8.18840675	3.4869106227702504
0.051536284	0.83333038	-8.20625942	3.6740394347904357
0.0743348905	0.825256082	-8.20871738	3.6740394347904357
0.063044389	0.824140944	-8.19084157	3.6740394347904357
0.063044389	0.824140944	-8.19084157	3.633915048418894
0.0743348905	0.825256082	-8.20871738	3.633915048418894
0.0866093909	0.819106493	-8.18840675	3.633915048418894
0.0621022827	0.818442685	-8.16520856	3.499872266474388
0.063044389	0.824140944	-8.19084157	3.499872266474388
0.0866093909	0.819106493	-8.18840675	3.499872266474388
0.0866093909	0.819106493	-8.18840675	3.583592190486339
0.0743348905	0.825256082	-8.20871738	3.583592190486339
0.0986404197	0.825256082	-8.20922094	3.583592190486339
0.0865947264	0.846280572	-8.20380105	3.402009315435823
0.0743348905	0.825256082	-8.20871738	3.402009315435823
0.0562611619	0.857023431	-8.20053073	3.402009315435823
0.0986404197	0.825256082	-8.20922094	3.5797610850627937
0.0743348905	0.825256082	-8.20871738	3.5797610850627937
0.0865947264	0.846280572	-8.20380105	3.5797610850627937
0.0743348905	0.825256082	-8.20871738	3.526024465742884
0.051536284	0.83333038	-8.20625942	3.526024465742884
0.0562611619	0.857023431	-8.20053073	3.526024465742884
0.121521266	0.83333038	-8.20770935	3.5140973516296565
0.0986404197	0.825256082	-8.20922094	3.5140973516296565
0.116051653	0.857379225	-8.20168196	3.5140973516296565
0.0986404197	0.825256082	-8.20922094	3.4113921404955274
0.0865947264	0.846280572	-8.20380105	3.4113921404955274
0.116051653	0.857379225	-8.20168196	3.4113921404955274
0.146786485	0.844832731	-8.15743076	3.5579854166136875
0.147251955	0.838934008	-8.13362747	3.5579854166136875
0.131969314	0.825653367	-8.14995839	3.5579854166136875
0.146639564	0.851376053	-8.18166187	3.553708485817685
0.146786485	0.844832731	-8.15743076	3.553708485817685
0.131995665	0.83477295	-8.1844889	3.553708485817685
0.146786485	0.844832731	-8.15743076	3.4004345458200818
0.131969314	0.825653367	-8.14995839	3.4004345458200818
0.131995665	0.83477295	-8.1844889	3.4004345458200818
0.131969314	0.825653367	-8.14995839	3.4015061660517345
0.112756753	0.818323166	-8.16582624	3.4015061660517345
0.131995665	0.83477295	-8.1844889	3.4015061660517345
0.131969314	0.825653367	-8.14995839	3.5558878842684547
0.112787148	0.812146982	-8.14146533	3.5558878842684547
0.112756753	0.818323166	-8.16582624	3.5558878842684547
0.121521266	0.83333038	-8.20770935	3.5642951501812257
0.140217662	0.848505096	-8.20436494	3.5642951501812257
0.131995665	0.83477295	-8.1844889	3.5642951501812257
0.146639564	0.851376053	-8.18166187	3.611838899982489
0.131995665	0.83477295	-8.1844889	3.611838899982489
0.140217662	0.848505096	-8.20436494	3.611838899982489
0.121521266	0.83333038	-8.20770935	3.608616055593759
0.131995665	0.83477295	-8.1844889	3.608616055593759
0.110553752	0.824038995	-8.19164879	3.608616055593759
0.110553752	0.824038995	-8.19164879	3.493626575244748
0.131995665	0.83477295	-8.1844889	3.493626575244748
0.112756753	0.818323166	-8.16582624	3.493626575244748
0.140217662	0.848505096	-8.20436494	3.5617688367992217
0.121521266	0.83333038	-8.20770935	3.5617688367992217
0.116051653	0.857379225	-8.20168196	3.5617688367992217
0.140217662	0.848505096	-8.20436494	3.582584930147488
0.152474546	0.868949936	-8.19959109	3.582584930147488
0.146639564	0.851376053	-8.18166187	3.582584930147488
0.152474546	0.868949936	-8.19959109	3.507990036159172
0.140217662	0.848505096	-8.20436494	3.507990036159172
0.116051653	0.857379225	-8.20168196	3.507990036159172
0.128352935	0.886403473	-8.19479918	3.3268595143421122
0.152474546	0.868949936	-8.19959109	3.3268595143421122
0.116051653	0.857379225	-8.20168196	3.3268595143421122
0.156813557	0.892198951	-8.1939636	3.4843694840989974
0.152474546	0.868949936	-8.19959109	3.4843694840989974
0.128352935	0.886403473	-8.19479918	3.4843694840989974
0.156813557	0.892198951	-8.1939636	3.3738098327774533
0.128352935	0.886403473	-8.19479918	3.3738098327774533
0.12788751	0.91515814	-8.18771821	3.3738098327774533
0.128352935	0.886403473	-8.19479918	3.5669584629840063
0.109767109	0.903870241	-8.19011871	3.5669584629840063
0.12788751	0.91515814	-8.18771821	3.5669584629840063
0.1572953	0.88648085	-8.17071083	3.6078016042871317
0.157777044	0.880762749	-8.14745805	3.6078016042871317
0.154444962	0.863344838	-8.16190008	3.6078016042871317
0.154920108	0.857343441	-8.13781895	3.6364991623205505
0.146786485	0.844832731	-8.15743076	3.6364991623205505
0.154444962	0.863344838	-8.16190008	3.6364991623205505
0.154444962	0.863344838	-8.16190008	3.6365284399439393
0.146786485	0.844832731	-8.15743076	3.6365284399439393
0.146639564	0.851376053	-8.18166187	3.6365284399439393
0.154920108	0.857343441	-8.13781895	3.591600660589646
0.154444962	0.863344838	-8.16190008	3.591600660589646
0.157777044	0.880762749	-8.14745805	3.591600660589646
0.157777044	0.880762749	-8.14745805	3.610620135132873
0.1572953	0.88648085	-8.17071083	3.610620135132873
0.154644202	0.903285265	-8.1541889	3.610620135132873
0.154644202	0.903285265	-8.1541889	3.408146214987838
0.1572953	0.88648085	-8.17071083	3.408146214987838
0.152711346	0.915447965	-8.18816123	3.408146214987838
0.1572953	0.88648085	-8.17071083	3.535919573270573
0.156813557	0.892198951	-8.1939636	3.535919573270573
0.152711346	0.915447965	-8.18816123	3.535919573270573
0.156813557	0.892198951	-8.1939636	3.535919546100174
0.1572953	0.88648085	-8.17071083	3.535919546100174
0.152474546	0.868949936	-8.19959109	3.535919546100174
0.154444962	0.863344838	-8.16190008	3.508073918025584
0.146639564	0.851376053	-8.18166187	3.508073918025584
0.152474546	0.868949936	-8.19959109	3.508073918025584
0.1572953	0.88648085	-8.17071083	3.3796969867674336
0.154444962	0.863344838	-8.16190008	3.3796969867674336
0.152474546	0.868949936	-8.19959109	3.3796969867674336
0.152711346	0.915447965	-8.18816123	3.6044026223841477
0.140662701	0.935892805	-8.18288383	3.6044026223841477
0.146993186	0.922996366	-8.16514327	3.6044026223841477
0.147151949	0.917746917	-8.1415744	3.651640776866537
0.154644202	0.903285265	-8.1541889	3.651640776866537
0.146993186	0.922996366	-8.16514327	3.651640776866537
0.146993186	0.922996366	-8.16514327	3.530400253279892
0.154644202	0.903285265	-8.1541889	3.530400253279892
0.152711346	0.915447965	-8.18816123	3.530400253279892
0.140662701	0.935892805	-8.18288383	3.5791201216004946
0.122120865	0.951067521	-8.17876793	3.5791201216004946
0.132479155	0.939129865	-8.15961196	3.5791201216004946
0.132479155	0.939129865	-8.15961196	3.6236164891378118
0.122120865	0.951067521	-8.17876793	3.6236164891378118
0.111327583	0.9519874	-8.16051564	3.6236164891378118
0.113377672	0.945215074	-8.13541263	3.503343467157736
0.132479155	0.939129865	-8.15961196	3.503343467157736
0.111327583	0.9519874	-8.16051564	3.503343467157736
0.147151949	0.917746917	-8.1415744	3.569415788439349
0.146993186	0.922996366	-8.16514327	3.569415788439349
0.132479155	0.939129865	-8.15961196	3.569415788439349
0.132479155	0.939129865	-8.15961196	3.629193842394993
0.146993186	0.922996366	-8.16514327	3.629193842394993
0.140662701	0.935892805	-8.18288383	3.629193842394993
0.140662701	0.935892805	-8.18288383	3.5797610968193934
0.152711346	0.915447965	-8.18816123	3.5797610968193934
0.12788751	0.91515814	-8.18771821	3.5797610968193934
0.152711346	0.915447965	-8.18816123	3.526024452790972
0.156813557	0.892198951	-8.1939636	3.526024452790972
0.12788751	0.91515814	-8.18771821	3.526024452790972
0.122120865	0.951067521	-8.17876793	3.52602444420829
0.140662701	0.935892805	-8.18288383	3.52602444420829
0.12788751	0.91515814	-8.18771821	3.52602444420829
0.102819675	0.929818243	-8.18359366	3.376698011957297
0.122120865	0.951067521	-8.17876793	3.376698011957297
0.12788751	0.91515814	-8.18771821	3.376698011957297
0.0895101295	0.889076548	-8.19333709	3.5482771036793563
0.0869412488	0.914323623	-8.18707512	3.5482771036793563
0.109767109	0.903870241	-8.19011871	3.5482771036793563
0.0895101295	0.889076548	-8.19333709	3.673115578372735
0.109767109	0.903870241	-8.19011871	3.673115578372735
0.106499166	0.881136614	-8.19564165	3.673115578372735
0.0895101295	0.889076548	-8.19333709	3.808727817837791
0.106499166	0.881136614	-8.19564165	3.808727817837791
0.0941125032	0.869171646	-8.19832744	3.808727817837791
0.109767109	0.903870241	-8.19011871	3.607309148522616
0.128352935	0.886403473	-8.19479918	3.607309148522616
0.106499166	0.881136614	-8.19564165	3.607309148522616
0.0644155045	0.89604086	-8.19110453	3.4988398210060963
0.0869412488	0.914323623	-8.18707512	3.4988398210060963
0.0895101295	0.889076548	-8.19333709	3.4988398210060963
0.0644155045	0.89604086	-8.19110453	3.583710648949289
0.0895101295	0.889076548	-8.19333709	3.583710648949289
0.0727987357	0.873535298	-8.19681276	3.583710648949289
0.0644155045	0.89604086	-8.19110453	3.571457566933165
0.0727987357	0.873535298	-8.19681276	3.571457566933165
0.0458983887	0.88361873	-8.19377574	3.571457566933165
0.0895101295	0.889076548	-8.19333709	3.681632622150201
0.0941125032	0.869171646	-8.19832744	3.681632622150201
0.0727987357	0.873535298	-8.19681276	3.681632622150201
0.0727987357	0.873535298	-8.19681276	3.5716040504525397
0.0941125032	0.869171646	-8.19832744	3.5716040504525397
0.0865947264	0.846280572	-8.20380105	3.5716040504525397
0.0562611619	0.857023431	-8.20053073	3.4566260169898033
0.0727987357	0.873535298	-8.19681276	3.4566260169898033
0.0865947264	0.846280572	-8.20380105	3.4566260169898033
0.128352935	0.886403473	-8.19479918	3.5326978147101253
0.116051653	0.857379225	-8.20168196	3.5326978147101253
0.106499166	0.881136614	-8.19564165	3.5326978147101253
0.106499166	0.881136614	-8.19564165	3.6769251928654714
0.116051653	0.857379225	-8.20168196	3.6769251928654714
0.0941125032	0.869171646	-8.19832744	3.6769251928654714
0.0941125032	0.869171646	-8.19832744	3.516704457620224
0.116051653	0.857379225	-8.20168196	3.516704457620224
0.0865947264	0.846280572	-8.20380105	3.516704457620224
0.122120865	0.951067521	-8.17876793	3.676769632990418
0.0993222587	0.959141819	-8.17630997	3.676769632990418
0.111327583	0.9519874	-8.16051564	3.676769632990418
0.111327583	0.9519874	-8.16051564	3.634849751162715
0.0993222587	0.959141819	-8.17630997	3.634849751162715
0.0879212852	0.955052734	-8.15498674	3.634849751162715
0.113377672	0.945215074	-8.13541263	3.5027616685271945
0.111327583	0.9519874	-8.16051564	3.5027616685271945
0.0879212852	0.955052734	-8.15498674	3.5027616685271945
0.0993222587	0.959141819	-8.17630997	3.4818098512289906
0.122120865	0.951067521	-8.17876793	3.4818098512289906
0.102819675	0.929818243	-8.18359366	3.4818098512289906
0.0993222587	0.959141819	-8.17630997	3.325693090483433
0.102819675	0.929818243	-8.18359366	3.325693090483433
0.0708790569	0.935348113	-8.18157202	3.325693090483433
0.0869412488	0.914323623	-8.18707512	3.5724712768075824
0.102819675	0.929818243	-8.18359366	3.5724712768075824
0.109767109	0.903870241	-8.19011871	3.5724712768075824
0.109767109	0.903870241	-8.19011871	3.548927810803416
0.102819675	0.929818243	-8.18359366	3.548927810803416
0.12788751	0.91515814	-8.18771821	3.548927810803416
0.0644155045	0.89604086	-8.19110453	3.360158836564096
0.0460034872	0.91515814	-8.18602176	3.360158836564096
0.0708790569	0.935348113	-8.18157202	3.360158836564096
0.0708790569	0.935348113	-8.18157202	3.5227366578613393
0.102819675	0.929818243	-8.18359366	3.5227366578613393
0.0869412488	0.914323623	-8.18707512	3.5227366578613393
0.0708790569	0.935348113	-8.18157202	3.4032527276079976
0.0869412488	0.914323623	-8.18707512	3.4032527276079976
0.0644155045	0.89604086	-8.19110453	3.4032527276079976
0.0521358832	0.951067521	-8.177318	3.5797611084600947
0.0750167295	0.959141819	-8.17580641	3.5797611084600947
0.0708790569	0.935348113	-8.18157202	3.5797611084600947
0.0750167295	0.959141819	-8.17580641	3.5260244554664197
0.0993222587	0.959141819	-8.17630997	3.5260244554664197
0.0708790569	0.935348113	-8.18157202	3.5260244554664197
0.0750167295	0.959141819	-8.17580641	3.676779520892881
0.0521358832	0.951067521	-8.177318	3.676779520892881
0.0638081777	0.952033781	-8.15952012	3.676779520892881
0.0750167295	0.959141819	-8.17580641	3.6275974377668647
0.0638081777	0.952033781	-8.15952012	3.6275974377668647
0.0879212852	0.955052734	-8.15498674	3.6275974377668647
0.0638081777	0.952033781	-8.15952012	3.4937957935175925
0.0626666689	0.945215278	-8.13436383	3.4937957935175925
0.0879212852	0.955052734	-8.15498674	3.4937957935175925
0.0879212852	0.955052734	-8.15498674	3.583290618664879
0.0993222587	0.959141819	-8.17630997	3.583290618664879
0.0750167295	0.959141819	-8.17580641	3.583290618664879
0.0278491412	0.922996276	-8.16267524	3.5694287148107504
0.0286664292	0.917746591	-8.13912098	3.5694287148107504
0.0425798758	0.939129823	-8.15774946	3.5694287148107504
0.0278491412	0.922996276	-8.16267524	3.6291947296584675
0.0425798758	0.939129823	-8.15774946	3.6291947296584675
0.0334394874	0.935892805	-8.18066241	3.6291947296584675
0.0521358832	0.951067521	-8.177318	3.5791201194416917
0.0334394874	0.935892805	-8.18066241	3.5791201194416917
0.0425798758	0.939129823	-8.15774946	3.5791201194416917
0.0521358832	0.951067521	-8.177318	3.620872352523466
0.0425798758	0.939129823	-8.15774946	3.620872352523466
0.0638081777	0.952033781	-8.15952012	3.620872352523466
0.0638081777	0.952033781	-8.15952012	3.501298554011761
0.0425798758	0.939129823	-8.15774946	3.501298554011761
0.0626666689	0.945215278	-8.13436383	3.501298554011761
0.0211826035	0.915447965	-8.18543626	3.579761092256797
0.0334394874	0.935892805	-8.18066241	3.579761092256797
0.0460034872	0.91515814	-8.18602176	3.579761092256797
0.0334394874	0.935892805	-8.18066241	3.526024458993588
0.0521358832	0.951067521	-8.177318	3.526024458993588
0.0460034872	0.91515814	-8.18602176	3.526024458993588
0.0521358832	0.951067521	-8.177318	3.402009319977164
0.0708790569	0.935348113	-8.18157202	3.402009319977164
0.0460034872	0.91515814	-8.18602176	3.402009319977164
0.0334394874	0.935892805	-8.18066241	3.604409604368171
0.0211826035	0.915447965	-8.18543626	3.604409604368171
0.0278491412	0.922996276	-8.16267524	3.604409604368171
0.0168435925	0.892198951	-8.19106375	3.5260244521470017
0.0211826035	0.915447965	-8.18543626	3.5260244521470017
0.0460034872	0.91515814	-8.18602176	3.5260244521470017
0.0206584476	0.903285162	-8.1514135	3.651663820526046
0.0286664292	0.917746591	-8.13912098	3.651663820526046
0.0278491412	0.922996276	-8.16267524	3.651663820526046
0.0206584476	0.903285162	-8.1514135	3.530407590443244
0.0278491412	0.922996276	-8.16267524	3.530407590443244
0.0211826035	0.915447965	-8.18543626	3.530407590443244
0.0173253292	0.886480724	-8.16781131	3.6106236949924053
0.0178070659	0.880762498	-8.14455887	3.6106236949924053
0.0206584476	0.903285162	-8.1514135	3.6106236949924053
0.0173253292	0.886480724	-8.16781131	3.4081502975980853
0.0206584476	0.903285162	-8.1514135	3.4081502975980853
0.0211826035	0.915447965	-8.18543626	3.4081502975980853
0.0178070659	0.880762498	-8.14455887	3.608573109792436
0.0173253292	0.886480724	-8.16781131	3.608573109792436
0.0205284497	0.863408421	-8.15923648	3.608573109792436
0.0283591271	0.845025675	-8.15538835	3.6383398128385847
0.0210453617	0.857441575	-8.1352004	3.6383398128385847
0.0205284497	0.863408421	-8.15923648	3.6383398128385847
0.0283591271	0.845025675	-8.15538835	3.640885853373668
0.0205284497	0.863408421	-8.15923648	3.640885853373668
0.0275096603	0.851471959	-8.17940915	3.640885853373668
0.0205284497	0.863408421	-8.15923648	3.593454202470862
0.0210453617	0.857441575	-8.1352004	3.593454202470862
0.0178070659	0.880762498	-8.14455887	3.593454202470862
0.0205284497	0.863408421	-8.15923648	3.3817071579827185
0.0173253292	0.886480724	-8.16781131	3.3817071579827185
0.0209458033	0.868949936	-8.19686612	3.3817071579827185
0.0209458033	0.868949936	-8.19686612	3.587305885039432
0.0329944486	0.848505096	-8.20214352	3.587305885039432
0.0275096603	0.851471959	-8.17940915	3.587305885039432
0.0275096603	0.851471959	-8.17940915	3.5104347792975115
0.0205284497	0.863408421	-8.15923648	3.5104347792975115
0.0209458033	0.868949936	-8.19686612	3.5104347792975115
0.0329944486	0.848505096	-8.20214352	3.526024463207378
0.0209458033	0.868949936	-8.19686612	3.526024463207378
0.0562611619	0.857023431	-8.20053073	3.526024463207378
0.0209458033	0.868949936	-8.19686612	3.3766979933317915
0.0458983887	0.88361873	-8.19377574	3.3766979933317915
0.0562611619	0.857023431	-8.20053073	3.3766979933317915
0.0458983887	0.88361873	-8.19377574	3.5021998617340535
0.0727987357	0.873535298	-8.19681276	3.5021998617340535
0.0562611619	0.857023431	-8.20053073	3.5021998617340535
0.0458983887	0.88361873	-8.19377574	3.3256930540472234
0.0168435925	0.892198951	-8.19106375	3.3256930540472234
0.0460034872	0.91515814	-8.18602176	3.3256930540472234
0.0458983887	0.88361873	-8.19377574	3.522736638672638
0.0460034872	0.91515814	-8.18602176	3.522736638672638
0.0644155045	0.89604086	-8.19110453	3.522736638672638
0.0168435925	0.892198951	-8.19106375	3.535924829631333
0.0173253292	0.886480724	-8.16781131	3.535924829631333
0.0211826035	0.915447965	-8.18543626	3.535924829631333
0.0173253292	0.886480724	-8.16781131	3.5359248232367086
0.0168435925	0.892198951	-8.19106375	3.5359248232367086
0.0209458033	0.868949936	-8.19686612	3.5359248232367086
0.0209458033	0.868949936	-8.19686612	3.4818098213226216
0.0168435925	0.892198951	-8.19106375	3.4818098213226216
0.0458983887	0.88361873	-8.19377574	3.4818098213226216
