x y z
0.0 3.038 6.185
0.0 3.08041462 5.95878868
NaN NaN NaN
0.0 3.038 6.185
0.0 2.77146232 6.07348934
NaN NaN NaN
0.0 3.038 6.185
0.014641077 3.04550824 5.89067681
NaN NaN NaN
0.0 3.038 6.185
-0.014641077 3.04550824 5.89067681
NaN NaN NaN
0.0 3.08041462 5.95878868
0.014641077 3.04550824 5.89067681
NaN NaN NaN
0.0 3.08041462 5.95878868
-0.014641077 3.04550824 5.89067681
NaN NaN NaN
0.0 3.08041462 5.95878868
0.0 3.11862838 5.75498196
NaN NaN NaN
0.0 2.77146232 6.07348934
0.014641077 3.04550824 5.89067681
NaN NaN NaN
0.0 2.77146232 6.07348934
-0.014641077 3.04550824 5.89067681
NaN NaN NaN
0.0 2.77146232 6.07348934
-0.0180491388 2.79047833 5.71473865
NaN NaN NaN
0.0 2.77146232 6.07348934
0.0 2.45574259 5.94140251
NaN NaN NaN
0.0 2.77146232 6.07348934
0.0189250135 2.68562418 5.65307585
NaN NaN NaN
0.014641077 3.04550824 5.89067681
0.0 3.11862838 5.75498196
NaN NaN NaN
0.014641077 3.04550824 5.89067681
0.0271261023 3.05191082 5.63969579
NaN NaN NaN
0.014641077 3.04550824 5.89067681
0.0189250135 2.68562418 5.65307585
NaN NaN NaN
-0.014641077 3.04550824 5.89067681
0.0 3.11862838 5.75498196
NaN NaN NaN
-0.014641077 3.04550824 5.89067681
-0.0180491388 2.79047833 5.71473865
NaN NaN NaN
-0.014641077 3.04550824 5.89067681
-0.0271261023 3.05191082 5.63969579
NaN NaN NaN
0.0 3.11862838 5.75498196
0.0271261023 3.05191082 5.63969579
NaN NaN NaN
0.0 3.11862838 5.75498196
-0.0271261023 3.05191082 5.63969579
NaN NaN NaN
0.0 3.11862838 5.75498196
0.0 3.15263664 5.57360459
NaN NaN NaN
-0.0180491388 2.79047833 5.71473865
-0.0271261023 3.05191082 5.63969579
NaN NaN NaN
-0.0180491388 2.79047833 5.71473865
0.0 2.45574259 5.94140251
NaN NaN NaN
-0.0180491388 2.79047833 5.71473865
-0.0354944909 2.84479314 5.38302303
NaN NaN NaN
-0.0180491388 2.79047833 5.71473865
-0.0310331628 2.57345288 5.36014442
NaN NaN NaN
0.0271261023 3.05191082 5.63969579
0.0 3.15263664 5.57360459
NaN NaN NaN
0.0271261023 3.05191082 5.63969579
0.0189250135 2.68562418 5.65307585
NaN NaN NaN
0.0271261023 3.05191082 5.63969579
0.039 3.058 5.401
NaN NaN NaN
0.0271261023 3.05191082 5.63969579
0.0354944909 2.84479314 5.38302303
NaN NaN NaN
-0.0271261023 3.05191082 5.63969579
0.0 3.15263664 5.57360459
NaN NaN NaN
-0.0271261023 3.05191082 5.63969579
-0.039 3.058 5.401
NaN NaN NaN
-0.0271261023 3.05191082 5.63969579
-0.0354944909 2.84479314 5.38302303
NaN NaN NaN
0.0 3.15263664 5.57360459
0.039 3.058 5.401
NaN NaN NaN
0.0 3.15263664 5.57360459
-0.039 3.058 5.401
NaN NaN NaN
0.0 3.15263664 5.57360459
0.0 3.185 5.401
NaN NaN NaN
0.0 2.45574259 5.94140251
0.0189250135 2.68562418 5.65307585
NaN NaN NaN
0.0 2.45574259 5.94140251
-0.0310331628 2.57345288 5.36014442
NaN NaN NaN
0.0 2.45574259 5.94140251
0.0 2.07824206 5.78346862
NaN NaN NaN
0.0 2.45574259 5.94140251
-0.0251991024 2.21862233 5.33022617
NaN NaN NaN
0.0189250135 2.68562418 5.65307585
0.0354944909 2.84479314 5.38302303
NaN NaN NaN
0.0189250135 2.68562418 5.65307585
0.0310331628 2.57345288 5.36014442
NaN NaN NaN
0.0189250135 2.68562418 5.65307585
0.0 2.07824206 5.78346862
NaN NaN NaN
0.039 3.058 5.401
0.0 3.185 5.401
NaN NaN NaN
0.039 3.058 5.401
0.0354944909 2.84479314 5.38302303
NaN NaN NaN
0.039 3.058 5.401
0.045918641 2.84685008 5.28942597
NaN NaN NaN
0.039 3.058 5.401
0.03800541 2.94718174 5.22658033
NaN NaN NaN
0.039 3.058 5.401
0.0195 3.0725 5.205
NaN NaN NaN
0.039 3.058 5.401
0.0 3.136 5.205
NaN NaN NaN
-0.039 3.058 5.401
0.0 3.185 5.401
NaN NaN NaN
-0.039 3.058 5.401
-0.0354944909 2.84479314 5.38302303
NaN NaN NaN
-0.039 3.058 5.401
-0.0457317268 2.85255451 5.29244025
NaN NaN NaN
-0.039 3.058 5.401
-0.03800541 2.94718174 5.22658033
NaN NaN NaN
-0.039 3.058 5.401
-0.0195 3.0725 5.205
NaN NaN NaN
-0.039 3.058 5.401
0.0 3.136 5.205
NaN NaN NaN
0.0 3.185 5.401
0.0 3.136 5.205
NaN NaN NaN
0.0354944909 2.84479314 5.38302303
0.045918641 2.84685008 5.28942597
NaN NaN NaN
0.0354944909 2.84479314 5.38302303
0.0310331628 2.57345288 5.36014442
NaN NaN NaN
-0.0354944909 2.84479314 5.38302303
-0.0457317268 2.85255451 5.29244025
NaN NaN NaN
-0.0354944909 2.84479314 5.38302303
-0.0310331628 2.57345288 5.36014442
NaN NaN NaN
-0.0457317268 2.85255451 5.29244025
-0.0310331628 2.57345288 5.36014442
NaN NaN NaN
-0.0457317268 2.85255451 5.29244025
-0.03800541 2.94718174 5.22658033
NaN NaN NaN
-0.0457317268 2.85255451 5.29244025
-0.054374326 2.58879114 5.15306467
NaN NaN NaN
-0.0457317268 2.85255451 5.29244025
-0.0368566086 2.81918108 5.02511684
NaN NaN NaN
0.045918641 2.84685008 5.28942597
0.0310331628 2.57345288 5.36014442
NaN NaN NaN
0.045918641 2.84685008 5.28942597
0.03800541 2.94718174 5.22658033
NaN NaN NaN
0.045918641 2.84685008 5.28942597
0.0549355832 2.57166214 5.14401351
NaN NaN NaN
0.045918641 2.84685008 5.28942597
0.0368566086 2.81918108 5.02511684
NaN NaN NaN
0.0310331628 2.57345288 5.36014442
0.0 2.07824206 5.78346862
NaN NaN NaN
0.0310331628 2.57345288 5.36014442
0.0549355832 2.57166214 5.14401351
NaN NaN NaN
0.0310331628 2.57345288 5.36014442
0.0251991024 2.21862233 5.33022617
NaN NaN NaN
-0.0310331628 2.57345288 5.36014442
-0.054374326 2.58879114 5.15306467
NaN NaN NaN
-0.0310331628 2.57345288 5.36014442
-0.0251991024 2.21862233 5.33022617
NaN NaN NaN
0.03800541 2.94718174 5.22658033
0.0195 3.0725 5.205
NaN NaN NaN
0.03800541 2.94718174 5.22658033
0.0 3.087 5.009
NaN NaN NaN
0.03800541 2.94718174 5.22658033
0.0368566086 2.81918108 5.02511684
NaN NaN NaN
-0.03800541 2.94718174 5.22658033
-0.0195 3.0725 5.205
NaN NaN NaN
-0.03800541 2.94718174 5.22658033
0.0 3.087 5.009
NaN NaN NaN
-0.03800541 2.94718174 5.22658033
-0.0368566086 2.81918108 5.02511684
NaN NaN NaN
0.0195 3.0725 5.205
0.0 3.136 5.205
NaN NaN NaN
0.0195 3.0725 5.205
0.0 3.087 5.009
NaN NaN NaN
-0.0195 3.0725 5.205
0.0 3.136 5.205
NaN NaN NaN
-0.0195 3.0725 5.205
0.0 3.087 5.009
NaN NaN NaN
0.0 3.136 5.205
0.0 3.087 5.009
NaN NaN NaN
0.0 2.07824206 5.78346862
-0.0251991024 2.21862233 5.33022617
NaN NaN NaN
0.0 2.07824206 5.78346862
0.0251991024 2.21862233 5.33022617
NaN NaN NaN
0.0 2.07824206 5.78346862
0.0 1.6374042 5.59903645
NaN NaN NaN
0.0 2.07824206 5.78346862
0.0178154722 1.76954616 5.2923614
NaN NaN NaN
0.0 2.07824206 5.78346862
-0.0178154722 1.76954616 5.2923614
NaN NaN NaN
-0.054374326 2.58879114 5.15306467
-0.0368566086 2.81918108 5.02511684
NaN NaN NaN
-0.054374326 2.58879114 5.15306467
-0.0251991024 2.21862233 5.33022617
NaN NaN NaN
-0.054374326 2.58879114 5.15306467
-0.0652559021 2.25669646 4.97758203
NaN NaN NaN
-0.054374326 2.58879114 5.15306467
-0.0354925401 2.66719513 4.7859023
NaN NaN NaN
0.0549355832 2.57166214 5.14401351
0.0368566086 2.81918108 5.02511684
NaN NaN NaN
0.0549355832 2.57166214 5.14401351
0.0251991024 2.21862233 5.33022617
NaN NaN NaN
0.0549355832 2.57166214 5.14401351
0.0354925401 2.66719513 4.7859023
NaN NaN NaN
0.0549355832 2.57166214 5.14401351
0.0662524244 2.2262836 4.96151153
NaN NaN NaN
0.0 3.087 5.009
-0.0368566086 2.81918108 5.02511684
NaN NaN NaN
0.0 3.087 5.009
0.0368566086 2.81918108 5.02511684
NaN NaN NaN
0.0 3.087 5.009
0.0 2.94952552 4.81260789
NaN NaN NaN
-0.0368566086 2.81918108 5.02511684
0.0 2.94952552 4.81260789
NaN NaN NaN
-0.0368566086 2.81918108 5.02511684
-0.0354925401 2.66719513 4.7859023
NaN NaN NaN
0.0368566086 2.81918108 5.02511684
0.0 2.94952552 4.81260789
NaN NaN NaN
0.0368566086 2.81918108 5.02511684
0.0354925401 2.66719513 4.7859023
NaN NaN NaN
-0.0251991024 2.21862233 5.33022617
-0.0652559021 2.25669646 4.97758203
NaN NaN NaN
-0.0251991024 2.21862233 5.33022617
-0.0178154722 1.76954616 5.2923614
NaN NaN NaN
0.0251991024 2.21862233 5.33022617
0.0662524244 2.2262836 4.96151153
NaN NaN NaN
0.0251991024 2.21862233 5.33022617
0.0178154722 1.76954616 5.2923614
NaN NaN NaN
0.0 2.94952552 4.81260789
-0.0354925401 2.66719513 4.7859023
NaN NaN NaN
0.0 2.94952552 4.81260789
0.0354925401 2.66719513 4.7859023
NaN NaN NaN
0.0 2.94952552 4.81260789
0.0 2.7771226 4.56631799
NaN NaN NaN
-0.0652559021 2.25669646 4.97758203
-0.0354925401 2.66719513 4.7859023
NaN NaN NaN
-0.0652559021 2.25669646 4.97758203
-0.0178154722 1.76954616 5.2923614
NaN NaN NaN
-0.0652559021 2.25669646 4.97758203
-0.0338875668 2.48836731 4.50444067
NaN NaN NaN
-0.0652559021 2.25669646 4.97758203
-0.0786269902 1.84862439 4.76195208
NaN NaN NaN
-0.0354925401 2.66719513 4.7859023
0.0 2.7771226 4.56631799
NaN NaN NaN
-0.0354925401 2.66719513 4.7859023
-0.0338875668 2.48836731 4.50444067
NaN NaN NaN
0.0354925401 2.66719513 4.7859023
0.0662524244 2.2262836 4.96151153
NaN NaN NaN
0.0354925401 2.66719513 4.7859023
0.0 2.7771226 4.56631799
NaN NaN NaN
0.0354925401 2.66719513 4.7859023
0.0338875668 2.48836731 4.50444067
NaN NaN NaN
0.0662524244 2.2262836 4.96151153
0.0178154722 1.76954616 5.2923614
NaN NaN NaN
0.0662524244 2.2262836 4.96151153
0.0338875668 2.48836731 4.50444067
NaN NaN NaN
0.0662524244 2.2262836 4.96151153
0.0800968 1.80376728 4.73824907
NaN NaN NaN
0.0662524244 2.2262836 4.96151153
0.0576372932 2.05890046 4.53376878
NaN NaN NaN
0.0 1.6374042 5.59903645
0.0178154722 1.76954616 5.2923614
NaN NaN NaN
0.0 1.6374042 5.59903645
-0.0178154722 1.76954616 5.2923614
NaN NaN NaN
0.0 1.6374042 5.59903645
0.0 1.28323094 5.45086192
NaN NaN NaN
0.0 1.6374042 5.59903645
-0.0110668636 1.35909232 5.25775315
NaN NaN NaN
0.0 1.6374042 5.59903645
0.0110668636 1.35909232 5.25775315
NaN NaN NaN
0.0178154722 1.76954616 5.2923614
0.0800968 1.80376728 4.73824907
NaN NaN NaN
0.0178154722 1.76954616 5.2923614
0.0110668636 1.35909232 5.25775315
NaN NaN NaN
-0.0178154722 1.76954616 5.2923614
-0.0786269902 1.84862439 4.76195208
NaN NaN NaN
-0.0178154722 1.76954616 5.2923614
-0.0110668636 1.35909232 5.25775315
NaN NaN NaN
0.0 2.7771226 4.56631799
0.0338875668 2.48836731 4.50444067
NaN NaN NaN
0.0 2.7771226 4.56631799
-0.0338875668 2.48836731 4.50444067
NaN NaN NaN
0.0 2.7771226 4.56631799
0.0 2.57115305 4.27207579
NaN NaN NaN
0.0338875668 2.48836731 4.50444067
0.0576372932 2.05890046 4.53376878
NaN NaN NaN
0.0338875668 2.48836731 4.50444067
0.0 2.57115305 4.27207579
NaN NaN NaN
0.0338875668 2.48836731 4.50444067
0.0320192381 2.28019616 4.1767948
NaN NaN NaN
-0.0338875668 2.48836731 4.50444067
-0.0786269902 1.84862439 4.76195208
NaN NaN NaN
-0.0338875668 2.48836731 4.50444067
0.0 2.57115305 4.27207579
NaN NaN NaN
-0.0338875668 2.48836731 4.50444067
-0.0320192381 2.28019616 4.1767948
NaN NaN NaN
-0.0786269902 1.84862439 4.76195208
-0.0110668636 1.35909232 5.25775315
NaN NaN NaN
-0.0786269902 1.84862439 4.76195208
-0.0320192381 2.28019616 4.1767948
NaN NaN NaN
-0.0786269902 1.84862439 4.76195208
-0.0601900047 1.81470565 4.27812474
NaN NaN NaN
-0.0786269902 1.84862439 4.76195208
-0.0921025623 1.43736357 4.54463716
NaN NaN NaN
0.0 1.28323094 5.45086192
-0.0110668636 1.35909232 5.25775315
NaN NaN NaN
0.0 1.28323094 5.45086192
0.0110668636 1.35909232 5.25775315
NaN NaN NaN
0.0 1.28323094 5.45086192
0.0 1.01768326 5.33976545
NaN NaN NaN
0.0 1.28323094 5.45086192
-0.00606976188 1.05516603 5.23212698
NaN NaN NaN
0.0 1.28323094 5.45086192
0.00606976188 1.05516603 5.23212698
NaN NaN NaN
0.0800968 1.80376728 4.73824907
0.0110668636 1.35909232 5.25775315
NaN NaN NaN
0.0800968 1.80376728 4.73824907
0.0576372932 2.05890046 4.53376878
NaN NaN NaN
0.0800968 1.80376728 4.73824907
0.0591423787 1.33098436 4.8173412
NaN NaN NaN
0.0800968 1.80376728 4.73824907
0.0930968665 1.40701842 4.52860243
NaN NaN NaN
0.0800968 1.80376728 4.73824907
0.0586869764 1.78933841 4.20900782
NaN NaN NaN
-0.0110668636 1.35909232 5.25775315
-0.00606976188 1.05516603 5.23212698
NaN NaN NaN
-0.0110668636 1.35909232 5.25775315
-0.0921025623 1.43736357 4.54463716
NaN NaN NaN
-0.0110668636 1.35909232 5.25775315
-0.0390151468 1.03107271 4.92919542
NaN NaN NaN
0.0110668636 1.35909232 5.25775315
0.0591423787 1.33098436 4.8173412
NaN NaN NaN
0.0110668636 1.35909232 5.25775315
0.00606976188 1.05516603 5.23212698
NaN NaN NaN
0.0110668636 1.35909232 5.25775315
0.039210691 1.03157565 4.92754771
NaN NaN NaN
0.0576372932 2.05890046 4.53376878
0.0320192381 2.28019616 4.1767948
NaN NaN NaN
0.0576372932 2.05890046 4.53376878
0.0586869764 1.78933841 4.20900782
NaN NaN NaN
0.0 2.57115305 4.27207579
0.0320192381 2.28019616 4.1767948
NaN NaN NaN
0.0 2.57115305 4.27207579
-0.0320192381 2.28019616 4.1767948
NaN NaN NaN
0.0 2.57115305 4.27207579
0.0 2.32833358 3.92519083
NaN NaN NaN
0.0320192381 2.28019616 4.1767948
0.0586869764 1.78933841 4.20900782
NaN NaN NaN
0.0320192381 2.28019616 4.1767948
0.0 2.32833358 3.92519083
NaN NaN NaN
0.0320192381 2.28019616 4.1767948
0.0298711887 2.04085824 3.80009478
NaN NaN NaN
-0.0320192381 2.28019616 4.1767948
-0.0601900047 1.81470565 4.27812474
NaN NaN NaN
-0.0320192381 2.28019616 4.1767948
0.0 2.32833358 3.92519083
NaN NaN NaN
-0.0320192381 2.28019616 4.1767948
-0.0298711887 2.04085824 3.80009478
NaN NaN NaN
0.0591423787 1.33098436 4.8173412
0.0930968665 1.40701842 4.52860243
NaN NaN NaN
0.0591423787 1.33098436 4.8173412
0.039210691 1.03157565 4.92754771
NaN NaN NaN
0.0591423787 1.33098436 4.8173412
0.0722406726 1.05346815 4.63455362
NaN NaN NaN
0.0 1.01768326 5.33976545
-0.00606976188 1.05516603 5.23212698
NaN NaN NaN
0.0 1.01768326 5.33976545
0.00606976188 1.05516603 5.23212698
NaN NaN NaN
0.0 1.01768326 5.33976545
0.0 0.824136314 5.25879172
NaN NaN NaN
0.0 1.01768326 5.33976545
0.00249449293 0.837716339 5.21379227
NaN NaN NaN
0.0 1.01768326 5.33976545
-0.00249449293 0.837716339 5.21379227
NaN NaN NaN
-0.00606976188 1.05516603 5.23212698
-0.0390151468 1.03107271 4.92919542
NaN NaN NaN
-0.00606976188 1.05516603 5.23212698
-0.00249449293 0.837716339 5.21379227
NaN NaN NaN
-0.00606976188 1.05516603 5.23212698
-0.0218619338 0.847814387 5.0413551
NaN NaN NaN
0.00606976188 1.05516603 5.23212698
0.039210691 1.03157565 4.92754771
NaN NaN NaN
0.00606976188 1.05516603 5.23212698
0.00249449293 0.837716339 5.21379227
NaN NaN NaN
0.00606976188 1.05516603 5.23212698
0.0219471069 0.847889325 5.04060387
NaN NaN NaN
-0.0601900047 1.81470565 4.27812474
-0.0921025623 1.43736357 4.54463716
NaN NaN NaN
-0.0601900047 1.81470565 4.27812474
-0.0298711887 2.04085824 3.80009478
NaN NaN NaN
-0.0601900047 1.81470565 4.27812474
-0.0736290855 1.44233247 4.11966252
NaN NaN NaN
-0.0921025623 1.43736357 4.54463716
-0.0390151468 1.03107271 4.92919542
NaN NaN NaN
-0.0921025623 1.43736357 4.54463716
-0.074141372 1.05153634 4.61695069
NaN NaN NaN
-0.0921025623 1.43736357 4.54463716
-0.0736290855 1.44233247 4.11966252
NaN NaN NaN
-0.0921025623 1.43736357 4.54463716
-0.102976295 1.10550825 4.36928101
NaN NaN NaN
0.0930968665 1.40701842 4.52860243
0.0586869764 1.78933841 4.20900782
NaN NaN NaN
0.0930968665 1.40701842 4.52860243
0.0722406726 1.05346815 4.63455362
NaN NaN NaN
0.0930968665 1.40701842 4.52860243
0.103535835 1.08843168 4.36025755
NaN NaN NaN
0.0930968665 1.40701842 4.52860243
0.0840622527 1.13809046 3.97582281
NaN NaN NaN
0.0586869764 1.78933841 4.20900782
0.0298711887 2.04085824 3.80009478
NaN NaN NaN
0.0586869764 1.78933841 4.20900782
0.0539570268 1.59758525 3.84830369
NaN NaN NaN
0.0586869764 1.78933841 4.20900782
0.0840622527 1.13809046 3.97582281
NaN NaN NaN
-0.0390151468 1.03107271 4.92919542
-0.0218619338 0.847814387 5.0413551
NaN NaN NaN
-0.0390151468 1.03107271 4.92919542
-0.074141372 1.05153634 4.61695069
NaN NaN NaN
-0.0390151468 1.03107271 4.92919542
-0.0397041624 0.805436605 4.87047147
NaN NaN NaN
-0.0390151468 1.03107271 4.92919542
-0.056425214 0.847031506 4.72924674
NaN NaN NaN
0.039210691 1.03157565 4.92754771
0.0219471069 0.847889325 5.04060387
NaN NaN NaN
0.039210691 1.03157565 4.92754771
0.0722406726 1.05346815 4.63455362
NaN NaN NaN
0.039210691 1.03157565 4.92754771
0.0398183906 0.805449814 4.86944366
NaN NaN NaN
0.039210691 1.03157565 4.92754771
0.0584228717 0.825432861 4.70619229
NaN NaN NaN
0.0 2.32833358 3.92519083
0.0298711887 2.04085824 3.80009478
NaN NaN NaN
0.0 2.32833358 3.92519083
-0.0298711887 2.04085824 3.80009478
NaN NaN NaN
0.0 2.32833358 3.92519083
0.0 2.04651356 3.5225908
NaN NaN NaN
0.0 0.824136314 5.25879172
0.00249449293 0.837716339 5.21379227
NaN NaN NaN
0.0 0.824136314 5.25879172
-0.00249449293 0.837716339 5.21379227
NaN NaN NaN
0.0 0.824136314 5.25879172
0.0 0.686 5.201
NaN NaN NaN
0.00249449293 0.837716339 5.21379227
0.0219471069 0.847889325 5.04060387
NaN NaN NaN
0.00249449293 0.837716339 5.21379227
0.0 0.686 5.201
NaN NaN NaN
0.00249449293 0.837716339 5.21379227
0.0144512874 0.681223727 5.06946879
NaN NaN NaN
-0.00249449293 0.837716339 5.21379227
-0.0218619338 0.847814387 5.0413551
NaN NaN NaN
-0.00249449293 0.837716339 5.21379227
0.0 0.686 5.201
NaN NaN NaN
-0.00249449293 0.837716339 5.21379227
-0.0143672363 0.681251507 5.0702338
NaN NaN NaN
-0.0218619338 0.847814387 5.0413551
-0.0397041624 0.805436605 4.87047147
NaN NaN NaN
-0.0218619338 0.847814387 5.0413551
-0.0143672363 0.681251507 5.0702338
NaN NaN NaN
-0.0218619338 0.847814387 5.0413551
-0.0295208027 0.676243125 4.93231066
NaN NaN NaN
0.0219471069 0.847889325 5.04060387
0.0398183906 0.805449814 4.86944366
NaN NaN NaN
0.0219471069 0.847889325 5.04060387
0.0144512874 0.681223727 5.06946879
NaN NaN NaN
0.0219471069 0.847889325 5.04060387
0.0296380174 0.676204384 4.93124381
NaN NaN NaN
0.0 0.686 5.303
0.081 0.659 5.303
NaN NaN NaN
0.0 0.686 5.303
-0.081 0.659 5.303
NaN NaN NaN
0.0 0.686 5.303
0.0 0.6125 5.401
NaN NaN NaN
0.0 0.686 5.303
0.0 0.686 5.201
NaN NaN NaN
0.0722406726 1.05346815 4.63455362
0.0584228717 0.825432861 4.70619229
NaN NaN NaN
0.0722406726 1.05346815 4.63455362
0.103535835 1.08843168 4.36025755
NaN NaN NaN
0.0722406726 1.05346815 4.63455362
0.0757292488 0.829171482 4.55087593
NaN NaN NaN
-0.074141372 1.05153634 4.61695069
-0.056425214 0.847031506 4.72924674
NaN NaN NaN
-0.074141372 1.05153634 4.61695069
-0.102976295 1.10550825 4.36928101
NaN NaN NaN
-0.074141372 1.05153634 4.61695069
-0.0782385763 0.857657181 4.53485844
NaN NaN NaN
0.081 0.659 5.303
0.0 0.6125 5.401
NaN NaN NaN
0.081 0.659 5.303
0.0 0.686 5.201
NaN NaN NaN
0.081 0.659 5.303
0.0405 0.599 5.401
NaN NaN NaN
0.081 0.659 5.303
0.0849226224 0.657727798 5.17832422
NaN NaN NaN
0.081 0.659 5.303
0.0937854533 0.640313568 5.1744898
NaN NaN NaN
0.081 0.659 5.303
0.0735 0.534 5.401
NaN NaN NaN
0.081 0.659 5.303
0.147 0.529 5.303
NaN NaN NaN
-0.081 0.659 5.303
0.0 0.6125 5.401
NaN NaN NaN
-0.081 0.659 5.303
0.0 0.686 5.201
NaN NaN NaN
-0.081 0.659 5.303
-0.0405 0.599 5.401
NaN NaN NaN
-0.081 0.659 5.303
-0.0848993308 0.657735352 5.17906451
NaN NaN NaN
-0.081 0.659 5.303
-0.0735 0.534 5.401
NaN NaN NaN
-0.081 0.659 5.303
-0.147 0.529 5.303
NaN NaN NaN
-0.081 0.659 5.303
-0.143919159 0.541535836 5.17806658
NaN NaN NaN
0.0 0.6125 5.401
0.0405 0.599 5.401
NaN NaN NaN
0.0 0.6125 5.401
-0.0405 0.599 5.401
NaN NaN NaN
0.0 0.6125 5.401
0.0 0.539 5.499
NaN NaN NaN
0.0 0.686 5.201
-0.0848993308 0.657735352 5.17906451
NaN NaN NaN
0.0 0.686 5.201
0.0849226224 0.657727798 5.17832422
NaN NaN NaN
0.0 0.686 5.201
-0.0143672363 0.681251507 5.0702338
NaN NaN NaN
0.0 0.686 5.201
0.0144512874 0.681223727 5.06946879
NaN NaN NaN
0.0405 0.599 5.401
0.0 0.539 5.499
NaN NaN NaN
0.0405 0.599 5.401
0.0735 0.534 5.401
NaN NaN NaN
-0.0405 0.599 5.401
0.0 0.539 5.499
NaN NaN NaN
-0.0405 0.599 5.401
-0.0735 0.534 5.401
NaN NaN NaN
0.0298711887 2.04085824 3.80009478
0.0539570268 1.59758525 3.84830369
NaN NaN NaN
0.0298711887 2.04085824 3.80009478
0.0 2.04651356 3.5225908
NaN NaN NaN
0.0298711887 2.04085824 3.80009478
0.0276002457 1.78782737 3.40184308
NaN NaN NaN
-0.0298711887 2.04085824 3.80009478
-0.0736290855 1.44233247 4.11966252
NaN NaN NaN
-0.0298711887 2.04085824 3.80009478
0.0 2.04651356 3.5225908
NaN NaN NaN
-0.0298711887 2.04085824 3.80009478
-0.0276002457 1.78782737 3.40184308
NaN NaN NaN
-0.0848993308 0.657735352 5.17906451
-0.0143672363 0.681251507 5.0702338
NaN NaN NaN
-0.0848993308 0.657735352 5.17906451
-0.088995864 0.656406747 5.04886119
NaN NaN NaN
-0.0848993308 0.657735352 5.17906451
-0.143919159 0.541535836 5.17806658
NaN NaN NaN
-0.0848993308 0.657735352 5.17906451
-0.140699046 0.554638364 5.04748546
NaN NaN NaN
0.0849226224 0.657727798 5.17832422
0.0937854533 0.640313568 5.1744898
NaN NaN NaN
0.0849226224 0.657727798 5.17832422
0.0144512874 0.681223727 5.06946879
NaN NaN NaN
0.0849226224 0.657727798 5.17832422
0.0890297231 0.656395765 5.04778502
NaN NaN NaN
-0.0397041624 0.805436605 4.87047147
-0.056425214 0.847031506 4.72924674
NaN NaN NaN
-0.0397041624 0.805436605 4.87047147
-0.0295208027 0.676243125 4.93231066
NaN NaN NaN
-0.0397041624 0.805436605 4.87047147
-0.0454242329 0.670986906 4.78756249
NaN NaN NaN
0.0 0.539 5.499
0.0735 0.534 5.401
NaN NaN NaN
0.0 0.539 5.499
-0.0735 0.534 5.401
NaN NaN NaN
0.0 0.539 5.499
0.044 0.4755 5.401
NaN NaN NaN
0.0 0.539 5.499
-0.044 0.4755 5.401
NaN NaN NaN
0.0 0.539 5.499
0.0 0.4655 5.401
NaN NaN NaN
0.0398183906 0.805449814 4.86944366
0.0584228717 0.825432861 4.70619229
NaN NaN NaN
0.0398183906 0.805449814 4.86944366
0.0296380174 0.676204384 4.93124381
NaN NaN NaN
0.0398183906 0.805449814 4.86944366
0.0455241049 0.670953898 4.78665349
NaN NaN NaN
0.0937854533 0.640313568 5.1744898
0.0890297231 0.656395765 5.04778502
NaN NaN NaN
0.0937854533 0.640313568 5.1744898
0.147 0.529 5.303
NaN NaN NaN
0.0937854533 0.640313568 5.1744898
0.107060606 0.620911422 5.0410575
NaN NaN NaN
0.0937854533 0.640313568 5.1744898
0.152562874 0.524527886 5.17472668
NaN NaN NaN
-0.0143672363 0.681251507 5.0702338
-0.088995864 0.656406747 5.04886119
NaN NaN NaN
-0.0143672363 0.681251507 5.0702338
-0.0295208027 0.676243125 4.93231066
NaN NaN NaN
0.0144512874 0.681223727 5.06946879
0.0890297231 0.656395765 5.04778502
NaN NaN NaN
0.0144512874 0.681223727 5.06946879
0.0296380174 0.676204384 4.93124381
NaN NaN NaN
-0.0736290855 1.44233247 4.11966252
-0.102976295 1.10550825 4.36928101
NaN NaN NaN
-0.0736290855 1.44233247 4.11966252
-0.0906492538 1.01789763 3.97527133
NaN NaN NaN
-0.0736290855 1.44233247 4.11966252
-0.0276002457 1.78782737 3.40184308
NaN NaN NaN
-0.0736290855 1.44233247 4.11966252
-0.0639894682 1.18934662 3.57364192
NaN NaN NaN
0.0735 0.534 5.401
0.147 0.529 5.303
NaN NaN NaN
0.0735 0.534 5.401
0.044 0.4755 5.401
NaN NaN NaN
-0.0735 0.534 5.401
-0.147 0.529 5.303
NaN NaN NaN
-0.0735 0.534 5.401
-0.044 0.4755 5.401
NaN NaN NaN
-0.056425214 0.847031506 4.72924674
-0.0782385763 0.857657181 4.53485844
NaN NaN NaN
-0.056425214 0.847031506 4.72924674
-0.0454242329 0.670986906 4.78756249
NaN NaN NaN
-0.056425214 0.847031506 4.72924674
-0.0620277934 0.665499289 4.63644195
NaN NaN NaN
-0.088995864 0.656406747 5.04886119
-0.0295208027 0.676243125 4.93231066
NaN NaN NaN
-0.088995864 0.656406747 5.04886119
-0.0932815957 0.65501678 4.91264442
NaN NaN NaN
-0.088995864 0.656406747 5.04886119
-0.140699046 0.554638364 5.04748546
NaN NaN NaN
-0.088995864 0.656406747 5.04886119
-0.137345796 0.568282625 4.91150536
NaN NaN NaN
0.0890297231 0.656395765 5.04778502
0.0296380174 0.676204384 4.93124381
NaN NaN NaN
0.0890297231 0.656395765 5.04778502
0.107060606 0.620911422 5.0410575
NaN NaN NaN
0.0890297231 0.656395765 5.04778502
0.0933133384 0.655006485 4.91163551
NaN NaN NaN
-0.102976295 1.10550825 4.36928101
-0.0782385763 0.857657181 4.53485844
NaN NaN NaN
-0.102976295 1.10550825 4.36928101
-0.0941304416 0.824188783 4.38364964
NaN NaN NaN
-0.102976295 1.10550825 4.36928101
-0.111526008 0.844579687 4.23140337
NaN NaN NaN
-0.102976295 1.10550825 4.36928101
-0.0906492538 1.01789763 3.97527133
NaN NaN NaN
0.0584228717 0.825432861 4.70619229
0.0757292488 0.829171482 4.55087593
NaN NaN NaN
0.0584228717 0.825432861 4.70619229
0.0455241049 0.670953898 4.78665349
NaN NaN NaN
0.0584228717 0.825432861 4.70619229
0.062061919 0.66548801 4.63613135
NaN NaN NaN
0.147 0.529 5.303
0.044 0.4755 5.401
NaN NaN NaN
0.147 0.529 5.303
0.152562874 0.524527886 5.17472668
NaN NaN NaN
0.147 0.529 5.303
0.142891243 0.479466657 5.17996557
NaN NaN NaN
0.147 0.529 5.303
0.088 0.412 5.303
NaN NaN NaN
-0.147 0.529 5.303
-0.044 0.4755 5.401
NaN NaN NaN
-0.147 0.529 5.303
-0.143919159 0.541535836 5.17806658
NaN NaN NaN
-0.147 0.529 5.303
-0.152505023 0.524574394 5.17606066
NaN NaN NaN
-0.147 0.529 5.303
-0.142896991 0.479535949 5.18013768
NaN NaN NaN
-0.147 0.529 5.303
-0.088 0.412 5.303
NaN NaN NaN
0.103535835 1.08843168 4.36025755
0.0757292488 0.829171482 4.55087593
NaN NaN NaN
0.103535835 1.08843168 4.36025755
0.0937618427 0.813928796 4.38458865
NaN NaN NaN
0.103535835 1.08843168 4.36025755
0.0840622527 1.13809046 3.97582281
NaN NaN NaN
0.103535835 1.08843168 4.36025755
0.1117149 0.838814886 4.22835718
NaN NaN NaN
-0.0295208027 0.676243125 4.93231066
-0.0932815957 0.65501678 4.91264442
NaN NaN NaN
-0.0295208027 0.676243125 4.93231066
-0.0454242329 0.670986906 4.78756249
NaN NaN NaN
0.0296380174 0.676204384 4.93124381
0.0933133384 0.655006485 4.91163551
NaN NaN NaN
0.0296380174 0.676204384 4.93124381
0.0455241049 0.670953898 4.78665349
NaN NaN NaN
0.107060606 0.620911422 5.0410575
0.0933133384 0.655006485 4.91163551
NaN NaN NaN
0.107060606 0.620911422 5.0410575
0.152562874 0.524527886 5.17472668
NaN NaN NaN
0.107060606 0.620911422 5.0410575
0.120801865 0.600828043 4.90294022
NaN NaN NaN
0.107060606 0.620911422 5.0410575
0.158341566 0.519882271 5.04147684
NaN NaN NaN
0.044 0.4755 5.401
0.0 0.4655 5.401
NaN NaN NaN
0.044 0.4755 5.401
0.088 0.412 5.303
NaN NaN NaN
0.044 0.4755 5.401
0.0 0.392 5.303
NaN NaN NaN
-0.044 0.4755 5.401
0.0 0.4655 5.401
NaN NaN NaN
-0.044 0.4755 5.401
-0.088 0.412 5.303
NaN NaN NaN
-0.044 0.4755 5.401
0.0 0.392 5.303
NaN NaN NaN
0.0 0.4655 5.401
0.0 0.392 5.303
NaN NaN NaN
-0.143919159 0.541535836 5.17806658
-0.152505023 0.524574394 5.17606066
NaN NaN NaN
-0.143919159 0.541535836 5.17806658
-0.148810205 0.535243733 5.11126471
NaN NaN NaN
-0.143919159 0.541535836 5.17806658
-0.140699046 0.554638364 5.04748546
NaN NaN NaN
-0.0932815957 0.65501678 4.91264442
-0.0454242329 0.670986906 4.78756249
NaN NaN NaN
-0.0932815957 0.65501678 4.91264442
-0.0977457294 0.653568953 4.77075736
NaN NaN NaN
-0.0932815957 0.65501678 4.91264442
-0.137345796 0.568282625 4.91150536
NaN NaN NaN
-0.0932815957 0.65501678 4.91264442
-0.133867298 0.582436512 4.77044629
NaN NaN NaN
0.0933133384 0.655006485 4.91163551
0.0455241049 0.670953898 4.78665349
NaN NaN NaN
0.0933133384 0.655006485 4.91163551
0.120801865 0.600828043 4.90294022
NaN NaN NaN
0.0933133384 0.655006485 4.91163551
0.097763072 0.653563328 4.77020615
NaN NaN NaN
-0.152505023 0.524574394 5.17606066
-0.148810205 0.535243733 5.11126471
NaN NaN NaN
-0.152505023 0.524574394 5.17606066
-0.142896991 0.479535949 5.18013768
NaN NaN NaN
-0.152505023 0.524574394 5.17606066
-0.158256162 0.519950929 5.04344615
NaN NaN NaN
0.152562874 0.524527886 5.17472668
0.142891243 0.479466657 5.17996557
NaN NaN NaN
0.152562874 0.524527886 5.17472668
0.158341566 0.519882271 5.04147684
NaN NaN NaN
-0.148810205 0.535243733 5.11126471
-0.140699046 0.554638364 5.04748546
NaN NaN NaN
-0.148810205 0.535243733 5.11126471
-0.158256162 0.519950929 5.04344615
NaN NaN NaN
-0.140699046 0.554638364 5.04748546
-0.158256162 0.519950929 5.04344615
NaN NaN NaN
-0.140699046 0.554638364 5.04748546
-0.137345796 0.568282625 4.91150536
NaN NaN NaN
-0.0782385763 0.857657181 4.53485844
-0.0620277934 0.665499289 4.63644195
NaN NaN NaN
-0.0782385763 0.857657181 4.53485844
-0.0941304416 0.824188783 4.38364964
NaN NaN NaN
-0.0782385763 0.857657181 4.53485844
-0.079616082 0.65968621 4.47635871
NaN NaN NaN
0.0539570268 1.59758525 3.84830369
0.0840622527 1.13809046 3.97582281
NaN NaN NaN
0.0539570268 1.59758525 3.84830369
0.0276002457 1.78782737 3.40184308
NaN NaN NaN
0.0539570268 1.59758525 3.84830369
0.0640505329 1.18892921 3.57455373
NaN NaN NaN
0.0757292488 0.829171482 4.55087593
0.062061919 0.66548801 4.63613135
NaN NaN NaN
0.0757292488 0.829171482 4.55087593
0.0937618427 0.813928796 4.38458865
NaN NaN NaN
0.0757292488 0.829171482 4.55087593
0.0795851259 0.659696441 4.47664046
NaN NaN NaN
-0.0454242329 0.670986906 4.78756249
-0.0977457294 0.653568953 4.77075736
NaN NaN NaN
-0.0454242329 0.670986906 4.78756249
-0.0620277934 0.665499289 4.63644195
NaN NaN NaN
0.0455241049 0.670953898 4.78665349
0.097763072 0.653563328 4.77020615
NaN NaN NaN
0.0455241049 0.670953898 4.78665349
0.062061919 0.66548801 4.63613135
NaN NaN NaN
-0.142896991 0.479535949 5.18013768
-0.158256162 0.519950929 5.04344615
NaN NaN NaN
-0.142896991 0.479535949 5.18013768
-0.088 0.412 5.303
NaN NaN NaN
-0.142896991 0.479535949 5.18013768
-0.0973139992 0.389282929 5.18055499
NaN NaN NaN
-0.142896991 0.479535949 5.18013768
-0.138539087 0.426998997 5.04964267
NaN NaN NaN
0.142891243 0.479466657 5.17996557
0.158341566 0.519882271 5.04147684
NaN NaN NaN
0.142891243 0.479466657 5.17996557
0.088 0.412 5.303
NaN NaN NaN
0.142891243 0.479466657 5.17996557
0.0973286479 0.3892472 5.18036241
NaN NaN NaN
0.142891243 0.479466657 5.17996557
0.138527235 0.426856108 5.04928775
NaN NaN NaN
0.120801865 0.600828043 4.90294022
0.158341566 0.519882271 5.04147684
NaN NaN NaN
0.120801865 0.600828043 4.90294022
0.097763072 0.653563328 4.77020615
NaN NaN NaN
0.120801865 0.600828043 4.90294022
0.164325479 0.515071674 4.90349483
NaN NaN NaN
0.120801865 0.600828043 4.90294022
0.134980443 0.580105507 4.76042735
NaN NaN NaN
-0.158256162 0.519950929 5.04344615
-0.137345796 0.568282625 4.91150536
NaN NaN NaN
-0.158256162 0.519950929 5.04344615
-0.164242401 0.515138462 4.90541052
NaN NaN NaN
-0.158256162 0.519950929 5.04344615
-0.138539087 0.426998997 5.04964267
NaN NaN NaN
-0.158256162 0.519950929 5.04344615
-0.133917632 0.371284785 4.91125576
NaN NaN NaN
0.158341566 0.519882271 5.04147684
0.164325479 0.515071674 4.90349483
NaN NaN NaN
0.158341566 0.519882271 5.04147684
0.138527235 0.426856108 5.04928775
NaN NaN NaN
0.158341566 0.519882271 5.04147684
0.133905127 0.371134034 4.91088131
NaN NaN NaN
0.088 0.412 5.303
0.0 0.392 5.303
NaN NaN NaN
0.088 0.412 5.303
0.0973286479 0.3892472 5.18036241
NaN NaN NaN
0.088 0.412 5.303
0.0293827071 0.373778166 5.18023039
NaN NaN NaN
-0.088 0.412 5.303
0.0 0.392 5.303
NaN NaN NaN
-0.088 0.412 5.303
-0.0973139992 0.389282929 5.18055499
NaN NaN NaN
-0.088 0.412 5.303
-0.0293382473 0.373805738 5.18041616
NaN NaN NaN
-0.0977457294 0.653568953 4.77075736
-0.0620277934 0.665499289 4.63644195
NaN NaN NaN
-0.0977457294 0.653568953 4.77075736
-0.133867298 0.582436512 4.77044629
NaN NaN NaN
-0.0977457294 0.653568953 4.77075736
-0.102418223 0.652053549 4.62224783
NaN NaN NaN
-0.0977457294 0.653568953 4.77075736
-0.130236155 0.597211506 4.62319719
NaN NaN NaN
0.097763072 0.653563328 4.77020615
0.062061919 0.66548801 4.63613135
NaN NaN NaN
0.097763072 0.653563328 4.77020615
0.134980443 0.580105507 4.76042735
NaN NaN NaN
0.097763072 0.653563328 4.77020615
0.102413299 0.652055146 4.62240434
NaN NaN NaN
-0.137345796 0.568282625 4.91150536
-0.164242401 0.515138462 4.90541052
NaN NaN NaN
-0.137345796 0.568282625 4.91150536
-0.133867298 0.582436512 4.77044629
NaN NaN NaN
0.0 0.392 5.303
-0.0293382473 0.373805738 5.18041616
NaN NaN NaN
0.0 0.392 5.303
0.0293827071 0.373778166 5.18023039
NaN NaN NaN
0.0 0.392 5.303
0.0 0.322481586 5.20741218
NaN NaN NaN
-0.164242401 0.515138462 4.90541052
-0.133867298 0.582436512 4.77044629
NaN NaN NaN
-0.164242401 0.515138462 4.90541052
-0.170449635 0.510148332 4.762279
NaN NaN NaN
-0.164242401 0.515138462 4.90541052
-0.133917632 0.371284785 4.91125576
NaN NaN NaN
-0.0620277934 0.665499289 4.63644195
-0.102418223 0.652053549 4.62224783
NaN NaN NaN
-0.0620277934 0.665499289 4.63644195
-0.079616082 0.65968621 4.47635871
NaN NaN NaN
0.062061919 0.66548801 4.63613135
0.102413299 0.652055146 4.62240434
NaN NaN NaN
0.062061919 0.66548801 4.63613135
0.0795851259 0.659696441 4.47664046
NaN NaN NaN
-0.0973139992 0.389282929 5.18055499
-0.0293382473 0.373805738 5.18041616
NaN NaN NaN
-0.0973139992 0.389282929 5.18055499
-0.138539087 0.426998997 5.04964267
NaN NaN NaN
-0.0973139992 0.389282929 5.18055499
-0.107233959 0.365087905 5.05014381
NaN NaN NaN
-0.0973139992 0.389282929 5.18055499
-0.0605564975 0.354445583 5.04997712
NaN NaN NaN
0.164325479 0.515071674 4.90349483
0.134980443 0.580105507 4.76042735
NaN NaN NaN
0.164325479 0.515071674 4.90349483
0.170501663 0.510106507 4.76107931
NaN NaN NaN
0.164325479 0.515071674 4.90349483
0.133905127 0.371134034 4.91088131
NaN NaN NaN
0.0973286479 0.3892472 5.18036241
0.0293827071 0.373778166 5.18023039
NaN NaN NaN
0.0973286479 0.3892472 5.18036241
0.138527235 0.426856108 5.04928775
NaN NaN NaN
0.0973286479 0.3892472 5.18036241
0.10726421 0.365014123 5.04974612
NaN NaN NaN
0.0973286479 0.3892472 5.18036241
0.0606482661 0.354388672 5.04959368
NaN NaN NaN
-0.133867298 0.582436512 4.77044629
-0.130236155 0.597211506 4.62319719
NaN NaN NaN
-0.133867298 0.582436512 4.77044629
-0.170449635 0.510148332 4.762279
NaN NaN NaN
0.0 2.04651356 3.5225908
0.0276002457 1.78782737 3.40184308
NaN NaN NaN
0.0 2.04651356 3.5225908
-0.0276002457 1.78782737 3.40184308
NaN NaN NaN
0.0 2.04651356 3.5225908
0.0 1.78092689 3.14318127
NaN NaN NaN
0.134980443 0.580105507 4.76042735
0.102413299 0.652055146 4.62240434
NaN NaN NaN
0.134980443 0.580105507 4.76042735
0.170501663 0.510106507 4.76107931
NaN NaN NaN
0.134980443 0.580105507 4.76042735
0.149637067 0.558684287 4.61310948
NaN NaN NaN
-0.0293382473 0.373805738 5.18041616
0.0 0.322481586 5.20741218
NaN NaN NaN
-0.0293382473 0.373805738 5.18041616
-0.0605564975 0.354445583 5.04997712
NaN NaN NaN
0.0293827071 0.373778166 5.18023039
0.0 0.322481586 5.20741218
NaN NaN NaN
0.0293827071 0.373778166 5.18023039
0.0606482661 0.354388672 5.04959368
NaN NaN NaN
0.0293827071 0.373778166 5.18023039
0.0 0.249116828 5.10653564
NaN NaN NaN
-0.138539087 0.426998997 5.04964267
-0.107233959 0.365087905 5.05014381
NaN NaN NaN
-0.138539087 0.426998997 5.04964267
-0.133917632 0.371284785 4.91125576
NaN NaN NaN
0.138527235 0.426856108 5.04928775
0.10726421 0.365014123 5.04974612
NaN NaN NaN
0.138527235 0.426856108 5.04928775
0.133905127 0.371134034 4.91088131
NaN NaN NaN
0.102413299 0.652055146 4.62240434
0.0795851259 0.659696441 4.47664046
NaN NaN NaN
0.102413299 0.652055146 4.62240434
0.149637067 0.558684287 4.61310948
NaN NaN NaN
0.102413299 0.652055146 4.62240434
0.10735292 0.650453107 4.46540449
NaN NaN NaN
-0.102418223 0.652053549 4.62224783
-0.130236155 0.597211506 4.62319719
NaN NaN NaN
-0.102418223 0.652053549 4.62224783
-0.079616082 0.65968621 4.47635871
NaN NaN NaN
-0.102418223 0.652053549 4.62224783
-0.107369153 0.650447842 4.46488856
NaN NaN NaN
-0.102418223 0.652053549 4.62224783
-0.126369002 0.612946819 4.46637746
NaN NaN NaN
-0.0941304416 0.824188783 4.38364964
-0.079616082 0.65968621 4.47635871
NaN NaN NaN
-0.0941304416 0.824188783 4.38364964
-0.111526008 0.844579687 4.23140337
NaN NaN NaN
-0.0941304416 0.824188783 4.38364964
-0.0982952465 0.653512588 4.30634665
NaN NaN NaN
0.0937618427 0.813928796 4.38458865
0.0795851259 0.659696441 4.47664046
NaN NaN NaN
0.0937618427 0.813928796 4.38458865
0.1117149 0.838814886 4.22835718
NaN NaN NaN
0.0937618427 0.813928796 4.38458865
0.098244104 0.653529491 4.30681214
NaN NaN NaN
0.0 0.322481586 5.20741218
-0.0605564975 0.354445583 5.04997712
NaN NaN NaN
0.0 0.322481586 5.20741218
0.0 0.249116828 5.10653564
NaN NaN NaN
-0.441 0.294 5.401
-0.441 0.332664592 5.23345344
NaN NaN NaN
-0.441 0.294 5.401
-0.35745804 0.298819728 5.23043517
NaN NaN NaN
-0.441 0.294 5.401
-0.233 0.208 5.401
NaN NaN NaN
-0.441 0.294 5.401
-0.593541705 0.270123955 5.23115897
NaN NaN NaN
-0.441 0.294 5.401
-0.649 0.208 5.401
NaN NaN NaN
-0.441 0.294 5.401
-0.441 0.0 5.401
NaN NaN NaN
0.441 0.294 5.401
0.441 0.332842325 5.23268326
NaN NaN NaN
0.441 0.294 5.401
0.28775156 0.269332276 5.23332335
NaN NaN NaN
0.441 0.294 5.401
0.51916874 0.298509735 5.24140549
NaN NaN NaN
0.441 0.294 5.401
0.233 0.208 5.401
NaN NaN NaN
0.441 0.294 5.401
0.649 0.208 5.401
NaN NaN NaN
0.441 0.294 5.401
0.441 0.0 5.401
NaN NaN NaN
-0.130236155 0.597211506 4.62319719
-0.170449635 0.510148332 4.762279
NaN NaN NaN
-0.130236155 0.597211506 4.62319719
-0.126369002 0.612946819 4.46637746
NaN NaN NaN
-0.130236155 0.597211506 4.62319719
-0.176897142 0.504965043 4.61360708
NaN NaN NaN
-0.441 0.332664592 5.23345344
-0.35745804 0.298819728 5.23043517
NaN NaN NaN
-0.441 0.332664592 5.23345344
-0.441 0.368784087 5.07693562
NaN NaN NaN
-0.441 0.332664592 5.23345344
-0.280437821 0.303263203 5.07318555
NaN NaN NaN
-0.441 0.332664592 5.23345344
-0.593541705 0.270123955 5.23115897
NaN NaN NaN
0.441 0.332842325 5.23268326
0.441 0.369023881 5.07589652
NaN NaN NaN
0.441 0.332842325 5.23268326
0.28775156 0.269332276 5.23332335
NaN NaN NaN
0.441 0.332842325 5.23268326
0.51916874 0.298509735 5.24140549
NaN NaN NaN
0.441 0.332842325 5.23268326
0.338149115 0.325787229 5.07898084
NaN NaN NaN
0.441 0.332842325 5.23268326
0.592642796 0.302748623 5.09139596
NaN NaN NaN
-0.170449635 0.510148332 4.762279
-0.133917632 0.371284785 4.91125576
NaN NaN NaN
-0.170449635 0.510148332 4.762279
-0.176897142 0.504965043 4.61360708
NaN NaN NaN
-0.170449635 0.510148332 4.762279
-0.129 0.312 4.764
NaN NaN NaN
-0.170449635 0.510148332 4.762279
-0.145695029 0.354584421 4.60987343
NaN NaN NaN
-0.107233959 0.365087905 5.05014381
-0.0605564975 0.354445583 5.04997712
NaN NaN NaN
-0.107233959 0.365087905 5.05014381
-0.133917632 0.371284785 4.91125576
NaN NaN NaN
-0.107233959 0.365087905 5.05014381
-0.117806912 0.339300214 4.91114815
NaN NaN NaN
-0.107233959 0.365087905 5.05014381
-0.0937741929 0.333845462 4.9111838
NaN NaN NaN
0.10726421 0.365014123 5.04974612
0.0606482661 0.354388672 5.04959368
NaN NaN NaN
0.10726421 0.365014123 5.04974612
0.133905127 0.371134034 4.91088131
NaN NaN NaN
0.10726421 0.365014123 5.04974612
0.117835759 0.339229855 4.91076892
NaN NaN NaN
0.10726421 0.365014123 5.04974612
0.0938645667 0.333789416 4.91080619
NaN NaN NaN
0.170501663 0.510106507 4.76107931
0.149637067 0.558684287 4.61310948
NaN NaN NaN
0.170501663 0.510106507 4.76107931
0.133905127 0.371134034 4.91088131
NaN NaN NaN
0.170501663 0.510106507 4.76107931
0.176897966 0.50496438 4.61358808
NaN NaN NaN
0.170501663 0.510106507 4.76107931
0.129 0.312 4.764
NaN NaN NaN
0.170501663 0.510106507 4.76107931
0.145705048 0.354609978 4.60978093
NaN NaN NaN
-0.0605564975 0.354445583 5.04997712
0.0 0.249116828 5.10653564
NaN NaN NaN
-0.0605564975 0.354445583 5.04997712
-0.0937741929 0.333845462 4.9111838
NaN NaN NaN
-0.0605564975 0.354445583 5.04997712
0.0 0.17208015 5.00061021
NaN NaN NaN
0.0606482661 0.354388672 5.04959368
0.0 0.249116828 5.10653564
NaN NaN NaN
0.0606482661 0.354388672 5.04959368
0.0938645667 0.333789416 4.91080619
NaN NaN NaN
0.0606482661 0.354388672 5.04959368
0.0 0.17208015 5.00061021
NaN NaN NaN
0.0840622527 1.13809046 3.97582281
0.1117149 0.838814886 4.22835718
NaN NaN NaN
0.0840622527 1.13809046 3.97582281
0.103743536 0.822151434 4.02633388
NaN NaN NaN
0.0840622527 1.13809046 3.97582281
0.0640505329 1.18892921 3.57455373
NaN NaN NaN
0.0840622527 1.13809046 3.97582281
0.0960730314 0.831792167 3.86436542
NaN NaN NaN
0.0840622527 1.13809046 3.97582281
0.0840372226 0.877572257 3.6478668
NaN NaN NaN
-0.35745804 0.298819728 5.23043517
-0.233 0.208 5.401
NaN NaN NaN
-0.35745804 0.298819728 5.23043517
-0.280437821 0.303263203 5.07318555
NaN NaN NaN
-0.35745804 0.298819728 5.23043517
-0.20532462 0.23567538 5.2314883
NaN NaN NaN
-0.35745804 0.298819728 5.23043517
-0.180288008 0.260711992 5.07813905
NaN NaN NaN
-0.441 0.368784087 5.07693562
-0.441 0.404365399 4.92274994
NaN NaN NaN
-0.441 0.368784087 5.07693562
-0.280437821 0.303263203 5.07318555
NaN NaN NaN
-0.441 0.368784087 5.07693562
-0.541897712 0.327975159 5.07299924
NaN NaN NaN
-0.441 0.368784087 5.07693562
-0.593541705 0.270123955 5.23115897
NaN NaN NaN
0.441 0.369023881 5.07589652
0.338149115 0.325787229 5.07898084
NaN NaN NaN
0.441 0.369023881 5.07589652
0.441 0.404419626 4.92251496
NaN NaN NaN
0.441 0.369023881 5.07589652
0.388840224 0.38257102 4.92373931
NaN NaN NaN
0.441 0.369023881 5.07589652
0.592642796 0.302748623 5.09139596
NaN NaN NaN
0.441 0.369023881 5.07589652
0.6686754 0.307135119 4.93616273
NaN NaN NaN
0.0795851259 0.659696441 4.47664046
0.10735292 0.650453107 4.46540449
NaN NaN NaN
0.0795851259 0.659696441 4.47664046
0.098244104 0.653529491 4.30681214
NaN NaN NaN
-0.079616082 0.65968621 4.47635871
-0.107369153 0.650447842 4.46488856
NaN NaN NaN
-0.079616082 0.65968621 4.47635871
-0.0982952465 0.653512588 4.30634665
NaN NaN NaN
-0.111526008 0.844579687 4.23140337
-0.0906492538 1.01789763 3.97527133
NaN NaN NaN
-0.111526008 0.844579687 4.23140337
-0.0982952465 0.653512588 4.30634665
NaN NaN NaN
-0.111526008 0.844579687 4.23140337
-0.103199601 0.829827613 4.02369468
NaN NaN NaN
-0.111526008 0.844579687 4.23140337
-0.118 0.647 4.127
NaN NaN NaN
0.149637067 0.558684287 4.61310948
0.10735292 0.650453107 4.46540449
NaN NaN NaN
0.149637067 0.558684287 4.61310948
0.176897966 0.50496438 4.61358808
NaN NaN NaN
0.149637067 0.558684287 4.61310948
0.165051921 0.536154885 4.45817043
NaN NaN NaN
0.28775156 0.269332276 5.23332335
0.233 0.208 5.401
NaN NaN NaN
0.28775156 0.269332276 5.23332335
0.338149115 0.325787229 5.07898084
NaN NaN NaN
0.28775156 0.269332276 5.23332335
0.205192827 0.235807173 5.23068106
NaN NaN NaN
0.51916874 0.298509735 5.24140549
0.592642796 0.302748623 5.09139596
NaN NaN NaN
0.51916874 0.298509735 5.24140549
0.649 0.208 5.401
NaN NaN NaN
0.51916874 0.298509735 5.24140549
0.675305066 0.234305066 5.23988147
NaN NaN NaN
0.10735292 0.650453107 4.46540449
0.098244104 0.653529491 4.30681214
NaN NaN NaN
0.10735292 0.650453107 4.46540449
0.165051921 0.536154885 4.45817043
NaN NaN NaN
0.10735292 0.650453107 4.46540449
0.112568142 0.648761684 4.29964499
NaN NaN NaN
-0.107369153 0.650447842 4.46488856
-0.126369002 0.612946819 4.46637746
NaN NaN NaN
-0.107369153 0.650447842 4.46488856
-0.0982952465 0.653512588 4.30634665
NaN NaN NaN
-0.107369153 0.650447842 4.46488856
-0.11258422 0.648756469 4.29913397
NaN NaN NaN
-0.107369153 0.650447842 4.46488856
-0.122276211 0.629600245 4.30040773
NaN NaN NaN
0.1117149 0.838814886 4.22835718
0.098244104 0.653529491 4.30681214
NaN NaN NaN
0.1117149 0.838814886 4.22835718
0.103743536 0.822151434 4.02633388
NaN NaN NaN
0.1117149 0.838814886 4.22835718
0.118 0.647 4.127
NaN NaN NaN
-0.233 0.208 5.401
-0.20532462 0.23567538 5.2314883
NaN NaN NaN
-0.233 0.208 5.401
-0.17166424 0.15324533 5.23331382
NaN NaN NaN
-0.233 0.208 5.401
-0.147 0.0 5.401
NaN NaN NaN
-0.233 0.208 5.401
-0.441 0.0 5.401
NaN NaN NaN
0.233 0.208 5.401
0.205192827 0.235807173 5.23068106
NaN NaN NaN
0.233 0.208 5.401
0.142228099 0.0827129543 5.23212772
NaN NaN NaN
0.233 0.208 5.401
0.147 0.0 5.401
NaN NaN NaN
0.233 0.208 5.401
0.441 0.0 5.401
NaN NaN NaN
0.338149115 0.325787229 5.07898084
0.388840224 0.38257102 4.92373931
NaN NaN NaN
0.338149115 0.325787229 5.07898084
0.205192827 0.235807173 5.23068106
NaN NaN NaN
0.338149115 0.325787229 5.07898084
0.179807096 0.261192904 5.07519346
NaN NaN NaN
0.338149115 0.325787229 5.07898084
0.155123296 0.285876704 4.92400519
NaN NaN NaN
-0.441 0.404365399 4.92274994
-0.280437821 0.303263203 5.07318555
NaN NaN NaN
-0.441 0.404365399 4.92274994
-0.541897712 0.327975159 5.07299924
NaN NaN NaN
-0.441 0.404365399 4.92274994
-0.492279658 0.383556922 4.92104395
NaN NaN NaN
-0.441 0.404365399 4.92274994
-0.441 0.441 4.764
NaN NaN NaN
-0.441 0.404365399 4.92274994
-0.207128641 0.307492578 4.92351264
NaN NaN NaN
-0.441 0.404365399 4.92274994
-0.285101818 0.376542098 4.764
NaN NaN NaN
0.441 0.404419626 4.92251496
0.388840224 0.38257102 4.92373931
NaN NaN NaN
0.441 0.404419626 4.92251496
0.441 0.441 4.764
NaN NaN NaN
0.441 0.404419626 4.92251496
0.591821047 0.378641298 4.764
NaN NaN NaN
0.441 0.404419626 4.92251496
0.6686754 0.307135119 4.93616273
NaN NaN NaN
-0.133917632 0.371284785 4.91125576
-0.117806912 0.339300214 4.91114815
NaN NaN NaN
-0.133917632 0.371284785 4.91125576
-0.129 0.312 4.764
NaN NaN NaN
0.133905127 0.371134034 4.91088131
0.117835759 0.339229855 4.91076892
NaN NaN NaN
0.133905127 0.371134034 4.91088131
0.129 0.312 4.764
NaN NaN NaN
0.388840224 0.38257102 4.92373931
0.441 0.441 4.764
NaN NaN NaN
0.388840224 0.38257102 4.92373931
0.284840771 0.376434165 4.764
NaN NaN NaN
0.388840224 0.38257102 4.92373931
0.155123296 0.285876704 4.92400519
NaN NaN NaN
-0.280437821 0.303263203 5.07318555
-0.180288008 0.260711992 5.07813905
NaN NaN NaN
-0.280437821 0.303263203 5.07318555
-0.207128641 0.307492578 4.92351264
NaN NaN NaN
-0.280437821 0.303263203 5.07318555
-0.155334946 0.285665054 4.92530155
NaN NaN NaN
-0.20532462 0.23567538 5.2314883
-0.180288008 0.260711992 5.07813905
NaN NaN NaN
-0.20532462 0.23567538 5.2314883
-0.17166424 0.15324533 5.23331382
NaN NaN NaN
-0.20532462 0.23567538 5.2314883
-0.114618716 0.102320571 5.07735675
NaN NaN NaN
0.205192827 0.235807173 5.23068106
0.179807096 0.261192904 5.07519346
NaN NaN NaN
0.205192827 0.235807173 5.23068106
0.137944925 0.156954637 5.08055095
NaN NaN NaN
0.205192827 0.235807173 5.23068106
0.142228099 0.0827129543 5.23212772
NaN NaN NaN
-0.126369002 0.612946819 4.46637746
-0.176897142 0.504965043 4.61360708
NaN NaN NaN
-0.126369002 0.612946819 4.46637746
-0.122276211 0.629600245 4.30040773
NaN NaN NaN
-0.126369002 0.612946819 4.46637746
-0.183654752 0.499532454 4.45778454
NaN NaN NaN
-0.541897712 0.327975159 5.07299924
-0.492279658 0.383556922 4.92104395
NaN NaN NaN
-0.541897712 0.327975159 5.07299924
-0.593541705 0.270123955 5.23115897
NaN NaN NaN
-0.541897712 0.327975159 5.07299924
-0.675405342 0.234405342 5.23926728
NaN NaN NaN
-0.541897712 0.327975159 5.07299924
-0.70040989 0.25940989 5.08611442
NaN NaN NaN
-0.541897712 0.327975159 5.07299924
-0.725353394 0.284353394 4.93333546
NaN NaN NaN
-0.492279658 0.383556922 4.92104395
-0.441 0.441 4.764
NaN NaN NaN
-0.492279658 0.383556922 4.92104395
-0.591955915 0.378585535 4.764
NaN NaN NaN
-0.492279658 0.383556922 4.92104395
-0.725353394 0.284353394 4.93333546
NaN NaN NaN
-0.176897142 0.504965043 4.61360708
-0.183654752 0.499532454 4.45778454
NaN NaN NaN
-0.176897142 0.504965043 4.61360708
-0.145695029 0.354584421 4.60987343
NaN NaN NaN
0.176897966 0.50496438 4.61358808
0.165051921 0.536154885 4.45817043
NaN NaN NaN
0.176897966 0.50496438 4.61358808
0.183627694 0.499554207 4.45840848
NaN NaN NaN
0.176897966 0.50496438 4.61358808
0.145705048 0.354609978 4.60978093
NaN NaN NaN
-0.117806912 0.339300214 4.91114815
-0.0937741929 0.333845462 4.9111838
NaN NaN NaN
-0.117806912 0.339300214 4.91114815
-0.129 0.312 4.764
NaN NaN NaN
0.117835759 0.339229855 4.91076892
0.0938645667 0.333789416 4.91080619
NaN NaN NaN
0.117835759 0.339229855 4.91076892
0.129 0.312 4.764
NaN NaN NaN
-0.593541705 0.270123955 5.23115897
-0.649 0.208 5.401
NaN NaN NaN
-0.593541705 0.270123955 5.23115897
-0.675405342 0.234405342 5.23926728
NaN NaN NaN
0.0 0.249116828 5.10653564
0.0 0.17208015 5.00061021
NaN NaN NaN
-0.0937741929 0.333845462 4.9111838
-0.129 0.312 4.764
NaN NaN NaN
-0.0937741929 0.333845462 4.9111838
0.0 0.17208015 5.00061021
NaN NaN NaN
-0.0937741929 0.333845462 4.9111838
-0.0651609712 0.157598628 4.764
NaN NaN NaN
-0.0937741929 0.333845462 4.9111838
0.0 0.0883752492 4.88551597
NaN NaN NaN
0.0938645667 0.333789416 4.91080619
0.129 0.312 4.764
NaN NaN NaN
0.0938645667 0.333789416 4.91080619
0.0 0.17208015 5.00061021
NaN NaN NaN
0.0938645667 0.333789416 4.91080619
0.0652331757 0.157773262 4.764
NaN NaN NaN
0.0938645667 0.333789416 4.91080619
0.0 0.0883752492 4.88551597
NaN NaN NaN
-0.441 0.441 4.764
-0.285101818 0.376542098 4.764
NaN NaN NaN
-0.441 0.441 4.764
-0.382317656 0.452350083 4.61017015
NaN NaN NaN
-0.441 0.441 4.764
-0.591955915 0.378585535 4.764
NaN NaN NaN
-0.441 0.441 4.764
-0.495615475 0.452443242 4.59833306
NaN NaN NaN
0.441 0.441 4.764
0.284840771 0.376434165 4.764
NaN NaN NaN
0.441 0.441 4.764
0.382361025 0.452341695 4.61028384
NaN NaN NaN
0.441 0.441 4.764
0.591821047 0.378641298 4.764
NaN NaN NaN
0.441 0.441 4.764
0.495569834 0.452433679 4.5984715
NaN NaN NaN
-0.180288008 0.260711992 5.07813905
-0.155334946 0.285665054 4.92530155
NaN NaN NaN
-0.180288008 0.260711992 5.07813905
-0.114618716 0.102320571 5.07735675
NaN NaN NaN
-0.0906492538 1.01789763 3.97527133
-0.103199601 0.829827613 4.02369468
NaN NaN NaN
-0.0906492538 1.01789763 3.97527133
-0.0639894682 1.18934662 3.57364192
NaN NaN NaN
-0.0906492538 1.01789763 3.97527133
-0.0960274549 0.832309011 3.86398019
NaN NaN NaN
-0.0906492538 1.01789763 3.97527133
-0.0839939996 0.877776634 3.64713627
NaN NaN NaN
0.179807096 0.261192904 5.07519346
0.155123296 0.285876704 4.92400519
NaN NaN NaN
0.179807096 0.261192904 5.07519346
0.137944925 0.156954637 5.08055095
NaN NaN NaN
0.592642796 0.302748623 5.09139596
0.675305066 0.234305066 5.23988147
NaN NaN NaN
0.592642796 0.302748623 5.09139596
0.69975181 0.25875181 5.09014517
NaN NaN NaN
0.592642796 0.302748623 5.09139596
0.6686754 0.307135119 4.93616273
NaN NaN NaN
-0.649 0.208 5.401
-0.675405342 0.234405342 5.23926728
NaN NaN NaN
-0.649 0.208 5.401
-0.441 0.0 5.401
NaN NaN NaN
-0.649 0.208 5.401
-0.739663501 0.0808340184 5.23596388
NaN NaN NaN
-0.649 0.208 5.401
-0.735 0.0 5.401
NaN NaN NaN
0.649 0.208 5.401
0.675305066 0.234305066 5.23988147
NaN NaN NaN
0.649 0.208 5.401
0.707904596 0.15541564 5.2399604
NaN NaN NaN
0.649 0.208 5.401
0.441 0.0 5.401
NaN NaN NaN
0.649 0.208 5.401
0.735 0.0 5.401
NaN NaN NaN
-0.207128641 0.307492578 4.92351264
-0.285101818 0.376542098 4.764
NaN NaN NaN
-0.207128641 0.307492578 4.92351264
-0.155334946 0.285665054 4.92530155
NaN NaN NaN
-0.207128641 0.307492578 4.92351264
-0.129 0.312 4.764
NaN NaN NaN
-0.285101818 0.376542098 4.764
-0.382317656 0.452350083 4.61017015
NaN NaN NaN
-0.285101818 0.376542098 4.764
-0.129 0.312 4.764
NaN NaN NaN
-0.285101818 0.376542098 4.764
-0.145695029 0.354584421 4.60987343
NaN NaN NaN
0.284840771 0.376434165 4.764
0.155123296 0.285876704 4.92400519
NaN NaN NaN
0.284840771 0.376434165 4.764
0.382361025 0.452341695 4.61028384
NaN NaN NaN
0.284840771 0.376434165 4.764
0.129 0.312 4.764
NaN NaN NaN
0.284840771 0.376434165 4.764
0.145705048 0.354609978 4.60978093
NaN NaN NaN
-0.155334946 0.285665054 4.92530155
-0.129 0.312 4.764
NaN NaN NaN
-0.155334946 0.285665054 4.92530155
-0.114618716 0.102320571 5.07735675
NaN NaN NaN
-0.155334946 0.285665054 4.92530155
-0.0651609712 0.157598628 4.764
NaN NaN NaN
-0.155334946 0.285665054 4.92530155
-0.0595031781 0.0531187169 4.92667607
NaN NaN NaN
0.155123296 0.285876704 4.92400519
0.129 0.312 4.764
NaN NaN NaN
0.155123296 0.285876704 4.92400519
0.133571426 0.232761953 4.92577768
NaN NaN NaN
0.155123296 0.285876704 4.92400519
0.137944925 0.156954637 5.08055095
NaN NaN NaN
0.675305066 0.234305066 5.23988147
0.69975181 0.25875181 5.09014517
NaN NaN NaN
0.675305066 0.234305066 5.23988147
0.707904596 0.15541564 5.2399604
NaN NaN NaN
0.675305066 0.234305066 5.23988147
0.763072551 0.106166993 5.08913642
NaN NaN NaN
-0.675405342 0.234405342 5.23926728
-0.70040989 0.25940989 5.08611442
NaN NaN NaN
-0.675405342 0.234405342 5.23926728
-0.743965829 0.1554077 5.08370928
NaN NaN NaN
-0.675405342 0.234405342 5.23926728
-0.739663501 0.0808340184 5.23596388
NaN NaN NaN
0.098244104 0.653529491 4.30681214
0.112568142 0.648761684 4.29964499
NaN NaN NaN
0.098244104 0.653529491 4.30681214
0.118 0.647 4.127
NaN NaN NaN
-0.0982952465 0.653512588 4.30634665
-0.11258422 0.648756469 4.29913397
NaN NaN NaN
-0.0982952465 0.653512588 4.30634665
-0.118 0.647 4.127
NaN NaN NaN
-0.17166424 0.15324533 5.23331382
-0.114618716 0.102320571 5.07735675
NaN NaN NaN
-0.17166424 0.15324533 5.23331382
-0.147 0.0 5.401
NaN NaN NaN
-0.17166424 0.15324533 5.23331382
-0.108599961 0.0 5.23459983
NaN NaN NaN
0.165051921 0.536154885 4.45817043
0.112568142 0.648761684 4.29964499
NaN NaN NaN
0.165051921 0.536154885 4.45817043
0.183627694 0.499554207 4.45840848
NaN NaN NaN
0.165051921 0.536154885 4.45817043
0.181188215 0.512571071 4.29598
NaN NaN NaN
0.112568142 0.648761684 4.29964499
0.118 0.647 4.127
NaN NaN NaN
0.112568142 0.648761684 4.29964499
0.181188215 0.512571071 4.29598
NaN NaN NaN
-0.11258422 0.648756469 4.29913397
-0.122276211 0.629600245 4.30040773
NaN NaN NaN
-0.11258422 0.648756469 4.29913397
-0.118 0.647 4.127
NaN NaN NaN
0.0276002457 1.78782737 3.40184308
0.0640505329 1.18892921 3.57455373
NaN NaN NaN
0.0276002457 1.78782737 3.40184308
0.0 1.78092689 3.14318127
NaN NaN NaN
0.0276002457 1.78782737 3.40184308
0.0256668836 1.57241014 3.06279244
NaN NaN NaN
0.0276002457 1.78782737 3.40184308
0.0437208191 1.23359872 3.14457848
NaN NaN NaN
-0.0276002457 1.78782737 3.40184308
-0.0639894682 1.18934662 3.57364192
NaN NaN NaN
-0.0276002457 1.78782737 3.40184308
0.0 1.78092689 3.14318127
NaN NaN NaN
-0.0276002457 1.78782737 3.40184308
-0.0256668836 1.57241014 3.06279244
NaN NaN NaN
-0.0276002457 1.78782737 3.40184308
-0.0436819293 1.23354738 3.14356469
NaN NaN NaN
0.382361025 0.452341695 4.61028384
0.495569834 0.452433679 4.5984715
NaN NaN NaN
0.382361025 0.452341695 4.61028384
0.145705048 0.354609978 4.60978093
NaN NaN NaN
0.382361025 0.452341695 4.61028384
0.321673892 0.464079535 4.45119864
NaN NaN NaN
0.382361025 0.452341695 4.61028384
0.1628516 0.39834611 4.45148595
NaN NaN NaN
-0.382317656 0.452350083 4.61017015
-0.495615475 0.452443242 4.59833306
NaN NaN NaN
-0.382317656 0.452350083 4.61017015
-0.145695029 0.354584421 4.60987343
NaN NaN NaN
-0.382317656 0.452350083 4.61017015
-0.321722484 0.464070137 4.45132602
NaN NaN NaN
-0.382317656 0.452350083 4.61017015
-0.162856743 0.398359229 4.45143847
NaN NaN NaN
-0.122276211 0.629600245 4.30040773
-0.183654752 0.499532454 4.45778454
NaN NaN NaN
-0.122276211 0.629600245 4.30040773
-0.118 0.647 4.127
NaN NaN NaN
-0.122276211 0.629600245 4.30040773
-0.190704956 0.493864643 4.29521513
NaN NaN NaN
0.69975181 0.25875181 5.09014517
0.6686754 0.307135119 4.93616273
NaN NaN NaN
0.69975181 0.25875181 5.09014517
0.72502972 0.28402972 4.93531796
NaN NaN NaN
0.69975181 0.25875181 5.09014517
0.763072551 0.106166993 5.08913642
NaN NaN NaN
-0.70040989 0.25940989 5.08611442
-0.725353394 0.284353394 4.93333546
NaN NaN NaN
-0.70040989 0.25940989 5.08611442
-0.748263027 0.22989247 4.93163621
NaN NaN NaN
-0.70040989 0.25940989 5.08611442
-0.743965829 0.1554077 5.08370928
NaN NaN NaN
0.591821047 0.378641298 4.764
0.495569834 0.452433679 4.5984715
NaN NaN NaN
0.591821047 0.378641298 4.764
0.6686754 0.307135119 4.93616273
NaN NaN NaN
0.591821047 0.378641298 4.764
0.753 0.312 4.764
NaN NaN NaN
0.591821047 0.378641298 4.764
0.724039847 0.361118691 4.583141
NaN NaN NaN
-0.591955915 0.378585535 4.764
-0.495615475 0.452443242 4.59833306
NaN NaN NaN
-0.591955915 0.378585535 4.764
-0.725353394 0.284353394 4.93333546
NaN NaN NaN
-0.591955915 0.378585535 4.764
-0.753 0.312 4.764
NaN NaN NaN
-0.591955915 0.378585535 4.764
-0.72388081 0.36138843 4.5821478
NaN NaN NaN
0.495569834 0.452433679 4.5984715
0.321673892 0.464079535 4.45119864
NaN NaN NaN
0.495569834 0.452433679 4.5984715
0.550287587 0.463898352 4.43249432
NaN NaN NaN
0.495569834 0.452433679 4.5984715
0.724039847 0.361118691 4.583141
NaN NaN NaN
-0.495615475 0.452443242 4.59833306
-0.321722484 0.464070137 4.45132602
NaN NaN NaN
-0.495615475 0.452443242 4.59833306
-0.550293472 0.463899585 4.43247647
NaN NaN NaN
-0.495615475 0.452443242 4.59833306
-0.72388081 0.36138843 4.5821478
NaN NaN NaN
0.183627694 0.499554207 4.45840848
0.145705048 0.354609978 4.60978093
NaN NaN NaN
0.183627694 0.499554207 4.45840848
0.181188215 0.512571071 4.29598
NaN NaN NaN
0.183627694 0.499554207 4.45840848
0.1628516 0.39834611 4.45148595
NaN NaN NaN
0.183627694 0.499554207 4.45840848
0.190673954 0.493889566 4.29593
NaN NaN NaN
-0.183654752 0.499532454 4.45778454
-0.145695029 0.354584421 4.60987343
NaN NaN NaN
-0.183654752 0.499532454 4.45778454
-0.162856743 0.398359229 4.45143847
NaN NaN NaN
-0.183654752 0.499532454 4.45778454
-0.190704956 0.493864643 4.29521513
NaN NaN NaN
0.6686754 0.307135119 4.93616273
0.72502972 0.28402972 4.93531796
NaN NaN NaN
0.6686754 0.307135119 4.93616273
0.753 0.312 4.764
NaN NaN NaN
-0.129 0.312 4.764
-0.145695029 0.354584421 4.60987343
NaN NaN NaN
-0.129 0.312 4.764
-0.0651609712 0.157598628 4.764
NaN NaN NaN
0.129 0.312 4.764
0.133571426 0.232761953 4.92577768
NaN NaN NaN
0.129 0.312 4.764
0.145705048 0.354609978 4.60978093
NaN NaN NaN
0.129 0.312 4.764
0.0652331757 0.157773262 4.764
NaN NaN NaN
0.133571426 0.232761953 4.92577768
0.137944925 0.156954637 5.08055095
NaN NaN NaN
0.133571426 0.232761953 4.92577768
0.0652331757 0.157773262 4.764
NaN NaN NaN
0.133571426 0.232761953 4.92577768
0.0374879607 0.0 4.92644783
NaN NaN NaN
0.137944925 0.156954637 5.08055095
0.142228099 0.0827129543 5.23212772
NaN NaN NaN
0.137944925 0.156954637 5.08055095
0.108786217 0.0 5.23540694
NaN NaN NaN
0.137944925 0.156954637 5.08055095
0.0730364079 0.0 5.0804911
NaN NaN NaN
0.137944925 0.156954637 5.08055095
0.0374879607 0.0 4.92644783
NaN NaN NaN
-0.103199601 0.829827613 4.02369468
-0.118 0.647 4.127
NaN NaN NaN
-0.103199601 0.829827613 4.02369468
-0.0960274549 0.832309011 3.86398019
NaN NaN NaN
-0.103199601 0.829827613 4.02369468
-0.109178464 0.653578773 3.93651463
NaN NaN NaN
0.103743536 0.822151434 4.02633388
0.118 0.647 4.127
NaN NaN NaN
0.103743536 0.822151434 4.02633388
0.0960730314 0.831792167 3.86436542
NaN NaN NaN
0.103743536 0.822151434 4.02633388
0.109196511 0.653565314 3.93690433
NaN NaN NaN
0.0 0.17208015 5.00061021
0.0 0.0883752492 4.88551597
NaN NaN NaN
0.142228099 0.0827129543 5.23212772
0.147 0.0 5.401
NaN NaN NaN
0.142228099 0.0827129543 5.23212772
0.108786217 0.0 5.23540694
NaN NaN NaN
0.72502972 0.28402972 4.93531796
0.753 0.312 4.764
NaN NaN NaN
0.72502972 0.28402972 4.93531796
0.763072551 0.106166993 5.08913642
NaN NaN NaN
0.72502972 0.28402972 4.93531796
0.817506272 0.155984831 4.764
NaN NaN NaN
0.72502972 0.28402972 4.93531796
0.819654156 0.0556563756 4.93444765
NaN NaN NaN
-0.725353394 0.284353394 4.93333546
-0.748263027 0.22989247 4.93163621
NaN NaN NaN
-0.725353394 0.284353394 4.93333546
-0.753 0.312 4.764
NaN NaN NaN
-0.145695029 0.354584421 4.60987343
-0.162856743 0.398359229 4.45143847
NaN NaN NaN
0.145705048 0.354609978 4.60978093
0.1628516 0.39834611 4.45148595
NaN NaN NaN
0.707904596 0.15541564 5.2399604
0.763072551 0.106166993 5.08913642
NaN NaN NaN
0.707904596 0.15541564 5.2399604
0.735 0.0 5.401
NaN NaN NaN
0.707904596 0.15541564 5.2399604
0.772898175 0.0 5.23677457
NaN NaN NaN
-0.321722484 0.464070137 4.45132602
-0.162856743 0.398359229 4.45143847
NaN NaN NaN
-0.321722484 0.464070137 4.45132602
-0.550293472 0.463899585 4.43247647
NaN NaN NaN
-0.321722484 0.464070137 4.45132602
-0.260051617 0.475998247 4.28966206
NaN NaN NaN
-0.321722484 0.464070137 4.45132602
-0.18033254 0.442935174 4.29010394
NaN NaN NaN
-0.321722484 0.464070137 4.45132602
-0.43687102 0.475520233 4.27993705
NaN NaN NaN
0.321673892 0.464079535 4.45119864
0.1628516 0.39834611 4.45148595
NaN NaN NaN
0.321673892 0.464079535 4.45119864
0.550287587 0.463898352 4.43249432
NaN NaN NaN
0.321673892 0.464079535 4.45119864
0.259924053 0.47602292 4.28932766
NaN NaN NaN
0.321673892 0.464079535 4.45119864
0.18032578 0.442917932 4.29016635
NaN NaN NaN
0.321673892 0.464079535 4.45119864
0.436736094 0.475549643 4.27953686
NaN NaN NaN
-0.114618716 0.102320571 5.07735675
-0.108599961 0.0 5.23459983
NaN NaN NaN
-0.114618716 0.102320571 5.07735675
-0.073097186 0.0 5.08075447
NaN NaN NaN
-0.114618716 0.102320571 5.07735675
-0.0595031781 0.0531187169 4.92667607
NaN NaN NaN
-0.147 0.0 5.401
-0.441 0.0 5.401
NaN NaN NaN
-0.147 0.0 5.401
-0.108599961 0.0 5.23459983
NaN NaN NaN
-0.147 0.0 5.401
-0.142469542 -0.0785279394 5.24067212
NaN NaN NaN
-0.147 0.0 5.401
-0.233 -0.208 5.401
NaN NaN NaN
0.147 0.0 5.401
0.441 0.0 5.401
NaN NaN NaN
0.147 0.0 5.401
0.108786217 0.0 5.23540694
NaN NaN NaN
0.147 0.0 5.401
0.172640585 -0.154116917 5.23598306
NaN NaN NaN
0.147 0.0 5.401
0.233 -0.208 5.401
NaN NaN NaN
0.118 0.647 4.127
0.181188215 0.512571071 4.29598
NaN NaN NaN
0.118 0.647 4.127
0.109196511 0.653565314 3.93690433
NaN NaN NaN
0.118 0.647 4.127
0.198 0.488 4.127
NaN NaN NaN
0.118 0.647 4.127
0.124339294 0.648491599 3.93704492
NaN NaN NaN
0.118 0.647 4.127
0.201316984 0.495066618 3.94326793
NaN NaN NaN
-0.118 0.647 4.127
-0.190704956 0.493864643 4.29521513
NaN NaN NaN
-0.118 0.647 4.127
-0.109178464 0.653578773 3.93651463
NaN NaN NaN
-0.118 0.647 4.127
-0.198 0.488 4.127
NaN NaN NaN
-0.118 0.647 4.127
-0.124352304 0.64849466 3.93665507
NaN NaN NaN
-0.118 0.647 4.127
-0.201330803 0.495096058 3.9425025
NaN NaN NaN
0.181188215 0.512571071 4.29598
0.190673954 0.493889566 4.29593
NaN NaN NaN
0.181188215 0.512571071 4.29598
0.198 0.488 4.127
NaN NaN NaN
0.1628516 0.39834611 4.45148595
0.190673954 0.493889566 4.29593
NaN NaN NaN
0.1628516 0.39834611 4.45148595
0.18032578 0.442917932 4.29016635
NaN NaN NaN
-0.162856743 0.398359229 4.45143847
-0.190704956 0.493864643 4.29521513
NaN NaN NaN
-0.162856743 0.398359229 4.45143847
-0.18033254 0.442935174 4.29010394
NaN NaN NaN
0.550287587 0.463898352 4.43249432
0.724039847 0.361118691 4.583141
NaN NaN NaN
0.550287587 0.463898352 4.43249432
0.436736094 0.475549643 4.27953686
NaN NaN NaN
0.550287587 0.463898352 4.43249432
0.697952792 0.405364382 4.42022479
NaN NaN NaN
0.550287587 0.463898352 4.43249432
0.602559374 0.474850536 4.27393656
NaN NaN NaN
-0.550293472 0.463899585 4.43247647
-0.72388081 0.36138843 4.5821478
NaN NaN NaN
-0.550293472 0.463899585 4.43247647
-0.43687102 0.475520233 4.27993705
NaN NaN NaN
-0.550293472 0.463899585 4.43247647
-0.698076172 0.40515512 4.42099531
NaN NaN NaN
-0.550293472 0.463899585 4.43247647
-0.602548382 0.474848232 4.27396991
NaN NaN NaN
-0.748263027 0.22989247 4.93163621
-0.753 0.312 4.764
NaN NaN NaN
-0.748263027 0.22989247 4.93163621
-0.743965829 0.1554077 5.08370928
NaN NaN NaN
-0.748263027 0.22989247 4.93163621
-0.817490076 0.156024003 4.764
NaN NaN NaN
-0.748263027 0.22989247 4.93163621
-0.843657685 0.0 4.93015003
NaN NaN NaN
-0.753 0.312 4.764
-0.72388081 0.36138843 4.5821478
NaN NaN NaN
-0.753 0.312 4.764
-0.808153589 0.326092106 4.6092298
NaN NaN NaN
-0.753 0.312 4.764
-0.817490076 0.156024003 4.764
NaN NaN NaN
0.753 0.312 4.764
0.724039847 0.361118691 4.583141
NaN NaN NaN
0.753 0.312 4.764
0.808124556 0.326084688 4.60931127
NaN NaN NaN
0.753 0.312 4.764
0.817506272 0.155984831 4.764
NaN NaN NaN
-0.441 0.0 5.401
-0.735 0.0 5.401
NaN NaN NaN
-0.441 0.0 5.401
-0.233 -0.208 5.401
NaN NaN NaN
-0.441 0.0 5.401
-0.649 -0.208 5.401
NaN NaN NaN
-0.441 0.0 5.401
-0.441 -0.294 5.401
NaN NaN NaN
0.441 0.0 5.401
0.735 0.0 5.401
NaN NaN NaN
0.441 0.0 5.401
0.233 -0.208 5.401
NaN NaN NaN
0.441 0.0 5.401
0.649 -0.208 5.401
NaN NaN NaN
0.441 0.0 5.401
0.441 -0.294 5.401
NaN NaN NaN
-0.743965829 0.1554077 5.08370928
-0.739663501 0.0808340184 5.23596388
NaN NaN NaN
-0.743965829 0.1554077 5.08370928
-0.77303174 0.0 5.23619579
NaN NaN NaN
-0.743965829 0.1554077 5.08370928
-0.808713567 0.0 5.08157455
NaN NaN NaN
-0.743965829 0.1554077 5.08370928
-0.843657685 0.0 4.93015003
NaN NaN NaN
0.190673954 0.493889566 4.29593
0.18032578 0.442917932 4.29016635
NaN NaN NaN
0.190673954 0.493889566 4.29593
0.198 0.488 4.127
NaN NaN NaN
-0.190704956 0.493864643 4.29521513
-0.18033254 0.442935174 4.29010394
NaN NaN NaN
-0.190704956 0.493864643 4.29521513
-0.198 0.488 4.127
NaN NaN NaN
0.108786217 0.0 5.23540694
0.0730364079 0.0 5.0804911
NaN NaN NaN
0.108786217 0.0 5.23540694
0.116609877 -0.104098087 5.08280039
NaN NaN NaN
0.108786217 0.0 5.23540694
0.172640585 -0.154116917 5.23598306
NaN NaN NaN
-0.108599961 0.0 5.23459983
-0.073097186 0.0 5.08075447
NaN NaN NaN
-0.108599961 0.0 5.23459983
-0.142469542 -0.0785279394 5.24067212
NaN NaN NaN
-0.108599961 0.0 5.23459983
-0.138162534 -0.15318274 5.08825191
NaN NaN NaN
-0.739663501 0.0808340184 5.23596388
-0.735 0.0 5.401
NaN NaN NaN
-0.739663501 0.0808340184 5.23596388
-0.77303174 0.0 5.23619579
NaN NaN NaN
-0.260051617 0.475998247 4.28966206
-0.18033254 0.442935174 4.29010394
NaN NaN NaN
-0.260051617 0.475998247 4.28966206
-0.43687102 0.475520233 4.27993705
NaN NaN NaN
-0.260051617 0.475998247 4.28966206
-0.198 0.488 4.127
NaN NaN NaN
-0.260051617 0.475998247 4.28966206
-0.363127161 0.486906443 4.127
NaN NaN NaN
0.259924053 0.47602292 4.28932766
0.18032578 0.442917932 4.29016635
NaN NaN NaN
0.259924053 0.47602292 4.28932766
0.436736094 0.475549643 4.27953686
NaN NaN NaN
0.259924053 0.47602292 4.28932766
0.198 0.488 4.127
NaN NaN NaN
0.259924053 0.47602292 4.28932766
0.363185197 0.486906058 4.127
NaN NaN NaN
0.0640505329 1.18892921 3.57455373
0.0840372226 0.877572257 3.6478668
NaN NaN NaN
0.0640505329 1.18892921 3.57455373
0.0765091022 0.863307815 3.45849805
NaN NaN NaN
0.0640505329 1.18892921 3.57455373
0.0437208191 1.23359872 3.14457848
NaN NaN NaN
0.0640505329 1.18892921 3.57455373
0.0638733722 0.905864058 3.22157825
NaN NaN NaN
-0.0639894682 1.18934662 3.57364192
-0.0839939996 0.877776634 3.64713627
NaN NaN NaN
-0.0639894682 1.18934662 3.57364192
-0.0764637713 0.863448605 3.45763801
NaN NaN NaN
-0.0639894682 1.18934662 3.57364192
-0.0436819293 1.23354738 3.14356469
NaN NaN NaN
-0.0639894682 1.18934662 3.57364192
-0.0638328845 0.905881365 3.22066933
NaN NaN NaN
0.724039847 0.361118691 4.583141
0.808124556 0.326084688 4.60931127
NaN NaN NaN
0.724039847 0.361118691 4.583141
0.697952792 0.405364382 4.42022479
NaN NaN NaN
0.724039847 0.361118691 4.583141
0.858382435 0.338925908 4.46827925
NaN NaN NaN
-0.72388081 0.36138843 4.5821478
-0.808153589 0.326092106 4.6092298
NaN NaN NaN
-0.72388081 0.36138843 4.5821478
-0.698076172 0.40515512 4.42099531
NaN NaN NaN
-0.0960274549 0.832309011 3.86398019
-0.109178464 0.653578773 3.93651463
NaN NaN NaN
-0.0960274549 0.832309011 3.86398019
-0.0839939996 0.877776634 3.64713627
NaN NaN NaN
-0.0960274549 0.832309011 3.86398019
-0.0999701601 0.660445982 3.73767769
NaN NaN NaN
0.0960730314 0.831792167 3.86436542
0.109196511 0.653565314 3.93690433
NaN NaN NaN
0.0960730314 0.831792167 3.86436542
0.0840372226 0.877572257 3.6478668
NaN NaN NaN
0.0960730314 0.831792167 3.86436542
0.1000005 0.660423356 3.73833284
NaN NaN NaN
0.0652331757 0.157773262 4.764
0.0 0.0883752492 4.88551597
NaN NaN NaN
0.0652331757 0.157773262 4.764
0.0374879607 0.0 4.92644783
NaN NaN NaN
0.0652331757 0.157773262 4.764
0.0 0.0 4.764
NaN NaN NaN
-0.0651609712 0.157598628 4.764
0.0 0.0883752492 4.88551597
NaN NaN NaN
-0.0651609712 0.157598628 4.764
-0.0595031781 0.0531187169 4.92667607
NaN NaN NaN
-0.0651609712 0.157598628 4.764
0.0 0.0 4.764
NaN NaN NaN
0.18032578 0.442917932 4.29016635
0.198 0.488 4.127
NaN NaN NaN
-0.18033254 0.442935174 4.29010394
-0.198 0.488 4.127
NaN NaN NaN
0.763072551 0.106166993 5.08913642
0.772898175 0.0 5.23677457
NaN NaN NaN
0.763072551 0.106166993 5.08913642
0.807408727 0.0 5.08722885
NaN NaN NaN
0.763072551 0.106166993 5.08913642
0.819654156 0.0556563756 4.93444765
NaN NaN NaN
-0.735 0.0 5.401
-0.77303174 0.0 5.23619579
NaN NaN NaN
-0.735 0.0 5.401
-0.649 -0.208 5.401
NaN NaN NaN
-0.735 0.0 5.401
-0.713892193 -0.150070489 5.22359087
NaN NaN NaN
0.735 0.0 5.401
0.772898175 0.0 5.23677457
NaN NaN NaN
0.735 0.0 5.401
0.739654335 -0.080675132 5.23628827
NaN NaN NaN
0.735 0.0 5.401
0.649 -0.208 5.401
NaN NaN NaN
-0.43687102 0.475520233 4.27993705
-0.602548382 0.474848232 4.27396991
NaN NaN NaN
-0.43687102 0.475520233 4.27993705
-0.363127161 0.486906443 4.127
NaN NaN NaN
-0.43687102 0.475520233 4.27993705
-0.510759216 0.485928747 4.127
NaN NaN NaN
0.436736094 0.475549643 4.27953686
0.602559374 0.474850536 4.27393656
NaN NaN NaN
0.436736094 0.475549643 4.27953686
0.363185197 0.486906058 4.127
NaN NaN NaN
0.436736094 0.475549643 4.27953686
0.510430948 0.485930921 4.127
NaN NaN NaN
0.0 0.0883752492 4.88551597
0.0 0.0 4.764
NaN NaN NaN
-0.073097186 0.0 5.08075447
-0.0595031781 0.0531187169 4.92667607
NaN NaN NaN
-0.073097186 0.0 5.08075447
-0.0377013463 0.0 4.9273725
NaN NaN NaN
-0.073097186 0.0 5.08075447
-0.138162534 -0.15318274 5.08825191
NaN NaN NaN
-0.073097186 0.0 5.08075447
-0.133830535 -0.228270731 4.93494726
NaN NaN NaN
0.0730364079 0.0 5.0804911
0.0374879607 0.0 4.92644783
NaN NaN NaN
0.0730364079 0.0 5.0804911
0.116609877 -0.104098087 5.08280039
NaN NaN NaN
0.0730364079 0.0 5.0804911
0.0597120917 -0.0533052149 4.92724722
NaN NaN NaN
0.808124556 0.326084688 4.60931127
0.858382435 0.338925908 4.46827925
NaN NaN NaN
0.808124556 0.326084688 4.60931127
0.817506272 0.155984831 4.764
NaN NaN NaN
0.808124556 0.326084688 4.60931127
0.906412219 0.0921685822 4.60532058
NaN NaN NaN
0.808124556 0.326084688 4.60931127
0.927132082 0.170396634 4.47064147
NaN NaN NaN
-0.808153589 0.326092106 4.6092298
-0.698076172 0.40515512 4.42099531
NaN NaN NaN
-0.808153589 0.326092106 4.6092298
-0.858321849 0.338910428 4.46844926
NaN NaN NaN
-0.808153589 0.326092106 4.6092298
-0.817490076 0.156024003 4.764
NaN NaN NaN
-0.808153589 0.326092106 4.6092298
-0.906381719 0.09205343 4.60551882
NaN NaN NaN
-0.808153589 0.326092106 4.6092298
-0.92708596 0.170222503 4.47094126
NaN NaN NaN
-0.0595031781 0.0531187169 4.92667607
-0.0377013463 0.0 4.9273725
NaN NaN NaN
-0.0595031781 0.0531187169 4.92667607
0.0 0.0 4.764
NaN NaN NaN
-0.698076172 0.40515512 4.42099531
-0.602548382 0.474848232 4.27396991
NaN NaN NaN
-0.698076172 0.40515512 4.42099531
-0.673902807 0.446155043 4.27003027
NaN NaN NaN
-0.698076172 0.40515512 4.42099531
-0.858321849 0.338910428 4.46844926
NaN NaN NaN
-0.698076172 0.40515512 4.42099531
-0.813549527 0.403460443 4.24165519
NaN NaN NaN
-0.698076172 0.40515512 4.42099531
-0.901868776 0.350036956 4.34624929
NaN NaN NaN
0.697952792 0.405364382 4.42022479
0.602559374 0.474850536 4.27393656
NaN NaN NaN
0.697952792 0.405364382 4.42022479
0.673680092 0.446532785 4.2686394
NaN NaN NaN
0.697952792 0.405364382 4.42022479
0.858382435 0.338925908 4.46827925
NaN NaN NaN
0.697952792 0.405364382 4.42022479
0.813641068 0.403458702 4.24151486
NaN NaN NaN
0.697952792 0.405364382 4.42022479
0.9021066 0.350097721 4.34558192
NaN NaN NaN
-0.602548382 0.474848232 4.27396991
-0.673902807 0.446155043 4.27003027
NaN NaN NaN
-0.602548382 0.474848232 4.27396991
-0.510759216 0.485928747 4.127
NaN NaN NaN
-0.602548382 0.474848232 4.27396991
-0.651 0.485 4.127
NaN NaN NaN
0.602559374 0.474850536 4.27393656
0.673680092 0.446532785 4.2686394
NaN NaN NaN
0.602559374 0.474850536 4.27393656
0.510430948 0.485930921 4.127
NaN NaN NaN
0.602559374 0.474850536 4.27393656
0.651 0.485 4.127
NaN NaN NaN
-0.142469542 -0.0785279394 5.24067212
-0.233 -0.208 5.401
NaN NaN NaN
-0.142469542 -0.0785279394 5.24067212
-0.138162534 -0.15318274 5.08825191
NaN NaN NaN
-0.142469542 -0.0785279394 5.24067212
-0.206995302 -0.234004698 5.24172123
NaN NaN NaN
0.772898175 0.0 5.23677457
0.807408727 0.0 5.08722885
NaN NaN NaN
0.772898175 0.0 5.23677457
0.739654335 -0.080675132 5.23628827
NaN NaN NaN
0.772898175 0.0 5.23677457
0.743933457 -0.154846595 5.08485487
NaN NaN NaN
-0.77303174 0.0 5.23619579
-0.808713567 0.0 5.08157455
NaN NaN NaN
-0.77303174 0.0 5.23619579
-0.713892193 -0.150070489 5.22359087
NaN NaN NaN
-0.77303174 0.0 5.23619579
-0.769959631 -0.10001887 5.07030779
NaN NaN NaN
0.109196511 0.653565314 3.93690433
0.124339294 0.648491599 3.93704492
NaN NaN NaN
0.109196511 0.653565314 3.93690433
0.116123893 0.653132377 3.83774038
NaN NaN NaN
0.109196511 0.653565314 3.93690433
0.1000005 0.660423356 3.73833284
NaN NaN NaN
-0.109178464 0.653578773 3.93651463
-0.124352304 0.64849466 3.93665507
NaN NaN NaN
-0.109178464 0.653578773 3.93651463
-0.116120523 0.653143451 3.83721767
NaN NaN NaN
-0.109178464 0.653578773 3.93651463
-0.0999701601 0.660445982 3.73767769
NaN NaN NaN
-0.198 0.488 4.127
-0.363127161 0.486906443 4.127
NaN NaN NaN
-0.198 0.488 4.127
-0.201330803 0.495096058 3.9425025
NaN NaN NaN
0.198 0.488 4.127
0.363185197 0.486906058 4.127
NaN NaN NaN
0.198 0.488 4.127
0.201316984 0.495066618 3.94326793
NaN NaN NaN
0.124339294 0.648491599 3.93704492
0.116123893 0.653132377 3.83774038
NaN NaN NaN
0.124339294 0.648491599 3.93704492
0.201316984 0.495066618 3.94326793
NaN NaN NaN
0.124339294 0.648491599 3.93704492
0.130959265 0.650049239 3.73867943
NaN NaN NaN
0.124339294 0.648491599 3.93704492
0.20482376 0.502537576 3.74902304
NaN NaN NaN
-0.124352304 0.64849466 3.93665507
-0.116120523 0.653143451 3.83721767
NaN NaN NaN
-0.124352304 0.64849466 3.93665507
-0.201330803 0.495096058 3.9425025
NaN NaN NaN
-0.124352304 0.64849466 3.93665507
-0.130981163 0.650054391 3.73802327
NaN NaN NaN
-0.124352304 0.64849466 3.93665507
-0.204846776 0.50258661 3.74774814
NaN NaN NaN
-0.0377013463 0.0 4.9273725
0.0 0.0 4.764
NaN NaN NaN
-0.0377013463 0.0 4.9273725
-0.0630287362 -0.152441594 4.764
NaN NaN NaN
-0.0377013463 0.0 4.9273725
-0.133830535 -0.228270731 4.93494726
NaN NaN NaN
0.0374879607 0.0 4.92644783
0.0597120917 -0.0533052149 4.92724722
NaN NaN NaN
0.0374879607 0.0 4.92644783
0.0 0.0 4.764
NaN NaN NaN
0.0 1.78092689 3.14318127
0.0256668836 1.57241014 3.06279244
NaN NaN NaN
0.0 1.78092689 3.14318127
-0.0256668836 1.57241014 3.06279244
NaN NaN NaN
0.0 1.78092689 3.14318127
0.0 1.56036077 2.82808681
NaN NaN NaN
-0.673902807 0.446155043 4.27003027
-0.651 0.485 4.127
NaN NaN NaN
-0.673902807 0.446155043 4.27003027
-0.813549527 0.403460443 4.24165519
NaN NaN NaN
-0.673902807 0.446155043 4.27003027
-0.76807279 0.4440779 4.127
NaN NaN NaN
0.673680092 0.446532785 4.2686394
0.651 0.485 4.127
NaN NaN NaN
0.673680092 0.446532785 4.2686394
0.813641068 0.403458702 4.24151486
NaN NaN NaN
0.673680092 0.446532785 4.2686394
0.768219991 0.444026447 4.127
NaN NaN NaN
-0.363127161 0.486906443 4.127
-0.510759216 0.485928747 4.127
NaN NaN NaN
-0.363127161 0.486906443 4.127
-0.201330803 0.495096058 3.9425025
NaN NaN NaN
-0.363127161 0.486906443 4.127
-0.437757875 0.494088478 3.9222161
NaN NaN NaN
0.363185197 0.486906058 4.127
0.510430948 0.485930921 4.127
NaN NaN NaN
0.363185197 0.486906058 4.127
0.201316984 0.495066618 3.94326793
NaN NaN NaN
0.363185197 0.486906058 4.127
0.434504181 0.49483301 3.91268727
NaN NaN NaN
-0.858321849 0.338910428 4.46844926
-0.901868776 0.350036956 4.34624929
NaN NaN NaN
-0.858321849 0.338910428 4.46844926
-0.92708596 0.170222503 4.47094126
NaN NaN NaN
-0.858321849 0.338910428 4.46844926
-0.945444829 0.2395366 4.35160861
NaN NaN NaN
0.858382435 0.338925908 4.46827925
0.9021066 0.350097721 4.34558192
NaN NaN NaN
0.858382435 0.338925908 4.46827925
0.927132082 0.170396634 4.47064147
NaN NaN NaN
0.858382435 0.338925908 4.46827925
0.945513938 0.239797521 4.3511594
NaN NaN NaN
-0.817490076 0.156024003 4.764
-0.843657685 0.0 4.93015003
NaN NaN NaN
-0.817490076 0.156024003 4.764
-0.906381719 0.09205343 4.60551882
NaN NaN NaN
-0.817490076 0.156024003 4.764
-0.882 0.0 4.764
NaN NaN NaN
0.817506272 0.155984831 4.764
0.819654156 0.0556563756 4.93444765
NaN NaN NaN
0.817506272 0.155984831 4.764
0.906412219 0.0921685822 4.60532058
NaN NaN NaN
0.817506272 0.155984831 4.764
0.882 0.0 4.764
NaN NaN NaN
0.510430948 0.485930921 4.127
0.651 0.485 4.127
NaN NaN NaN
0.510430948 0.485930921 4.127
0.654905201 0.49091882 3.9715242
NaN NaN NaN
0.510430948 0.485930921 4.127
0.434504181 0.49483301 3.91268727
NaN NaN NaN
-0.510759216 0.485928747 4.127
-0.651 0.485 4.127
NaN NaN NaN
-0.510759216 0.485928747 4.127
-0.65471201 0.490626014 3.97921562
NaN NaN NaN
-0.510759216 0.485928747 4.127
-0.437757875 0.494088478 3.9222161
NaN NaN NaN
0.807408727 0.0 5.08722885
0.819654156 0.0556563756 4.93444765
NaN NaN NaN
0.807408727 0.0 5.08722885
0.843026001 0.0 4.93288733
NaN NaN NaN
0.807408727 0.0 5.08722885
0.743933457 -0.154846595 5.08485487
NaN NaN NaN
-0.808713567 0.0 5.08157455
-0.843657685 0.0 4.93015003
NaN NaN NaN
-0.808713567 0.0 5.08157455
-0.769959631 -0.10001887 5.07030779
NaN NaN NaN
-0.808713567 0.0 5.08157455
-0.823624383 -0.0521121389 4.92359343
NaN NaN NaN
0.116609877 -0.104098087 5.08280039
0.172640585 -0.154116917 5.23598306
NaN NaN NaN
0.116609877 -0.104098087 5.08280039
0.0597120917 -0.0533052149 4.92724722
NaN NaN NaN
0.116609877 -0.104098087 5.08280039
0.207438527 -0.233561473 5.24443598
NaN NaN NaN
0.116609877 -0.104098087 5.08280039
0.182537077 -0.258462923 5.0919146
NaN NaN NaN
0.116609877 -0.104098087 5.08280039
0.156632444 -0.284367556 4.93324872
NaN NaN NaN
0.0840372226 0.877572257 3.6478668
0.1000005 0.660423356 3.73833284
NaN NaN NaN
0.0840372226 0.877572257 3.6478668
0.0765091022 0.863307815 3.45849805
NaN NaN NaN
0.0840372226 0.877572257 3.6478668
0.0904365344 0.667555805 3.53181601
NaN NaN NaN
-0.0839939996 0.877776634 3.64713627
-0.0999701601 0.660445982 3.73767769
NaN NaN NaN
-0.0839939996 0.877776634 3.64713627
-0.0764637713 0.863448605 3.45763801
NaN NaN NaN
-0.0839939996 0.877776634 3.64713627
-0.0903980449 0.667584509 3.5309849
NaN NaN NaN
0.172640585 -0.154116917 5.23598306
0.233 -0.208 5.401
NaN NaN NaN
0.172640585 -0.154116917 5.23598306
0.207438527 -0.233561473 5.24443598
NaN NaN NaN
0.819654156 0.0556563756 4.93444765
0.843026001 0.0 4.93288733
NaN NaN NaN
0.819654156 0.0556563756 4.93444765
0.882 0.0 4.764
NaN NaN NaN
0.0597120917 -0.0533052149 4.92724722
0.0 0.0 4.764
NaN NaN NaN
0.0597120917 -0.0533052149 4.92724722
0.0630287362 -0.152441594 4.764
NaN NaN NaN
0.0597120917 -0.0533052149 4.92724722
0.156632444 -0.284367556 4.93324872
NaN NaN NaN
0.739654335 -0.080675132 5.23628827
0.649 -0.208 5.401
NaN NaN NaN
0.739654335 -0.080675132 5.23628827
0.743933457 -0.154846595 5.08485487
NaN NaN NaN
0.739654335 -0.080675132 5.23628827
0.675745744 -0.234745744 5.23718232
NaN NaN NaN
-0.651 0.485 4.127
-0.76807279 0.4440779 4.127
NaN NaN NaN
-0.651 0.485 4.127
-0.65471201 0.490626014 3.97921562
NaN NaN NaN
0.651 0.485 4.127
0.768219991 0.444026447 4.127
NaN NaN NaN
0.651 0.485 4.127
0.654905201 0.49091882 3.9715242
NaN NaN NaN
-0.233 -0.208 5.401
-0.206995302 -0.234004698 5.24172123
NaN NaN NaN
-0.233 -0.208 5.401
-0.285007177 -0.26625804 5.24172802
NaN NaN NaN
-0.233 -0.208 5.401
-0.441 -0.294 5.401
NaN NaN NaN
0.233 -0.208 5.401
0.207438527 -0.233561473 5.24443598
NaN NaN NaN
0.233 -0.208 5.401
0.441 -0.294 5.401
NaN NaN NaN
0.233 -0.208 5.401
0.362468507 -0.298530663 5.24066487
NaN NaN NaN
0.116123893 0.653132377 3.83774038
0.1000005 0.660423356 3.73833284
NaN NaN NaN
0.116123893 0.653132377 3.83774038
0.130959265 0.650049239 3.73867943
NaN NaN NaN
-0.116120523 0.653143451 3.83721767
-0.0999701601 0.660445982 3.73767769
NaN NaN NaN
-0.116120523 0.653143451 3.83721767
-0.130981163 0.650054391 3.73802327
NaN NaN NaN
0.0 0.0 4.764
-0.0630287362 -0.152441594 4.764
NaN NaN NaN
0.0 0.0 4.764
0.0630287362 -0.152441594 4.764
NaN NaN NaN
0.0 0.0 4.764
0.0 -0.0878342833 4.60550017
NaN NaN NaN
-0.813549527 0.403460443 4.24165519
-0.901868776 0.350036956 4.34624929
NaN NaN NaN
-0.813549527 0.403460443 4.24165519
-0.76807279 0.4440779 4.127
NaN NaN NaN
-0.813549527 0.403460443 4.24165519
-0.942521424 0.360423976 4.23217116
NaN NaN NaN
-0.813549527 0.403460443 4.24165519
-0.87442698 0.406902423 4.127
NaN NaN NaN
0.813641068 0.403458702 4.24151486
0.9021066 0.350097721 4.34558192
NaN NaN NaN
0.813641068 0.403458702 4.24151486
0.768219991 0.444026447 4.127
NaN NaN NaN
0.813641068 0.403458702 4.24151486
0.942740189 0.360479872 4.23155727
NaN NaN NaN
0.813641068 0.403458702 4.24151486
0.874444012 0.40689647 4.127
NaN NaN NaN
-0.138162534 -0.15318274 5.08825191
-0.206995302 -0.234004698 5.24172123
NaN NaN NaN
-0.138162534 -0.15318274 5.08825191
-0.18164572 -0.25935428 5.08645504
NaN NaN NaN
-0.138162534 -0.15318274 5.08825191
-0.133830535 -0.228270731 4.93494726
NaN NaN NaN
-0.901868776 0.350036956 4.34624929
-0.942521424 0.360423976 4.23217116
NaN NaN NaN
-0.901868776 0.350036956 4.34624929
-0.945444829 0.2395366 4.35160861
NaN NaN NaN
-0.901868776 0.350036956 4.34624929
-0.963106885 0.306219874 4.23680524
NaN NaN NaN
0.9021066 0.350097721 4.34558192
0.942740189 0.360479872 4.23155727
NaN NaN NaN
0.9021066 0.350097721 4.34558192
0.945513938 0.239797521 4.3511594
NaN NaN NaN
0.9021066 0.350097721 4.34558192
0.963161197 0.306424928 4.23645222
NaN NaN NaN
0.843026001 0.0 4.93288733
0.743933457 -0.154846595 5.08485487
NaN NaN NaN
0.843026001 0.0 4.93288733
0.882 0.0 4.764
NaN NaN NaN
0.843026001 0.0 4.93288733
0.748255727 -0.229765941 4.93189454
NaN NaN NaN
0.843026001 0.0 4.93288733
0.81750849 -0.155979465 4.764
NaN NaN NaN
-0.843657685 0.0 4.93015003
-0.823624383 -0.0521121389 4.92359343
NaN NaN NaN
-0.843657685 0.0 4.93015003
-0.882 0.0 4.764
NaN NaN NaN
0.201316984 0.495066618 3.94326793
0.434504181 0.49483301 3.91268727
NaN NaN NaN
0.201316984 0.495066618 3.94326793
0.20482376 0.502537576 3.74902304
NaN NaN NaN
-0.201330803 0.495096058 3.9425025
-0.437757875 0.494088478 3.9222161
NaN NaN NaN
-0.201330803 0.495096058 3.9425025
-0.204846776 0.50258661 3.74774814
NaN NaN NaN
-0.76807279 0.4440779 4.127
-0.65471201 0.490626014 3.97921562
NaN NaN NaN
-0.76807279 0.4440779 4.127
-0.87442698 0.406902423 4.127
NaN NaN NaN
-0.76807279 0.4440779 4.127
-0.846043742 0.423491212 3.98915348
NaN NaN NaN
0.768219991 0.444026447 4.127
0.654905201 0.49091882 3.9715242
NaN NaN NaN
0.768219991 0.444026447 4.127
0.874444012 0.40689647 4.127
NaN NaN NaN
0.768219991 0.444026447 4.127
0.822990385 0.430205377 4.0102452
NaN NaN NaN
-0.649 -0.208 5.401
-0.713892193 -0.150070489 5.22359087
NaN NaN NaN
-0.649 -0.208 5.401
-0.441 -0.294 5.401
NaN NaN NaN
-0.649 -0.208 5.401
-0.67806161 -0.23706161 5.22299764
NaN NaN NaN
-0.649 -0.208 5.401
-0.521021148 -0.298616605 5.23762349
NaN NaN NaN
0.649 -0.208 5.401
0.441 -0.294 5.401
NaN NaN NaN
0.649 -0.208 5.401
0.675745744 -0.234745744 5.23718232
NaN NaN NaN
0.649 -0.208 5.401
0.595614437 -0.267802097 5.23750671
NaN NaN NaN
-0.713892193 -0.150070489 5.22359087
-0.769959631 -0.10001887 5.07030779
NaN NaN NaN
-0.713892193 -0.150070489 5.22359087
-0.67806161 -0.23706161 5.22299764
NaN NaN NaN
0.207438527 -0.233561473 5.24443598
0.182537077 -0.258462923 5.0919146
NaN NaN NaN
0.207438527 -0.233561473 5.24443598
0.362468507 -0.298530663 5.24066487
NaN NaN NaN
0.207438527 -0.233561473 5.24443598
0.288030171 -0.302825182 5.0886866
NaN NaN NaN
-0.206995302 -0.234004698 5.24172123
-0.285007177 -0.26625804 5.24172802
NaN NaN NaN
-0.206995302 -0.234004698 5.24172123
-0.18164572 -0.25935428 5.08645504
NaN NaN NaN
-0.206995302 -0.234004698 5.24172123
-0.335202309 -0.322486241 5.08800543
NaN NaN NaN
0.1000005 0.660423356 3.73833284
0.130959265 0.650049239 3.73867943
NaN NaN NaN
0.1000005 0.660423356 3.73833284
0.114810269 0.657424439 3.63529637
NaN NaN NaN
0.1000005 0.660423356 3.73833284
0.0904365344 0.667555805 3.53181601
NaN NaN NaN
-0.0999701601 0.660445982 3.73767769
-0.130981163 0.650054391 3.73802327
NaN NaN NaN
-0.0999701601 0.660445982 3.73767769
-0.114805485 0.657440195 3.63455253
NaN NaN NaN
-0.0999701601 0.660445982 3.73767769
-0.0903980449 0.667584509 3.5309849
NaN NaN NaN
-0.769959631 -0.10001887 5.07030779
-0.823624383 -0.0521121389 4.92359343
NaN NaN NaN
-0.769959631 -0.10001887 5.07030779
-0.67806161 -0.23706161 5.22299764
NaN NaN NaN
-0.769959631 -0.10001887 5.07030779
-0.703844201 -0.262844201 5.06507927
NaN NaN NaN
-0.769959631 -0.10001887 5.07030779
-0.727369058 -0.286369058 4.92098952
NaN NaN NaN
0.130959265 0.650049239 3.73867943
0.114810269 0.657424439 3.63529637
NaN NaN NaN
0.130959265 0.650049239 3.73867943
0.20482376 0.502537576 3.74902304
NaN NaN NaN
0.130959265 0.650049239 3.73867943
0.137844774 0.651669359 3.53235718
NaN NaN NaN
0.130959265 0.650049239 3.73867943
0.208499681 0.510368885 3.54540898
NaN NaN NaN
-0.130981163 0.650054391 3.73802327
-0.114805485 0.657440195 3.63455253
NaN NaN NaN
-0.130981163 0.650054391 3.73802327
-0.204846776 0.50258661 3.74774814
NaN NaN NaN
-0.130981163 0.650054391 3.73802327
-0.13787257 0.651675899 3.53152427
NaN NaN NaN
-0.130981163 0.650054391 3.73802327
-0.208528869 0.510431069 3.54379221
NaN NaN NaN
-0.65471201 0.490626014 3.97921562
-0.437757875 0.494088478 3.9222161
NaN NaN NaN
-0.65471201 0.490626014 3.97921562
-0.846043742 0.423491212 3.98915348
NaN NaN NaN
-0.65471201 0.490626014 3.97921562
-0.658856026 0.496906789 3.81423198
NaN NaN NaN
-0.65471201 0.490626014 3.97921562
-0.818744542 0.440215863 3.8350985
NaN NaN NaN
-0.437757875 0.494088478 3.9222161
-0.204846776 0.50258661 3.74774814
NaN NaN NaN
-0.437757875 0.494088478 3.9222161
-0.658856026 0.496906789 3.81423198
NaN NaN NaN
-0.437757875 0.494088478 3.9222161
-0.470681904 0.501726862 3.71785916
NaN NaN NaN
0.654905201 0.49091882 3.9715242
0.434504181 0.49483301 3.91268727
NaN NaN NaN
0.654905201 0.49091882 3.9715242
0.822990385 0.430205377 4.0102452
NaN NaN NaN
0.654905201 0.49091882 3.9715242
0.659470187 0.497837627 3.78978068
NaN NaN NaN
0.654905201 0.49091882 3.9715242
0.810697859 0.446146363 3.76270678
NaN NaN NaN
-0.823624383 -0.0521121389 4.92359343
-0.882 0.0 4.764
NaN NaN NaN
-0.823624383 -0.0521121389 4.92359343
-0.8175 -0.156 4.764
NaN NaN NaN
-0.823624383 -0.0521121389 4.92359343
-0.727369058 -0.286369058 4.92098952
NaN NaN NaN
0.434504181 0.49483301 3.91268727
0.20482376 0.502537576 3.74902304
NaN NaN NaN
0.434504181 0.49483301 3.91268727
0.659470187 0.497837627 3.78978068
NaN NaN NaN
0.434504181 0.49483301 3.91268727
0.447389188 0.503596989 3.68117538
NaN NaN NaN
-0.942521424 0.360423976 4.23217116
-0.87442698 0.406902423 4.127
NaN NaN NaN
-0.942521424 0.360423976 4.23217116
-0.963106885 0.306219874 4.23680524
NaN NaN NaN
-0.942521424 0.360423976 4.23217116
-0.98 0.37 4.127
NaN NaN NaN
0.942740189 0.360479872 4.23155727
0.874444012 0.40689647 4.127
NaN NaN NaN
0.942740189 0.360479872 4.23155727
0.963161197 0.306424928 4.23645222
NaN NaN NaN
0.942740189 0.360479872 4.23155727
0.98 0.37 4.127
NaN NaN NaN
-0.285007177 -0.26625804 5.24172802
-0.441 -0.294 5.401
NaN NaN NaN
-0.285007177 -0.26625804 5.24172802
-0.441 -0.331388753 5.23898207
NaN NaN NaN
-0.285007177 -0.26625804 5.24172802
-0.335202309 -0.322486241 5.08800543
NaN NaN NaN
0.0256668836 1.57241014 3.06279244
0.0437208191 1.23359872 3.14457848
NaN NaN NaN
0.0256668836 1.57241014 3.06279244
0.0 1.56036077 2.82808681
NaN NaN NaN
0.0256668836 1.57241014 3.06279244
0.0240461975 1.39183159 2.77857527
NaN NaN NaN
-0.0256668836 1.57241014 3.06279244
-0.0436819293 1.23354738 3.14356469
NaN NaN NaN
-0.0256668836 1.57241014 3.06279244
0.0 1.56036077 2.82808681
NaN NaN NaN
-0.0256668836 1.57241014 3.06279244
-0.0240461975 1.39183159 2.77857527
NaN NaN NaN
-0.441 -0.294 5.401
-0.521021148 -0.298616605 5.23762349
NaN NaN NaN
-0.441 -0.294 5.401
-0.441 -0.331388753 5.23898207
NaN NaN NaN
0.441 -0.294 5.401
0.362468507 -0.298530663 5.24066487
NaN NaN NaN
0.441 -0.294 5.401
0.595614437 -0.267802097 5.23750671
NaN NaN NaN
0.441 -0.294 5.401
0.441 -0.331033889 5.24051981
NaN NaN NaN
-0.87442698 0.406902423 4.127
-0.98 0.37 4.127
NaN NaN NaN
-0.87442698 0.406902423 4.127
-0.846043742 0.423491212 3.98915348
NaN NaN NaN
-0.87442698 0.406902423 4.127
-0.98 0.375871486 4.00232878
NaN NaN NaN
0.874444012 0.40689647 4.127
0.822990385 0.430205377 4.0102452
NaN NaN NaN
0.874444012 0.40689647 4.127
0.98 0.37 4.127
NaN NaN NaN
0.874444012 0.40689647 4.127
0.98 0.376143511 3.99655279
NaN NaN NaN
0.743933457 -0.154846595 5.08485487
0.675745744 -0.234745744 5.23718232
NaN NaN NaN
0.743933457 -0.154846595 5.08485487
0.700211331 -0.259211331 5.0873306
NaN NaN NaN
0.743933457 -0.154846595 5.08485487
0.748255727 -0.229765941 4.93189454
NaN NaN NaN
-0.906381719 0.09205343 4.60551882
-0.92708596 0.170222503 4.47094126
NaN NaN NaN
-0.906381719 0.09205343 4.60551882
-0.882 0.0 4.764
NaN NaN NaN
-0.906381719 0.09205343 4.60551882
-0.90885383 0.00849457896 4.5894501
NaN NaN NaN
-0.906381719 0.09205343 4.60551882
-0.930840007 0.0154493899 4.44653996
NaN NaN NaN
0.906412219 0.0921685822 4.60532058
0.927132082 0.170396634 4.47064147
NaN NaN NaN
0.906412219 0.0921685822 4.60532058
0.882 0.0 4.764
NaN NaN NaN
0.906412219 0.0921685822 4.60532058
0.908844535 0.00849163872 4.58951052
NaN NaN NaN
-0.92708596 0.170222503 4.47094126
-0.945444829 0.2395366 4.35160861
NaN NaN NaN
-0.92708596 0.170222503 4.47094126
-0.930840007 0.0154493899 4.44653996
NaN NaN NaN
-0.92708596 0.170222503 4.47094126
-0.949326467 0.0212971477 4.32637796
NaN NaN NaN
0.927132082 0.170396634 4.47064147
0.945513938 0.239797521 4.3511594
NaN NaN NaN
0.927132082 0.170396634 4.47064147
0.908844535 0.00849163872 4.58951052
NaN NaN NaN
0.927132082 0.170396634 4.47064147
0.956706677 0.135832307 4.2784066
NaN NaN NaN
0.927132082 0.170396634 4.47064147
0.930837987 0.015448751 4.44655308
NaN NaN NaN
0.927132082 0.170396634 4.47064147
0.949330459 0.0212984104 4.32635202
NaN NaN NaN
-0.882 0.0 4.764
-1.127 0.0 4.764
NaN NaN NaN
-0.882 0.0 4.764
-0.90885383 0.00849457896 4.5894501
NaN NaN NaN
-0.882 0.0 4.764
-0.908578227 -0.00876807475 4.58973451
NaN NaN NaN
-0.882 0.0 4.764
-0.949273695 -0.00796300874 4.58908839
NaN NaN NaN
-0.882 0.0 4.764
-0.8175 -0.156 4.764
NaN NaN NaN
-0.882 0.0 4.764
-1.08669888 0.00849887508 4.58936182
NaN NaN NaN
-0.882 0.0 4.764
-0.904167374 -0.0795417541 4.60048302
NaN NaN NaN
0.882 0.0 4.764
1.127 0.0 4.764
NaN NaN NaN
0.882 0.0 4.764
0.908844535 0.00849163872 4.58951052
NaN NaN NaN
0.882 0.0 4.764
0.949251581 0.0079603912 4.58914589
NaN NaN NaN
0.882 0.0 4.764
0.908569013 -0.0087650352 4.58979493
NaN NaN NaN
0.882 0.0 4.764
0.81750849 -0.155979465 4.764
NaN NaN NaN
0.882 0.0 4.764
1.08644016 -0.00876969581 4.5897023
NaN NaN NaN
0.882 0.0 4.764
0.904131311 -0.0794123505 4.60074904
NaN NaN NaN
0.675745744 -0.234745744 5.23718232
0.595614437 -0.267802097 5.23750671
NaN NaN NaN
0.675745744 -0.234745744 5.23718232
0.700211331 -0.259211331 5.0873306
NaN NaN NaN
0.675745744 -0.234745744 5.23718232
0.546292355 -0.323052314 5.08645784
NaN NaN NaN
-0.945444829 0.2395366 4.35160861
-0.963106885 0.306219874 4.23680524
NaN NaN NaN
-0.945444829 0.2395366 4.35160861
-0.963932339 0.161734632 4.2314398
NaN NaN NaN
-0.945444829 0.2395366 4.35160861
-0.949326467 0.0212971477 4.32637796
NaN NaN NaN
0.945513938 0.239797521 4.3511594
0.963161197 0.306424928 4.23645222
NaN NaN NaN
0.945513938 0.239797521 4.3511594
0.956706677 0.135832307 4.2784066
NaN NaN NaN
0.182537077 -0.258462923 5.0919146
0.288030171 -0.302825182 5.0886866
NaN NaN NaN
0.182537077 -0.258462923 5.0919146
0.156632444 -0.284367556 4.93324872
NaN NaN NaN
0.182537077 -0.258462923 5.0919146
0.211961991 -0.307213731 4.93338073
NaN NaN NaN
-0.67806161 -0.23706161 5.22299764
-0.521021148 -0.298616605 5.23762349
NaN NaN NaN
-0.67806161 -0.23706161 5.22299764
-0.703844201 -0.262844201 5.06507927
NaN NaN NaN
-0.67806161 -0.23706161 5.22299764
-0.596032212 -0.302944166 5.0844759
NaN NaN NaN
-0.18164572 -0.25935428 5.08645504
-0.133830535 -0.228270731 4.93494726
NaN NaN NaN
-0.18164572 -0.25935428 5.08645504
-0.335202309 -0.322486241 5.08800543
NaN NaN NaN
-0.18164572 -0.25935428 5.08645504
-0.156264517 -0.284735483 4.93099517
NaN NaN NaN
0.362468507 -0.298530663 5.24066487
0.441 -0.331033889 5.24051981
NaN NaN NaN
0.362468507 -0.298530663 5.24066487
0.288030171 -0.302825182 5.0886866
NaN NaN NaN
0.0765091022 0.863307815 3.45849805
0.0904365344 0.667555805 3.53181601
NaN NaN NaN
0.0765091022 0.863307815 3.45849805
0.0638733722 0.905864058 3.22157825
NaN NaN NaN
0.0765091022 0.863307815 3.45849805
0.0805132847 0.674956194 3.3175411
NaN NaN NaN
-0.0764637713 0.863448605 3.45763801
-0.0903980449 0.667584509 3.5309849
NaN NaN NaN
-0.0764637713 0.863448605 3.45763801
-0.0638328845 0.905881365 3.22066933
NaN NaN NaN
-0.0764637713 0.863448605 3.45763801
-0.080470888 0.674987812 3.31662562
NaN NaN NaN
0.595614437 -0.267802097 5.23750671
0.441 -0.331033889 5.24051981
NaN NaN NaN
0.595614437 -0.267802097 5.23750671
0.546292355 -0.323052314 5.08645784
NaN NaN NaN
0.114810269 0.657424439 3.63529637
0.0904365344 0.667555805 3.53181601
NaN NaN NaN
0.114810269 0.657424439 3.63529637
0.137844774 0.651669359 3.53235718
NaN NaN NaN
-0.114805485 0.657440195 3.63455253
-0.0903980449 0.667584509 3.5309849
NaN NaN NaN
-0.114805485 0.657440195 3.63455253
-0.13787257 0.651675899 3.53152427
NaN NaN NaN
-0.963106885 0.306219874 4.23680524
-0.98 0.37 4.127
NaN NaN NaN
-0.963106885 0.306219874 4.23680524
-0.98 0.242846383 4.127
NaN NaN NaN
-0.963106885 0.306219874 4.23680524
-0.963932339 0.161734632 4.2314398
NaN NaN NaN
0.963161197 0.306424928 4.23645222
0.98 0.37 4.127
NaN NaN NaN
0.963161197 0.306424928 4.23645222
0.956706677 0.135832307 4.2784066
NaN NaN NaN
0.963161197 0.306424928 4.23645222
0.98 0.242990533 4.127
NaN NaN NaN
-0.0630287362 -0.152441594 4.764
-0.133830535 -0.228270731 4.93494726
NaN NaN NaN
-0.0630287362 -0.152441594 4.764
0.0 -0.0878342833 4.60550017
NaN NaN NaN
-0.0630287362 -0.152441594 4.764
-0.129 -0.312 4.764
NaN NaN NaN
-0.0630287362 -0.152441594 4.764
-0.0949641908 -0.322817583 4.5959317
NaN NaN NaN
0.0630287362 -0.152441594 4.764
0.0 -0.0878342833 4.60550017
NaN NaN NaN
0.0630287362 -0.152441594 4.764
0.156632444 -0.284367556 4.93324872
NaN NaN NaN
0.0630287362 -0.152441594 4.764
0.129 -0.312 4.764
NaN NaN NaN
0.0630287362 -0.152441594 4.764
0.0949641908 -0.322817583 4.5959317
NaN NaN NaN
0.822990385 0.430205377 4.0102452
0.98 0.376143511 3.99655279
NaN NaN NaN
0.822990385 0.430205377 4.0102452
0.810697859 0.446146363 3.76270678
NaN NaN NaN
0.822990385 0.430205377 4.0102452
0.98 0.383227089 3.8461448
NaN NaN NaN
-0.133830535 -0.228270731 4.93494726
-0.156264517 -0.284735483 4.93099517
NaN NaN NaN
-0.133830535 -0.228270731 4.93494726
-0.129 -0.312 4.764
NaN NaN NaN
0.0 -0.0878342833 4.60550017
0.0 -0.176714072 4.4451137
NaN NaN NaN
0.0 -0.0878342833 4.60550017
-0.0949641908 -0.322817583 4.5959317
NaN NaN NaN
0.0 -0.0878342833 4.60550017
0.0949641908 -0.322817583 4.5959317
NaN NaN NaN
-0.521021148 -0.298616605 5.23762349
-0.441 -0.331388753 5.23898207
NaN NaN NaN
-0.521021148 -0.298616605 5.23762349
-0.596032212 -0.302944166 5.0844759
NaN NaN NaN
-0.98 0.37 4.127
-0.98 0.375871486 4.00232878
NaN NaN NaN
-0.98 0.37 4.127
-0.98 0.242846383 4.127
NaN NaN NaN
0.98 0.37 4.127
0.98 0.376143511 3.99655279
NaN NaN NaN
0.98 0.37 4.127
0.98 0.242990533 4.127
NaN NaN NaN
-0.846043742 0.423491212 3.98915348
-0.98 0.375871486 4.00232878
NaN NaN NaN
-0.846043742 0.423491212 3.98915348
-0.818744542 0.440215863 3.8350985
NaN NaN NaN
-0.846043742 0.423491212 3.98915348
-0.98 0.38237503 3.86423685
NaN NaN NaN
0.20482376 0.502537576 3.74902304
0.447389188 0.503596989 3.68117538
NaN NaN NaN
0.20482376 0.502537576 3.74902304
0.208499681 0.510368885 3.54540898
NaN NaN NaN
-0.204846776 0.50258661 3.74774814
-0.470681904 0.501726862 3.71785916
NaN NaN NaN
-0.204846776 0.50258661 3.74774814
-0.208528869 0.510431069 3.54379221
NaN NaN NaN
0.441 -0.331033889 5.24051981
0.288030171 -0.302825182 5.0886866
NaN NaN NaN
0.441 -0.331033889 5.24051981
0.546292355 -0.323052314 5.08645784
NaN NaN NaN
0.441 -0.331033889 5.24051981
0.441 -0.366272086 5.08782096
NaN NaN NaN
-0.441 -0.331388753 5.23898207
-0.335202309 -0.322486241 5.08800543
NaN NaN NaN
-0.441 -0.331388753 5.23898207
-0.596032212 -0.302944166 5.0844759
NaN NaN NaN
-0.441 -0.331388753 5.23898207
-0.441 -0.36636735 5.08740815
NaN NaN NaN
0.288030171 -0.302825182 5.0886866
0.211961991 -0.307213731 4.93338073
NaN NaN NaN
0.288030171 -0.302825182 5.0886866
0.441 -0.366272086 5.08782096
NaN NaN NaN
0.288030171 -0.302825182 5.0886866
0.441 -0.401482882 4.93524085
NaN NaN NaN
0.0437208191 1.23359872 3.14457848
0.0638733722 0.905864058 3.22157825
NaN NaN NaN
0.0437208191 1.23359872 3.14457848
0.0240461975 1.39183159 2.77857527
NaN NaN NaN
0.0437208191 1.23359872 3.14457848
0.0534566185 0.919214832 2.9976143
NaN NaN NaN
0.0437208191 1.23359872 3.14457848
0.0393400966 1.02046761 2.78513424
NaN NaN NaN
-0.0436819293 1.23354738 3.14356469
-0.0638328845 0.905881365 3.22066933
NaN NaN NaN
-0.0436819293 1.23354738 3.14356469
-0.0240461975 1.39183159 2.77857527
NaN NaN NaN
-0.0436819293 1.23354738 3.14356469
-0.0534234922 0.91913567 2.99675324
NaN NaN NaN
-0.0436819293 1.23354738 3.14356469
-0.0393183069 1.0204342 2.78457187
NaN NaN NaN
-0.658856026 0.496906789 3.81423198
-0.470681904 0.501726862 3.71785916
NaN NaN NaN
-0.658856026 0.496906789 3.81423198
-0.818744542 0.440215863 3.8350985
NaN NaN NaN
-0.658856026 0.496906789 3.81423198
-0.663459559 0.503884019 3.63095382
NaN NaN NaN
-0.658856026 0.496906789 3.81423198
-0.815721549 0.450829549 3.6308906
NaN NaN NaN
1.127 0.0 4.764
0.949251581 0.0079603912 4.58914589
NaN NaN NaN
1.127 0.0 4.764
1.127 0.00794046797 4.58958351
NaN NaN NaN
1.127 0.0 4.764
1.08644016 -0.00876969581 4.5897023
NaN NaN NaN
1.127 0.0 4.764
1.127 -0.00794046797 4.58958351
NaN NaN NaN
-1.127 0.0 4.764
-0.949273695 -0.00796300874 4.58908839
NaN NaN NaN
-1.127 0.0 4.764
-1.08669888 0.00849887508 4.58936182
NaN NaN NaN
-1.127 0.0 4.764
-1.127 0.00794324692 4.58952247
NaN NaN NaN
-1.127 0.0 4.764
-1.127 -0.00794324692 4.58952247
NaN NaN NaN
0.908844535 0.00849163872 4.58951052
0.949251581 0.0079603912 4.58914589
NaN NaN NaN
0.908844535 0.00849163872 4.58951052
0.930837987 0.015448751 4.44655308
NaN NaN NaN
-0.90885383 0.00849457896 4.5894501
-1.08669888 0.00849887508 4.58936182
NaN NaN NaN
-0.90885383 0.00849457896 4.5894501
-0.930840007 0.0154493899 4.44653996
NaN NaN NaN
-0.90885383 0.00849457896 4.5894501
-1.0539146 0.0154125665 4.44729662
NaN NaN NaN
0.700211331 -0.259211331 5.0873306
0.546292355 -0.323052314 5.08645784
NaN NaN NaN
0.700211331 -0.259211331 5.0873306
0.748255727 -0.229765941 4.93189454
NaN NaN NaN
0.700211331 -0.259211331 5.0873306
0.725478625 -0.284478625 4.93256842
NaN NaN NaN
-0.335202309 -0.322486241 5.08800543
-0.156264517 -0.284735483 4.93099517
NaN NaN NaN
-0.335202309 -0.322486241 5.08800543
-0.441 -0.36636735 5.08740815
NaN NaN NaN
-0.335202309 -0.322486241 5.08800543
-0.386165321 -0.379574614 4.9319312
NaN NaN NaN
0.659470187 0.497837627 3.78978068
0.447389188 0.503596989 3.68117538
NaN NaN NaN
0.659470187 0.497837627 3.78978068
0.810697859 0.446146363 3.76270678
NaN NaN NaN
0.659470187 0.497837627 3.78978068
0.664658643 0.505701381 3.58321526
NaN NaN NaN
0.949251581 0.0079603912 4.58914589
1.127 0.00794046797 4.58958351
NaN NaN NaN
0.949251581 0.0079603912 4.58914589
0.930837987 0.015448751 4.44655308
NaN NaN NaN
0.949251581 0.0079603912 4.58914589
1.00293962 0.0143153019 4.44955699
NaN NaN NaN
0.156632444 -0.284367556 4.93324872
0.211961991 -0.307213731 4.93338073
NaN NaN NaN
0.156632444 -0.284367556 4.93324872
0.129 -0.312 4.764
NaN NaN NaN
-0.156264517 -0.284735483 4.93099517
-0.129 -0.312 4.764
NaN NaN NaN
-0.156264517 -0.284735483 4.93099517
-0.386165321 -0.379574614 4.9319312
NaN NaN NaN
-0.156264517 -0.284735483 4.93099517
-0.283273987 -0.37578636 4.764
NaN NaN NaN
-0.703844201 -0.262844201 5.06507927
-0.596032212 -0.302944166 5.0844759
NaN NaN NaN
-0.703844201 -0.262844201 5.06507927
-0.727369058 -0.286369058 4.92098952
NaN NaN NaN
0.908569013 -0.0087650352 4.58979493
1.08644016 -0.00876969581 4.5897023
NaN NaN NaN
0.908569013 -0.0087650352 4.58979493
0.904131311 -0.0794123505 4.60074904
NaN NaN NaN
0.908569013 -0.0087650352 4.58979493
0.930353297 -0.0159516032 4.44696189
NaN NaN NaN
0.908569013 -0.0087650352 4.58979493
1.05340646 -0.015912117 4.44774667
NaN NaN NaN
-0.908578227 -0.00876807475 4.58973451
-0.949273695 -0.00796300874 4.58908839
NaN NaN NaN
-0.908578227 -0.00876807475 4.58973451
-0.904167374 -0.0795417541 4.60048302
NaN NaN NaN
-0.908578227 -0.00876807475 4.58973451
-0.930355365 -0.0159522853 4.44694833
NaN NaN NaN
0.0904365344 0.667555805 3.53181601
0.137844774 0.651669359 3.53235718
NaN NaN NaN
0.0904365344 0.667555805 3.53181601
0.0805132847 0.674956194 3.3175411
NaN NaN NaN
0.0904365344 0.667555805 3.53181601
0.144989587 0.653350491 3.31826495
NaN NaN NaN
-0.0903980449 0.667584509 3.5309849
-0.13787257 0.651675899 3.53152427
NaN NaN NaN
-0.0903980449 0.667584509 3.5309849
-0.080470888 0.674987812 3.31662562
NaN NaN NaN
-0.0903980449 0.667584509 3.5309849
-0.145020222 0.653357699 3.31734698
NaN NaN NaN
-0.949273695 -0.00796300874 4.58908839
-1.127 -0.00794324692 4.58952247
NaN NaN NaN
-0.949273695 -0.00796300874 4.58908839
-0.930355365 -0.0159522853 4.44694833
NaN NaN NaN
-0.949273695 -0.00796300874 4.58908839
-1.00293889 -0.0143152153 4.44955889
NaN NaN NaN
-0.596032212 -0.302944166 5.0844759
-0.441 -0.36636735 5.08740815
NaN NaN NaN
-0.596032212 -0.302944166 5.0844759
-0.727369058 -0.286369058 4.92098952
NaN NaN NaN
-0.596032212 -0.302944166 5.0844759
-0.67146709 -0.307296178 4.93046302
NaN NaN NaN
-0.596032212 -0.302944166 5.0844759
-0.441 -0.402492069 4.9308677
NaN NaN NaN
-0.470681904 0.501726862 3.71785916
-0.663459559 0.503884019 3.63095382
NaN NaN NaN
-0.470681904 0.501726862 3.71785916
-0.208528869 0.510431069 3.54379221
NaN NaN NaN
-0.470681904 0.501726862 3.71785916
-0.444752522 0.511131195 3.4792971
NaN NaN NaN
0.137844774 0.651669359 3.53235718
0.208499681 0.510368885 3.54540898
NaN NaN NaN
0.137844774 0.651669359 3.53235718
0.144989587 0.653350491 3.31826495
NaN NaN NaN
0.137844774 0.651669359 3.53235718
0.212342246 0.51855522 3.33256429
NaN NaN NaN
-0.13787257 0.651675899 3.53152427
-0.208528869 0.510431069 3.54379221
NaN NaN NaN
-0.13787257 0.651675899 3.53152427
-0.145020222 0.653357699 3.31734698
NaN NaN NaN
-0.13787257 0.651675899 3.53152427
-0.21237445 0.518623829 3.33078044
NaN NaN NaN
0.546292355 -0.323052314 5.08645784
0.441 -0.366272086 5.08782096
NaN NaN NaN
0.546292355 -0.323052314 5.08645784
0.725478625 -0.284478625 4.93256842
NaN NaN NaN
0.546292355 -0.323052314 5.08645784
0.49639747 -0.378944181 4.93365475
NaN NaN NaN
0.211961991 -0.307213731 4.93338073
0.129 -0.312 4.764
NaN NaN NaN
0.211961991 -0.307213731 4.93338073
0.441 -0.401482882 4.93524085
NaN NaN NaN
0.211961991 -0.307213731 4.93338073
0.285606657 -0.376750829 4.764
NaN NaN NaN
0.748255727 -0.229765941 4.93189454
0.81750849 -0.155979465 4.764
NaN NaN NaN
0.748255727 -0.229765941 4.93189454
0.725478625 -0.284478625 4.93256842
NaN NaN NaN
0.748255727 -0.229765941 4.93189454
0.753 -0.312 4.764
NaN NaN NaN
-0.98 0.375871486 4.00232878
-0.98 0.242846383 4.127
NaN NaN NaN
-0.98 0.375871486 4.00232878
-0.98 0.38237503 3.86423685
NaN NaN NaN
-0.98 0.375871486 4.00232878
-0.98 0.170526975 4.02339788
NaN NaN NaN
-0.98 0.375871486 4.00232878
-0.98 0.200129209 3.90680861
NaN NaN NaN
0.98 0.376143511 3.99655279
0.98 0.242990533 4.127
NaN NaN NaN
0.98 0.376143511 3.99655279
0.98 0.383227089 3.8461448
NaN NaN NaN
0.98 0.376143511 3.99655279
0.98 0.170960578 4.0163102
NaN NaN NaN
0.98 0.376143511 3.99655279
0.98 0.2013697 3.88777697
NaN NaN NaN
0.81750849 -0.155979465 4.764
0.904131311 -0.0794123505 4.60074904
NaN NaN NaN
0.81750849 -0.155979465 4.764
0.753 -0.312 4.764
NaN NaN NaN
0.81750849 -0.155979465 4.764
0.806984167 -0.310234163 4.60583144
NaN NaN NaN
-0.8175 -0.156 4.764
-0.904167374 -0.0795417541 4.60048302
NaN NaN NaN
-0.8175 -0.156 4.764
-0.727369058 -0.286369058 4.92098952
NaN NaN NaN
-0.8175 -0.156 4.764
-0.753 -0.312 4.764
NaN NaN NaN
-0.8175 -0.156 4.764
-0.807252699 -0.310225379 4.60504466
NaN NaN NaN
0.447389188 0.503596989 3.68117538
0.208499681 0.510368885 3.54540898
NaN NaN NaN
0.447389188 0.503596989 3.68117538
0.664658643 0.505701381 3.58321526
NaN NaN NaN
0.447389188 0.503596989 3.68117538
0.431626788 0.512834892 3.4429175
NaN NaN NaN
-1.08669888 0.00849887508 4.58936182
-1.127 0.00794324692 4.58952247
NaN NaN NaN
-1.08669888 0.00849887508 4.58936182
-1.0539146 0.0154125665 4.44729662
NaN NaN NaN
-1.08669888 0.00849887508 4.58936182
-1.127 0.0144813731 4.44590915
NaN NaN NaN
-0.818744542 0.440215863 3.8350985
-0.98 0.38237503 3.86423685
NaN NaN NaN
-0.818744542 0.440215863 3.8350985
-0.815721549 0.450829549 3.6308906
NaN NaN NaN
-0.818744542 0.440215863 3.8350985
-0.98 0.389550494 3.71187785
NaN NaN NaN
0.956706677 0.135832307 4.2784066
0.98 0.242990533 4.127
NaN NaN NaN
0.956706677 0.135832307 4.2784066
0.949330459 0.0212984104 4.32635202
NaN NaN NaN
0.956706677 0.135832307 4.2784066
0.98 0.134440567 4.127
NaN NaN NaN
0.956706677 0.135832307 4.2784066
0.965720357 0.0264829702 4.21981768
NaN NaN NaN
0.441 -0.366272086 5.08782096
0.49639747 -0.378944181 4.93365475
NaN NaN NaN
0.441 -0.366272086 5.08782096
0.441 -0.401482882 4.93524085
NaN NaN NaN
-0.441 -0.36636735 5.08740815
-0.386165321 -0.379574614 4.9319312
NaN NaN NaN
-0.441 -0.36636735 5.08740815
-0.441 -0.402492069 4.9308677
NaN NaN NaN
1.127 0.00794046797 4.58958351
1.127 -0.00794046797 4.58958351
NaN NaN NaN
1.127 0.00794046797 4.58958351
1.00293962 0.0143153019 4.44955699
NaN NaN NaN
1.127 0.00794046797 4.58958351
1.127 0.014480632 4.44592543
NaN NaN NaN
-1.127 0.00794324692 4.58952247
-1.127 -0.00794324692 4.58952247
NaN NaN NaN
-1.127 0.00794324692 4.58952247
-1.127 0.0144813731 4.44590915
NaN NaN NaN
0.98 0.242990533 4.127
0.98 0.134440567 4.127
NaN NaN NaN
0.98 0.242990533 4.127
0.98 0.170960578 4.0163102
NaN NaN NaN
1.08644016 -0.00876969581 4.5897023
1.127 -0.00794046797 4.58958351
NaN NaN NaN
1.08644016 -0.00876969581 4.5897023
1.05340646 -0.015912117 4.44774667
NaN NaN NaN
1.08644016 -0.00876969581 4.5897023
1.127 -0.014480632 4.44592543
NaN NaN NaN
-0.98 0.242846383 4.127
-0.963932339 0.161734632 4.2314398
NaN NaN NaN
-0.98 0.242846383 4.127
-0.98 0.134026245 4.127
NaN NaN NaN
-0.98 0.242846383 4.127
-0.98 0.170526975 4.02339788
NaN NaN NaN
-0.963932339 0.161734632 4.2314398
-0.949326467 0.0212971477 4.32637796
NaN NaN NaN
-0.963932339 0.161734632 4.2314398
-0.98 0.134026245 4.127
NaN NaN NaN
-0.963932339 0.161734632 4.2314398
-0.965715849 0.0264815442 4.21984698
NaN NaN NaN
0.930837987 0.015448751 4.44655308
1.00293962 0.0143153019 4.44955699
NaN NaN NaN
0.930837987 0.015448751 4.44655308
0.949330459 0.0212984104 4.32635202
NaN NaN NaN
-0.930840007 0.0154493899 4.44653996
-1.0539146 0.0154125665 4.44729662
NaN NaN NaN
-0.930840007 0.0154493899 4.44653996
-0.949326467 0.0212971477 4.32637796
NaN NaN NaN
-0.930840007 0.0154493899 4.44653996
-1.02615353 0.0212669424 4.32699864
NaN NaN NaN
0.904131311 -0.0794123505 4.60074904
0.930353297 -0.0159516032 4.44696189
NaN NaN NaN
0.904131311 -0.0794123505 4.60074904
0.922469904 -0.145215538 4.46547494
NaN NaN NaN
0.904131311 -0.0794123505 4.60074904
0.806984167 -0.310234163 4.60583144
NaN NaN NaN
-0.904167374 -0.0795417541 4.60048302
-0.930355365 -0.0159522853 4.44694833
NaN NaN NaN
-0.904167374 -0.0795417541 4.60048302
-0.922510862 -0.145362503 4.46517282
NaN NaN NaN
-0.904167374 -0.0795417541 4.60048302
-0.807252699 -0.310225379 4.60504466
NaN NaN NaN
1.127 -0.00794046797 4.58958351
1.127 0.014480632 4.44592543
NaN NaN NaN
1.127 -0.00794046797 4.58958351
1.127 -0.014480632 4.44592543
NaN NaN NaN
-1.127 -0.00794324692 4.58952247
-1.00293889 -0.0143152153 4.44955889
NaN NaN NaN
-1.127 -0.00794324692 4.58952247
-1.127 0.0144813731 4.44590915
NaN NaN NaN
-1.127 -0.00794324692 4.58952247
-1.127 -0.0144813731 4.44590915
NaN NaN NaN
0.725478625 -0.284478625 4.93256842
0.49639747 -0.378944181 4.93365475
NaN NaN NaN
0.725478625 -0.284478625 4.93256842
0.753 -0.312 4.764
NaN NaN NaN
0.725478625 -0.284478625 4.93256842
0.598033846 -0.376072545 4.764
NaN NaN NaN
1.00293962 0.0143153019 4.44955699
1.127 0.014480632 4.44592543
NaN NaN NaN
1.00293962 0.0143153019 4.44955699
0.949330459 0.0212984104 4.32635202
NaN NaN NaN
1.00293962 0.0143153019 4.44955699
1.04937554 0.0198117985 4.3288236
NaN NaN NaN
-0.727369058 -0.286369058 4.92098952
-0.67146709 -0.307296178 4.93046302
NaN NaN NaN
-0.727369058 -0.286369058 4.92098952
-0.753 -0.312 4.764
NaN NaN NaN
0.930353297 -0.0159516032 4.44696189
1.05340646 -0.015912117 4.44774667
NaN NaN NaN
0.930353297 -0.0159516032 4.44696189
0.948654628 -0.0219891556 4.32696553
NaN NaN NaN
0.930353297 -0.0159516032 4.44696189
1.02545019 -0.0219567166 4.32761026
NaN NaN NaN
0.930353297 -0.0159516032 4.44696189
0.922469904 -0.145215538 4.46547494
NaN NaN NaN
0.930353297 -0.0159516032 4.44696189
0.938408557 -0.202407174 4.34790394
NaN NaN NaN
-0.930355365 -0.0159522853 4.44694833
-1.00293889 -0.0143152153 4.44955889
NaN NaN NaN
-0.930355365 -0.0159522853 4.44694833
-0.948650715 -0.0219878648 4.32699119
NaN NaN NaN
-0.930355365 -0.0159522853 4.44694833
-0.922510862 -0.145362503 4.46517282
NaN NaN NaN
-0.930355365 -0.0159522853 4.44694833
-0.938458604 -0.202586756 4.34753477
NaN NaN NaN
-0.67146709 -0.307296178 4.93046302
-0.441 -0.402492069 4.9308677
NaN NaN NaN
-0.67146709 -0.307296178 4.93046302
-0.753 -0.312 4.764
NaN NaN NaN
-0.67146709 -0.307296178 4.93046302
-0.597 -0.3765 4.764
NaN NaN NaN
0.810697859 0.446146363 3.76270678
0.98 0.383227089 3.8461448
NaN NaN NaN
0.810697859 0.446146363 3.76270678
0.664658643 0.505701381 3.58321526
NaN NaN NaN
0.810697859 0.446146363 3.76270678
0.98 0.391347344 3.67372473
NaN NaN NaN
-0.129 -0.312 4.764
-0.283273987 -0.37578636 4.764
NaN NaN NaN
-0.129 -0.312 4.764
-0.123951439 -0.315454278 4.5934118
NaN NaN NaN
-0.129 -0.312 4.764
-0.0949641908 -0.322817583 4.5959317
NaN NaN NaN
-0.129 -0.312 4.764
-0.183531477 -0.378949536 4.59203688
NaN NaN NaN
0.129 -0.312 4.764
0.285606657 -0.376750829 4.764
NaN NaN NaN
0.129 -0.312 4.764
0.123986393 -0.315430363 4.59459286
NaN NaN NaN
0.129 -0.312 4.764
0.0949641908 -0.322817583 4.5959317
NaN NaN NaN
0.129 -0.312 4.764
0.183151717 -0.378483296 4.59323444
NaN NaN NaN
-1.0539146 0.0154125665 4.44729662
-1.127 0.0144813731 4.44590915
NaN NaN NaN
-1.0539146 0.0154125665 4.44729662
-1.02615353 0.0212669424 4.32699864
NaN NaN NaN
-1.0539146 0.0154125665 4.44729662
-1.127 0.0199466752 4.32586096
NaN NaN NaN
0.0638733722 0.905864058 3.22157825
0.0805132847 0.674956194 3.3175411
NaN NaN NaN
0.0638733722 0.905864058 3.22157825
0.0534566185 0.919214832 2.9976143
NaN NaN NaN
0.0638733722 0.905864058 3.22157825
0.0702423754 0.682615856 3.09575909
NaN NaN NaN
-1.00293889 -0.0143152153 4.44955889
-1.127 -0.0144813731 4.44590915
NaN NaN NaN
-1.00293889 -0.0143152153 4.44955889
-0.948650715 -0.0219878648 4.32699119
NaN NaN NaN
-1.00293889 -0.0143152153 4.44955889
-1.04936235 -0.0198102371 4.3288579
NaN NaN NaN
-0.0638328845 0.905881365 3.22066933
-0.080470888 0.674987812 3.31662562
NaN NaN NaN
-0.0638328845 0.905881365 3.22066933
-0.0534234922 0.91913567 2.99675324
NaN NaN NaN
-0.0638328845 0.905881365 3.22066933
-0.0702003504 0.682647196 3.09485163
NaN NaN NaN
0.0 -0.176714072 4.4451137
-0.0949641908 -0.322817583 4.5959317
NaN NaN NaN
0.0 -0.176714072 4.4451137
0.0949641908 -0.322817583 4.5959317
NaN NaN NaN
0.0 -0.176714072 4.4451137
-0.0623122114 -0.333195344 4.43469673
NaN NaN NaN
0.0 -0.176714072 4.4451137
0.0623122114 -0.333195344 4.43469673
NaN NaN NaN
0.0 -0.176714072 4.4451137
0.0 -0.26537375 4.28512442
NaN NaN NaN
0.0 -0.176714072 4.4451137
-0.0309564161 -0.343161139 4.2798623
NaN NaN NaN
-0.663459559 0.503884019 3.63095382
-0.815721549 0.450829549 3.6308906
NaN NaN NaN
-0.663459559 0.503884019 3.63095382
-0.444752522 0.511131195 3.4792971
NaN NaN NaN
-0.663459559 0.503884019 3.63095382
-0.668545636 0.511592604 3.42846438
NaN NaN NaN
-0.98 0.38237503 3.86423685
-0.98 0.389550494 3.71187785
NaN NaN NaN
-0.98 0.38237503 3.86423685
-0.98 0.200129209 3.90680861
NaN NaN NaN
-0.98 0.38237503 3.86423685
-0.98 0.204067669 3.78151026
NaN NaN NaN
-0.386165321 -0.379574614 4.9319312
-0.441 -0.402492069 4.9308677
NaN NaN NaN
-0.386165321 -0.379574614 4.9319312
-0.283273987 -0.37578636 4.764
NaN NaN NaN
-0.386165321 -0.379574614 4.9319312
-0.441 -0.441 4.764
NaN NaN NaN
0.208499681 0.510368885 3.54540898
0.431626788 0.512834892 3.4429175
NaN NaN NaN
0.208499681 0.510368885 3.54540898
0.212342246 0.51855522 3.33256429
NaN NaN NaN
-0.208528869 0.510431069 3.54379221
-0.444752522 0.511131195 3.4792971
NaN NaN NaN
-0.208528869 0.510431069 3.54379221
-0.21237445 0.518623829 3.33078044
NaN NaN NaN
1.127 0.014480632 4.44592543
1.127 -0.014480632 4.44592543
NaN NaN NaN
1.127 0.014480632 4.44592543
1.04937554 0.0198117985 4.3288236
NaN NaN NaN
1.127 0.014480632 4.44592543
1.127 0.0199477767 4.32583677
NaN NaN NaN
-1.127 0.0144813731 4.44590915
-1.127 -0.0144813731 4.44590915
NaN NaN NaN
-1.127 0.0144813731 4.44590915
-1.127 0.0199466752 4.32586096
NaN NaN NaN
0.0 1.56036077 2.82808681
0.0240461975 1.39183159 2.77857527
NaN NaN NaN
0.0 1.56036077 2.82808681
-0.0240461975 1.39183159 2.77857527
NaN NaN NaN
0.0 1.56036077 2.82808681
0.0 1.3802935 2.57084785
NaN NaN NaN
1.05340646 -0.015912117 4.44774667
1.127 -0.014480632 4.44592543
NaN NaN NaN
1.05340646 -0.015912117 4.44774667
1.02545019 -0.0219567166 4.32761026
NaN NaN NaN
1.05340646 -0.015912117 4.44774667
1.127 -0.0199477767 4.32583677
NaN NaN NaN
-0.949326467 0.0212971477 4.32637796
-1.02615353 0.0212669424 4.32699864
NaN NaN NaN
-0.949326467 0.0212971477 4.32637796
-0.965715849 0.0264815442 4.21984698
NaN NaN NaN
-0.949326467 0.0212971477 4.32637796
-1.00151254 0.0264633423 4.220221
NaN NaN NaN
0.949330459 0.0212984104 4.32635202
1.04937554 0.0198117985 4.3288236
NaN NaN NaN
0.949330459 0.0212984104 4.32635202
0.965720357 0.0264829702 4.21981768
NaN NaN NaN
0.98 0.383227089 3.8461448
0.98 0.391347344 3.67372473
NaN NaN NaN
0.98 0.383227089 3.8461448
0.98 0.2013697 3.88777697
NaN NaN NaN
0.98 0.383227089 3.8461448
0.98 0.206077013 3.74129644
NaN NaN NaN
0.49639747 -0.378944181 4.93365475
0.441 -0.401482882 4.93524085
NaN NaN NaN
0.49639747 -0.378944181 4.93365475
0.598033846 -0.376072545 4.764
NaN NaN NaN
0.49639747 -0.378944181 4.93365475
0.441 -0.441 4.764
NaN NaN NaN
0.441 -0.401482882 4.93524085
0.285606657 -0.376750829 4.764
NaN NaN NaN
0.441 -0.401482882 4.93524085
0.441 -0.441 4.764
NaN NaN NaN
-0.441 -0.402492069 4.9308677
-0.597 -0.3765 4.764
NaN NaN NaN
-0.441 -0.402492069 4.9308677
-0.441 -0.441 4.764
NaN NaN NaN
-1.02615353 0.0212669424 4.32699864
-1.127 0.0199466752 4.32586096
NaN NaN NaN
-1.02615353 0.0212669424 4.32699864
-1.00151254 0.0264633423 4.220221
NaN NaN NaN
-1.02615353 0.0212669424 4.32699864
-1.127 0.0247872451 4.21953534
NaN NaN NaN
1.127 -0.014480632 4.44592543
1.127 0.0199477767 4.32583677
NaN NaN NaN
1.127 -0.014480632 4.44592543
1.127 -0.0199477767 4.32583677
NaN NaN NaN
-1.127 -0.0144813731 4.44590915
-1.127 0.0199466752 4.32586096
NaN NaN NaN
-1.127 -0.0144813731 4.44590915
-1.04936235 -0.0198102371 4.3288579
NaN NaN NaN
-1.127 -0.0144813731 4.44590915
-1.127 -0.0199466752 4.32586096
NaN NaN NaN
0.664658643 0.505701381 3.58321526
0.431626788 0.512834892 3.4429175
NaN NaN NaN
0.664658643 0.505701381 3.58321526
0.98 0.391347344 3.67372473
NaN NaN NaN
0.664658643 0.505701381 3.58321526
0.670511086 0.51457149 3.35021489
NaN NaN NaN
0.664658643 0.505701381 3.58321526
0.98 0.40059438 3.47737933
NaN NaN NaN
0.98 0.134440567 4.127
0.965720357 0.0264829702 4.21981768
NaN NaN NaN
0.98 0.134440567 4.127
0.98 0.170960578 4.0163102
NaN NaN NaN
0.98 0.134440567 4.127
0.98 0.031 4.127
NaN NaN NaN
0.98 0.134440567 4.127
0.980586162 0.033894175 4.03328735
NaN NaN NaN
-0.98 0.134026245 4.127
-0.98 0.170526975 4.02339788
NaN NaN NaN
-0.98 0.134026245 4.127
-0.965715849 0.0264815442 4.21984698
NaN NaN NaN
-0.98 0.134026245 4.127
-0.98 0.031 4.127
NaN NaN NaN
-0.98 0.134026245 4.127
-0.980560072 0.0337653571 4.03745844
NaN NaN NaN
1.04937554 0.0198117985 4.3288236
1.127 0.0199477767 4.32583677
NaN NaN NaN
1.04937554 0.0198117985 4.3288236
0.965720357 0.0264829702 4.21981768
NaN NaN NaN
1.04937554 0.0198117985 4.3288236
1.09072759 0.0247065305 4.22130828
NaN NaN NaN
-0.948650715 -0.0219878648 4.32699119
-1.04936235 -0.0198102371 4.3288579
NaN NaN NaN
-0.948650715 -0.0219878648 4.32699119
-0.964868388 -0.027338025 4.22065675
NaN NaN NaN
-0.948650715 -0.0219878648 4.32699119
-0.938458604 -0.202586756 4.34753477
NaN NaN NaN
-0.948650715 -0.0219878648 4.32699119
-0.958634128 -0.138838332 4.23296299
NaN NaN NaN
0.948654628 -0.0219891556 4.32696553
1.02545019 -0.0219567166 4.32761026
NaN NaN NaN
0.948654628 -0.0219891556 4.32696553
0.964872835 -0.0273394919 4.2206276
NaN NaN NaN
0.948654628 -0.0219891556 4.32696553
1.00064537 -0.027319921 4.22101657
NaN NaN NaN
0.948654628 -0.0219891556 4.32696553
0.938408557 -0.202407174 4.34790394
NaN NaN NaN
0.948654628 -0.0219891556 4.32696553
0.958623704 -0.138729702 4.2330578
NaN NaN NaN
-0.283273987 -0.37578636 4.764
-0.183531477 -0.378949536 4.59203688
NaN NaN NaN
-0.283273987 -0.37578636 4.764
-0.441 -0.441 4.764
NaN NaN NaN
-0.283273987 -0.37578636 4.764
-0.411256383 -0.473177185 4.59175742
NaN NaN NaN
0.285606657 -0.376750829 4.764
0.183151717 -0.378483296 4.59323444
NaN NaN NaN
0.285606657 -0.376750829 4.764
0.441 -0.441 4.764
NaN NaN NaN
0.285606657 -0.376750829 4.764
0.41092951 -0.473530803 4.58986453
NaN NaN NaN
0.123986393 -0.315430363 4.59459286
0.0949641908 -0.322817583 4.5959317
NaN NaN NaN
0.123986393 -0.315430363 4.59459286
0.183151717 -0.378483296 4.59323444
NaN NaN NaN
0.123986393 -0.315430363 4.59459286
0.119171992 -0.318724426 4.43191679
NaN NaN NaN
0.123986393 -0.315430363 4.59459286
0.234714135 -0.441787651 4.43063414
NaN NaN NaN
-0.123951439 -0.315454278 4.5934118
-0.0949641908 -0.322817583 4.5959317
NaN NaN NaN
-0.123951439 -0.315454278 4.5934118
-0.183531477 -0.378949536 4.59203688
NaN NaN NaN
-0.123951439 -0.315454278 4.5934118
-0.119155615 -0.318735632 4.43136341
NaN NaN NaN
-0.123951439 -0.315454278 4.5934118
-0.234709261 -0.441781667 4.43064951
NaN NaN NaN
-0.753 -0.312 4.764
-0.597 -0.3765 4.764
NaN NaN NaN
-0.753 -0.312 4.764
-0.807252699 -0.310225379 4.60504466
NaN NaN NaN
-0.753 -0.312 4.764
-0.744744669 -0.378927149 4.57619122
NaN NaN NaN
0.753 -0.312 4.764
0.598033846 -0.376072545 4.764
NaN NaN NaN
0.753 -0.312 4.764
0.806984167 -0.310234163 4.60583144
NaN NaN NaN
0.753 -0.312 4.764
0.744796476 -0.378507144 4.57736982
NaN NaN NaN
0.0805132847 0.674956194 3.3175411
0.144989587 0.653350491 3.31826495
NaN NaN NaN
0.0805132847 0.674956194 3.3175411
0.0702423754 0.682615856 3.09575909
NaN NaN NaN
0.0805132847 0.674956194 3.3175411
0.152385337 0.655090668 3.09665348
NaN NaN NaN
-0.080470888 0.674987812 3.31662562
-0.145020222 0.653357699 3.31734698
NaN NaN NaN
-0.080470888 0.674987812 3.31662562
-0.0702003504 0.682647196 3.09485163
NaN NaN NaN
-0.080470888 0.674987812 3.31662562
-0.152415723 0.655097817 3.09574297
NaN NaN NaN
-0.0949641908 -0.322817583 4.5959317
-0.119155615 -0.318735632 4.43136341
NaN NaN NaN
-0.0949641908 -0.322817583 4.5959317
-0.0623122114 -0.333195344 4.43469673
NaN NaN NaN
0.0949641908 -0.322817583 4.5959317
0.119171992 -0.318724426 4.43191679
NaN NaN NaN
0.0949641908 -0.322817583 4.5959317
0.0623122114 -0.333195344 4.43469673
NaN NaN NaN
-1.127 0.0199466752 4.32586096
-1.127 -0.0199466752 4.32586096
NaN NaN NaN
-1.127 0.0199466752 4.32586096
-1.127 0.0247872451 4.21953534
NaN NaN NaN
1.127 0.0199477767 4.32583677
1.127 -0.0199477767 4.32583677
NaN NaN NaN
1.127 0.0199477767 4.32583677
1.09072759 0.0247065305 4.22130828
NaN NaN NaN
1.127 0.0199477767 4.32583677
1.127 0.0247885474 4.21950673
NaN NaN NaN
1.127 0.0199477767 4.32583677
1.127 -0.0247885474 4.21950673
NaN NaN NaN
-0.98 0.170526975 4.02339788
-0.98 0.200129209 3.90680861
NaN NaN NaN
-0.98 0.170526975 4.02339788
-0.980560072 0.0337653571 4.03745844
NaN NaN NaN
-0.98 0.170526975 4.02339788
-0.981172595 0.0367896867 3.93953141
NaN NaN NaN
-0.965715849 0.0264815442 4.21984698
-1.00151254 0.0264633423 4.220221
NaN NaN NaN
-0.965715849 0.0264815442 4.21984698
-0.98 0.031 4.127
NaN NaN NaN
0.965720357 0.0264829702 4.21981768
1.09072759 0.0247065305 4.22130828
NaN NaN NaN
0.965720357 0.0264829702 4.21981768
0.98 0.031 4.127
NaN NaN NaN
0.965720357 0.0264829702 4.21981768
1.0535 0.03 4.127
NaN NaN NaN
1.02545019 -0.0219567166 4.32761026
1.127 -0.0199477767 4.32583677
NaN NaN NaN
1.02545019 -0.0219567166 4.32761026
1.00064537 -0.027319921 4.22101657
NaN NaN NaN
1.02545019 -0.0219567166 4.32761026
1.127 -0.0247885474 4.21950673
NaN NaN NaN
-0.815721549 0.450829549 3.6308906
-0.98 0.389550494 3.71187785
NaN NaN NaN
-0.815721549 0.450829549 3.6308906
-0.668545636 0.511592604 3.42846438
NaN NaN NaN
-0.815721549 0.450829549 3.6308906
-0.98 0.397433152 3.54450273
NaN NaN NaN
0.98 0.170960578 4.0163102
0.98 0.2013697 3.88777697
NaN NaN NaN
0.98 0.170960578 4.0163102
0.980586162 0.033894175 4.03328735
NaN NaN NaN
0.98 0.170960578 4.0163102
0.981257439 0.0372086057 3.92596692
NaN NaN NaN
-1.04936235 -0.0198102371 4.3288579
-1.127 -0.0199466752 4.32586096
NaN NaN NaN
-1.04936235 -0.0198102371 4.3288579
-0.964868388 -0.027338025 4.22065675
NaN NaN NaN
-1.04936235 -0.0198102371 4.3288579
-1.09071503 -0.0247050448 4.22134091
NaN NaN NaN
-0.444752522 0.511131195 3.4792971
-0.668545636 0.511592604 3.42846438
NaN NaN NaN
-0.444752522 0.511131195 3.4792971
-0.21237445 0.518623829 3.33078044
NaN NaN NaN
-0.444752522 0.511131195 3.4792971
-0.444928177 0.520985686 3.22395023
NaN NaN NaN
0.144989587 0.653350491 3.31826495
0.212342246 0.51855522 3.33256429
NaN NaN NaN
0.144989587 0.653350491 3.31826495
0.152385337 0.655090668 3.09665348
NaN NaN NaN
0.144989587 0.653350491 3.31826495
0.216347398 0.527087934 3.1107137
NaN NaN NaN
-0.145020222 0.653357699 3.31734698
-0.21237445 0.518623829 3.33078044
NaN NaN NaN
-0.145020222 0.653357699 3.31734698
-0.152415723 0.655097817 3.09574297
NaN NaN NaN
-0.145020222 0.653357699 3.31734698
-0.216379382 0.527156075 3.10894205
NaN NaN NaN
-1.00151254 0.0264633423 4.220221
-1.127 0.0247872451 4.21953534
NaN NaN NaN
-1.00151254 0.0264633423 4.220221
-0.98 0.031 4.127
NaN NaN NaN
-1.00151254 0.0264633423 4.220221
-1.0535 0.03 4.127
NaN NaN NaN
0.922469904 -0.145215538 4.46547494
0.806984167 -0.310234163 4.60583144
NaN NaN NaN
0.922469904 -0.145215538 4.46547494
0.938408557 -0.202407174 4.34790394
NaN NaN NaN
0.922469904 -0.145215538 4.46547494
0.855332801 -0.308652665 4.46417446
NaN NaN NaN
0.922469904 -0.145215538 4.46547494
0.896815892 -0.307295742 4.34263288
NaN NaN NaN
-0.922510862 -0.145362503 4.46517282
-0.807252699 -0.310225379 4.60504466
NaN NaN NaN
-0.922510862 -0.145362503 4.46517282
-0.938458604 -0.202586756 4.34753477
NaN NaN NaN
-0.922510862 -0.145362503 4.46517282
-0.855541036 -0.308645854 4.46356435
NaN NaN NaN
-0.922510862 -0.145362503 4.46517282
-0.896856477 -0.307294414 4.34251397
NaN NaN NaN
0.598033846 -0.376072545 4.764
0.441 -0.441 4.764
NaN NaN NaN
0.598033846 -0.376072545 4.764
0.744796476 -0.378507144 4.57736982
NaN NaN NaN
0.598033846 -0.376072545 4.764
0.524558939 -0.469833718 4.57658083
NaN NaN NaN
-0.597 -0.3765 4.764
-0.441 -0.441 4.764
NaN NaN NaN
-0.597 -0.3765 4.764
-0.744744669 -0.378927149 4.57619122
NaN NaN NaN
-0.597 -0.3765 4.764
-0.523917437 -0.469612355 4.57801969
NaN NaN NaN
-1.127 -0.0199466752 4.32586096
-1.127 0.0247872451 4.21953534
NaN NaN NaN
-1.127 -0.0199466752 4.32586096
-1.09071503 -0.0247050448 4.22134091
NaN NaN NaN
-1.127 -0.0199466752 4.32586096
-1.127 -0.0247872451 4.21953534
NaN NaN NaN
1.127 -0.0199477767 4.32583677
1.127 -0.0247885474 4.21950673
NaN NaN NaN
0.431626788 0.512834892 3.4429175
0.212342246 0.51855522 3.33256429
NaN NaN NaN
0.431626788 0.512834892 3.4429175
0.670511086 0.51457149 3.35021489
NaN NaN NaN
0.431626788 0.512834892 3.4429175
0.444909722 0.521047493 3.2257332
NaN NaN NaN
-0.98 0.389550494 3.71187785
-0.98 0.204067669 3.78151026
NaN NaN NaN
-0.98 0.389550494 3.71187785
-0.98 0.397433152 3.54450273
NaN NaN NaN
-0.98 0.389550494 3.71187785
-0.98 0.21204561 3.645185
NaN NaN NaN
1.09072759 0.0247065305 4.22130828
1.127 0.0247885474 4.21950673
NaN NaN NaN
1.09072759 0.0247065305 4.22130828
1.0535 0.03 4.127
NaN NaN NaN
1.09072759 0.0247065305 4.22130828
1.127 0.029 4.127
NaN NaN NaN
-0.964868388 -0.027338025 4.22065675
-1.09071503 -0.0247050448 4.22134091
NaN NaN NaN
-0.964868388 -0.027338025 4.22065675
-0.979 -0.032 4.128
NaN NaN NaN
-0.964868388 -0.027338025 4.22065675
-1.053 -0.0305 4.1275
NaN NaN NaN
-0.964868388 -0.027338025 4.22065675
-0.958634128 -0.138838332 4.23296299
NaN NaN NaN
-0.964868388 -0.027338025 4.22065675
-0.975181794 -0.118864187 4.13086365
NaN NaN NaN
0.964872835 -0.0273394919 4.2206276
1.00064537 -0.027319921 4.22101657
NaN NaN NaN
0.964872835 -0.0273394919 4.2206276
0.979 -0.032 4.128
NaN NaN NaN
0.964872835 -0.0273394919 4.2206276
0.958623704 -0.138729702 4.2330578
NaN NaN NaN
0.964872835 -0.0273394919 4.2206276
0.975194865 -0.118566828 4.13085385
NaN NaN NaN
-0.98 0.200129209 3.90680861
-0.98 0.204067669 3.78151026
NaN NaN NaN
-0.98 0.200129209 3.90680861
-0.981172595 0.0367896867 3.93953141
NaN NaN NaN
-0.98 0.200129209 3.90680861
-0.98184088 0.0400893471 3.83268924
NaN NaN NaN
-1.127 0.0247872451 4.21953534
-1.0535 0.03 4.127
NaN NaN NaN
-1.127 0.0247872451 4.21953534
-1.127 -0.0247872451 4.21953534
NaN NaN NaN
-1.127 0.0247872451 4.21953534
-1.127 0.029 4.127
NaN NaN NaN
-1.127 0.0247872451 4.21953534
-1.127 -0.029 4.127
NaN NaN NaN
1.127 0.0247885474 4.21950673
1.127 -0.0247885474 4.21950673
NaN NaN NaN
1.127 0.0247885474 4.21950673
1.127 0.029 4.127
NaN NaN NaN
1.127 0.0247885474 4.21950673
1.127 -0.029 4.127
NaN NaN NaN
-0.98 0.031 4.127
-1.0535 0.03 4.127
NaN NaN NaN
-0.98 0.031 4.127
-0.980560072 0.0337653571 4.03745844
NaN NaN NaN
-0.98 0.031 4.127
-1.00730484 0.0336004606 4.03598388
NaN NaN NaN
0.98 0.031 4.127
1.0535 0.03 4.127
NaN NaN NaN
0.98 0.031 4.127
0.980586162 0.033894175 4.03328735
NaN NaN NaN
0.183151717 -0.378483296 4.59323444
0.41092951 -0.473530803 4.58986453
NaN NaN NaN
0.183151717 -0.378483296 4.59323444
0.234714135 -0.441787651 4.43063414
NaN NaN NaN
-0.183531477 -0.378949536 4.59203688
-0.411256383 -0.473177185 4.59175742
NaN NaN NaN
-0.183531477 -0.378949536 4.59203688
-0.234709261 -0.441781667 4.43064951
NaN NaN NaN
1.00064537 -0.027319921 4.22101657
1.127 -0.0247885474 4.21950673
NaN NaN NaN
1.00064537 -0.027319921 4.22101657
0.979 -0.032 4.128
NaN NaN NaN
1.00064537 -0.027319921 4.22101657
1.053 -0.0305 4.1275
NaN NaN NaN
0.98 0.391347344 3.67372473
0.98 0.206077013 3.74129644
NaN NaN NaN
0.98 0.391347344 3.67372473
0.98 0.40059438 3.47737933
NaN NaN NaN
0.98 0.391347344 3.67372473
0.98 0.210354669 3.59103374
NaN NaN NaN
0.98 0.2013697 3.88777697
0.98 0.206077013 3.74129644
NaN NaN NaN
0.98 0.2013697 3.88777697
0.981257439 0.0372086057 3.92596692
NaN NaN NaN
0.98 0.2013697 3.88777697
0.982023193 0.0409895158 3.80354201
NaN NaN NaN
0.0240461975 1.39183159 2.77857527
0.0393400966 1.02046761 2.78513424
NaN NaN NaN
0.0240461975 1.39183159 2.77857527
0.0 1.3802935 2.57084785
NaN NaN NaN
0.0240461975 1.39183159 2.77857527
0.0227052054 1.24241684 2.54340761
NaN NaN NaN
-0.0240461975 1.39183159 2.77857527
-0.0393183069 1.0204342 2.78457187
NaN NaN NaN
-0.0240461975 1.39183159 2.77857527
0.0 1.3802935 2.57084785
NaN NaN NaN
-0.0240461975 1.39183159 2.77857527
-0.0227052054 1.24241684 2.54340761
NaN NaN NaN
-0.441 -0.441 4.764
-0.411256383 -0.473177185 4.59175742
NaN NaN NaN
-0.441 -0.441 4.764
-0.523917437 -0.469612355 4.57801969
NaN NaN NaN
0.441 -0.441 4.764
0.41092951 -0.473530803 4.58986453
NaN NaN NaN
0.441 -0.441 4.764
0.524558939 -0.469833718 4.57658083
NaN NaN NaN
0.119171992 -0.318724426 4.43191679
0.0623122114 -0.333195344 4.43469673
NaN NaN NaN
0.119171992 -0.318724426 4.43191679
0.114556288 -0.32188254 4.27595458
NaN NaN NaN
0.119171992 -0.318724426 4.43191679
0.234714135 -0.441787651 4.43063414
NaN NaN NaN
0.806984167 -0.310234163 4.60583144
0.744796476 -0.378507144 4.57736982
NaN NaN NaN
0.806984167 -0.310234163 4.60583144
0.855332801 -0.308652665 4.46417446
NaN NaN NaN
0.806984167 -0.310234163 4.60583144
0.737712833 -0.435935249 4.41621694
NaN NaN NaN
-0.119155615 -0.318735632 4.43136341
-0.0623122114 -0.333195344 4.43469673
NaN NaN NaN
-0.119155615 -0.318735632 4.43136341
-0.11457528 -0.321869545 4.27659629
NaN NaN NaN
-0.119155615 -0.318735632 4.43136341
-0.0309564161 -0.343161139 4.2798623
NaN NaN NaN
-0.119155615 -0.318735632 4.43136341
-0.234709261 -0.441781667 4.43064951
NaN NaN NaN
-0.807252699 -0.310225379 4.60504466
-0.744744669 -0.378927149 4.57619122
NaN NaN NaN
-0.807252699 -0.310225379 4.60504466
-0.855541036 -0.308645854 4.46356435
NaN NaN NaN
1.0535 0.03 4.127
1.127 0.029 4.127
NaN NaN NaN
1.0535 0.03 4.127
0.980586162 0.033894175 4.03328735
NaN NaN NaN
1.0535 0.03 4.127
1.1222033 0.0319658968 4.03333625
NaN NaN NaN
-1.0535 0.03 4.127
-1.127 0.029 4.127
NaN NaN NaN
-1.0535 0.03 4.127
-1.00730484 0.0336004606 4.03598388
NaN NaN NaN
-1.0535 0.03 4.127
-1.127 0.0319646608 4.03620726
NaN NaN NaN
-1.09071503 -0.0247050448 4.22134091
-1.127 -0.0247872451 4.21953534
NaN NaN NaN
-1.09071503 -0.0247050448 4.22134091
-1.053 -0.0305 4.1275
NaN NaN NaN
-1.09071503 -0.0247050448 4.22134091
-1.127 -0.029 4.127
NaN NaN NaN
-0.668545636 0.511592604 3.42846438
-0.98 0.397433152 3.54450273
NaN NaN NaN
-0.668545636 0.511592604 3.42846438
-0.444928177 0.520985686 3.22395023
NaN NaN NaN
-0.668545636 0.511592604 3.42846438
-0.674130973 0.520057881 3.20609815
NaN NaN NaN
-0.668545636 0.511592604 3.42846438
-0.98 0.406051712 3.36150198
NaN NaN NaN
-0.0623122114 -0.333195344 4.43469673
-0.0309564161 -0.343161139 4.2798623
NaN NaN NaN
0.0623122114 -0.333195344 4.43469673
0.0 -0.26537375 4.28512442
NaN NaN NaN
0.0623122114 -0.333195344 4.43469673
0.114556288 -0.32188254 4.27595458
NaN NaN NaN
0.0623122114 -0.333195344 4.43469673
0.0309564161 -0.343161139 4.2798623
NaN NaN NaN
-1.127 -0.0247872451 4.21953534
-1.127 -0.029 4.127
NaN NaN NaN
1.127 -0.0247885474 4.21950673
1.053 -0.0305 4.1275
NaN NaN NaN
1.127 -0.0247885474 4.21950673
1.127 -0.029 4.127
NaN NaN NaN
0.0 -0.26537375 4.28512442
-0.0309564161 -0.343161139 4.2798623
NaN NaN NaN
0.0 -0.26537375 4.28512442
0.0309564161 -0.343161139 4.2798623
NaN NaN NaN
0.0 -0.26537375 4.28512442
0.0 -0.353 4.127
NaN NaN NaN
0.212342246 0.51855522 3.33256429
0.444909722 0.521047493 3.2257332
NaN NaN NaN
0.212342246 0.51855522 3.33256429
0.216347398 0.527087934 3.1107137
NaN NaN NaN
-0.21237445 0.518623829 3.33078044
-0.444928177 0.520985686 3.22395023
NaN NaN NaN
-0.21237445 0.518623829 3.33078044
-0.216379382 0.527156075 3.10894205
NaN NaN NaN
1.127 0.029 4.127
1.127 -0.029 4.127
NaN NaN NaN
1.127 0.029 4.127
1.1222033 0.0319658968 4.03333625
NaN NaN NaN
1.127 0.029 4.127
1.127 0.0175803582 4.02707813
NaN NaN NaN
-1.127 0.029 4.127
-1.127 -0.029 4.127
NaN NaN NaN
-1.127 0.029 4.127
-1.127 0.0319646608 4.03620726
NaN NaN NaN
-1.127 0.029 4.127
-1.127 -0.015314189 4.03637774
NaN NaN NaN
-0.980560072 0.0337653571 4.03745844
-1.00730484 0.0336004606 4.03598388
NaN NaN NaN
-0.980560072 0.0337653571 4.03745844
-0.981172595 0.0367896867 3.93953141
NaN NaN NaN
-0.979 -0.032 4.128
-1.053 -0.0305 4.1275
NaN NaN NaN
-0.979 -0.032 4.128
-0.9793962 -0.0316398181 4.03590149
NaN NaN NaN
-0.979 -0.032 4.128
-0.975181794 -0.118864187 4.13086365
NaN NaN NaN
0.979 -0.032 4.128
1.053 -0.0305 4.1275
NaN NaN NaN
0.979 -0.032 4.128
0.979398104 -0.0316380875 4.03545897
NaN NaN NaN
0.979 -0.032 4.128
1.00937678 -0.0309737575 4.02722299
NaN NaN NaN
0.979 -0.032 4.128
0.975194865 -0.118566828 4.13085385
NaN NaN NaN
0.980586162 0.033894175 4.03328735
1.1222033 0.0319658968 4.03333625
NaN NaN NaN
0.980586162 0.033894175 4.03328735
0.981257439 0.0372086057 3.92596692
NaN NaN NaN
0.980586162 0.033894175 4.03328735
1.11671104 0.0353618752 3.92609041
NaN NaN NaN
0.0534566185 0.919214832 2.9976143
0.0702423754 0.682615856 3.09575909
NaN NaN NaN
0.0534566185 0.919214832 2.9976143
0.0393400966 1.02046761 2.78513424
NaN NaN NaN
0.0534566185 0.919214832 2.9976143
0.0596384687 0.690523854 2.8667866
NaN NaN NaN
-0.0534234922 0.91913567 2.99675324
-0.0702003504 0.682647196 3.09485163
NaN NaN NaN
-0.0534234922 0.91913567 2.99675324
-0.0393183069 1.0204342 2.78457187
NaN NaN NaN
-0.0534234922 0.91913567 2.99675324
-0.0596010635 0.690551749 2.8659789
NaN NaN NaN
-1.00730484 0.0336004606 4.03598388
-1.127 0.0319646608 4.03620726
NaN NaN NaN
-1.00730484 0.0336004606 4.03598388
-0.981172595 0.0367896867 3.93953141
NaN NaN NaN
-1.00730484 0.0336004606 4.03598388
-1.037602 0.0364859044 3.93499335
NaN NaN NaN
-1.00730484 0.0336004606 4.03598388
-1.127 0.035254486 3.93545637
NaN NaN NaN
0.938408557 -0.202407174 4.34790394
0.958623704 -0.138729702 4.2330578
NaN NaN NaN
0.938408557 -0.202407174 4.34790394
0.896815892 -0.307295742 4.34263288
NaN NaN NaN
0.938408557 -0.202407174 4.34790394
0.953274081 -0.255748171 4.23824884
NaN NaN NaN
1.053 -0.0305 4.1275
1.127 -0.029 4.127
NaN NaN NaN
1.053 -0.0305 4.1275
1.00937678 -0.0309737575 4.02722299
NaN NaN NaN
1.053 -0.0305 4.1275
1.127 -0.0285926908 4.02720924
NaN NaN NaN
-1.053 -0.0305 4.1275
-1.127 -0.029 4.127
NaN NaN NaN
-1.053 -0.0305 4.1275
-0.9793962 -0.0316398181 4.03590149
NaN NaN NaN
-1.053 -0.0305 4.1275
-1.127 -0.0286314087 4.03669513
NaN NaN NaN
-0.938458604 -0.202586756 4.34753477
-0.958634128 -0.138838332 4.23296299
NaN NaN NaN
-0.938458604 -0.202586756 4.34753477
-0.896856477 -0.307294414 4.34251397
NaN NaN NaN
-0.938458604 -0.202586756 4.34753477
-0.953310129 -0.255877523 4.23798293
NaN NaN NaN
-0.98 0.204067669 3.78151026
-0.98 0.21204561 3.645185
NaN NaN NaN
-0.98 0.204067669 3.78151026
-0.98184088 0.0400893471 3.83268924
NaN NaN NaN
-0.98 0.204067669 3.78151026
-0.982568108 0.0436800339 3.71642371
NaN NaN NaN
0.744796476 -0.378507144 4.57736982
0.524558939 -0.469833718 4.57658083
NaN NaN NaN
0.744796476 -0.378507144 4.57736982
0.737712833 -0.435935249 4.41621694
NaN NaN NaN
0.744796476 -0.378507144 4.57736982
0.59686934 -0.494785899 4.41439166
NaN NaN NaN
-0.744744669 -0.378927149 4.57619122
-0.855541036 -0.308645854 4.46356435
NaN NaN NaN
-0.744744669 -0.378927149 4.57619122
-0.523917437 -0.469612355 4.57801969
NaN NaN NaN
-0.744744669 -0.378927149 4.57619122
-0.73771421 -0.435924085 4.41624827
NaN NaN NaN
-0.744744669 -0.378927149 4.57619122
-0.596262297 -0.494576426 4.41575323
NaN NaN NaN
0.958623704 -0.138729702 4.2330578
0.975194865 -0.118566828 4.13085385
NaN NaN NaN
0.958623704 -0.138729702 4.2330578
0.953274081 -0.255748171 4.23824884
NaN NaN NaN
0.958623704 -0.138729702 4.2330578
0.971337258 -0.206327391 4.13374706
NaN NaN NaN
-0.958634128 -0.138838332 4.23296299
-0.975181794 -0.118864187 4.13086365
NaN NaN NaN
-0.958634128 -0.138838332 4.23296299
-0.953310129 -0.255877523 4.23798293
NaN NaN NaN
-0.958634128 -0.138838332 4.23296299
-0.971335137 -0.206375636 4.13374865
NaN NaN NaN
0.670511086 0.51457149 3.35021489
0.98 0.40059438 3.47737933
NaN NaN NaN
0.670511086 0.51457149 3.35021489
0.444909722 0.521047493 3.2257332
NaN NaN NaN
0.670511086 0.51457149 3.35021489
0.677056267 0.52449153 3.08963486
NaN NaN NaN
0.670511086 0.51457149 3.35021489
0.98 0.411045341 3.2554706
NaN NaN NaN
0.855332801 -0.308652665 4.46417446
0.896815892 -0.307295742 4.34263288
NaN NaN NaN
0.855332801 -0.308652665 4.46417446
0.737712833 -0.435935249 4.41621694
NaN NaN NaN
-0.855541036 -0.308645854 4.46356435
-0.896856477 -0.307294414 4.34251397
NaN NaN NaN
-0.855541036 -0.308645854 4.46356435
-0.73771421 -0.435924085 4.41624827
NaN NaN NaN
-0.98 0.397433152 3.54450273
-0.98 0.21204561 3.645185
NaN NaN NaN
-0.98 0.397433152 3.54450273
-0.98 0.406051712 3.36150198
NaN NaN NaN
-0.98 0.397433152 3.54450273
-0.98 0.182770935 3.52405234
NaN NaN NaN
-0.98 0.397433152 3.54450273
-0.98 0.206175214 3.38510223
NaN NaN NaN
1.127 -0.029 4.127
1.127 0.0175803582 4.02707813
NaN NaN NaN
1.127 -0.029 4.127
1.127 -0.0285926908 4.02720924
NaN NaN NaN
-1.127 -0.029 4.127
-1.127 -0.015314189 4.03637774
NaN NaN NaN
-1.127 -0.029 4.127
-1.127 -0.0286314087 4.03669513
NaN NaN NaN
-1.127 0.0319646608 4.03620726
-1.127 -0.015314189 4.03637774
NaN NaN NaN
-1.127 0.0319646608 4.03620726
-1.127 0.035254486 3.93545637
NaN NaN NaN
-1.127 0.0319646608 4.03620726
-1.127 -0.000141482031 3.93590981
NaN NaN NaN
1.1222033 0.0319658968 4.03333625
1.127 0.0175803582 4.02707813
NaN NaN NaN
1.1222033 0.0319658968 4.03333625
1.11671104 0.0353618752 3.92609041
NaN NaN NaN
-0.11457528 -0.321869545 4.27659629
-0.0309564161 -0.343161139 4.2798623
NaN NaN NaN
-0.11457528 -0.321869545 4.27659629
-0.234709261 -0.441781667 4.43064951
NaN NaN NaN
-0.11457528 -0.321869545 4.27659629
-0.11 -0.325 4.122
NaN NaN NaN
-0.11457528 -0.321869545 4.27659629
-0.283717398 -0.501950073 4.27610405
NaN NaN NaN
-0.11457528 -0.321869545 4.27659629
-0.222265272 -0.4443771 4.12453994
NaN NaN NaN
0.114556288 -0.32188254 4.27595458
0.0309564161 -0.343161139 4.2798623
NaN NaN NaN
0.114556288 -0.32188254 4.27595458
0.234714135 -0.441787651 4.43063414
NaN NaN NaN
0.114556288 -0.32188254 4.27595458
0.11 -0.325 4.122
NaN NaN NaN
0.114556288 -0.32188254 4.27595458
0.283996179 -0.502292338 4.27522492
NaN NaN NaN
0.114556288 -0.32188254 4.27595458
0.222401227 -0.444521667 4.12454301
NaN NaN NaN
0.98 0.206077013 3.74129644
0.982023193 0.0409895158 3.80354201
NaN NaN NaN
0.98 0.206077013 3.74129644
0.98 0.210354669 3.59103374
NaN NaN NaN
0.98 0.206077013 3.74129644
0.98289284 0.0452833962 3.66450725
NaN NaN NaN
-0.9793962 -0.0316398181 4.03590149
-0.975181794 -0.118864187 4.13086365
NaN NaN NaN
-0.9793962 -0.0316398181 4.03590149
-1.127 -0.0286314087 4.03669513
NaN NaN NaN
-0.9793962 -0.0316398181 4.03590149
-0.979829537 -0.0312458757 3.93517042
NaN NaN NaN
-0.9793962 -0.0316398181 4.03590149
-1.127 -0.028224293 3.93695178
NaN NaN NaN
-0.9793962 -0.0316398181 4.03590149
-0.973567909 -0.165934506 4.00685674
NaN NaN NaN
0.979398104 -0.0316380875 4.03545897
1.00937678 -0.0309737575 4.02722299
NaN NaN NaN
0.979398104 -0.0316380875 4.03545897
0.975194865 -0.118566828 4.13085385
NaN NaN NaN
0.979398104 -0.0316380875 4.03545897
0.979854068 -0.0312235749 3.9294681
NaN NaN NaN
0.979398104 -0.0316380875 4.03545897
0.973672961 -0.166532713 4.00266301
NaN NaN NaN
-0.981172595 0.0367896867 3.93953141
-1.037602 0.0364859044 3.93499335
NaN NaN NaN
-0.981172595 0.0367896867 3.93953141
-0.98184088 0.0400893471 3.83268924
NaN NaN NaN
-0.411256383 -0.473177185 4.59175742
-0.523917437 -0.469612355 4.57801969
NaN NaN NaN
-0.411256383 -0.473177185 4.59175742
-0.234709261 -0.441781667 4.43064951
NaN NaN NaN
-0.411256383 -0.473177185 4.59175742
-0.383218333 -0.503509258 4.42939162
NaN NaN NaN
-0.411256383 -0.473177185 4.59175742
-0.596262297 -0.494576426 4.41575323
NaN NaN NaN
0.41092951 -0.473530803 4.58986453
0.524558939 -0.469833718 4.57658083
NaN NaN NaN
0.41092951 -0.473530803 4.58986453
0.234714135 -0.441787651 4.43063414
NaN NaN NaN
0.41092951 -0.473530803 4.58986453
0.382825334 -0.503934411 4.4271158
NaN NaN NaN
0.41092951 -0.473530803 4.58986453
0.59686934 -0.494785899 4.41439166
NaN NaN NaN
1.127 0.0175803582 4.02707813
1.127 -0.0285926908 4.02720924
NaN NaN NaN
1.127 0.0175803582 4.02707813
1.11671104 0.0353618752 3.92609041
NaN NaN NaN
1.127 0.0175803582 4.02707813
1.127 0.00480021347 3.91525187
NaN NaN NaN
-0.0309564161 -0.343161139 4.2798623
-0.11 -0.325 4.122
NaN NaN NaN
-0.0309564161 -0.343161139 4.2798623
0.0 -0.353 4.127
NaN NaN NaN
0.0309564161 -0.343161139 4.2798623
0.11 -0.325 4.122
NaN NaN NaN
0.0309564161 -0.343161139 4.2798623
0.0 -0.353 4.127
NaN NaN NaN
0.981257439 0.0372086057 3.92596692
1.11671104 0.0353618752 3.92609041
NaN NaN NaN
0.981257439 0.0372086057 3.92596692
0.982023193 0.0409895158 3.80354201
NaN NaN NaN
0.981257439 0.0372086057 3.92596692
1.1104468 0.0392351828 3.8037704
NaN NaN NaN
1.00937678 -0.0309737575 4.02722299
1.127 -0.0285926908 4.02720924
NaN NaN NaN
1.00937678 -0.0309737575 4.02722299
0.979854068 -0.0312235749 3.9294681
NaN NaN NaN
1.00937678 -0.0309737575 4.02722299
1.04324862 -0.0298294386 3.91485087
NaN NaN NaN
1.00937678 -0.0309737575 4.02722299
1.127 -0.028136576 3.91546113
NaN NaN NaN
0.0702423754 0.682615856 3.09575909
0.152385337 0.655090668 3.09665348
NaN NaN NaN
0.0702423754 0.682615856 3.09575909
0.0596384687 0.690523854 2.8667866
NaN NaN NaN
0.0702423754 0.682615856 3.09575909
0.160021458 0.656887402 2.86783936
NaN NaN NaN
-0.0702003504 0.682647196 3.09485163
-0.152415723 0.655097817 3.09574297
NaN NaN NaN
-0.0702003504 0.682647196 3.09485163
-0.0596010635 0.690551749 2.8659789
NaN NaN NaN
-0.0702003504 0.682647196 3.09485163
-0.16004853 0.656893772 2.86702818
NaN NaN NaN
0.975194865 -0.118566828 4.13085385
0.971337258 -0.206327391 4.13374706
NaN NaN NaN
0.975194865 -0.118566828 4.13085385
0.973672961 -0.166532713 4.00266301
NaN NaN NaN
-0.975181794 -0.118864187 4.13086365
-0.971335137 -0.206375636 4.13374865
NaN NaN NaN
-0.975181794 -0.118864187 4.13086365
-0.973567909 -0.165934506 4.00685674
NaN NaN NaN
-1.037602 0.0364859044 3.93499335
-1.127 0.035254486 3.93545637
NaN NaN NaN
-1.037602 0.0364859044 3.93499335
-0.98184088 0.0400893471 3.83268924
NaN NaN NaN
-1.037602 0.0364859044 3.93499335
-1.0702005 0.0395905235 3.82633168
NaN NaN NaN
-0.523917437 -0.469612355 4.57801969
-0.596262297 -0.494576426 4.41575323
NaN NaN NaN
0.524558939 -0.469833718 4.57658083
0.59686934 -0.494785899 4.41439166
NaN NaN NaN
-1.127 -0.015314189 4.03637774
-1.127 -0.0286314087 4.03669513
NaN NaN NaN
-1.127 -0.015314189 4.03637774
-1.127 -0.0180778432 3.98648362
NaN NaN NaN
-1.127 -0.015314189 4.03637774
-1.127 -0.000141482031 3.93590981
NaN NaN NaN
0.152385337 0.655090668 3.09665348
0.216347398 0.527087934 3.1107137
NaN NaN NaN
0.152385337 0.655090668 3.09665348
0.160021458 0.656887402 2.86783936
NaN NaN NaN
0.152385337 0.655090668 3.09665348
0.220509439 0.535954893 2.88017279
NaN NaN NaN
-0.234709261 -0.441781667 4.43064951
-0.383218333 -0.503509258 4.42939162
NaN NaN NaN
-0.234709261 -0.441781667 4.43064951
-0.283717398 -0.501950073 4.27610405
NaN NaN NaN
0.234714135 -0.441787651 4.43063414
0.382825334 -0.503934411 4.4271158
NaN NaN NaN
0.234714135 -0.441787651 4.43063414
0.283996179 -0.502292338 4.27522492
NaN NaN NaN
-0.152415723 0.655097817 3.09574297
-0.216379382 0.527156075 3.10894205
NaN NaN NaN
-0.152415723 0.655097817 3.09574297
-0.16004853 0.656893772 2.86702818
NaN NaN NaN
-0.152415723 0.655097817 3.09574297
-0.220537944 0.53601562 2.87859388
NaN NaN NaN
0.98 0.40059438 3.47737933
0.98 0.210354669 3.59103374
NaN NaN NaN
0.98 0.40059438 3.47737933
0.98 0.235288515 3.42465985
NaN NaN NaN
0.98 0.40059438 3.47737933
0.98 0.411045341 3.2554706
NaN NaN NaN
-1.127 -0.0286314087 4.03669513
-1.127 -0.0180778432 3.98648362
NaN NaN NaN
-1.127 -0.0286314087 4.03669513
-1.127 -0.028224293 3.93695178
NaN NaN NaN
0.444909722 0.521047493 3.2257332
0.216347398 0.527087934 3.1107137
NaN NaN NaN
0.444909722 0.521047493 3.2257332
0.677056267 0.52449153 3.08963486
NaN NaN NaN
0.444909722 0.521047493 3.2257332
0.458024422 0.529600244 2.99969486
NaN NaN NaN
-0.444928177 0.520985686 3.22395023
-0.674130973 0.520057881 3.20609815
NaN NaN NaN
-0.444928177 0.520985686 3.22395023
-0.216379382 0.527156075 3.10894205
NaN NaN NaN
-0.444928177 0.520985686 3.22395023
-0.45785392 0.529608441 2.9980138
NaN NaN NaN
1.127 -0.0285926908 4.02720924
1.127 0.00480021347 3.91525187
NaN NaN NaN
1.127 -0.0285926908 4.02720924
1.127 -0.028136576 3.91546113
NaN NaN NaN
-1.127 0.035254486 3.93545637
-1.127 -0.000141482031 3.93590981
NaN NaN NaN
-1.127 0.035254486 3.93545637
-1.127 0.0225757478 3.88104662
NaN NaN NaN
-1.127 0.035254486 3.93545637
-1.0702005 0.0395905235 3.82633168
NaN NaN NaN
-1.127 0.035254486 3.93545637
-1.127 0.0388208559 3.82623629
NaN NaN NaN
1.11671104 0.0353618752 3.92609041
1.127 0.00480021347 3.91525187
NaN NaN NaN
1.11671104 0.0353618752 3.92609041
1.1104468 0.0392351828 3.8037704
NaN NaN NaN
0.896815892 -0.307295742 4.34263288
0.953274081 -0.255748171 4.23824884
NaN NaN NaN
0.896815892 -0.307295742 4.34263288
0.737712833 -0.435935249 4.41621694
NaN NaN NaN
0.896815892 -0.307295742 4.34263288
0.934097807 -0.30607624 4.23340035
NaN NaN NaN
0.896815892 -0.307295742 4.34263288
0.831989169 -0.400830647 4.24183496
NaN NaN NaN
-0.896856477 -0.307294414 4.34251397
-0.953310129 -0.255877523 4.23798293
NaN NaN NaN
-0.896856477 -0.307294414 4.34251397
-0.73771421 -0.435924085 4.41624827
NaN NaN NaN
-0.896856477 -0.307294414 4.34251397
-0.934068349 -0.306077204 4.23348666
NaN NaN NaN
-0.896856477 -0.307294414 4.34251397
-0.833830231 -0.395289924 4.25387099
NaN NaN NaN
-0.98 0.21204561 3.645185
-0.982568108 0.0436800339 3.71642371
NaN NaN NaN
-0.98 0.21204561 3.645185
-0.98 0.182770935 3.52405234
NaN NaN NaN
-0.98 0.21204561 3.645185
-0.983357236 0.047576353 3.59026189
NaN NaN NaN
-0.979829537 -0.0312458757 3.93517042
-1.127 -0.028224293 3.93695178
NaN NaN NaN
-0.979829537 -0.0312458757 3.93517042
-0.980302358 -0.0308160386 3.82526106
NaN NaN NaN
-0.979829537 -0.0312458757 3.93517042
-0.973567909 -0.165934506 4.00685674
NaN NaN NaN
-0.979829537 -0.0312458757 3.93517042
-1.127 -0.0277782914 3.8276814
NaN NaN NaN
-0.979829537 -0.0312458757 3.93517042
-0.97516269 -0.140580156 3.89257677
NaN NaN NaN
-1.127 -0.0180778432 3.98648362
-1.127 -0.000141482031 3.93590981
NaN NaN NaN
-1.127 -0.0180778432 3.98648362
-1.127 -0.028224293 3.93695178
NaN NaN NaN
0.979854068 -0.0312235749 3.9294681
1.04324862 -0.0298294386 3.91485087
NaN NaN NaN
0.979854068 -0.0312235749 3.9294681
0.973672961 -0.166532713 4.00266301
NaN NaN NaN
0.979854068 -0.0312235749 3.9294681
0.980374261 -0.0307506722 3.80854688
NaN NaN NaN
0.979854068 -0.0312235749 3.9294681
0.975153651 -0.144802102 3.87409105
NaN NaN NaN
-0.98184088 0.0400893471 3.83268924
-1.0702005 0.0395905235 3.82633168
NaN NaN NaN
-0.98184088 0.0400893471 3.83268924
-0.982568108 0.0436800339 3.71642371
NaN NaN NaN
0.953274081 -0.255748171 4.23824884
0.971337258 -0.206327391 4.13374706
NaN NaN NaN
0.953274081 -0.255748171 4.23824884
0.934097807 -0.30607624 4.23340035
NaN NaN NaN
0.953274081 -0.255748171 4.23824884
0.967 -0.305 4.137
NaN NaN NaN
-0.953310129 -0.255877523 4.23798293
-0.971335137 -0.206375636 4.13374865
NaN NaN NaN
-0.953310129 -0.255877523 4.23798293
-0.934068349 -0.306077204 4.23348666
NaN NaN NaN
-0.953310129 -0.255877523 4.23798293
-0.967 -0.305 4.137
NaN NaN NaN
-1.127 -0.000141482031 3.93590981
-1.127 0.0225757478 3.88104662
NaN NaN NaN
-1.127 -0.000141482031 3.93590981
-1.127 -0.028224293 3.93695178
NaN NaN NaN
-1.127 -0.000141482031 3.93590981
-1.127 0.0163689469 3.826584
NaN NaN NaN
-1.127 -0.000141482031 3.93590981
-1.127 -0.0277782914 3.8276814
NaN NaN NaN
-0.11 -0.325 4.122
0.0 -0.353 4.127
NaN NaN NaN
-0.11 -0.325 4.122
-0.114211824 -0.330809413 3.9373333
NaN NaN NaN
-0.11 -0.325 4.122
-0.222265272 -0.4443771 4.12453994
NaN NaN NaN
-0.11 -0.325 4.122
0.0 -0.359188555 3.9478132
NaN NaN NaN
0.11 -0.325 4.122
0.0 -0.353 4.127
NaN NaN NaN
0.11 -0.325 4.122
0.114072448 -0.33061717 3.94344422
NaN NaN NaN
0.11 -0.325 4.122
0.222401227 -0.444521667 4.12454301
NaN NaN NaN
0.11 -0.325 4.122
0.0 -0.359188555 3.9478132
NaN NaN NaN
0.982023193 0.0409895158 3.80354201
1.1104468 0.0392351828 3.8037704
NaN NaN NaN
0.982023193 0.0409895158 3.80354201
0.98289284 0.0452833962 3.66450725
NaN NaN NaN
0.982023193 0.0409895158 3.80354201
1.10333373 0.0436333444 3.66487537
NaN NaN NaN
1.127 0.00480021347 3.91525187
1.127 -0.028136576 3.91546113
NaN NaN NaN
1.127 0.00480021347 3.91525187
1.1104468 0.0392351828 3.8037704
NaN NaN NaN
1.127 0.00480021347 3.91525187
1.127 -0.00936934924 3.79126819
NaN NaN NaN
0.0393400966 1.02046761 2.78513424
0.0227052054 1.24241684 2.54340761
NaN NaN NaN
0.0393400966 1.02046761 2.78513424
0.0596384687 0.690523854 2.8667866
NaN NaN NaN
0.0393400966 1.02046761 2.78513424
0.0306680914 0.959184116 2.50589695
NaN NaN NaN
0.0393400966 1.02046761 2.78513424
0.0491766956 0.698325854 2.64088322
NaN NaN NaN
-0.0393183069 1.0204342 2.78457187
-0.0227052054 1.24241684 2.54340761
NaN NaN NaN
-0.0393183069 1.0204342 2.78457187
-0.0596010635 0.690551749 2.8659789
NaN NaN NaN
-0.0393183069 1.0204342 2.78457187
-0.0306547802 0.95917691 2.50556351
NaN NaN NaN
-0.0393183069 1.0204342 2.78457187
-0.0491458521 0.698348856 2.64021721
NaN NaN NaN
1.04324862 -0.0298294386 3.91485087
1.127 -0.028136576 3.91546113
NaN NaN NaN
1.04324862 -0.0298294386 3.91485087
0.980374261 -0.0307506722 3.80854688
NaN NaN NaN
1.04324862 -0.0298294386 3.91485087
1.08039301 -0.0285745605 3.79162184
NaN NaN NaN
-0.674130973 0.520057881 3.20609815
-0.98 0.406051712 3.36150198
NaN NaN NaN
-0.674130973 0.520057881 3.20609815
-0.45785392 0.529608441 2.9980138
NaN NaN NaN
-0.674130973 0.520057881 3.20609815
-0.98 0.415426144 3.16245155
NaN NaN NaN
-0.674130973 0.520057881 3.20609815
-0.680224032 0.529292674 2.96351821
NaN NaN NaN
-1.127 0.0225757478 3.88104662
-1.127 0.0388208559 3.82623629
NaN NaN NaN
-1.127 0.0225757478 3.88104662
-1.127 0.0163689469 3.826584
NaN NaN NaN
0.971337258 -0.206327391 4.13374706
0.973672961 -0.166532713 4.00266301
NaN NaN NaN
0.971337258 -0.206327391 4.13374706
0.967 -0.305 4.137
NaN NaN NaN
0.971337258 -0.206327391 4.13374706
0.967132834 -0.31230586 4.02373702
NaN NaN NaN
-0.971335137 -0.206375636 4.13374865
-0.973567909 -0.165934506 4.00685674
NaN NaN NaN
-0.971335137 -0.206375636 4.13374865
-0.967 -0.305 4.137
NaN NaN NaN
-0.971335137 -0.206375636 4.13374865
-0.967133034 -0.312316873 4.0235663
NaN NaN NaN
0.98 0.210354669 3.59103374
0.98289284 0.0452833962 3.66450725
NaN NaN NaN
0.98 0.210354669 3.59103374
0.98 0.235288515 3.42465985
NaN NaN NaN
0.98 0.210354669 3.59103374
0.983875498 0.0501352729 3.50740471
NaN NaN NaN
-1.0702005 0.0395905235 3.82633168
-1.127 0.0388208559 3.82623629
NaN NaN NaN
-1.0702005 0.0395905235 3.82633168
-0.982568108 0.0436800339 3.71642371
NaN NaN NaN
-1.0702005 0.0395905235 3.82633168
-1.10006368 0.0424346362 3.72678773
NaN NaN NaN
-1.127 -0.028224293 3.93695178
-1.127 -0.0277782914 3.8276814
NaN NaN NaN
0.0 -0.353 4.127
0.0 -0.359188555 3.9478132
NaN NaN NaN
-0.73771421 -0.435924085 4.41624827
-0.596262297 -0.494576426 4.41575323
NaN NaN NaN
-0.73771421 -0.435924085 4.41624827
-0.833830231 -0.395289924 4.25387099
NaN NaN NaN
-0.73771421 -0.435924085 4.41624827
-0.731132476 -0.489283141 4.26651383
NaN NaN NaN
-0.73771421 -0.435924085 4.41624827
-0.663415505 -0.517749012 4.26513142
NaN NaN NaN
0.737712833 -0.435935249 4.41621694
0.59686934 -0.494785899 4.41439166
NaN NaN NaN
0.737712833 -0.435935249 4.41621694
0.831989169 -0.400830647 4.24183496
NaN NaN NaN
0.737712833 -0.435935249 4.41621694
0.731116683 -0.489411173 4.26615455
NaN NaN NaN
0.737712833 -0.435935249 4.41621694
0.663770499 -0.51787151 4.26433518
NaN NaN NaN
-0.383218333 -0.503509258 4.42939162
-0.596262297 -0.494576426 4.41575323
NaN NaN NaN
-0.383218333 -0.503509258 4.42939162
-0.283717398 -0.501950073 4.27610405
NaN NaN NaN
-0.383218333 -0.503509258 4.42939162
-0.356639823 -0.532262373 4.27547788
NaN NaN NaN
-0.383218333 -0.503509258 4.42939162
-0.536705644 -0.525501285 4.25950839
NaN NaN NaN
0.382825334 -0.503934411 4.4271158
0.59686934 -0.494785899 4.41439166
NaN NaN NaN
0.382825334 -0.503934411 4.4271158
0.283996179 -0.502292338 4.27522492
NaN NaN NaN
0.382825334 -0.503934411 4.4271158
0.35640732 -0.532513899 4.27413148
NaN NaN NaN
0.382825334 -0.503934411 4.4271158
0.536434882 -0.525531512 4.25941946
NaN NaN NaN
0.216347398 0.527087934 3.1107137
0.458024422 0.529600244 2.99969486
NaN NaN NaN
0.216347398 0.527087934 3.1107137
0.220509439 0.535954893 2.88017279
NaN NaN NaN
0.0 1.3802935 2.57084785
-0.0227052054 1.24241684 2.54340761
NaN NaN NaN
0.0 1.3802935 2.57084785
0.0227052054 1.24241684 2.54340761
NaN NaN NaN
0.0 1.3802935 2.57084785
0.0 1.23534186 2.36377409
NaN NaN NaN
-0.216379382 0.527156075 3.10894205
-0.45785392 0.529608441 2.9980138
NaN NaN NaN
-0.216379382 0.527156075 3.10894205
-0.220537944 0.53601562 2.87859388
NaN NaN NaN
1.127 -0.028136576 3.91546113
1.127 -0.00936934924 3.79126819
NaN NaN NaN
1.127 -0.028136576 3.91546113
1.08039301 -0.0285745605 3.79162184
NaN NaN NaN
1.127 -0.028136576 3.91546113
1.127 -0.0276295359 3.79123629
NaN NaN NaN
-1.127 0.0388208559 3.82623629
-1.127 0.0163689469 3.826584
NaN NaN NaN
-1.127 0.0388208559 3.82623629
-1.127 0.0321731863 3.77662744
NaN NaN NaN
-1.127 0.0388208559 3.82623629
-1.10006368 0.0424346362 3.72678773
NaN NaN NaN
-1.127 0.0388208559 3.82623629
-1.127 0.0420681398 3.72678822
NaN NaN NaN
-0.98 0.406051712 3.36150198
-0.98 0.206175214 3.38510223
NaN NaN NaN
-0.98 0.406051712 3.36150198
-0.98 0.415426144 3.16245155
NaN NaN NaN
-0.98 0.406051712 3.36150198
-0.98 0.222335828 3.23278731
NaN NaN NaN
-0.934068349 -0.306077204 4.23348666
-0.833830231 -0.395289924 4.25387099
NaN NaN NaN
-0.934068349 -0.306077204 4.23348666
-0.967 -0.305 4.137
NaN NaN NaN
-0.934068349 -0.306077204 4.23348666
-0.890400905 -0.379066894 4.13383475
NaN NaN NaN
0.934097807 -0.30607624 4.23340035
0.831989169 -0.400830647 4.24183496
NaN NaN NaN
0.934097807 -0.30607624 4.23340035
0.967 -0.305 4.137
NaN NaN NaN
0.934097807 -0.30607624 4.23340035
0.890582056 -0.378891731 4.13384223
NaN NaN NaN
1.1104468 0.0392351828 3.8037704
1.127 -0.00936934924 3.79126819
NaN NaN NaN
1.1104468 0.0392351828 3.8037704
1.10333373 0.0436333444 3.66487537
NaN NaN NaN
-0.980302358 -0.0308160386 3.82526106
-1.127 -0.0277782914 3.8276814
NaN NaN NaN
-0.980302358 -0.0308160386 3.82526106
-0.97516269 -0.140580156 3.89257677
NaN NaN NaN
-0.980302358 -0.0308160386 3.82526106
-0.980816915 -0.0303482592 3.70564988
NaN NaN NaN
-0.980302358 -0.0308160386 3.82526106
-1.127 -0.0273683472 3.72724505
NaN NaN NaN
-0.980302358 -0.0308160386 3.82526106
-0.97506498 -0.154682346 3.7649465
NaN NaN NaN
-0.973567909 -0.165934506 4.00685674
-0.97516269 -0.140580156 3.89257677
NaN NaN NaN
-0.973567909 -0.165934506 4.00685674
-0.967133034 -0.312316873 4.0235663
NaN NaN NaN
-0.973567909 -0.165934506 4.00685674
-0.967282442 -0.320534296 3.89617133
NaN NaN NaN
-1.127 0.0163689469 3.826584
-1.127 0.0321731863 3.77662744
NaN NaN NaN
-1.127 0.0163689469 3.826584
-1.127 -0.0277782914 3.8276814
NaN NaN NaN
-1.127 0.0163689469 3.826584
-1.127 0.0314230742 3.72690127
NaN NaN NaN
-1.127 0.0163689469 3.826584
-1.127 -0.0273683472 3.72724505
NaN NaN NaN
-0.596262297 -0.494576426 4.41575323
-0.536705644 -0.525501285 4.25950839
NaN NaN NaN
-0.596262297 -0.494576426 4.41575323
-0.663415505 -0.517749012 4.26513142
NaN NaN NaN
0.59686934 -0.494785899 4.41439166
0.536434882 -0.525531512 4.25941946
NaN NaN NaN
0.59686934 -0.494785899 4.41439166
0.663770499 -0.51787151 4.26433518
NaN NaN NaN
0.973672961 -0.166532713 4.00266301
0.975153651 -0.144802102 3.87409105
NaN NaN NaN
0.973672961 -0.166532713 4.00266301
0.967132834 -0.31230586 4.02373702
NaN NaN NaN
0.973672961 -0.166532713 4.00266301
0.967288174 -0.320849573 3.89128359
NaN NaN NaN
-0.982568108 0.0436800339 3.71642371
-1.10006368 0.0424346362 3.72678773
NaN NaN NaN
-0.982568108 0.0436800339 3.71642371
-0.983357236 0.047576353 3.59026189
NaN NaN NaN
-0.982568108 0.0436800339 3.71642371
-1.127 0.045 3.637
NaN NaN NaN
0.980374261 -0.0307506722 3.80854688
1.08039301 -0.0285745605 3.79162184
NaN NaN NaN
0.980374261 -0.0307506722 3.80854688
0.975153651 -0.144802102 3.87409105
NaN NaN NaN
0.980374261 -0.0307506722 3.80854688
0.980965088 -0.0302135562 3.67120633
NaN NaN NaN
0.980374261 -0.0307506722 3.80854688
0.974449489 -0.172981003 3.73929255
NaN NaN NaN
-1.127 0.0321731863 3.77662744
-1.127 0.0420681398 3.72678822
NaN NaN NaN
-1.127 0.0321731863 3.77662744
-1.127 0.0314230742 3.72690127
NaN NaN NaN
-0.98 0.182770935 3.52405234
-0.983357236 0.047576353 3.59026189
NaN NaN NaN
-0.98 0.182770935 3.52405234
-0.98 0.206175214 3.38510223
NaN NaN NaN
-0.98 0.182770935 3.52405234
-0.984210904 0.0517913367 3.45378178
NaN NaN NaN
-0.833830231 -0.395289924 4.25387099
-0.731132476 -0.489283141 4.26651383
NaN NaN NaN
-0.833830231 -0.395289924 4.25387099
-0.890400905 -0.379066894 4.13383475
NaN NaN NaN
-0.833830231 -0.395289924 4.25387099
-0.812808971 -0.454093805 4.13062847
NaN NaN NaN
-1.127 -0.0277782914 3.8276814
-1.127 -0.0273683472 3.72724505
NaN NaN NaN
-1.10006368 0.0424346362 3.72678773
-1.127 0.0420681398 3.72678822
NaN NaN NaN
-1.10006368 0.0424346362 3.72678773
-1.127 0.045 3.637
NaN NaN NaN
-0.283717398 -0.501950073 4.27610405
-0.222265272 -0.4443771 4.12453994
NaN NaN NaN
-0.283717398 -0.501950073 4.27610405
-0.356639823 -0.532262373 4.27547788
NaN NaN NaN
-0.283717398 -0.501950073 4.27610405
-0.331 -0.56 4.127
NaN NaN NaN
0.283996179 -0.502292338 4.27522492
0.222401227 -0.444521667 4.12454301
NaN NaN NaN
0.283996179 -0.502292338 4.27522492
0.35640732 -0.532513899 4.27413148
NaN NaN NaN
0.283996179 -0.502292338 4.27522492
0.331 -0.56 4.127
NaN NaN NaN
0.98289284 0.0452833962 3.66450725
1.10333373 0.0436333444 3.66487537
NaN NaN NaN
0.98289284 0.0452833962 3.66450725
0.983875498 0.0501352729 3.50740471
NaN NaN NaN
0.98289284 0.0452833962 3.66450725
1.09529736 0.0486023977 3.50795144
NaN NaN NaN
1.127 -0.00936934924 3.79126819
1.127 -0.0276295359 3.79123629
NaN NaN NaN
1.127 -0.00936934924 3.79126819
1.10333373 0.0436333444 3.66487537
NaN NaN NaN
1.127 -0.00936934924 3.79126819
1.127 -0.027 3.637
NaN NaN NaN
-1.127 0.0420681398 3.72678822
-1.127 0.0314230742 3.72690127
NaN NaN NaN
-1.127 0.0420681398 3.72678822
-1.127 0.045 3.637
NaN NaN NaN
0.831989169 -0.400830647 4.24183496
0.731116683 -0.489411173 4.26615455
NaN NaN NaN
0.831989169 -0.400830647 4.24183496
0.890582056 -0.378891731 4.13384223
NaN NaN NaN
0.831989169 -0.400830647 4.24183496
0.81277482 -0.454126826 4.13062706
NaN NaN NaN
1.08039301 -0.0285745605 3.79162184
1.127 -0.0276295359 3.79123629
NaN NaN NaN
1.08039301 -0.0285745605 3.79162184
0.980965088 -0.0302135562 3.67120633
NaN NaN NaN
1.08039301 -0.0285745605 3.79162184
1.127 -0.027 3.637
NaN NaN NaN
-0.967 -0.305 4.137
-0.890400905 -0.379066894 4.13383475
NaN NaN NaN
-0.967 -0.305 4.137
-0.967133034 -0.312316873 4.0235663
NaN NaN NaN
0.967 -0.305 4.137
0.890582056 -0.378891731 4.13384223
NaN NaN NaN
0.967 -0.305 4.137
0.967132834 -0.31230586 4.02373702
NaN NaN NaN
-0.97516269 -0.140580156 3.89257677
-0.97506498 -0.154682346 3.7649465
NaN NaN NaN
-0.97516269 -0.140580156 3.89257677
-0.967282442 -0.320534296 3.89617133
NaN NaN NaN
-1.127 0.0314230742 3.72690127
-1.127 -0.0273683472 3.72724505
NaN NaN NaN
-1.127 0.0314230742 3.72690127
-1.127 0.045 3.637
NaN NaN NaN
-1.127 0.0314230742 3.72690127
-1.127 -0.027 3.637
NaN NaN NaN
0.677056267 0.52449153 3.08963486
0.98 0.411045341 3.2554706
NaN NaN NaN
0.677056267 0.52449153 3.08963486
0.458024422 0.529600244 2.99969486
NaN NaN NaN
0.677056267 0.52449153 3.08963486
0.98 0.422756757 3.0067982
NaN NaN NaN
0.677056267 0.52449153 3.08963486
0.684306621 0.535480348 2.80098014
NaN NaN NaN
0.114072448 -0.33061717 3.94344422
0.222401227 -0.444521667 4.12454301
NaN NaN NaN
0.114072448 -0.33061717 3.94344422
0.0 -0.359188555 3.9478132
NaN NaN NaN
0.114072448 -0.33061717 3.94344422
0.1187086 -0.337011863 3.74017291
NaN NaN NaN
0.114072448 -0.33061717 3.94344422
0.0 -0.366232167 3.74386861
NaN NaN NaN
0.114072448 -0.33061717 3.94344422
0.338163018 -0.568856095 3.96107845
NaN NaN NaN
0.114072448 -0.33061717 3.94344422
0.346392068 -0.579030194 3.77046373
NaN NaN NaN
1.127 -0.0276295359 3.79123629
1.127 -0.027 3.637
NaN NaN NaN
-0.114211824 -0.330809413 3.9373333
-0.222265272 -0.4443771 4.12453994
NaN NaN NaN
-0.114211824 -0.330809413 3.9373333
0.0 -0.359188555 3.9478132
NaN NaN NaN
-0.114211824 -0.330809413 3.9373333
-0.119006645 -0.337422958 3.72710521
NaN NaN NaN
-0.114211824 -0.330809413 3.9373333
0.0 -0.366232167 3.74386861
NaN NaN NaN
-0.114211824 -0.330809413 3.9373333
-0.338327836 -0.56905987 3.95726066
NaN NaN NaN
-0.114211824 -0.330809413 3.9373333
-0.346590248 -0.579275216 3.76587316
NaN NaN NaN
0.975153651 -0.144802102 3.87409105
0.974449489 -0.172981003 3.73929255
NaN NaN NaN
0.975153651 -0.144802102 3.87409105
0.967288174 -0.320849573 3.89128359
NaN NaN NaN
-0.222265272 -0.4443771 4.12453994
-0.331 -0.56 4.127
NaN NaN NaN
-0.222265272 -0.4443771 4.12453994
-0.338327836 -0.56905987 3.95726066
NaN NaN NaN
0.222401227 -0.444521667 4.12454301
0.331 -0.56 4.127
NaN NaN NaN
0.222401227 -0.444521667 4.12454301
0.338163018 -0.568856095 3.96107845
NaN NaN NaN
0.98 0.235288515 3.42465985
0.98 0.411045341 3.2554706
NaN NaN NaN
0.98 0.235288515 3.42465985
0.983875498 0.0501352729 3.50740471
NaN NaN NaN
0.98 0.235288515 3.42465985
0.984979543 0.0555864918 3.33089562
NaN NaN NaN
0.98 0.411045341 3.2554706
0.98 0.422756757 3.0067982
NaN NaN NaN
0.98 0.411045341 3.2554706
0.984979543 0.0555864918 3.33089562
NaN NaN NaN
0.98 0.411045341 3.2554706
0.986212057 0.0616720311 3.1338474
NaN NaN NaN
-0.0227052054 1.24241684 2.54340761
0.0 1.23534186 2.36377409
NaN NaN NaN
-0.0227052054 1.24241684 2.54340761
-0.0306547802 0.95917691 2.50556351
NaN NaN NaN
-0.0227052054 1.24241684 2.54340761
-0.021607591 1.12011948 2.35092069
NaN NaN NaN
0.0227052054 1.24241684 2.54340761
0.0 1.23534186 2.36377409
NaN NaN NaN
0.0227052054 1.24241684 2.54340761
0.0306680914 0.959184116 2.50589695
NaN NaN NaN
0.0227052054 1.24241684 2.54340761
0.021607591 1.12011948 2.35092069
NaN NaN NaN
-0.356639823 -0.532262373 4.27547788
-0.536705644 -0.525501285 4.25950839
NaN NaN NaN
-0.356639823 -0.532262373 4.27547788
-0.331 -0.56 4.127
NaN NaN NaN
-0.356639823 -0.532262373 4.27547788
-0.473257055 -0.552417771 4.127
NaN NaN NaN
-0.980816915 -0.0303482592 3.70564988
-1.127 -0.0273683472 3.72724505
NaN NaN NaN
-0.980816915 -0.0303482592 3.70564988
-0.97506498 -0.154682346 3.7649465
NaN NaN NaN
-0.980816915 -0.0303482592 3.70564988
-1.127 -0.027 3.637
NaN NaN NaN
-0.980816915 -0.0303482592 3.70564988
-0.981375304 -0.0298406325 3.57584973
NaN NaN NaN
-0.980816915 -0.0303482592 3.70564988
-0.975133364 -0.164765994 3.64019748
NaN NaN NaN
0.0596384687 0.690523854 2.8667866
0.160021458 0.656887402 2.86783936
NaN NaN NaN
0.0596384687 0.690523854 2.8667866
0.0491766956 0.698325854 2.64088322
NaN NaN NaN
0.0596384687 0.690523854 2.8667866
0.167562271 0.658661711 2.64188112
NaN NaN NaN
0.35640732 -0.532513899 4.27413148
0.536434882 -0.525531512 4.25941946
NaN NaN NaN
0.35640732 -0.532513899 4.27413148
0.331 -0.56 4.127
NaN NaN NaN
0.35640732 -0.532513899 4.27413148
0.473028876 -0.552429933 4.127
NaN NaN NaN
-0.0596010635 0.690551749 2.8659789
-0.16004853 0.656893772 2.86702818
NaN NaN NaN
-0.0596010635 0.690551749 2.8659789
-0.0491458521 0.698348856 2.64021721
NaN NaN NaN
-0.0596010635 0.690551749 2.8659789
-0.167584593 0.658666963 2.64121226
NaN NaN NaN
1.10333373 0.0436333444 3.66487537
1.127 -0.027 3.637
NaN NaN NaN
1.10333373 0.0436333444 3.66487537
1.09529736 0.0486023977 3.50795144
NaN NaN NaN
0.0 -0.359188555 3.9478132
0.0 -0.366232167 3.74386861
NaN NaN NaN
-0.983357236 0.047576353 3.59026189
-1.127 0.045 3.637
NaN NaN NaN
-0.983357236 0.047576353 3.59026189
-1.12119584 0.0478799266 3.54537403
NaN NaN NaN
-0.983357236 0.047576353 3.59026189
-0.984210904 0.0517913367 3.45378178
NaN NaN NaN
0.458024422 0.529600244 2.99969486
0.220509439 0.535954893 2.88017279
NaN NaN NaN
0.458024422 0.529600244 2.99969486
0.459811084 0.538368987 2.77024205
NaN NaN NaN
0.458024422 0.529600244 2.99969486
0.684306621 0.535480348 2.80098014
NaN NaN NaN
-0.731132476 -0.489283141 4.26651383
-0.663415505 -0.517749012 4.26513142
NaN NaN NaN
-0.731132476 -0.489283141 4.26651383
-0.812808971 -0.454093805 4.13062847
NaN NaN NaN
-0.731132476 -0.489283141 4.26651383
-0.725 -0.539 4.127
NaN NaN NaN
-0.45785392 0.529608441 2.9980138
-0.680224032 0.529292674 2.96351821
NaN NaN NaN
-0.45785392 0.529608441 2.9980138
-0.220537944 0.53601562 2.87859388
NaN NaN NaN
-0.45785392 0.529608441 2.9980138
-0.459549341 0.538442855 2.76879715
NaN NaN NaN
0.731116683 -0.489411173 4.26615455
0.663770499 -0.51787151 4.26433518
NaN NaN NaN
0.731116683 -0.489411173 4.26615455
0.81277482 -0.454126826 4.13062706
NaN NaN NaN
0.731116683 -0.489411173 4.26615455
0.725 -0.539 4.127
NaN NaN NaN
0.890582056 -0.378891731 4.13384223
0.967132834 -0.31230586 4.02373702
NaN NaN NaN
0.890582056 -0.378891731 4.13384223
0.81277482 -0.454126826 4.13062706
NaN NaN NaN
0.890582056 -0.378891731 4.13384223
0.865564685 -0.411385087 4.00332335
NaN NaN NaN
-0.890400905 -0.379066894 4.13383475
-0.967133034 -0.312316873 4.0235663
NaN NaN NaN
-0.890400905 -0.379066894 4.13383475
-0.812808971 -0.454093805 4.13062847
NaN NaN NaN
-0.890400905 -0.379066894 4.13383475
-0.850493987 -0.427909475 3.97875182
NaN NaN NaN
-0.536705644 -0.525501285 4.25950839
-0.663415505 -0.517749012 4.26513142
NaN NaN NaN
-0.536705644 -0.525501285 4.25950839
-0.473257055 -0.552417771 4.127
NaN NaN NaN
-0.536705644 -0.525501285 4.25950839
-0.602655902 -0.545520878 4.127
NaN NaN NaN
0.536434882 -0.525531512 4.25941946
0.663770499 -0.51787151 4.26433518
NaN NaN NaN
0.536434882 -0.525531512 4.25941946
0.473028876 -0.552429933 4.127
NaN NaN NaN
0.536434882 -0.525531512 4.25941946
0.602340878 -0.545537669 4.127
NaN NaN NaN
0.980965088 -0.0302135562 3.67120633
1.127 -0.027 3.637
NaN NaN NaN
0.980965088 -0.0302135562 3.67120633
0.974449489 -0.172981003 3.73929255
NaN NaN NaN
0.980965088 -0.0302135562 3.67120633
0.981632753 -0.0296065881 3.51600457
NaN NaN NaN
0.980965088 -0.0302135562 3.67120633
0.974244434 -0.190939881 3.59294533
NaN NaN NaN
0.160021458 0.656887402 2.86783936
0.220509439 0.535954893 2.88017279
NaN NaN NaN
0.160021458 0.656887402 2.86783936
0.167562271 0.658661711 2.64188112
NaN NaN NaN
0.160021458 0.656887402 2.86783936
0.224630583 0.54473472 2.65189728
NaN NaN NaN
-0.16004853 0.656893772 2.86702818
-0.220537944 0.53601562 2.87859388
NaN NaN NaN
-0.16004853 0.656893772 2.86702818
-0.167584593 0.658666963 2.64121226
NaN NaN NaN
-0.16004853 0.656893772 2.86702818
-0.224654087 0.544784793 2.65059537
NaN NaN NaN
-1.127 -0.0273683472 3.72724505
-1.127 -0.027 3.637
NaN NaN NaN
-1.127 0.045 3.637
-1.127 -0.027 3.637
NaN NaN NaN
-1.127 0.045 3.637
-1.12119584 0.0478799266 3.54537403
NaN NaN NaN
-1.127 0.045 3.637
-1.12119837 -0.0209326481 3.54541399
NaN NaN NaN
-0.663415505 -0.517749012 4.26513142
-0.602655902 -0.545520878 4.127
NaN NaN NaN
-0.663415505 -0.517749012 4.26513142
-0.725 -0.539 4.127
NaN NaN NaN
0.663770499 -0.51787151 4.26433518
0.602340878 -0.545537669 4.127
NaN NaN NaN
0.663770499 -0.51787151 4.26433518
0.725 -0.539 4.127
NaN NaN NaN
-0.98 0.206175214 3.38510223
-0.984210904 0.0517913367 3.45378178
NaN NaN NaN
-0.98 0.206175214 3.38510223
-0.98 0.222335828 3.23278731
NaN NaN NaN
-0.98 0.206175214 3.38510223
-0.985131323 0.056335909 3.30662968
NaN NaN NaN
0.967132834 -0.31230586 4.02373702
0.865564685 -0.411385087 4.00332335
NaN NaN NaN
0.967132834 -0.31230586 4.02373702
0.967288174 -0.320849573 3.89128359
NaN NaN NaN
-0.967133034 -0.312316873 4.0235663
-0.967282442 -0.320534296 3.89617133
NaN NaN NaN
-0.967133034 -0.312316873 4.0235663
-0.850493987 -0.427909475 3.97875182
NaN NaN NaN
-0.98 0.415426144 3.16245155
-0.680224032 0.529292674 2.96351821
NaN NaN NaN
-0.98 0.415426144 3.16245155
-0.98 0.222335828 3.23278731
NaN NaN NaN
-0.98 0.415426144 3.16245155
-0.98 0.425565434 2.94716061
NaN NaN NaN
-0.98 0.415426144 3.16245155
-0.98 0.238558596 3.0693521
NaN NaN NaN
-0.97506498 -0.154682346 3.7649465
-0.967282442 -0.320534296 3.89617133
NaN NaN NaN
-0.97506498 -0.154682346 3.7649465
-0.975133364 -0.164765994 3.64019748
NaN NaN NaN
-0.97506498 -0.154682346 3.7649465
-0.967449586 -0.329727252 3.75365266
NaN NaN NaN
0.983875498 0.0501352729 3.50740471
1.09529736 0.0486023977 3.50795144
NaN NaN NaN
0.983875498 0.0501352729 3.50740471
0.984979543 0.0555864918 3.33089562
NaN NaN NaN
0.983875498 0.0501352729 3.50740471
1.08626929 0.0541846371 3.33166294
NaN NaN NaN
-0.812808971 -0.454093805 4.13062847
-0.725 -0.539 4.127
NaN NaN NaN
-0.812808971 -0.454093805 4.13062847
-0.850493987 -0.427909475 3.97875182
NaN NaN NaN
-0.812808971 -0.454093805 4.13062847
-0.726521893 -0.546347067 3.99328337
NaN NaN NaN
0.81277482 -0.454126826 4.13062706
0.865564685 -0.411385087 4.00332335
NaN NaN NaN
0.81277482 -0.454126826 4.13062706
0.725 -0.539 4.127
NaN NaN NaN
0.81277482 -0.454126826 4.13062706
0.726572089 -0.546589397 3.98887298
NaN NaN NaN
-0.680224032 0.529292674 2.96351821
-0.459549341 0.538442855 2.76879715
NaN NaN NaN
-0.680224032 0.529292674 2.96351821
-0.98 0.425565434 2.94716061
NaN NaN NaN
-0.680224032 0.529292674 2.96351821
-0.686776332 0.539223503 2.70265479
NaN NaN NaN
-0.680224032 0.529292674 2.96351821
-0.98 0.436158382 2.72223703
NaN NaN NaN
1.127 -0.027 3.637
1.09529736 0.0486023977 3.50795144
NaN NaN NaN
1.127 -0.027 3.637
0.981632753 -0.0296065881 3.51600457
NaN NaN NaN
1.127 -0.027 3.637
1.29799509 -0.0258073192 3.62401303
NaN NaN NaN
1.127 -0.027 3.637
1.29787402 -0.0236452013 3.61320741
NaN NaN NaN
1.127 -0.027 3.637
1.29787729 -0.0266909995 3.61320696
NaN NaN NaN
1.127 -0.027 3.637
1.11712424 -0.0166719154 3.48109869
NaN NaN NaN
1.127 -0.027 3.637
1.11562791 -0.0265849604 3.46550563
NaN NaN NaN
-1.127 -0.027 3.637
-0.981375304 -0.0298406325 3.57584973
NaN NaN NaN
-1.127 -0.027 3.637
-1.22793448 -0.0262959878 3.62933409
NaN NaN NaN
-1.127 -0.027 3.637
-1.22803163 -0.0250164289 3.6229323
NaN NaN NaN
-1.127 -0.027 3.637
-1.22802898 -0.0268173074 3.62293267
NaN NaN NaN
-1.127 -0.027 3.637
-1.12119837 -0.0209326481 3.54541399
NaN NaN NaN
-1.127 -0.027 3.637
-1.12101811 -0.0267816828 3.54679135
NaN NaN NaN
-1.12119584 0.0478799266 3.54537403
-0.984210904 0.0517913367 3.45378178
NaN NaN NaN
-1.12119584 0.0478799266 3.54537403
-1.12119837 -0.0209326481 3.54541399
NaN NaN NaN
-1.12119584 0.0478799266 3.54537403
-1.11471284 0.0510966804 3.44303177
NaN NaN NaN
-1.12119584 0.0478799266 3.54537403
-1.11471937 -0.014156902 3.44313484
NaN NaN NaN
-0.981375304 -0.0298406325 3.57584973
-1.12101811 -0.0267816828 3.54679135
NaN NaN NaN
-0.981375304 -0.0298406325 3.57584973
-0.975133364 -0.164765994 3.64019748
NaN NaN NaN
-0.981375304 -0.0298406325 3.57584973
-0.981979395 -0.0292914591 3.4354261
NaN NaN NaN
-0.981375304 -0.0298406325 3.57584973
-0.975226551 -0.175259782 3.50504038
NaN NaN NaN
0.220509439 0.535954893 2.88017279
0.459811084 0.538368987 2.77024205
NaN NaN NaN
0.220509439 0.535954893 2.88017279
0.224630583 0.54473472 2.65189728
NaN NaN NaN
-0.220537944 0.53601562 2.87859388
-0.459549341 0.538442855 2.76879715
NaN NaN NaN
-0.220537944 0.53601562 2.87859388
-0.224654087 0.544784793 2.65059537
NaN NaN NaN
0.974449489 -0.172981003 3.73929255
0.967288174 -0.320849573 3.89128359
NaN NaN NaN
0.974449489 -0.172981003 3.73929255
0.974244434 -0.190939881 3.59294533
NaN NaN NaN
0.974449489 -0.172981003 3.73929255
0.96746881 -0.330784523 3.73726175
NaN NaN NaN
-0.331 -0.56 4.127
-0.473257055 -0.552417771 4.127
NaN NaN NaN
-0.331 -0.56 4.127
-0.338327836 -0.56905987 3.95726066
NaN NaN NaN
0.331 -0.56 4.127
0.473028876 -0.552429933 4.127
NaN NaN NaN
0.331 -0.56 4.127
0.338163018 -0.568856095 3.96107845
NaN NaN NaN
1.09529736 0.0486023977 3.50795144
1.11712424 -0.0166719154 3.48109869
NaN NaN NaN
1.09529736 0.0486023977 3.50795144
1.08626929 0.0541846371 3.33166294
NaN NaN NaN
-0.984210904 0.0517913367 3.45378178
-1.11471284 0.0510966804 3.44303177
NaN NaN NaN
-0.984210904 0.0517913367 3.45378178
-0.985131323 0.056335909 3.30662968
NaN NaN NaN
-0.984210904 0.0517913367 3.45378178
-1.10749883 0.0546761509 3.32914954
NaN NaN NaN
0.473028876 -0.552429933 4.127
0.602340878 -0.545537669 4.127
NaN NaN NaN
0.473028876 -0.552429933 4.127
0.538077404 -0.556349135 3.99271639
NaN NaN NaN
0.473028876 -0.552429933 4.127
0.338163018 -0.568856095 3.96107845
NaN NaN NaN
-0.473257055 -0.552417771 4.127
-0.602655902 -0.545520878 4.127
NaN NaN NaN
-0.473257055 -0.552417771 4.127
-0.338327836 -0.56905987 3.95726066
NaN NaN NaN
-0.473257055 -0.552417771 4.127
-0.570355091 -0.556190488 3.96716204
NaN NaN NaN
0.1187086 -0.337011863 3.74017291
0.0 -0.366232167 3.74386861
NaN NaN NaN
0.1187086 -0.337011863 3.74017291
0.123947209 -0.34423753 3.51048701
NaN NaN NaN
0.1187086 -0.337011863 3.74017291
0.0 -0.374189556 3.51346603
NaN NaN NaN
0.1187086 -0.337011863 3.74017291
0.346392068 -0.579030194 3.77046373
NaN NaN NaN
0.1187086 -0.337011863 3.74017291
0.355775276 -0.59063125 3.55311451
NaN NaN NaN
0.865564685 -0.411385087 4.00332335
0.967288174 -0.320849573 3.89128359
NaN NaN NaN
0.865564685 -0.411385087 4.00332335
0.726572089 -0.546589397 3.98887298
NaN NaN NaN
0.865564685 -0.411385087 4.00332335
0.829598721 -0.456127515 3.85161548
NaN NaN NaN
-1.22793448 -0.0262959878 3.62933409
-1.22803163 -0.0250164289 3.6229323
NaN NaN NaN
-1.22793448 -0.0262959878 3.62933409
-1.22802898 -0.0268173074 3.62293267
NaN NaN NaN
-1.22793448 -0.0262959878 3.62933409
-1.29290874 -0.0247925869 3.61914829
NaN NaN NaN
-1.22793448 -0.0262959878 3.62933409
-1.29290807 -0.0262714543 3.61914838
NaN NaN NaN
-1.22793448 -0.0262959878 3.62933409
-1.35783433 -0.025389944 3.61946828
NaN NaN NaN
0.602340878 -0.545537669 4.127
0.725 -0.539 4.127
NaN NaN NaN
0.602340878 -0.545537669 4.127
0.538077404 -0.556349135 3.99271639
NaN NaN NaN
0.602340878 -0.545537669 4.127
0.726572089 -0.546589397 3.98887298
NaN NaN NaN
-0.602655902 -0.545520878 4.127
-0.725 -0.539 4.127
NaN NaN NaN
-0.602655902 -0.545520878 4.127
-0.570355091 -0.556190488 3.96716204
NaN NaN NaN
-0.602655902 -0.545520878 4.127
-0.726521893 -0.546347067 3.99328337
NaN NaN NaN
-0.119006645 -0.337422958 3.72710521
0.0 -0.366232167 3.74386861
NaN NaN NaN
-0.119006645 -0.337422958 3.72710521
-0.124424541 -0.344895918 3.48955849
NaN NaN NaN
-0.119006645 -0.337422958 3.72710521
0.0 -0.374189556 3.51346603
NaN NaN NaN
-0.119006645 -0.337422958 3.72710521
-0.346590248 -0.579275216 3.76587316
NaN NaN NaN
-0.119006645 -0.337422958 3.72710521
-0.355848192 -0.590721401 3.55142552
NaN NaN NaN
-0.967282442 -0.320534296 3.89617133
-0.850493987 -0.427909475 3.97875182
NaN NaN NaN
-0.967282442 -0.320534296 3.89617133
-0.967449586 -0.329727252 3.75365266
NaN NaN NaN
-0.967282442 -0.320534296 3.89617133
-0.860571168 -0.427849057 3.83141244
NaN NaN NaN
-1.22803163 -0.0250164289 3.6229323
-1.12119837 -0.0209326481 3.54541399
NaN NaN NaN
-1.22803163 -0.0250164289 3.6229323
-1.29290874 -0.0247925869 3.61914829
NaN NaN NaN
-1.22803163 -0.0250164289 3.6229323
-1.35783451 -0.0224679869 3.60485849
NaN NaN NaN
-1.22803163 -0.0250164289 3.6229323
-1.2366562 -0.0168065585 3.49976535
NaN NaN NaN
-1.22802898 -0.0268173074 3.62293267
-1.12101811 -0.0267816828 3.54679135
NaN NaN NaN
-1.22802898 -0.0268173074 3.62293267
-1.29290807 -0.0262714543 3.61914838
NaN NaN NaN
-1.22802898 -0.0268173074 3.62293267
-1.35783448 -0.0265825778 3.60485849
NaN NaN NaN
-1.22802898 -0.0268173074 3.62293267
-1.23541132 -0.0211136007 3.50097536
NaN NaN NaN
0.967288174 -0.320849573 3.89128359
0.96746881 -0.330784523 3.73726175
NaN NaN NaN
0.967288174 -0.320849573 3.89128359
0.829598721 -0.456127515 3.85161548
NaN NaN NaN
0.981632753 -0.0296065881 3.51600457
1.11562791 -0.0265849604 3.46550563
NaN NaN NaN
0.981632753 -0.0296065881 3.51600457
0.974244434 -0.190939881 3.59294533
NaN NaN NaN
0.981632753 -0.0296065881 3.51600457
0.98238295 -0.0289245913 3.341618
NaN NaN NaN
0.981632753 -0.0296065881 3.51600457
0.976204031 -0.16255381 3.41869323
NaN NaN NaN
0.0 -0.366232167 3.74386861
0.0 -0.374189556 3.51346603
NaN NaN NaN
-0.725 -0.539 4.127
-0.726521893 -0.546347067 3.99328337
NaN NaN NaN
0.725 -0.539 4.127
0.726572089 -0.546589397 3.98887298
NaN NaN NaN
-1.12119837 -0.0209326481 3.54541399
-1.2366562 -0.0168065585 3.49976535
NaN NaN NaN
-1.12119837 -0.0209326481 3.54541399
-1.11471937 -0.014156902 3.44313484
NaN NaN NaN
-0.850493987 -0.427909475 3.97875182
-0.726521893 -0.546347067 3.99328337
NaN NaN NaN
-0.850493987 -0.427909475 3.97875182
-0.860571168 -0.427849057 3.83141244
NaN NaN NaN
-0.850493987 -0.427909475 3.97875182
-0.72823994 -0.55464109 3.84233216
NaN NaN NaN
-0.98 0.222335828 3.23278731
-0.985131323 0.056335909 3.30662968
NaN NaN NaN
-0.98 0.222335828 3.23278731
-0.98 0.238558596 3.0693521
NaN NaN NaN
-0.98 0.222335828 3.23278731
-0.986120164 0.061218311 3.14853874
NaN NaN NaN
-1.12101811 -0.0267816828 3.54679135
-0.981979395 -0.0292914591 3.4354261
NaN NaN NaN
-1.12101811 -0.0267816828 3.54679135
-1.23541132 -0.0211136007 3.50097536
NaN NaN NaN
-1.12101811 -0.0267816828 3.54679135
-1.11433569 -0.026537799 3.44601853
NaN NaN NaN
1.29799509 -0.0258073192 3.62401303
1.29787402 -0.0236452013 3.61320741
NaN NaN NaN
1.29799509 -0.0258073192 3.62401303
1.29787729 -0.0266909995 3.61320696
NaN NaN NaN
1.29799509 -0.0258073192 3.62401303
1.50805242 -0.0243421815 3.60805931
NaN NaN NaN
-1.29290874 -0.0247925869 3.61914829
-1.35783433 -0.025389944 3.61946828
NaN NaN NaN
-1.29290874 -0.0247925869 3.61914829
-1.35783451 -0.0224679869 3.60485849
NaN NaN NaN
-1.29290807 -0.0262714543 3.61914838
-1.35783433 -0.025389944 3.61946828
NaN NaN NaN
-1.29290807 -0.0262714543 3.61914838
-1.35783448 -0.0265825778 3.60485849
NaN NaN NaN
1.29787402 -0.0236452013 3.61320741
1.11712424 -0.0166719154 3.48109869
NaN NaN NaN
1.29787402 -0.0236452013 3.61320741
1.50805242 -0.0243421815 3.60805931
NaN NaN NaN
1.29787402 -0.0236452013 3.61320741
1.50749586 -0.0195296603 3.58401956
NaN NaN NaN
1.29787402 -0.0236452013 3.61320741
1.30482415 -0.010372769 3.41107723
NaN NaN NaN
-1.11471284 0.0510966804 3.44303177
-1.11471937 -0.014156902 3.44313484
NaN NaN NaN
-1.11471284 0.0510966804 3.44303177
-1.10749883 0.0546761509 3.32914954
NaN NaN NaN
-1.11471284 0.0510966804 3.44303177
-1.10751102 -0.00661839021 3.32934183
NaN NaN NaN
-0.975133364 -0.164765994 3.64019748
-0.967449586 -0.329727252 3.75365266
NaN NaN NaN
-0.975133364 -0.164765994 3.64019748
-0.975226551 -0.175259782 3.50504038
NaN NaN NaN
-0.975133364 -0.164765994 3.64019748
-0.967635762 -0.339966892 3.59490721
NaN NaN NaN
1.29787729 -0.0266909995 3.61320696
1.11562791 -0.0265849604 3.46550563
NaN NaN NaN
1.29787729 -0.0266909995 3.61320696
1.50805242 -0.0243421815 3.60805931
NaN NaN NaN
1.29787729 -0.0266909995 3.61320696
1.50751089 -0.0263119152 3.58401747
NaN NaN NaN
1.29787729 -0.0266909995 3.61320696
1.30960003 -0.0254945472 3.38952817
NaN NaN NaN
-1.35783433 -0.025389944 3.61946828
-1.35783451 -0.0224679869 3.60485849
NaN NaN NaN
-1.35783433 -0.025389944 3.61946828
-1.35783448 -0.0265825778 3.60485849
NaN NaN NaN
-1.35783433 -0.025389944 3.61946828
-1.44083819 -0.0228252976 3.60323569
NaN NaN NaN
-1.35783433 -0.025389944 3.61946828
-1.44084082 -0.0256214816 3.60323533
NaN NaN NaN
-1.35783433 -0.025389944 3.61946828
-1.52403749 -0.0242306866 3.60684525
NaN NaN NaN
0.0 1.23534186 2.36377409
-0.021607591 1.12011948 2.35092069
NaN NaN NaN
0.0 1.23534186 2.36377409
0.021607591 1.12011948 2.35092069
NaN NaN NaN
0.0 1.23534186 2.36377409
0.0 1.11997958 2.19897083
NaN NaN NaN
0.0306680914 0.959184116 2.50589695
0.0491766956 0.698325854 2.64088322
NaN NaN NaN
0.0306680914 0.959184116 2.50589695
0.021607591 1.12011948 2.35092069
NaN NaN NaN
0.0306680914 0.959184116 2.50589695
0.0252589363 0.906830663 2.31769148
NaN NaN NaN
0.0306680914 0.959184116 2.50589695
0.0393695412 0.705639664 2.42911518
NaN NaN NaN
-0.0306547802 0.95917691 2.50556351
-0.0491458521 0.698348856 2.64021721
NaN NaN NaN
-0.0306547802 0.95917691 2.50556351
-0.021607591 1.12011948 2.35092069
NaN NaN NaN
-0.0306547802 0.95917691 2.50556351
-0.0252493591 0.906811498 2.31743575
NaN NaN NaN
-0.0306547802 0.95917691 2.50556351
-0.0393448487 0.705658079 2.42858199
NaN NaN NaN
-1.35783451 -0.0224679869 3.60485849
-1.2366562 -0.0168065585 3.49976535
NaN NaN NaN
-1.35783451 -0.0224679869 3.60485849
-1.44083819 -0.0228252976 3.60323569
NaN NaN NaN
-1.35783451 -0.0224679869 3.60485849
-1.52364645 -0.0192125729 3.58177075
NaN NaN NaN
-1.35783451 -0.0224679869 3.60485849
-1.36877167 -0.00939557099 3.4047462
NaN NaN NaN
1.11712424 -0.0166719154 3.48109869
1.08626929 0.0541846371 3.33166294
NaN NaN NaN
1.11712424 -0.0166719154 3.48109869
1.30482415 -0.010372769 3.41107723
NaN NaN NaN
1.11712424 -0.0166719154 3.48109869
1.10654022 -0.00560313289 3.31401663
NaN NaN NaN
-1.35783448 -0.0265825778 3.60485849
-1.23541132 -0.0211136007 3.50097536
NaN NaN NaN
-1.35783448 -0.0265825778 3.60485849
-1.44084082 -0.0256214816 3.60323533
NaN NaN NaN
-1.35783448 -0.0265825778 3.60485849
-1.52365699 -0.0262827179 3.58176928
NaN NaN NaN
-1.35783448 -0.0265825778 3.60485849
-1.36462407 -0.0209219212 3.40285332
NaN NaN NaN
0.98 0.422756757 3.0067982
0.684306621 0.535480348 2.80098014
NaN NaN NaN
0.98 0.422756757 3.0067982
0.986212057 0.0616720311 3.1338474
NaN NaN NaN
0.98 0.422756757 3.0067982
0.98 0.435756117 2.73077845
NaN NaN NaN
0.98 0.422756757 3.0067982
0.98757821 0.0684174111 2.9154337
NaN NaN NaN
-0.981979395 -0.0292914591 3.4354261
-1.11433569 -0.026537799 3.44601853
NaN NaN NaN
-0.981979395 -0.0292914591 3.4354261
-0.975226551 -0.175259782 3.50504038
NaN NaN NaN
-0.981979395 -0.0292914591 3.4354261
-1.10689884 -0.0262663811 3.33386867
NaN NaN NaN
-0.981979395 -0.0292914591 3.4354261
-0.982630753 -0.0286993153 3.28401493
NaN NaN NaN
-0.981979395 -0.0292914591 3.4354261
-0.975349495 -0.186089019 3.35907622
NaN NaN NaN
0.984979543 0.0555864918 3.33089562
1.08626929 0.0541846371 3.33166294
NaN NaN NaN
0.984979543 0.0555864918 3.33089562
0.986212057 0.0616720311 3.1338474
NaN NaN NaN
0.984979543 0.0555864918 3.33089562
1.07619161 0.0604158762 3.13487887
NaN NaN NaN
0.538077404 -0.556349135 3.99271639
0.338163018 -0.568856095 3.96107845
NaN NaN NaN
0.538077404 -0.556349135 3.99271639
0.726572089 -0.546589397 3.98887298
NaN NaN NaN
0.538077404 -0.556349135 3.99271639
0.7283965 -0.555396896 3.82857649
NaN NaN NaN
0.538077404 -0.556349135 3.99271639
0.346392068 -0.579030194 3.77046373
NaN NaN NaN
0.538077404 -0.556349135 3.99271639
0.539825612 -0.569343094 3.7577253
NaN NaN NaN
1.11562791 -0.0265849604 3.46550563
0.98238295 -0.0289245913 3.341618
NaN NaN NaN
1.11562791 -0.0265849604 3.46550563
1.30960003 -0.0254945472 3.38952817
NaN NaN NaN
1.11562791 -0.0265849604 3.46550563
1.10309364 -0.0261275051 3.27648512
NaN NaN NaN
0.0491766956 0.698325854 2.64088322
0.167562271 0.658661711 2.64188112
NaN NaN NaN
0.0491766956 0.698325854 2.64088322
0.0393695412 0.705639664 2.42911518
NaN NaN NaN
0.0491766956 0.698325854 2.64088322
0.174630884 0.660324914 2.43007221
NaN NaN NaN
-0.0491458521 0.698348856 2.64021721
-0.167584593 0.658666963 2.64121226
NaN NaN NaN
-0.0491458521 0.698348856 2.64021721
-0.0393448487 0.705658079 2.42858199
NaN NaN NaN
-0.0491458521 0.698348856 2.64021721
-0.174648753 0.660329118 2.42953677
NaN NaN NaN
0.338163018 -0.568856095 3.96107845
0.346392068 -0.579030194 3.77046373
NaN NaN NaN
-1.2366562 -0.0168065585 3.49976535
-1.11471937 -0.014156902 3.44313484
NaN NaN NaN
-1.2366562 -0.0168065585 3.49976535
-1.22954066 -0.00890866206 3.37882131
NaN NaN NaN
-1.2366562 -0.0168065585 3.49976535
-1.36877167 -0.00939557099 3.4047462
NaN NaN NaN
-1.11471937 -0.014156902 3.44313484
-1.10751102 -0.00661839021 3.32934183
NaN NaN NaN
-1.11471937 -0.014156902 3.44313484
-1.22954066 -0.00890866206 3.37882131
NaN NaN NaN
-0.338327836 -0.56905987 3.95726066
-0.570355091 -0.556190488 3.96716204
NaN NaN NaN
-0.338327836 -0.56905987 3.95726066
-0.346590248 -0.579275216 3.76587316
NaN NaN NaN
-0.338327836 -0.56905987 3.95726066
-0.553111212 -0.568845271 3.75607877
NaN NaN NaN
-1.23541132 -0.0211136007 3.50097536
-1.11433569 -0.026537799 3.44601853
NaN NaN NaN
-1.23541132 -0.0211136007 3.50097536
-1.22712918 -0.020747816 3.38251483
NaN NaN NaN
-1.23541132 -0.0211136007 3.50097536
-1.36462407 -0.0209219212 3.40285332
NaN NaN NaN
0.974244434 -0.190939881 3.59294533
0.96746881 -0.330784523 3.73726175
NaN NaN NaN
0.974244434 -0.190939881 3.59294533
0.976204031 -0.16255381 3.41869323
NaN NaN NaN
0.974244434 -0.190939881 3.59294533
0.967677485 -0.342261653 3.55933146
NaN NaN NaN
-1.44083819 -0.0228252976 3.60323569
-1.52403749 -0.0242306866 3.60684525
NaN NaN NaN
-1.44083819 -0.0228252976 3.60323569
-1.52364645 -0.0192125729 3.58177075
NaN NaN NaN
0.459811084 0.538368987 2.77024205
0.684306621 0.535480348 2.80098014
NaN NaN NaN
0.459811084 0.538368987 2.77024205
0.224630583 0.54473472 2.65189728
NaN NaN NaN
0.459811084 0.538368987 2.77024205
0.448952167 0.546924624 2.54884505
NaN NaN NaN
0.459811084 0.538368987 2.77024205
0.691147079 0.545847916 2.52864443
NaN NaN NaN
-1.44084082 -0.0256214816 3.60323533
-1.52403749 -0.0242306866 3.60684525
NaN NaN NaN
-1.44084082 -0.0256214816 3.60323533
-1.52365699 -0.0262827179 3.58176928
NaN NaN NaN
-0.459549341 0.538442855 2.76879715
-0.224654087 0.544784793 2.65059537
NaN NaN NaN
-0.459549341 0.538442855 2.76879715
-0.686776332 0.539223503 2.70265479
NaN NaN NaN
-0.459549341 0.538442855 2.76879715
-0.448704142 0.547059944 2.54767155
NaN NaN NaN
-1.11433569 -0.026537799 3.44601853
-1.22712918 -0.020747816 3.38251483
NaN NaN NaN
-1.11433569 -0.026537799 3.44601853
-1.10689884 -0.0262663811 3.33386867
NaN NaN NaN
-0.985131323 0.056335909 3.30662968
-1.10749883 0.0546761509 3.32914954
NaN NaN NaN
-0.985131323 0.056335909 3.30662968
-1.09950493 0.0586425921 3.20295569
NaN NaN NaN
-0.985131323 0.056335909 3.30662968
-0.986120164 0.061218311 3.14853874
NaN NaN NaN
-0.570355091 -0.556190488 3.96716204
-0.726521893 -0.546347067 3.99328337
NaN NaN NaN
-0.570355091 -0.556190488 3.96716204
-0.72823994 -0.55464109 3.84233216
NaN NaN NaN
-0.570355091 -0.556190488 3.96716204
-0.553111212 -0.568845271 3.75607877
NaN NaN NaN
-0.726521893 -0.546347067 3.99328337
-0.72823994 -0.55464109 3.84233216
NaN NaN NaN
0.684306621 0.535480348 2.80098014
0.98 0.435756117 2.73077845
NaN NaN NaN
0.684306621 0.535480348 2.80098014
0.691147079 0.545847916 2.52864443
NaN NaN NaN
-0.967449586 -0.329727252 3.75365266
-0.860571168 -0.427849057 3.83141244
NaN NaN NaN
-0.967449586 -0.329727252 3.75365266
-0.967635762 -0.339966892 3.59490721
NaN NaN NaN
-0.967449586 -0.329727252 3.75365266
-0.831126881 -0.46514763 3.69642373
NaN NaN NaN
0.726572089 -0.546589397 3.98887298
0.829598721 -0.456127515 3.85161548
NaN NaN NaN
0.726572089 -0.546589397 3.98887298
0.7283965 -0.555396896 3.82857649
NaN NaN NaN
1.08626929 0.0541846371 3.33166294
1.10654022 -0.00560313289 3.31401663
NaN NaN NaN
1.08626929 0.0541846371 3.33166294
1.07619161 0.0604158762 3.13487887
NaN NaN NaN
0.167562271 0.658661711 2.64188112
0.224630583 0.54473472 2.65189728
NaN NaN NaN
0.167562271 0.658661711 2.64188112
0.174630884 0.660324914 2.43007221
NaN NaN NaN
0.167562271 0.658661711 2.64188112
0.228493756 0.552964959 2.43791107
NaN NaN NaN
-0.167584593 0.658666963 2.64121226
-0.224654087 0.544784793 2.65059537
NaN NaN NaN
-0.167584593 0.658666963 2.64121226
-0.174648753 0.660329118 2.42953677
NaN NaN NaN
-0.167584593 0.658666963 2.64121226
-0.228512572 0.553005045 2.43686882
NaN NaN NaN
-0.98 0.425565434 2.94716061
-0.98 0.238558596 3.0693521
NaN NaN NaN
-0.98 0.425565434 2.94716061
-0.98 0.255311798 2.89480121
NaN NaN NaN
-0.98 0.425565434 2.94716061
-0.98 0.436158382 2.72223703
NaN NaN NaN
0.96746881 -0.330784523 3.73726175
0.829598721 -0.456127515 3.85161548
NaN NaN NaN
0.96746881 -0.330784523 3.73726175
0.967677485 -0.342261653 3.55933146
NaN NaN NaN
0.96746881 -0.330784523 3.73726175
0.730499883 -0.565551159 3.64376891
NaN NaN NaN
-1.10749883 0.0546761509 3.32914954
-1.10751102 -0.00661839021 3.32934183
NaN NaN NaN
-1.10749883 0.0546761509 3.32914954
-1.09950493 0.0586425921 3.20295569
NaN NaN NaN
-1.10749883 0.0546761509 3.32914954
-1.09952458 0.00173383786 3.20326586
NaN NaN NaN
-0.860571168 -0.427849057 3.83141244
-0.72823994 -0.55464109 3.84233216
NaN NaN NaN
-0.860571168 -0.427849057 3.83141244
-0.831126881 -0.46514763 3.69642373
NaN NaN NaN
1.50805242 -0.0243421815 3.60805931
1.50749586 -0.0195296603 3.58401956
NaN NaN NaN
1.50805242 -0.0243421815 3.60805931
1.50751089 -0.0263119152 3.58401747
NaN NaN NaN
1.50805242 -0.0243421815 3.60805931
1.63555224 -0.0202372937 3.58229786
NaN NaN NaN
1.50805242 -0.0243421815 3.60805931
1.63556548 -0.024765337 3.58229602
NaN NaN NaN
1.50805242 -0.0243421815 3.60805931
1.76403199 -0.0225567389 3.58861782
NaN NaN NaN
0.829598721 -0.456127515 3.85161548
0.7283965 -0.555396896 3.82857649
NaN NaN NaN
0.829598721 -0.456127515 3.85161548
0.730499883 -0.565551159 3.64376891
NaN NaN NaN
-1.52403749 -0.0242306866 3.60684525
-1.52364645 -0.0192125729 3.58177075
NaN NaN NaN
-1.52403749 -0.0242306866 3.60684525
-1.52365699 -0.0262827179 3.58176928
NaN NaN NaN
-1.52403749 -0.0242306866 3.60684525
-1.62917938 -0.0203214919 3.58298061
NaN NaN NaN
-1.52403749 -0.0242306866 3.60684525
-1.62919011 -0.0247935682 3.58297912
NaN NaN NaN
-1.52403749 -0.0242306866 3.60684525
-1.73511582 -0.0227584275 3.59081399
NaN NaN NaN
-0.021607591 1.12011948 2.35092069
-0.0252493591 0.906811498 2.31743575
NaN NaN NaN
-0.021607591 1.12011948 2.35092069
0.0 1.11997958 2.19897083
NaN NaN NaN
-0.021607591 1.12011948 2.35092069
-0.0207171497 1.02090557 2.19476541
NaN NaN NaN
0.021607591 1.12011948 2.35092069
0.0252589363 0.906830663 2.31769148
NaN NaN NaN
0.021607591 1.12011948 2.35092069
0.0 1.11997958 2.19897083
NaN NaN NaN
0.021607591 1.12011948 2.35092069
0.0207171497 1.02090557 2.19476541
NaN NaN NaN
1.50749586 -0.0195296603 3.58401956
1.30482415 -0.010372769 3.41107723
NaN NaN NaN
1.50749586 -0.0195296603 3.58401956
1.63555224 -0.0202372937 3.58229786
NaN NaN NaN
1.50749586 -0.0195296603 3.58401956
1.76262869 -0.0145205941 3.54849474
NaN NaN NaN
1.50749586 -0.0195296603 3.58401956
1.51032086 0.000898894464 3.2623343
NaN NaN NaN
1.50751089 -0.0263119152 3.58401747
1.63556548 -0.024765337 3.58229602
NaN NaN NaN
1.50751089 -0.0263119152 3.58401747
1.30960003 -0.0254945472 3.38952817
NaN NaN NaN
1.50751089 -0.0263119152 3.58401747
1.76266663 -0.0258505124 3.54848946
NaN NaN NaN
1.50751089 -0.0263119152 3.58401747
1.55932424 -0.0231129802 3.22955478
NaN NaN NaN
-1.52364645 -0.0192125729 3.58177075
-1.62917938 -0.0203214919 3.58298061
NaN NaN NaN
-1.52364645 -0.0192125729 3.58177075
-1.36877167 -0.00939557099 3.4047462
NaN NaN NaN
-1.52364645 -0.0192125729 3.58177075
-1.73391776 -0.0150842807 3.55249246
NaN NaN NaN
-1.52364645 -0.0192125729 3.58177075
-1.59828934 -0.00467050822 3.36267541
NaN NaN NaN
0.98238295 -0.0289245913 3.341618
0.976204031 -0.16255381 3.41869323
NaN NaN NaN
0.98238295 -0.0289245913 3.341618
1.10309364 -0.0261275051 3.27648512
NaN NaN NaN
0.98238295 -0.0289245913 3.341618
0.983220492 -0.0281631895 3.14692756
NaN NaN NaN
-0.975226551 -0.175259782 3.50504038
-0.967635762 -0.339966892 3.59490721
NaN NaN NaN
-0.975226551 -0.175259782 3.50504038
-0.975349495 -0.186089019 3.35907622
NaN NaN NaN
-0.975226551 -0.175259782 3.50504038
-0.967842132 -0.351317276 3.41894186
NaN NaN NaN
-1.52365699 -0.0262827179 3.58176928
-1.62919011 -0.0247935682 3.58297912
NaN NaN NaN
-1.52365699 -0.0262827179 3.58176928
-1.36462407 -0.0209219212 3.40285332
NaN NaN NaN
-1.52365699 -0.0262827179 3.58176928
-1.73395013 -0.025902441 3.55248796
NaN NaN NaN
-1.52365699 -0.0262827179 3.58176928
-1.67456801 -0.0207300551 3.25589012
NaN NaN NaN
-0.98 0.238558596 3.0693521
-0.986120164 0.061218311 3.14853874
NaN NaN NaN
-0.98 0.238558596 3.0693521
-0.98 0.255311798 2.89480121
NaN NaN NaN
-0.98 0.238558596 3.0693521
-0.987178431 0.0664435045 2.9793483
NaN NaN NaN
0.123947209 -0.34423753 3.51048701
0.0 -0.374189556 3.51346603
NaN NaN NaN
0.123947209 -0.34423753 3.51048701
0.129816883 -0.352333632 3.25313217
NaN NaN NaN
0.123947209 -0.34423753 3.51048701
0.355775276 -0.59063125 3.55311451
NaN NaN NaN
0.123947209 -0.34423753 3.51048701
0.0 -0.383104131 3.25534856
NaN NaN NaN
0.123947209 -0.34423753 3.51048701
0.366383693 -0.603747112 3.30738499
NaN NaN NaN
-1.10751102 -0.00661839021 3.32934183
-1.22954066 -0.00890866206 3.37882131
NaN NaN NaN
-1.10751102 -0.00661839021 3.32934183
-1.09952458 0.00173383786 3.20326586
NaN NaN NaN
-1.10751102 -0.00661839021 3.32934183
-1.23468145 -0.0009099564 3.25770987
NaN NaN NaN
-1.22954066 -0.00890866206 3.37882131
-1.36877167 -0.00939557099 3.4047462
NaN NaN NaN
-1.22954066 -0.00890866206 3.37882131
-1.23468145 -0.0009099564 3.25770987
NaN NaN NaN
1.30482415 -0.010372769 3.41107723
1.10654022 -0.00560313289 3.31401663
NaN NaN NaN
1.30482415 -0.010372769 3.41107723
1.28951678 0.00252851616 3.2111935
NaN NaN NaN
1.30482415 -0.010372769 3.41107723
1.51032086 0.000898894464 3.2623343
NaN NaN NaN
-1.22712918 -0.020747816 3.38251483
-1.10689884 -0.0262663811 3.33386867
NaN NaN NaN
-1.22712918 -0.020747816 3.38251483
-1.36462407 -0.0209219212 3.40285332
NaN NaN NaN
-1.22712918 -0.020747816 3.38251483
-1.23209308 -0.0203892615 3.26286487
NaN NaN NaN
-0.124424541 -0.344895918 3.48955849
0.0 -0.374189556 3.51346603
NaN NaN NaN
-0.124424541 -0.344895918 3.48955849
-0.355848192 -0.590721401 3.55142552
NaN NaN NaN
-0.124424541 -0.344895918 3.48955849
0.0 -0.383104131 3.25534856
NaN NaN NaN
-0.124424541 -0.344895918 3.48955849
-0.130495099 -0.353269102 3.22339591
NaN NaN NaN
-0.124424541 -0.344895918 3.48955849
-0.366149063 -0.603457023 3.3128199
NaN NaN NaN
1.10654022 -0.00560313289 3.31401663
1.07619161 0.0604158762 3.13487887
NaN NaN NaN
1.10654022 -0.00560313289 3.31401663
1.09505086 0.00641246421 3.13264251
NaN NaN NaN
1.10654022 -0.00560313289 3.31401663
1.28951678 0.00252851616 3.2111935
NaN NaN NaN
-1.10689884 -0.0262663811 3.33386867
-0.982630753 -0.0286993153 3.28401493
NaN NaN NaN
-1.10689884 -0.0262663811 3.33386867
-1.23209308 -0.0203892615 3.26286487
NaN NaN NaN
-1.10689884 -0.0262663811 3.33386867
-1.09865707 -0.0259655867 3.20958042
NaN NaN NaN
0.224630583 0.54473472 2.65189728
0.448952167 0.546924624 2.54884505
NaN NaN NaN
0.224630583 0.54473472 2.65189728
0.228493756 0.552964959 2.43791107
NaN NaN NaN
-0.224654087 0.544784793 2.65059537
-0.448704142 0.547059944 2.54767155
NaN NaN NaN
-0.224654087 0.544784793 2.65059537
-0.228512572 0.553005045 2.43686882
NaN NaN NaN
-1.62917938 -0.0203214919 3.58298061
-1.73511582 -0.0227584275 3.59081399
NaN NaN NaN
-1.62917938 -0.0203214919 3.58298061
-1.73391776 -0.0150842807 3.55249246
NaN NaN NaN
0.0 -0.374189556 3.51346603
0.0 -0.383104131 3.25534856
NaN NaN NaN
-0.982630753 -0.0286993153 3.28401493
-0.975349495 -0.186089019 3.35907622
NaN NaN NaN
-0.982630753 -0.0286993153 3.28401493
-1.09865707 -0.0259655867 3.20958042
NaN NaN NaN
-0.982630753 -0.0286993153 3.28401493
-0.983330559 -0.0280631281 3.12134186
NaN NaN NaN
-0.982630753 -0.0286993153 3.28401493
-0.97550769 -0.197159409 3.20198618
NaN NaN NaN
1.63555224 -0.0202372937 3.58229786
1.76403199 -0.0225567389 3.58861782
NaN NaN NaN
1.63555224 -0.0202372937 3.58229786
1.76262869 -0.0145205941 3.54849474
NaN NaN NaN
-1.62919011 -0.0247935682 3.58297912
-1.73511582 -0.0227584275 3.59081399
NaN NaN NaN
-1.62919011 -0.0247935682 3.58297912
-1.73395013 -0.025902441 3.55248796
NaN NaN NaN
1.63556548 -0.024765337 3.58229602
1.76403199 -0.0225567389 3.58861782
NaN NaN NaN
1.63556548 -0.024765337 3.58229602
1.76266663 -0.0258505124 3.54848946
NaN NaN NaN
-0.686776332 0.539223503 2.70265479
-0.448704142 0.547059944 2.54767155
NaN NaN NaN
-0.686776332 0.539223503 2.70265479
-0.98 0.436158382 2.72223703
NaN NaN NaN
-0.686776332 0.539223503 2.70265479
-0.692779752 0.548322437 2.46364362
NaN NaN NaN
-0.686776332 0.539223503 2.70265479
-0.98 0.445993855 2.51339714
NaN NaN NaN
0.976204031 -0.16255381 3.41869323
0.967677485 -0.342261653 3.55933146
NaN NaN NaN
0.976204031 -0.16255381 3.41869323
0.983220492 -0.0281631895 3.14692756
NaN NaN NaN
0.976204031 -0.16255381 3.41869323
0.967916734 -0.355420346 3.35533184
NaN NaN NaN
-1.36877167 -0.00939557099 3.4047462
-1.23468145 -0.0009099564 3.25770987
NaN NaN NaN
-1.36877167 -0.00939557099 3.4047462
-1.59828934 -0.00467050822 3.36267541
NaN NaN NaN
-1.36877167 -0.00939557099 3.4047462
-1.4132299 0.00659115286 3.1616201
NaN NaN NaN
1.30960003 -0.0254945472 3.38952817
1.10309364 -0.0261275051 3.27648512
NaN NaN NaN
1.30960003 -0.0254945472 3.38952817
1.26886805 -0.0245592738 3.17029873
NaN NaN NaN
1.30960003 -0.0254945472 3.38952817
1.55932424 -0.0231129802 3.22955478
NaN NaN NaN
-0.72823994 -0.55464109 3.84233216
-0.831126881 -0.46514763 3.69642373
NaN NaN NaN
-0.72823994 -0.55464109 3.84233216
-0.553111212 -0.568845271 3.75607877
NaN NaN NaN
-0.72823994 -0.55464109 3.84233216
-0.73016964 -0.563956882 3.67278474
NaN NaN NaN
-1.36462407 -0.0209219212 3.40285332
-1.23209308 -0.0203892615 3.26286487
NaN NaN NaN
-1.36462407 -0.0209219212 3.40285332
-1.36311414 -0.0202351482 3.17665024
NaN NaN NaN
-1.36462407 -0.0209219212 3.40285332
-1.67456801 -0.0207300551 3.25589012
NaN NaN NaN
-1.09950493 0.0586425921 3.20295569
-0.986120164 0.061218311 3.14853874
NaN NaN NaN
-1.09950493 0.0586425921 3.20295569
-1.09952458 0.00173383786 3.20326586
NaN NaN NaN
-1.09950493 0.0586425921 3.20295569
-1.0906878 0.0630175039 3.06376619
NaN NaN NaN
-1.09950493 0.0586425921 3.20295569
-1.09071685 0.0109449726 3.06422479
NaN NaN NaN
0.7283965 -0.555396896 3.82857649
0.539825612 -0.569343094 3.7577253
NaN NaN NaN
0.7283965 -0.555396896 3.82857649
0.730499883 -0.565551159 3.64376891
NaN NaN NaN
0.346392068 -0.579030194 3.77046373
0.539825612 -0.569343094 3.7577253
NaN NaN NaN
0.346392068 -0.579030194 3.77046373
0.355775276 -0.59063125 3.55311451
NaN NaN NaN
-0.986120164 0.061218311 3.14853874
-1.0906878 0.0630175039 3.06376619
NaN NaN NaN
-0.986120164 0.061218311 3.14853874
-0.987178431 0.0664435045 2.9793483
NaN NaN NaN
-0.967635762 -0.339966892 3.59490721
-0.831126881 -0.46514763 3.69642373
NaN NaN NaN
-0.967635762 -0.339966892 3.59490721
-0.967842132 -0.351317276 3.41894186
NaN NaN NaN
-0.967635762 -0.339966892 3.59490721
-0.732324799 -0.574361098 3.48342802
NaN NaN NaN
-0.346590248 -0.579275216 3.76587316
-0.553111212 -0.568845271 3.75607877
NaN NaN NaN
-0.346590248 -0.579275216 3.76587316
-0.534579539 -0.579821361 3.57645385
NaN NaN NaN
-0.346590248 -0.579275216 3.76587316
-0.355848192 -0.590721401 3.55142552
NaN NaN NaN
1.10309364 -0.0261275051 3.27648512
0.983220492 -0.0281631895 3.14692756
NaN NaN NaN
1.10309364 -0.0261275051 3.27648512
1.26886805 -0.0245592738 3.17029873
NaN NaN NaN
1.10309364 -0.0261275051 3.27648512
1.08953933 -0.0256328221 3.0720821
NaN NaN NaN
-1.73511582 -0.0227584275 3.59081399
-1.73391776 -0.0150842807 3.55249246
NaN NaN NaN
-1.73511582 -0.0227584275 3.59081399
-1.73395013 -0.025902441 3.55248796
NaN NaN NaN
-1.73511582 -0.0227584275 3.59081399
-1.86696375 -0.017161419 3.55741334
NaN NaN NaN
-1.73511582 -0.0227584275 3.59081399
-1.86698911 -0.0237478834 3.55740981
NaN NaN NaN
-1.73511582 -0.0227584275 3.59081399
-2.00068806 -0.0209060765 3.57064394
NaN NaN NaN
0.986212057 0.0616720311 3.1338474
1.07619161 0.0604158762 3.13487887
NaN NaN NaN
0.986212057 0.0616720311 3.1338474
0.98757821 0.0684174111 2.9154337
NaN NaN NaN
0.986212057 0.0616720311 3.1338474
1.06502196 0.0673223001 2.9167723
NaN NaN NaN
-0.831126881 -0.46514763 3.69642373
-0.73016964 -0.563956882 3.67278474
NaN NaN NaN
-0.831126881 -0.46514763 3.69642373
-0.732324799 -0.574361098 3.48342802
NaN NaN NaN
0.539825612 -0.569343094 3.7577253
0.730499883 -0.565551159 3.64376891
NaN NaN NaN
0.539825612 -0.569343094 3.7577253
0.355775276 -0.59063125 3.55311451
NaN NaN NaN
-0.553111212 -0.568845271 3.75607877
-0.73016964 -0.563956882 3.67278474
NaN NaN NaN
-0.553111212 -0.568845271 3.75607877
-0.534579539 -0.579821361 3.57645385
NaN NaN NaN
1.76403199 -0.0225567389 3.58861782
1.76262869 -0.0145205941 3.54849474
NaN NaN NaN
1.76403199 -0.0225567389 3.58861782
1.76266663 -0.0258505124 3.54848946
NaN NaN NaN
1.76403199 -0.0225567389 3.58861782
1.91745027 -0.0164903844 3.55198445
NaN NaN NaN
1.76403199 -0.0225567389 3.58861782
1.91747838 -0.023525897 3.55198056
NaN NaN NaN
1.76403199 -0.0225567389 3.58861782
2.07294745 -0.0204020715 3.56515589
NaN NaN NaN
0.967677485 -0.342261653 3.55933146
0.730499883 -0.565551159 3.64376891
NaN NaN NaN
0.967677485 -0.342261653 3.55933146
0.967916734 -0.355420346 3.35533184
NaN NaN NaN
0.967677485 -0.342261653 3.55933146
0.73290665 -0.577170032 3.43230541
NaN NaN NaN
-1.73391776 -0.0150842807 3.55249246
-1.86696375 -0.017161419 3.55741334
NaN NaN NaN
-1.73391776 -0.0150842807 3.55249246
-1.59828934 -0.00467050822 3.36267541
NaN NaN NaN
-1.73391776 -0.0150842807 3.55249246
-1.99813335 -0.00989689118 3.51570295
NaN NaN NaN
-1.73391776 -0.0150842807 3.55249246
-1.88125462 0.0014465093 3.30421698
NaN NaN NaN
-1.09952458 0.00173383786 3.20326586
-1.23468145 -0.0009099564 3.25770987
NaN NaN NaN
-1.09952458 0.00173383786 3.20326586
-1.2165469 0.00716138985 3.13283529
NaN NaN NaN
-1.09952458 0.00173383786 3.20326586
-1.09071685 0.0109449726 3.06422479
NaN NaN NaN
-1.73395013 -0.025902441 3.55248796
-1.86698911 -0.0237478834 3.55740981
NaN NaN NaN
-1.73395013 -0.025902441 3.55248796
-1.99820241 -0.0254245888 3.51569334
NaN NaN NaN
-1.73395013 -0.025902441 3.55248796
-1.67456801 -0.0207300551 3.25589012
NaN NaN NaN
1.07619161 0.0604158762 3.13487887
1.09505086 0.00641246421 3.13264251
NaN NaN NaN
1.07619161 0.0604158762 3.13487887
1.06502196 0.0673223001 2.9167723
NaN NaN NaN
1.07619161 0.0604158762 3.13487887
1.08264633 0.0193851402 2.93682139
NaN NaN NaN
-1.23468145 -0.0009099564 3.25770987
-1.2165469 0.00716138985 3.13283529
NaN NaN NaN
-1.23468145 -0.0009099564 3.25770987
-1.4132299 0.00659115286 3.1616201
NaN NaN NaN
-0.975349495 -0.186089019 3.35907622
-0.967842132 -0.351317276 3.41894186
NaN NaN NaN
-0.975349495 -0.186089019 3.35907622
-0.97550769 -0.197159409 3.20198618
NaN NaN NaN
-0.975349495 -0.186089019 3.35907622
-0.968069665 -0.363831578 3.22493227
NaN NaN NaN
1.76262869 -0.0145205941 3.54849474
1.91745027 -0.0164903844 3.55198445
NaN NaN NaN
1.76262869 -0.0145205941 3.54849474
1.51032086 0.000898894464 3.2623343
NaN NaN NaN
1.76262869 -0.0145205941 3.54849474
2.07019293 -0.00848213314 3.50566934
NaN NaN NaN
1.76262869 -0.0145205941 3.54849474
1.87166028 0.0071082586 3.20808186
NaN NaN NaN
-1.23209308 -0.0203892615 3.26286487
-1.09865707 -0.0259655867 3.20958042
NaN NaN NaN
-1.23209308 -0.0203892615 3.26286487
-1.20491654 -0.0199997452 3.14167333
NaN NaN NaN
-1.23209308 -0.0203892615 3.26286487
-1.36311414 -0.0202351482 3.17665024
NaN NaN NaN
1.76266663 -0.0258505124 3.54848946
1.91747838 -0.023525897 3.55198056
NaN NaN NaN
1.76266663 -0.0258505124 3.54848946
1.55932424 -0.0231129802 3.22955478
NaN NaN NaN
1.76266663 -0.0258505124 3.54848946
2.07026742 -0.0252942723 3.50565897
NaN NaN NaN
1.76266663 -0.0258505124 3.54848946
1.89376738 -0.0203967168 3.15331066
NaN NaN NaN
-1.09865707 -0.0259655867 3.20958042
-0.983330559 -0.0280631281 3.12134186
NaN NaN NaN
-1.09865707 -0.0259655867 3.20958042
-1.20491654 -0.0199997452 3.14167333
NaN NaN NaN
-1.09865707 -0.0259655867 3.20958042
-1.08956566 -0.0256337831 3.07247916
NaN NaN NaN
0.0252589363 0.906830663 2.31769148
0.0393695412 0.705639664 2.42911518
NaN NaN NaN
0.0252589363 0.906830663 2.31769148
0.0207171497 1.02090557 2.19476541
NaN NaN NaN
0.0252589363 0.906830663 2.31769148
0.0201861439 0.900018322 2.18322727
NaN NaN NaN
0.0252589363 0.906830663 2.31769148
0.0302211216 0.712462214 2.23157134
NaN NaN NaN
-0.0252493591 0.906811498 2.31743575
-0.0393448487 0.705658079 2.42858199
NaN NaN NaN
-0.0252493591 0.906811498 2.31743575
-0.0207171497 1.02090557 2.19476541
NaN NaN NaN
-0.0252493591 0.906811498 2.31743575
-0.0201861439 0.900018322 2.18322727
NaN NaN NaN
-0.0252493591 0.906811498 2.31743575
-0.0302021669 0.71247635 2.23116205
NaN NaN NaN
-0.98 0.255311798 2.89480121
-0.98 0.436158382 2.72223703
NaN NaN NaN
-0.98 0.255311798 2.89480121
-0.987178431 0.0664435045 2.9793483
NaN NaN NaN
-0.98 0.255311798 2.89480121
-0.98 0.253194881 2.71793188
NaN NaN NaN
-0.98 0.255311798 2.89480121
-0.988306345 0.072012577 2.79902314
NaN NaN NaN
0.0393695412 0.705639664 2.42911518
0.174630884 0.660324914 2.43007221
NaN NaN NaN
0.0393695412 0.705639664 2.42911518
0.0302211216 0.712462214 2.23157134
NaN NaN NaN
0.0393695412 0.705639664 2.42911518
0.181224264 0.661876297 2.23250351
NaN NaN NaN
-0.0393448487 0.705658079 2.42858199
-0.174648753 0.660329118 2.42953677
NaN NaN NaN
-0.0393448487 0.705658079 2.42858199
-0.0302021669 0.71247635 2.23116205
NaN NaN NaN
-0.0393448487 0.705658079 2.42858199
-0.18123798 0.661879525 2.23209252
NaN NaN NaN
0.0 1.11997958 2.19897083
0.0207171497 1.02090557 2.19476541
NaN NaN NaN
0.0 1.11997958 2.19897083
-0.0207171497 1.02090557 2.19476541
NaN NaN NaN
0.0 1.11997958 2.19897083
0.0 1.029 2.069
NaN NaN NaN
0.983220492 -0.0281631895 3.14692756
1.08953933 -0.0256328221 3.0720821
NaN NaN NaN
0.983220492 -0.0281631895 3.14692756
0.967916734 -0.355420346 3.35533184
NaN NaN NaN
0.983220492 -0.0281631895 3.14692756
0.984148887 -0.027319194 2.93111791
NaN NaN NaN
0.983220492 -0.0281631895 3.14692756
0.96818867 -0.37037683 3.12346102
NaN NaN NaN
0.448952167 0.546924624 2.54884505
0.691147079 0.545847916 2.52864443
NaN NaN NaN
0.448952167 0.546924624 2.54884505
0.228493756 0.552964959 2.43791107
NaN NaN NaN
0.448952167 0.546924624 2.54884505
0.437740081 0.554934322 2.34178128
NaN NaN NaN
-0.448704142 0.547059944 2.54767155
-0.228512572 0.553005045 2.43686882
NaN NaN NaN
-0.448704142 0.547059944 2.54767155
-0.692779752 0.548322437 2.46364362
NaN NaN NaN
-0.448704142 0.547059944 2.54767155
-0.460140517 0.554729548 2.3467218
NaN NaN NaN
0.98 0.435756117 2.73077845
0.691147079 0.545847916 2.52864443
NaN NaN NaN
0.98 0.435756117 2.73077845
0.98757821 0.0684174111 2.9154337
NaN NaN NaN
0.98 0.435756117 2.73077845
0.98 0.447738068 2.47636168
NaN NaN NaN
0.98 0.435756117 2.73077845
0.989029722 0.0755842513 2.68337323
NaN NaN NaN
1.09505086 0.00641246421 3.13264251
1.28951678 0.00252851616 3.2111935
NaN NaN NaN
1.09505086 0.00641246421 3.13264251
1.29262536 0.014858217 3.02180563
NaN NaN NaN
1.09505086 0.00641246421 3.13264251
1.08264633 0.0193851402 2.93682139
NaN NaN NaN
1.28951678 0.00252851616 3.2111935
1.51032086 0.000898894464 3.2623343
NaN NaN NaN
1.28951678 0.00252851616 3.2111935
1.29262536 0.014858217 3.02180563
NaN NaN NaN
-0.98 0.436158382 2.72223703
-0.98 0.253194881 2.71793188
NaN NaN NaN
-0.98 0.436158382 2.72223703
-0.98 0.445993855 2.51339714
NaN NaN NaN
-0.98 0.436158382 2.72223703
-0.98 0.248249196 2.54931139
NaN NaN NaN
-1.86696375 -0.017161419 3.55741334
-2.00068806 -0.0209060765 3.57064394
NaN NaN NaN
-1.86696375 -0.017161419 3.55741334
-1.99813335 -0.00989689118 3.51570295
NaN NaN NaN
-0.983330559 -0.0280631281 3.12134186
-1.08956566 -0.0256337831 3.07247916
NaN NaN NaN
-0.983330559 -0.0280631281 3.12134186
-0.97550769 -0.197159409 3.20198618
NaN NaN NaN
-0.983330559 -0.0280631281 3.12134186
-0.984079521 -0.0273822532 2.94724214
NaN NaN NaN
-0.983330559 -0.0280631281 3.12134186
-0.975707115 -0.208356363 3.03355117
NaN NaN NaN
-1.86698911 -0.0237478834 3.55740981
-2.00068806 -0.0209060765 3.57064394
NaN NaN NaN
-1.86698911 -0.0237478834 3.55740981
-1.99820241 -0.0254245888 3.51569334
NaN NaN NaN
-1.59828934 -0.00467050822 3.36267541
-1.4132299 0.00659115286 3.1616201
NaN NaN NaN
-1.59828934 -0.00467050822 3.36267541
-1.88125462 0.0014465093 3.30421698
NaN NaN NaN
-1.59828934 -0.00467050822 3.36267541
-1.71953229 0.014688444 3.06453395
NaN NaN NaN
-1.0906878 0.0630175039 3.06376619
-0.987178431 0.0664435045 2.9793483
NaN NaN NaN
-1.0906878 0.0630175039 3.06376619
-1.09071685 0.0109449726 3.06422479
NaN NaN NaN
-1.0906878 0.0630175039 3.06376619
-1.08101225 0.067818351 2.91102539
NaN NaN NaN
-1.0906878 0.0630175039 3.06376619
-1.08105269 0.0210517648 2.91166387
NaN NaN NaN
0.174630884 0.660324914 2.43007221
0.228493756 0.552964959 2.43791107
NaN NaN NaN
0.174630884 0.660324914 2.43007221
0.181224264 0.661876297 2.23250351
NaN NaN NaN
0.174630884 0.660324914 2.43007221
0.232097319 0.560642115 2.23830502
NaN NaN NaN
-0.174648753 0.660329118 2.42953677
-0.228512572 0.553005045 2.43686882
NaN NaN NaN
-0.174648753 0.660329118 2.42953677
-0.18123798 0.661879525 2.23209252
NaN NaN NaN
-0.174648753 0.660329118 2.42953677
-0.232111762 0.560672885 2.23750499
NaN NaN NaN
-0.73016964 -0.563956882 3.67278474
-0.534579539 -0.579821361 3.57645385
NaN NaN NaN
-0.73016964 -0.563956882 3.67278474
-0.732324799 -0.574361098 3.48342802
NaN NaN NaN
1.91745027 -0.0164903844 3.55198445
2.07294745 -0.0204020715 3.56515589
NaN NaN NaN
1.91745027 -0.0164903844 3.55198445
2.07019293 -0.00848213314 3.50566934
NaN NaN NaN
0.730499883 -0.565551159 3.64376891
0.355775276 -0.59063125 3.55311451
NaN NaN NaN
0.730499883 -0.565551159 3.64376891
0.73290665 -0.577170032 3.43230541
NaN NaN NaN
-1.2165469 0.00716138985 3.13283529
-1.09071685 0.0109449726 3.06422479
NaN NaN NaN
-1.2165469 0.00716138985 3.13283529
-1.4132299 0.00659115286 3.1616201
NaN NaN NaN
-1.2165469 0.00716138985 3.13283529
-1.244643 0.0174640133 2.97786399
NaN NaN NaN
1.91747838 -0.023525897 3.55198056
2.07294745 -0.0204020715 3.56515589
NaN NaN NaN
1.91747838 -0.023525897 3.55198056
2.07026742 -0.0252942723 3.50565897
NaN NaN NaN
0.0207171497 1.02090557 2.19476541
0.0201861439 0.900018322 2.18322727
NaN NaN NaN
0.0207171497 1.02090557 2.19476541
0.0 1.029 2.069
NaN NaN NaN
0.0207171497 1.02090557 2.19476541
0.02 0.941 2.069
NaN NaN NaN
-0.0207171497 1.02090557 2.19476541
-0.0201861439 0.900018322 2.18322727
NaN NaN NaN
-0.0207171497 1.02090557 2.19476541
0.0 1.029 2.069
NaN NaN NaN
-0.0207171497 1.02090557 2.19476541
-0.02 0.941 2.069
NaN NaN NaN
1.51032086 0.000898894464 3.2623343
1.29262536 0.014858217 3.02180563
NaN NaN NaN
1.51032086 0.000898894464 3.2623343
1.87166028 0.0071082586 3.20808186
NaN NaN NaN
1.51032086 0.000898894464 3.2623343
1.56277096 0.0253853315 2.87749753
NaN NaN NaN
0.691147079 0.545847916 2.52864443
0.437740081 0.554934322 2.34178128
NaN NaN NaN
0.691147079 0.545847916 2.52864443
0.98 0.447738068 2.47636168
NaN NaN NaN
0.691147079 0.545847916 2.52864443
0.697246598 0.5550925 2.28580732
NaN NaN NaN
-1.20491654 -0.0199997452 3.14167333
-1.08956566 -0.0256337831 3.07247916
NaN NaN NaN
-1.20491654 -0.0199997452 3.14167333
-1.36311414 -0.0202351482 3.17665024
NaN NaN NaN
-1.20491654 -0.0199997452 3.14167333
-1.23271927 -0.0196238125 3.01012499
NaN NaN NaN
-0.967842132 -0.351317276 3.41894186
-0.732324799 -0.574361098 3.48342802
NaN NaN NaN
-0.967842132 -0.351317276 3.41894186
-0.968069665 -0.363831578 3.22493227
NaN NaN NaN
-0.967842132 -0.351317276 3.41894186
-0.734716565 -0.585907554 3.27328252
NaN NaN NaN
1.26886805 -0.0245592738 3.17029873
1.08953933 -0.0256328221 3.0720821
NaN NaN NaN
1.26886805 -0.0245592738 3.17029873
1.55932424 -0.0231129802 3.22955478
NaN NaN NaN
1.26886805 -0.0245592738 3.17029873
1.29623829 -0.0229779214 2.93010304
NaN NaN NaN
-0.987178431 0.0664435045 2.9793483
-1.08101225 0.067818351 2.91102539
NaN NaN NaN
-0.987178431 0.0664435045 2.9793483
-0.988306345 0.072012577 2.79902314
NaN NaN NaN
-1.09071685 0.0109449726 3.06422479
-1.244643 0.0174640133 2.97786399
NaN NaN NaN
-1.09071685 0.0109449726 3.06422479
-1.08105269 0.0210517648 2.91166387
NaN NaN NaN
0.129816883 -0.352333632 3.25313217
0.0 -0.383104131 3.25534856
NaN NaN NaN
0.129816883 -0.352333632 3.25313217
0.366383693 -0.603747112 3.30738499
NaN NaN NaN
0.129816883 -0.352333632 3.25313217
0.136331916 -0.361319885 2.96748166
NaN NaN NaN
0.129816883 -0.352333632 3.25313217
0.0 -0.392997701 2.96888474
NaN NaN NaN
0.129816883 -0.352333632 3.25313217
0.378262448 -0.618433573 3.03222983
NaN NaN NaN
-0.534579539 -0.579821361 3.57645385
-0.355848192 -0.590721401 3.55142552
NaN NaN NaN
-0.534579539 -0.579821361 3.57645385
-0.732324799 -0.574361098 3.48342802
NaN NaN NaN
-0.534579539 -0.579821361 3.57645385
-0.366149063 -0.603457023 3.3128199
NaN NaN NaN
-2.00068806 -0.0209060765 3.57064394
-1.99813335 -0.00989689118 3.51570295
NaN NaN NaN
-2.00068806 -0.0209060765 3.57064394
-1.99820241 -0.0254245888 3.51569334
NaN NaN NaN
-2.00068806 -0.0209060765 3.57064394
-2.16402916 -0.0132146052 3.52547741
NaN NaN NaN
-2.00068806 -0.0209060765 3.57064394
-2.16407764 -0.0224410224 3.52547102
NaN NaN NaN
-2.00068806 -0.0209060765 3.57064394
-2.33094076 -0.0186025832 3.54556146
NaN NaN NaN
0.355775276 -0.59063125 3.55311451
0.73290665 -0.577170032 3.43230541
NaN NaN NaN
0.355775276 -0.59063125 3.55311451
0.366383693 -0.603747112 3.30738499
NaN NaN NaN
-0.355848192 -0.590721401 3.55142552
-0.366149063 -0.603457023 3.3128199
NaN NaN NaN
-1.08956566 -0.0256337831 3.07247916
-0.984079521 -0.0273822532 2.94724214
NaN NaN NaN
-1.08956566 -0.0256337831 3.07247916
-1.23271927 -0.0196238125 3.01012499
NaN NaN NaN
-1.08956566 -0.0256337831 3.07247916
-1.07958828 -0.0252696451 2.92201736
NaN NaN NaN
-1.36311414 -0.0202351482 3.17665024
-1.67456801 -0.0207300551 3.25589012
NaN NaN NaN
-1.36311414 -0.0202351482 3.17665024
-1.23271927 -0.0196238125 3.01012499
NaN NaN NaN
-1.36311414 -0.0202351482 3.17665024
-1.43752638 -0.0194585903 2.90032989
NaN NaN NaN
1.08953933 -0.0256328221 3.0720821
0.984148887 -0.027319194 2.93111791
NaN NaN NaN
1.08953933 -0.0256328221 3.0720821
1.29623829 -0.0229779214 2.93010304
NaN NaN NaN
1.08953933 -0.0256328221 3.0720821
1.07496666 -0.0251009729 2.85232199
NaN NaN NaN
0.228493756 0.552964959 2.43791107
0.437740081 0.554934322 2.34178128
NaN NaN NaN
0.228493756 0.552964959 2.43791107
0.232097319 0.560642115 2.23830502
NaN NaN NaN
-0.228512572 0.553005045 2.43686882
-0.460140517 0.554729548 2.3467218
NaN NaN NaN
-0.228512572 0.553005045 2.43686882
-0.232111762 0.560672885 2.23750499
NaN NaN NaN
0.0 -0.383104131 3.25534856
-0.130495099 -0.353269102 3.22339591
NaN NaN NaN
0.0 -0.383104131 3.25534856
0.0 -0.392997701 2.96888474
NaN NaN NaN
-0.130495099 -0.353269102 3.22339591
-0.366149063 -0.603457023 3.3128199
NaN NaN NaN
-0.130495099 -0.353269102 3.22339591
0.0 -0.392997701 2.96888474
NaN NaN NaN
-0.130495099 -0.353269102 3.22339591
-0.137233104 -0.362562902 2.92796925
NaN NaN NaN
-0.130495099 -0.353269102 3.22339591
-0.37752129 -0.617517232 3.04939775
NaN NaN NaN
-0.97550769 -0.197159409 3.20198618
-0.968069665 -0.363831578 3.22493227
NaN NaN NaN
-0.97550769 -0.197159409 3.20198618
-0.975707115 -0.208356363 3.03355117
NaN NaN NaN
-1.4132299 0.00659115286 3.1616201
-1.244643 0.0174640133 2.97786399
NaN NaN NaN
-1.4132299 0.00659115286 3.1616201
-1.71953229 0.014688444 3.06453395
NaN NaN NaN
-1.4132299 0.00659115286 3.1616201
-1.47553189 0.0233285058 2.9039776
NaN NaN NaN
-1.99813335 -0.00989689118 3.51570295
-1.88125462 0.0014465093 3.30421698
NaN NaN NaN
-1.99813335 -0.00989689118 3.51570295
-2.16402916 -0.0132146052 3.52547741
NaN NaN NaN
-1.99813335 -0.00989689118 3.51570295
-2.32635449 -0.00345286977 3.47000127
NaN NaN NaN
0.967916734 -0.355420346 3.35533184
0.73290665 -0.577170032 3.43230541
NaN NaN NaN
0.967916734 -0.355420346 3.35533184
0.96818867 -0.37037683 3.12346102
NaN NaN NaN
0.967916734 -0.355420346 3.35533184
0.735636903 -0.590350568 3.19241966
NaN NaN NaN
0.98757821 0.0684174111 2.9154337
1.06502196 0.0673223001 2.9167723
NaN NaN NaN
0.98757821 0.0684174111 2.9154337
0.989029722 0.0755842513 2.68337323
NaN NaN NaN
0.98757821 0.0684174111 2.9154337
1.05313217 0.0746740024 2.68460373
NaN NaN NaN
-1.99820241 -0.0254245888 3.51569334
-1.67456801 -0.0207300551 3.25589012
NaN NaN NaN
-1.99820241 -0.0254245888 3.51569334
-2.16407764 -0.0224410224 3.52547102
NaN NaN NaN
-1.99820241 -0.0254245888 3.51569334
-2.32647851 -0.0248309611 3.469984
NaN NaN NaN
-1.99820241 -0.0254245888 3.51569334
-2.11443769 -0.0207751266 3.1520408
NaN NaN NaN
2.07294745 -0.0204020715 3.56515589
2.07019293 -0.00848213314 3.50566934
NaN NaN NaN
2.07294745 -0.0204020715 3.56515589
2.07026742 -0.0252942723 3.50565897
NaN NaN NaN
2.07294745 -0.0204020715 3.56515589
2.25531834 -0.0120009659 3.51565954
NaN NaN NaN
2.07294745 -0.0204020715 3.56515589
2.25536735 -0.0220399408 3.51565081
NaN NaN NaN
2.07294745 -0.0204020715 3.56515589
2.44140414 -0.0178321075 3.53717184
NaN NaN NaN
-0.692779752 0.548322437 2.46364362
-0.460140517 0.554729548 2.3467218
NaN NaN NaN
-0.692779752 0.548322437 2.46364362
-0.98 0.445993855 2.51339714
NaN NaN NaN
-0.692779752 0.548322437 2.46364362
-0.698237737 0.556594695 2.2463476
NaN NaN NaN
-0.692779752 0.548322437 2.46364362
-0.98 0.455072655 2.32062396
NaN NaN NaN
1.55932424 -0.0231129802 3.22955478
1.29623829 -0.0229779214 2.93010304
NaN NaN NaN
1.55932424 -0.0231129802 3.22955478
1.89376738 -0.0203967168 3.15331066
NaN NaN NaN
1.55932424 -0.0231129802 3.22955478
1.54665638 -0.020101305 2.8906662
NaN NaN NaN
0.0201861439 0.900018322 2.18322727
0.0302211216 0.712462214 2.23157134
NaN NaN NaN
0.0201861439 0.900018322 2.18322727
0.02 0.941 2.069
NaN NaN NaN
0.0201861439 0.900018322 2.18322727
0.0168863523 0.847308486 2.05272511
NaN NaN NaN
-0.0201861439 0.900018322 2.18322727
-0.0302021669 0.71247635 2.23116205
NaN NaN NaN
-0.0201861439 0.900018322 2.18322727
-0.02 0.941 2.069
NaN NaN NaN
-0.0201861439 0.900018322 2.18322727
-0.0168863523 0.847308486 2.05272511
NaN NaN NaN
1.06502196 0.0673223001 2.9167723
1.08264633 0.0193851402 2.93682139
NaN NaN NaN
1.06502196 0.0673223001 2.9167723
1.06933206 0.033309218 2.72663896
NaN NaN NaN
1.06502196 0.0673223001 2.9167723
1.05313217 0.0746740024 2.68460373
NaN NaN NaN
-1.08101225 0.067818351 2.91102539
-1.08105269 0.0210517648 2.91166387
NaN NaN NaN
-1.08101225 0.067818351 2.91102539
-0.988306345 0.072012577 2.79902314
NaN NaN NaN
-1.08101225 0.067818351 2.91102539
-1.07045403 0.0730571586 2.74435071
NaN NaN NaN
-1.08101225 0.067818351 2.91102539
-1.07050784 0.0320795878 2.74520009
NaN NaN NaN
-0.98 0.253194881 2.71793188
-0.988306345 0.072012577 2.79902314
NaN NaN NaN
-0.98 0.253194881 2.71793188
-0.98 0.248249196 2.54931139
NaN NaN NaN
-0.98 0.253194881 2.71793188
-0.989389636 0.0773613285 2.62583192
NaN NaN NaN
-1.67456801 -0.0207300551 3.25589012
-1.43752638 -0.0194585903 2.90032989
NaN NaN NaN
-1.67456801 -0.0207300551 3.25589012
-2.11443769 -0.0207751266 3.1520408
NaN NaN NaN
-1.67456801 -0.0207300551 3.25589012
-1.86108666 -0.0193961356 2.76540268
NaN NaN NaN
2.07019293 -0.00848213314 3.50566934
2.25531834 -0.0120009659 3.51565954
NaN NaN NaN
2.07019293 -0.00848213314 3.50566934
1.87166028 0.0071082586 3.20808186
NaN NaN NaN
2.07019293 -0.00848213314 3.50566934
2.43672353 -0.00128597574 3.45463343
NaN NaN NaN
2.07019293 -0.00848213314 3.50566934
2.2927918 0.0142478922 3.14292901
NaN NaN NaN
1.29262536 0.014858217 3.02180563
1.08264633 0.0193851402 2.93682139
NaN NaN NaN
1.29262536 0.014858217 3.02180563
1.26058287 0.0269973069 2.83252354
NaN NaN NaN
1.29262536 0.014858217 3.02180563
1.56277096 0.0253853315 2.87749753
NaN NaN NaN
1.08264633 0.0193851402 2.93682139
1.26058287 0.0269973069 2.83252354
NaN NaN NaN
1.08264633 0.0193851402 2.93682139
1.06933206 0.033309218 2.72663896
NaN NaN NaN
-0.984079521 -0.0273822532 2.94724214
-1.07958828 -0.0252696451 2.92201736
NaN NaN NaN
-0.984079521 -0.0273822532 2.94724214
-0.975707115 -0.208356363 3.03355117
NaN NaN NaN
-0.984079521 -0.0273822532 2.94724214
-0.984877792 -0.0266565528 2.76168055
NaN NaN NaN
-0.984079521 -0.0273822532 2.94724214
-0.975954149 -0.219545122 2.85367174
NaN NaN NaN
2.07026742 -0.0252942723 3.50565897
2.25536735 -0.0220399408 3.51565081
NaN NaN NaN
2.07026742 -0.0252942723 3.50565897
1.89376738 -0.0203967168 3.15331066
NaN NaN NaN
2.07026742 -0.0252942723 3.50565897
2.43685013 -0.0246313741 3.4546158
NaN NaN NaN
2.07026742 -0.0252942723 3.50565897
2.30867578 -0.0197022815 3.09606952
NaN NaN NaN
-0.732324799 -0.574361098 3.48342802
-0.366149063 -0.603457023 3.3128199
NaN NaN NaN
-0.732324799 -0.574361098 3.48342802
-0.734716565 -0.585907554 3.27328252
NaN NaN NaN
-1.23271927 -0.0196238125 3.01012499
-1.07958828 -0.0252696451 2.92201736
NaN NaN NaN
-1.23271927 -0.0196238125 3.01012499
-1.22101979 -0.0191211018 2.84740606
NaN NaN NaN
-1.23271927 -0.0196238125 3.01012499
-1.43752638 -0.0194585903 2.90032989
NaN NaN NaN
0.984148887 -0.027319194 2.93111791
1.07496666 -0.0251009729 2.85232199
NaN NaN NaN
0.984148887 -0.027319194 2.93111791
0.96818867 -0.37037683 3.12346102
NaN NaN NaN
0.984148887 -0.027319194 2.93111791
0.985135221 -0.026422526 2.70183991
NaN NaN NaN
0.984148887 -0.027319194 2.93111791
0.968494735 -0.387210445 2.86248898
NaN NaN NaN
-1.244643 0.0174640133 2.97786399
-1.08105269 0.0210517648 2.91166387
NaN NaN NaN
-1.244643 0.0174640133 2.97786399
-1.24901764 0.0279289355 2.81751673
NaN NaN NaN
-1.244643 0.0174640133 2.97786399
-1.47553189 0.0233285058 2.9039776
NaN NaN NaN
0.0 1.029 2.069
0.02 0.941 2.069
NaN NaN NaN
0.0 1.029 2.069
-0.02 0.941 2.069
NaN NaN NaN
0.0 1.029 2.069
0.0 0.956855058 1.94875843
NaN NaN NaN
-1.08105269 0.0210517648 2.91166387
-1.24901764 0.0279289355 2.81751673
NaN NaN NaN
-1.08105269 0.0210517648 2.91166387
-1.07050784 0.0320795878 2.74520009
NaN NaN NaN
0.0302211216 0.712462214 2.23157134
0.181224264 0.661876297 2.23250351
NaN NaN NaN
0.0302211216 0.712462214 2.23157134
0.0168863523 0.847308486 2.05272511
NaN NaN NaN
0.0302211216 0.712462214 2.23157134
0.0217262469 0.718797375 2.04813964
NaN NaN NaN
0.0302211216 0.712462214 2.23157134
0.187346119 0.663316734 2.04906393
NaN NaN NaN
-0.0302021669 0.71247635 2.23116205
-0.18123798 0.661879525 2.23209252
NaN NaN NaN
-0.0302021669 0.71247635 2.23116205
-0.0168863523 0.847308486 2.05272511
NaN NaN NaN
-0.0302021669 0.71247635 2.23116205
-0.0217126202 0.718807537 2.04784539
NaN NaN NaN
-0.0302021669 0.71247635 2.23116205
-0.187355979 0.663319054 2.04876848
NaN NaN NaN
-1.88125462 0.0014465093 3.30421698
-1.71953229 0.014688444 3.06453395
NaN NaN NaN
-1.88125462 0.0014465093 3.30421698
-2.32635449 -0.00345286977 3.47000127
NaN NaN NaN
-1.88125462 0.0014465093 3.30421698
-2.11583362 0.0225540067 2.9726043
NaN NaN NaN
-2.16402916 -0.0132146052 3.52547741
-2.33094076 -0.0186025832 3.54556146
NaN NaN NaN
-2.16402916 -0.0132146052 3.52547741
-2.32635449 -0.00345286977 3.47000127
NaN NaN NaN
-0.460140517 0.554729548 2.3467218
-0.232111762 0.560672885 2.23750499
NaN NaN NaN
-0.460140517 0.554729548 2.3467218
-0.698237737 0.556594695 2.2463476
NaN NaN NaN
-0.460140517 0.554729548 2.3467218
-0.460494594 0.562386231 2.14828125
NaN NaN NaN
-2.16407764 -0.0224410224 3.52547102
-2.33094076 -0.0186025832 3.54556146
NaN NaN NaN
-2.16407764 -0.0224410224 3.52547102
-2.32647851 -0.0248309611 3.469984
NaN NaN NaN
0.437740081 0.554934322 2.34178128
0.232097319 0.560642115 2.23830502
NaN NaN NaN
0.437740081 0.554934322 2.34178128
0.697246598 0.5550925 2.28580732
NaN NaN NaN
0.437740081 0.554934322 2.34178128
0.461375423 0.56173325 2.15949526
NaN NaN NaN
-0.98 0.445993855 2.51339714
-0.98 0.248249196 2.54931139
NaN NaN NaN
-0.98 0.445993855 2.51339714
-0.98 0.455072655 2.32062396
NaN NaN NaN
-0.98 0.445993855 2.51339714
-0.98 0.263712519 2.39807773
NaN NaN NaN
0.73290665 -0.577170032 3.43230541
0.366383693 -0.603747112 3.30738499
NaN NaN NaN
0.73290665 -0.577170032 3.43230541
0.735636903 -0.590350568 3.19241966
NaN NaN NaN
-1.07958828 -0.0252696451 2.92201736
-1.22101979 -0.0191211018 2.84740606
NaN NaN NaN
-1.07958828 -0.0252696451 2.92201736
-0.984877792 -0.0266565528 2.76168055
NaN NaN NaN
-1.07958828 -0.0252696451 2.92201736
-1.06869999 -0.0248722624 2.75781881
NaN NaN NaN
-0.988306345 0.072012577 2.79902314
-1.07045403 0.0730571586 2.74435071
NaN NaN NaN
-0.988306345 0.072012577 2.79902314
-0.989389636 0.0773613285 2.62583192
NaN NaN NaN
-0.968069665 -0.363831578 3.22493227
-0.975707115 -0.208356363 3.03355117
NaN NaN NaN
-0.968069665 -0.363831578 3.22493227
-0.734716565 -0.585907554 3.27328252
NaN NaN NaN
-0.968069665 -0.363831578 3.22493227
-0.968319052 -0.377547849 3.0122885
NaN NaN NaN
-0.968069665 -0.363831578 3.22493227
-0.737352344 -0.598632004 3.04169752
NaN NaN NaN
0.181224264 0.661876297 2.23250351
0.232097319 0.560642115 2.23830502
NaN NaN NaN
0.181224264 0.661876297 2.23250351
0.187346119 0.663316734 2.04906393
NaN NaN NaN
0.181224264 0.661876297 2.23250351
0.235443307 0.567770523 2.0529664
NaN NaN NaN
-0.18123798 0.661879525 2.23209252
-0.232111762 0.560672885 2.23750499
NaN NaN NaN
-0.18123798 0.661879525 2.23209252
-0.187355979 0.663319054 2.04876848
NaN NaN NaN
-0.18123798 0.661879525 2.23209252
-0.23545369 0.567792643 2.05239127
NaN NaN NaN
0.02 0.941 2.069
0.0168863523 0.847308486 2.05272511
NaN NaN NaN
0.02 0.941 2.069
0.0 0.956855058 1.94875843
NaN NaN NaN
0.02 0.941 2.069
0.0150999634 0.890529623 1.9489491
NaN NaN NaN
-0.02 0.941 2.069
-0.0168863523 0.847308486 2.05272511
NaN NaN NaN
-0.02 0.941 2.069
0.0 0.956855058 1.94875843
NaN NaN NaN
-0.02 0.941 2.069
-0.0150999634 0.890529623 1.9489491
NaN NaN NaN
-0.975707115 -0.208356363 3.03355117
-0.975954149 -0.219545122 2.85367174
NaN NaN NaN
-0.975707115 -0.208356363 3.03355117
-0.968319052 -0.377547849 3.0122885
NaN NaN NaN
0.98 0.447738068 2.47636168
0.697246598 0.5550925 2.28580732
NaN NaN NaN
0.98 0.447738068 2.47636168
0.989029722 0.0755842513 2.68337323
NaN NaN NaN
0.98 0.447738068 2.47636168
0.98 0.458463213 2.24863111
NaN NaN NaN
0.98 0.447738068 2.47636168
0.98 0.268733159 2.33371827
NaN NaN NaN
0.98 0.447738068 2.47636168
0.990359386 0.0821494668 2.47079321
NaN NaN NaN
2.25531834 -0.0120009659 3.51565954
2.44140414 -0.0178321075 3.53717184
NaN NaN NaN
2.25531834 -0.0120009659 3.51565954
2.43672353 -0.00128597574 3.45463343
NaN NaN NaN
1.87166028 0.0071082586 3.20808186
1.56277096 0.0253853315 2.87749753
NaN NaN NaN
1.87166028 0.0071082586 3.20808186
2.2927918 0.0142478922 3.14292901
NaN NaN NaN
1.87166028 0.0071082586 3.20808186
2.05649814 0.0355125689 2.74081902
NaN NaN NaN
2.25536735 -0.0220399408 3.51565081
2.44140414 -0.0178321075 3.53717184
NaN NaN NaN
2.25536735 -0.0220399408 3.51565081
2.43685013 -0.0246313741 3.4546158
NaN NaN NaN
-0.366149063 -0.603457023 3.3128199
-0.734716565 -0.585907554 3.27328252
NaN NaN NaN
-0.366149063 -0.603457023 3.3128199
-0.37752129 -0.617517232 3.04939775
NaN NaN NaN
1.29623829 -0.0229779214 2.93010304
1.07496666 -0.0251009729 2.85232199
NaN NaN NaN
1.29623829 -0.0229779214 2.93010304
1.54665638 -0.020101305 2.8906662
NaN NaN NaN
1.29623829 -0.0229779214 2.93010304
1.32178149 -0.0212581088 2.70260289
NaN NaN NaN
1.07496666 -0.0251009729 2.85232199
0.985135221 -0.026422526 2.70183991
NaN NaN NaN
1.07496666 -0.0251009729 2.85232199
1.05939637 -0.0245327141 2.61751745
NaN NaN NaN
1.07496666 -0.0251009729 2.85232199
1.32178149 -0.0212581088 2.70260289
NaN NaN NaN
0.366383693 -0.603747112 3.30738499
0.735636903 -0.590350568 3.19241966
NaN NaN NaN
0.366383693 -0.603747112 3.30738499
0.378262448 -0.618433573 3.03222983
NaN NaN NaN
-2.33094076 -0.0186025832 3.54556146
-2.32635449 -0.00345286977 3.47000127
NaN NaN NaN
-2.33094076 -0.0186025832 3.54556146
-2.32647851 -0.0248309611 3.469984
NaN NaN NaN
-2.33094076 -0.0186025832 3.54556146
-2.73574292 -0.0157791117 3.51481699
NaN NaN NaN
0.232097319 0.560642115 2.23830502
0.461375423 0.56173325 2.15949526
NaN NaN NaN
0.232097319 0.560642115 2.23830502
0.235443307 0.567770523 2.0529664
NaN NaN NaN
-0.232111762 0.560672885 2.23750499
-0.460494594 0.562386231 2.14828125
NaN NaN NaN
-0.232111762 0.560672885 2.23750499
-0.23545369 0.567792643 2.05239127
NaN NaN NaN
-1.07045403 0.0730571586 2.74435071
-1.07050784 0.0320795878 2.74520009
NaN NaN NaN
-1.07045403 0.0730571586 2.74435071
-0.989389636 0.0773613285 2.62583192
NaN NaN NaN
-1.07045403 0.0730571586 2.74435071
-1.05900284 0.0787390497 2.56357916
NaN NaN NaN
-1.07045403 0.0730571586 2.74435071
-1.05907184 0.0440393772 2.56466838
NaN NaN NaN
-1.71953229 0.014688444 3.06453395
-1.47553189 0.0233285058 2.9039776
NaN NaN NaN
-1.71953229 0.014688444 3.06453395
-2.11583362 0.0225540067 2.9726043
NaN NaN NaN
-1.71953229 0.014688444 3.06453395
-1.8146842 0.0397966162 2.65561725
NaN NaN NaN
0.697246598 0.5550925 2.28580732
0.461375423 0.56173325 2.15949526
NaN NaN NaN
0.697246598 0.5550925 2.28580732
0.98 0.458463213 2.24863111
NaN NaN NaN
0.697246598 0.5550925 2.28580732
0.702634079 0.563257901 2.07131822
NaN NaN NaN
-0.0168863523 0.847308486 2.05272511
-0.0217126202 0.718807537 2.04784539
NaN NaN NaN
-0.0168863523 0.847308486 2.05272511
-0.0150999634 0.890529623 1.9489491
NaN NaN NaN
-0.0168863523 0.847308486 2.05272511
-0.0138630709 0.724661439 1.87834835
NaN NaN NaN
0.0168863523 0.847308486 2.05272511
0.0217262469 0.718797375 2.04813964
NaN NaN NaN
0.0168863523 0.847308486 2.05272511
0.0150999634 0.890529623 1.9489491
NaN NaN NaN
0.0168863523 0.847308486 2.05272511
0.0138717713 0.72465495 1.87853621
NaN NaN NaN
1.26058287 0.0269973069 2.83252354
1.06933206 0.033309218 2.72663896
NaN NaN NaN
1.26058287 0.0269973069 2.83252354
1.56277096 0.0253853315 2.87749753
NaN NaN NaN
1.26058287 0.0269973069 2.83252354
1.29554288 0.0421465172 2.5998858
NaN NaN NaN
0.136331916 -0.361319885 2.96748166
0.0 -0.392997701 2.96888474
NaN NaN NaN
0.136331916 -0.361319885 2.96748166
0.378262448 -0.618433573 3.03222983
NaN NaN NaN
0.136331916 -0.361319885 2.96748166
0.143289575 -0.370916655 2.66242432
NaN NaN NaN
0.136331916 -0.361319885 2.96748166
0.0 -0.403573554 2.66266572
NaN NaN NaN
0.136331916 -0.361319885 2.96748166
0.391381601 -0.634653616 2.72834255
NaN NaN NaN
0.96818867 -0.37037683 3.12346102
0.735636903 -0.590350568 3.19241966
NaN NaN NaN
0.96818867 -0.37037683 3.12346102
0.968494735 -0.387210445 2.86248898
NaN NaN NaN
0.96818867 -0.37037683 3.12346102
0.738704014 -0.605157308 2.92293699
NaN NaN NaN
-1.24901764 0.0279289355 2.81751673
-1.07050784 0.0320795878 2.74520009
NaN NaN NaN
-1.24901764 0.0279289355 2.81751673
-1.47553189 0.0233285058 2.9039776
NaN NaN NaN
-1.24901764 0.0279289355 2.81751673
-1.33972836 0.0394969609 2.64254449
NaN NaN NaN
-0.98 0.248249196 2.54931139
-0.989389636 0.0773613285 2.62583192
NaN NaN NaN
-0.98 0.248249196 2.54931139
-0.98 0.263712519 2.39807773
NaN NaN NaN
-0.98 0.248249196 2.54931139
-0.990413847 0.0824183703 2.46208619
NaN NaN NaN
-1.22101979 -0.0191211018 2.84740606
-1.43752638 -0.0194585903 2.90032989
NaN NaN NaN
-1.22101979 -0.0191211018 2.84740606
-1.06869999 -0.0248722624 2.75781881
NaN NaN NaN
-1.22101979 -0.0191211018 2.84740606
-1.24778184 -0.0185655677 2.65687651
NaN NaN NaN
-1.07050784 0.0320795878 2.74520009
-1.05907184 0.0440393772 2.56466838
NaN NaN NaN
-1.07050784 0.0320795878 2.74520009
-1.33972836 0.0394969609 2.64254449
NaN NaN NaN
0.989029722 0.0755842513 2.68337323
1.05313217 0.0746740024 2.68460373
NaN NaN NaN
0.989029722 0.0755842513 2.68337323
0.990359386 0.0821494668 2.47079321
NaN NaN NaN
0.989029722 0.0755842513 2.68337323
1.04223834 0.0814098811 2.47188302
NaN NaN NaN
-1.47553189 0.0233285058 2.9039776
-1.33972836 0.0394969609 2.64254449
NaN NaN NaN
-1.47553189 0.0233285058 2.9039776
-1.8146842 0.0397966162 2.65561725
NaN NaN NaN
-2.32635449 -0.00345286977 3.47000127
-2.11583362 0.0225540067 2.9726043
NaN NaN NaN
-2.32635449 -0.00345286977 3.47000127
-2.73574292 -0.0157791117 3.51481699
NaN NaN NaN
-2.32635449 -0.00345286977 3.47000127
-2.72837007 0.00443997046 3.41402442
NaN NaN NaN
-2.32635449 -0.00345286977 3.47000127
-2.46889744 0.0219494103 3.02514173
NaN NaN NaN
-0.984877792 -0.0266565528 2.76168055
-1.06869999 -0.0248722624 2.75781881
NaN NaN NaN
-0.984877792 -0.0266565528 2.76168055
-0.975954149 -0.219545122 2.85367174
NaN NaN NaN
-0.984877792 -0.0266565528 2.76168055
-0.985648012 -0.025956353 2.58263946
NaN NaN NaN
-0.984877792 -0.0266565528 2.76168055
-0.977037862 -0.212066946 2.67139814
NaN NaN NaN
0.0 -0.392997701 2.96888474
-0.137233104 -0.362562902 2.92796925
NaN NaN NaN
0.0 -0.392997701 2.96888474
0.0 -0.403573554 2.66266572
NaN NaN NaN
1.89376738 -0.0203967168 3.15331066
1.54665638 -0.020101305 2.8906662
NaN NaN NaN
1.89376738 -0.0203967168 3.15331066
2.30867578 -0.0197022815 3.09606952
NaN NaN NaN
1.89376738 -0.0203967168 3.15331066
1.67524958 -0.0138943492 2.44811426
NaN NaN NaN
1.89376738 -0.0203967168 3.15331066
2.18855522 -0.0121612953 2.55704822
NaN NaN NaN
1.06933206 0.033309218 2.72663896
1.05313217 0.0746740024 2.68460373
NaN NaN NaN
1.06933206 0.033309218 2.72663896
1.29554288 0.0421465172 2.5998858
NaN NaN NaN
1.06933206 0.033309218 2.72663896
1.05513097 0.0481607368 2.50245691
NaN NaN NaN
1.05313217 0.0746740024 2.68460373
1.05513097 0.0481607368 2.50245691
NaN NaN NaN
1.05313217 0.0746740024 2.68460373
1.04223834 0.0814098811 2.47188302
NaN NaN NaN
-0.734716565 -0.585907554 3.27328252
-0.37752129 -0.617517232 3.04939775
NaN NaN NaN
-0.734716565 -0.585907554 3.27328252
-0.737352344 -0.598632004 3.04169752
NaN NaN NaN
-0.698237737 0.556594695 2.2463476
-0.98 0.455072655 2.32062396
NaN NaN NaN
-0.698237737 0.556594695 2.2463476
-0.460494594 0.562386231 2.14828125
NaN NaN NaN
-0.698237737 0.556594695 2.2463476
-0.703164911 0.564062444 2.05018446
NaN NaN NaN
-0.698237737 0.556594695 2.2463476
-0.98 0.463407748 2.14364214
NaN NaN NaN
-2.32647851 -0.0248309611 3.469984
-2.11443769 -0.0207751266 3.1520408
NaN NaN NaN
-2.32647851 -0.0248309611 3.469984
-2.73574292 -0.0157791117 3.51481699
NaN NaN NaN
-2.32647851 -0.0248309611 3.469984
-2.72856953 -0.0241038526 3.41399665
NaN NaN NaN
-2.32647851 -0.0248309611 3.469984
-2.56400728 -0.0209303058 3.08190508
NaN NaN NaN
-0.137233104 -0.362562902 2.92796925
-0.37752129 -0.617517232 3.04939775
NaN NaN NaN
-0.137233104 -0.362562902 2.92796925
0.0 -0.403573554 2.66266572
NaN NaN NaN
-0.137233104 -0.362562902 2.92796925
-0.144392034 -0.372437288 2.6140872
NaN NaN NaN
-0.137233104 -0.362562902 2.92796925
-0.389968763 -0.632906834 2.76106901
NaN NaN NaN
-1.43752638 -0.0194585903 2.90032989
-1.24778184 -0.0185655677 2.65687651
NaN NaN NaN
-1.43752638 -0.0194585903 2.90032989
-1.86108666 -0.0193961356 2.76540268
NaN NaN NaN
-1.43752638 -0.0194585903 2.90032989
-1.50229335 -0.0184406296 2.54695848
NaN NaN NaN
-1.06869999 -0.0248722624 2.75781881
-0.985648012 -0.025956353 2.58263946
NaN NaN NaN
-1.06869999 -0.0248722624 2.75781881
-1.24778184 -0.0185655677 2.65687651
NaN NaN NaN
-1.06869999 -0.0248722624 2.75781881
-1.05689026 -0.0244412503 2.57972462
NaN NaN NaN
0.0 0.956855058 1.94875843
0.0150999634 0.890529623 1.9489491
NaN NaN NaN
0.0 0.956855058 1.94875843
-0.0150999634 0.890529623 1.9489491
NaN NaN NaN
0.0 0.956855058 1.94875843
0.0 0.882318219 1.82453037
NaN NaN NaN
2.44140414 -0.0178321075 3.53717184
2.43672353 -0.00128597574 3.45463343
NaN NaN NaN
2.44140414 -0.0178321075 3.53717184
2.43685013 -0.0246313741 3.4546158
NaN NaN NaN
2.44140414 -0.0178321075 3.53717184
2.87480495 -0.0148091621 3.50425532
NaN NaN NaN
-0.989389636 0.0773613285 2.62583192
-1.05900284 0.0787390497 2.56357916
NaN NaN NaN
-0.989389636 0.0773613285 2.62583192
-0.990413847 0.0824183703 2.46208619
NaN NaN NaN
1.56277096 0.0253853315 2.87749753
1.29554288 0.0421465172 2.5998858
NaN NaN NaN
1.56277096 0.0253853315 2.87749753
2.05649814 0.0355125689 2.74081902
NaN NaN NaN
1.56277096 0.0253853315 2.87749753
1.58619811 0.0506595796 2.47084401
NaN NaN NaN
0.0217262469 0.718797375 2.04813964
0.187346119 0.663316734 2.04906393
NaN NaN NaN
0.0217262469 0.718797375 2.04813964
0.0138717713 0.72465495 1.87853621
NaN NaN NaN
0.0217262469 0.718797375 2.04813964
0.193005919 0.664648452 1.87946969
NaN NaN NaN
0.985135221 -0.026422526 2.70183991
1.05939637 -0.0245327141 2.61751745
NaN NaN NaN
0.985135221 -0.026422526 2.70183991
0.968494735 -0.387210445 2.86248898
NaN NaN NaN
0.985135221 -0.026422526 2.70183991
0.986044491 -0.0255959176 2.49047613
NaN NaN NaN
0.985135221 -0.026422526 2.70183991
0.968805518 -0.404303472 2.59749526
NaN NaN NaN
-0.0217126202 0.718807537 2.04784539
-0.187355979 0.663319054 2.04876848
NaN NaN NaN
-0.0217126202 0.718807537 2.04784539
-0.0138630709 0.724661439 1.87834835
NaN NaN NaN
-0.0217126202 0.718807537 2.04784539
-0.193012214 0.664649933 1.87928106
NaN NaN NaN
0.461375423 0.56173325 2.15949526
0.235443307 0.567770523 2.0529664
NaN NaN NaN
0.461375423 0.56173325 2.15949526
0.702634079 0.563257901 2.07131822
NaN NaN NaN
0.461375423 0.56173325 2.15949526
0.463094116 0.569095307 1.96680837
NaN NaN NaN
0.0150999634 0.890529623 1.9489491
0.0 0.882318219 1.82453037
NaN NaN NaN
0.0150999634 0.890529623 1.9489491
0.0100409815 0.838422109 1.82500405
NaN NaN NaN
0.0150999634 0.890529623 1.9489491
0.0138717713 0.72465495 1.87853621
NaN NaN NaN
-0.0150999634 0.890529623 1.9489491
0.0 0.882318219 1.82453037
NaN NaN NaN
-0.0150999634 0.890529623 1.9489491
-0.0100409815 0.838422109 1.82500405
NaN NaN NaN
-0.0150999634 0.890529623 1.9489491
-0.0138630709 0.724661439 1.87834835
NaN NaN NaN
-0.98 0.455072655 2.32062396
-0.98 0.263712519 2.39807773
NaN NaN NaN
-0.98 0.455072655 2.32062396
-0.98 0.463407748 2.14364214
NaN NaN NaN
-0.98 0.455072655 2.32062396
-0.98 0.266663115 2.23537747
NaN NaN NaN
1.54665638 -0.020101305 2.8906662
1.32178149 -0.0212581088 2.70260289
NaN NaN NaN
1.54665638 -0.020101305 2.8906662
1.67524958 -0.0138943492 2.44811426
NaN NaN NaN
2.43672353 -0.00128597574 3.45463343
2.2927918 0.0142478922 3.14292901
NaN NaN NaN
2.43672353 -0.00128597574 3.45463343
2.87480495 -0.0148091621 3.50425532
NaN NaN NaN
2.43672353 -0.00128597574 3.45463343
2.86760273 0.0071735488 3.39463759
NaN NaN NaN
-0.460494594 0.562386231 2.14828125
-0.23545369 0.567792643 2.05239127
NaN NaN NaN
-0.460494594 0.562386231 2.14828125
-0.703164911 0.564062444 2.05018446
NaN NaN NaN
-0.460494594 0.562386231 2.14828125
-0.456489697 0.569591966 1.96237923
NaN NaN NaN
0.735636903 -0.590350568 3.19241966
0.378262448 -0.618433573 3.03222983
NaN NaN NaN
0.735636903 -0.590350568 3.19241966
0.738704014 -0.605157308 2.92293699
NaN NaN NaN
-0.975954149 -0.219545122 2.85367174
-0.968319052 -0.377547849 3.0122885
NaN NaN NaN
-0.975954149 -0.219545122 2.85367174
-0.977037862 -0.212066946 2.67139814
NaN NaN NaN
-0.975954149 -0.219545122 2.85367174
-0.968590628 -0.39248455 2.78072437
NaN NaN NaN
-0.968319052 -0.377547849 3.0122885
-0.737352344 -0.598632004 3.04169752
NaN NaN NaN
-0.968319052 -0.377547849 3.0122885
-0.968590628 -0.39248455 2.78072437
NaN NaN NaN
-0.968319052 -0.377547849 3.0122885
-0.740234667 -0.612546668 2.78845065
NaN NaN NaN
2.43685013 -0.0246313741 3.4546158
2.30867578 -0.0197022815 3.09606952
NaN NaN NaN
2.43685013 -0.0246313741 3.4546158
2.87480495 -0.0148091621 3.50425532
NaN NaN NaN
2.43685013 -0.0246313741 3.4546158
2.86779759 -0.0238520839 3.39461046
NaN NaN NaN
0.187346119 0.663316734 2.04906393
0.235443307 0.567770523 2.0529664
NaN NaN NaN
0.187346119 0.663316734 2.04906393
0.193005919 0.664648452 1.87946969
NaN NaN NaN
0.187346119 0.663316734 2.04906393
0.238536896 0.574361213 1.88160846
NaN NaN NaN
-0.187355979 0.663319054 2.04876848
-0.23545369 0.567792643 2.05239127
NaN NaN NaN
-0.187355979 0.663319054 2.04876848
-0.193012214 0.664649933 1.87928106
NaN NaN NaN
-0.187355979 0.663319054 2.04876848
-0.238543525 0.574375336 1.88124126
NaN NaN NaN
-1.05900284 0.0787390497 2.56357916
-1.05907184 0.0440393772 2.56466838
NaN NaN NaN
-1.05900284 0.0787390497 2.56357916
-0.990413847 0.0824183703 2.46208619
NaN NaN NaN
-1.05900284 0.0787390497 2.56357916
-1.05343191 0.0657114512 2.47563509
NaN NaN NaN
-1.05900284 0.0787390497 2.56357916
-1.04779562 0.0842998839 2.38665908
NaN NaN NaN
-0.98 0.263712519 2.39807773
-0.990413847 0.0824183703 2.46208619
NaN NaN NaN
-0.98 0.263712519 2.39807773
-0.98 0.266663115 2.23537747
NaN NaN NaN
-0.98 0.263712519 2.39807773
-0.991378976 0.0871836921 2.30778628
NaN NaN NaN
-2.11443769 -0.0207751266 3.1520408
-1.86108666 -0.0193961356 2.76540268
NaN NaN NaN
-2.11443769 -0.0207751266 3.1520408
-2.56400728 -0.0209303058 3.08190508
NaN NaN NaN
-2.11443769 -0.0207751266 3.1520408
-2.27247787 -0.0195015094 2.6891373
NaN NaN NaN
0.98 0.458463213 2.24863111
0.98 0.268733159 2.33371827
NaN NaN NaN
0.98 0.458463213 2.24863111
0.702634079 0.563257901 2.07131822
NaN NaN NaN
0.98 0.458463213 2.24863111
0.98 0.270429252 2.19553862
NaN NaN NaN
0.98 0.458463213 2.24863111
0.98 0.467980576 2.04654577
NaN NaN NaN
-1.05907184 0.0440393772 2.56466838
-1.33972836 0.0394969609 2.64254449
NaN NaN NaN
-1.05907184 0.0440393772 2.56466838
-1.05343191 0.0657114512 2.47563509
NaN NaN NaN
-1.05907184 0.0440393772 2.56466838
-1.23770707 0.0508127615 2.46454981
NaN NaN NaN
-1.05907184 0.0440393772 2.56466838
-1.04785736 0.055767494 2.38763374
NaN NaN NaN
1.05939637 -0.0245327141 2.61751745
1.32178149 -0.0212581088 2.70260289
NaN NaN NaN
1.05939637 -0.0245327141 2.61751745
0.986044491 -0.0255959176 2.49047613
NaN NaN NaN
1.05939637 -0.0245327141 2.61751745
1.27517241 -0.0204489586 2.4685448
NaN NaN NaN
1.05939637 -0.0245327141 2.61751745
1.04424555 -0.0239797644 2.38903867
NaN NaN NaN
0.235443307 0.567770523 2.0529664
0.463094116 0.569095307 1.96680837
NaN NaN NaN
0.235443307 0.567770523 2.0529664
0.238536896 0.574361213 1.88160846
NaN NaN NaN
1.32178149 -0.0212581088 2.70260289
1.27517241 -0.0204489586 2.4685448
NaN NaN NaN
1.32178149 -0.0212581088 2.70260289
1.67524958 -0.0138943492 2.44811426
NaN NaN NaN
-0.23545369 0.567792643 2.05239127
-0.456489697 0.569591966 1.96237923
NaN NaN NaN
-0.23545369 0.567792643 2.05239127
-0.238543525 0.574375336 1.88124126
NaN NaN NaN
-1.33972836 0.0394969609 2.64254449
-1.23770707 0.0508127615 2.46454981
NaN NaN NaN
-1.33972836 0.0394969609 2.64254449
-1.8146842 0.0397966162 2.65561725
NaN NaN NaN
-1.33972836 0.0394969609 2.64254449
-1.47155981 0.0583948749 2.34612544
NaN NaN NaN
-0.985648012 -0.025956353 2.58263946
-1.05689026 -0.0244412503 2.57972462
NaN NaN NaN
-0.985648012 -0.025956353 2.58263946
-0.977037862 -0.212066946 2.67139814
NaN NaN NaN
-0.985648012 -0.025956353 2.58263946
-0.986381031 -0.0252899719 2.41224582
NaN NaN NaN
-0.985648012 -0.025956353 2.58263946
-0.978186656 -0.20241166 2.49671757
NaN NaN NaN
-0.37752129 -0.617517232 3.04939775
-0.737352344 -0.598632004 3.04169752
NaN NaN NaN
-0.37752129 -0.617517232 3.04939775
-0.389968763 -0.632906834 2.76106901
NaN NaN NaN
-0.37752129 -0.617517232 3.04939775
-0.740234667 -0.612546668 2.78845065
NaN NaN NaN
-1.24778184 -0.0185655677 2.65687651
-1.05689026 -0.0244412503 2.57972462
NaN NaN NaN
-1.24778184 -0.0185655677 2.65687651
-1.23324671 -0.018017894 2.4800868
NaN NaN NaN
-1.24778184 -0.0185655677 2.65687651
-1.50229335 -0.0184406296 2.54695848
NaN NaN NaN
0.378262448 -0.618433573 3.03222983
0.738704014 -0.605157308 2.92293699
NaN NaN NaN
0.378262448 -0.618433573 3.03222983
0.391381601 -0.634653616 2.72834255
NaN NaN NaN
0.98 0.268733159 2.33371827
0.990359386 0.0821494668 2.47079321
NaN NaN NaN
0.98 0.268733159 2.33371827
0.98 0.270429252 2.19553862
NaN NaN NaN
0.98 0.268733159 2.33371827
0.991569081 0.0881223391 2.27739312
NaN NaN NaN
-1.05689026 -0.0244412503 2.57972462
-1.23324671 -0.018017894 2.4800868
NaN NaN NaN
-1.05689026 -0.0244412503 2.57972462
-0.986381031 -0.0252899719 2.41224582
NaN NaN NaN
-1.05689026 -0.0244412503 2.57972462
-1.0452874 -0.0240177884 2.40475015
NaN NaN NaN
1.29554288 0.0421465172 2.5998858
1.05513097 0.0481607368 2.50245691
NaN NaN NaN
1.29554288 0.0421465172 2.5998858
1.26550821 0.0559938142 2.38452242
NaN NaN NaN
1.29554288 0.0421465172 2.5998858
1.58619811 0.0506595796 2.47084401
NaN NaN NaN
0.990359386 0.0821494668 2.47079321
1.04223834 0.0814098811 2.47188302
NaN NaN NaN
0.990359386 0.0821494668 2.47079321
0.991569081 0.0881223391 2.27739312
NaN NaN NaN
0.990359386 0.0821494668 2.47079321
1.03232535 0.0875392845 2.27831494
NaN NaN NaN
0.702634079 0.563257901 2.07131822
0.463094116 0.569095307 1.96680837
NaN NaN NaN
0.702634079 0.563257901 2.07131822
0.98 0.467980576 2.04654577
NaN NaN NaN
0.702634079 0.563257901 2.07131822
0.707352868 0.570409816 1.88345144
NaN NaN NaN
-0.990413847 0.0824183703 2.46208619
-1.04779562 0.0842998839 2.38665908
NaN NaN NaN
-0.990413847 0.0824183703 2.46208619
-0.991378976 0.0871836921 2.30778628
NaN NaN NaN
1.05513097 0.0481607368 2.50245691
1.04223834 0.0814098811 2.47188302
NaN NaN NaN
1.05513097 0.0481607368 2.50245691
1.26550821 0.0559938142 2.38452242
NaN NaN NaN
1.05513097 0.0481607368 2.50245691
1.04192365 0.0619729809 2.29396259
NaN NaN NaN
1.04223834 0.0814098811 2.47188302
1.03232535 0.0875392845 2.27831494
NaN NaN NaN
1.04223834 0.0814098811 2.47188302
1.04192365 0.0619729809 2.29396259
NaN NaN NaN
-0.737352344 -0.598632004 3.04169752
-0.740234667 -0.612546668 2.78845065
NaN NaN NaN
2.2927918 0.0142478922 3.14292901
2.05649814 0.0355125689 2.74081902
NaN NaN NaN
2.2927918 0.0142478922 3.14292901
2.86760273 0.0071735488 3.39463759
NaN NaN NaN
2.2927918 0.0142478922 3.14292901
2.5866729 0.0394218786 2.70071828
NaN NaN NaN
0.0 0.882318219 1.82453037
0.0100409815 0.838422109 1.82500405
NaN NaN NaN
0.0 0.882318219 1.82453037
-0.0100409815 0.838422109 1.82500405
NaN NaN NaN
0.0 0.882318219 1.82453037
0.0 0.807540642 1.69990107
NaN NaN NaN
-1.05343191 0.0657114512 2.47563509
-1.04779562 0.0842998839 2.38665908
NaN NaN NaN
-1.05343191 0.0657114512 2.47563509
-1.04785736 0.055767494 2.38763374
NaN NaN NaN
0.968494735 -0.387210445 2.86248898
0.738704014 -0.605157308 2.92293699
NaN NaN NaN
0.968494735 -0.387210445 2.86248898
0.968805518 -0.404303472 2.59749526
NaN NaN NaN
0.968494735 -0.387210445 2.86248898
0.741940545 -0.620781941 2.63856868
NaN NaN NaN
-0.703164911 0.564062444 2.05018446
-0.98 0.463407748 2.14364214
NaN NaN NaN
-0.703164911 0.564062444 2.05018446
-0.456489697 0.569591966 1.96237923
NaN NaN NaN
-0.703164911 0.564062444 2.05018446
-0.707584587 0.570761015 1.87422613
NaN NaN NaN
-0.703164911 0.564062444 2.05018446
-0.98 0.471022087 1.98196435
NaN NaN NaN
-0.703164911 0.564062444 2.05018446
-0.835552737 0.524448174 1.91080401
NaN NaN NaN
0.0100409815 0.838422109 1.82500405
0.0138717713 0.72465495 1.87853621
NaN NaN NaN
0.0100409815 0.838422109 1.82500405
0.0 0.807540642 1.69990107
NaN NaN NaN
0.0100409815 0.838422109 1.82500405
0.00494156301 0.785898099 1.70006829
NaN NaN NaN
0.0100409815 0.838422109 1.82500405
0.00663798814 0.730049636 1.72233554
NaN NaN NaN
-0.0100409815 0.838422109 1.82500405
-0.0138630709 0.724661439 1.87834835
NaN NaN NaN
-0.0100409815 0.838422109 1.82500405
0.0 0.807540642 1.69990107
NaN NaN NaN
-0.0100409815 0.838422109 1.82500405
-0.00494156301 0.785898099 1.70006829
NaN NaN NaN
-0.977037862 -0.212066946 2.67139814
-0.968590628 -0.39248455 2.78072437
NaN NaN NaN
-0.977037862 -0.212066946 2.67139814
-0.978186656 -0.20241166 2.49671757
NaN NaN NaN
-0.977037862 -0.212066946 2.67139814
-0.968859986 -0.407299219 2.55105211
NaN NaN NaN
-2.11583362 0.0225540067 2.9726043
-1.8146842 0.0397966162 2.65561725
NaN NaN NaN
-2.11583362 0.0225540067 2.9726043
-2.46889744 0.0219494103 3.02514173
NaN NaN NaN
-2.11583362 0.0225540067 2.9726043
-2.30272684 0.0497469305 2.49470356
NaN NaN NaN
0.0138717713 0.72465495 1.87853621
0.193005919 0.664648452 1.87946969
NaN NaN NaN
0.0138717713 0.72465495 1.87853621
0.00663798814 0.730049636 1.72233554
NaN NaN NaN
0.0138717713 0.72465495 1.87853621
0.198217886 0.665874797 1.72329464
NaN NaN NaN
-0.0138630709 0.724661439 1.87834835
-0.193012214 0.664649933 1.87928106
NaN NaN NaN
-0.0138630709 0.724661439 1.87834835
-0.00494156301 0.785898099 1.70006829
NaN NaN NaN
-0.0138630709 0.724661439 1.87834835
-0.0066338248 0.730052741 1.72224564
NaN NaN NaN
-0.0138630709 0.724661439 1.87834835
-0.198220898 0.665875505 1.72320438
NaN NaN NaN
-0.98 0.463407748 2.14364214
-0.98 0.266663115 2.23537747
NaN NaN NaN
-0.98 0.463407748 2.14364214
-0.98 0.471022087 1.98196435
NaN NaN NaN
-0.98 0.463407748 2.14364214
-0.98 0.268735292 2.08662845
NaN NaN NaN
-2.73574292 -0.0157791117 3.51481699
-2.72837007 0.00443997046 3.41402442
NaN NaN NaN
-2.73574292 -0.0157791117 3.51481699
-2.72856953 -0.0241038526 3.41399665
NaN NaN NaN
-2.73574292 -0.0157791117 3.51481699
-3.22327494 -0.0123786041 3.47778924
NaN NaN NaN
0.986044491 -0.0255959176 2.49047613
1.04424555 -0.0239797644 2.38903867
NaN NaN NaN
0.986044491 -0.0255959176 2.49047613
0.986877351 -0.0248387715 2.29687387
NaN NaN NaN
0.986044491 -0.0255959176 2.49047613
0.968805518 -0.404303472 2.59749526
NaN NaN NaN
0.986044491 -0.0255959176 2.49047613
0.977527727 -0.226083746 2.39285102
NaN NaN NaN
0.143289575 -0.370916655 2.66242432
0.0 -0.403573554 2.66266572
NaN NaN NaN
0.143289575 -0.370916655 2.66242432
0.391381601 -0.634653616 2.72834255
NaN NaN NaN
0.143289575 -0.370916655 2.66242432
0.149946293 -0.380098335 2.37056168
NaN NaN NaN
0.143289575 -0.370916655 2.66242432
0.403413104 -0.649528929 2.44964918
NaN NaN NaN
0.463094116 0.569095307 1.96680837
0.238536896 0.574361213 1.88160846
NaN NaN NaN
0.463094116 0.569095307 1.96680837
0.707352868 0.570409816 1.88345144
NaN NaN NaN
0.463094116 0.569095307 1.96680837
0.468214741 0.576877267 1.76248131
NaN NaN NaN
-0.456489697 0.569591966 1.96237923
-0.238543525 0.574375336 1.88124126
NaN NaN NaN
-0.456489697 0.569591966 1.96237923
-0.707584587 0.570761015 1.87422613
NaN NaN NaN
-0.456489697 0.569591966 1.96237923
-0.434956506 0.577312317 1.76658356
NaN NaN NaN
0.193005919 0.664648452 1.87946969
0.238536896 0.574361213 1.88160846
NaN NaN NaN
0.193005919 0.664648452 1.87946969
0.198217886 0.665874797 1.72329464
NaN NaN NaN
0.193005919 0.664648452 1.87946969
0.241385854 0.580430733 1.72380093
NaN NaN NaN
-0.193012214 0.664649933 1.87928106
-0.238543525 0.574375336 1.88124126
NaN NaN NaN
-0.193012214 0.664649933 1.87928106
-0.198220898 0.665875505 1.72320438
NaN NaN NaN
2.30867578 -0.0197022815 3.09606952
2.86779759 -0.0238520839 3.39461046
NaN NaN NaN
2.30867578 -0.0197022815 3.09606952
2.18855522 -0.0121612953 2.55704822
NaN NaN NaN
2.30867578 -0.0197022815 3.09606952
3.04592424 -0.0169535242 2.84324545
NaN NaN NaN
-0.98 0.266663115 2.23537747
-0.991378976 0.0871836921 2.30778628
NaN NaN NaN
-0.98 0.266663115 2.23537747
-0.98 0.268735292 2.08662845
NaN NaN NaN
-0.98 0.266663115 2.23537747
-0.992285575 0.0916600268 2.16284369
NaN NaN NaN
-1.04779562 0.0842998839 2.38665908
-1.04785736 0.055767494 2.38763374
NaN NaN NaN
-1.04779562 0.0842998839 2.38665908
-0.991378976 0.0871836921 2.30778628
NaN NaN NaN
-1.04779562 0.0842998839 2.38665908
-1.04259791 0.0740683399 2.30460662
NaN NaN NaN
-1.04779562 0.0842998839 2.38665908
-1.03734133 0.0894871282 2.22162491
NaN NaN NaN
0.0 -0.403573554 2.66266572
-0.144392034 -0.372437288 2.6140872
NaN NaN NaN
0.0 -0.403573554 2.66266572
0.149946293 -0.380098335 2.37056168
NaN NaN NaN
0.0 -0.403573554 2.66266572
0.0 -0.413679117 2.37006375
NaN NaN NaN
-0.968590628 -0.39248455 2.78072437
-0.740234667 -0.612546668 2.78845065
NaN NaN NaN
-0.968590628 -0.39248455 2.78072437
-0.968859986 -0.407299219 2.55105211
NaN NaN NaN
-1.23770707 0.0508127615 2.46454981
-1.04785736 0.055767494 2.38763374
NaN NaN NaN
-1.23770707 0.0508127615 2.46454981
-1.21214882 0.0634425266 2.2695996
NaN NaN NaN
-1.23770707 0.0508127615 2.46454981
-1.47155981 0.0583948749 2.34612544
NaN NaN NaN
-2.72837007 0.00443997046 3.41402442
-2.46889744 0.0219494103 3.02514173
NaN NaN NaN
-2.72837007 0.00443997046 3.41402442
-3.22327494 -0.0123786041 3.47778924
NaN NaN NaN
-2.72837007 0.00443997046 3.41402442
-3.21237873 0.0139425946 3.34663081
NaN NaN NaN
-2.72837007 0.00443997046 3.41402442
-2.98567464 0.0287297762 2.96222165
NaN NaN NaN
-0.144392034 -0.372437288 2.6140872
-0.389968763 -0.632906834 2.76106901
NaN NaN NaN
-0.144392034 -0.372437288 2.6140872
0.0 -0.413679117 2.37006375
NaN NaN NaN
-0.144392034 -0.372437288 2.6140872
-0.151057992 -0.381631714 2.3218194
NaN NaN NaN
-0.144392034 -0.372437288 2.6140872
-0.401969946 -0.64774466 2.48307798
NaN NaN NaN
-1.04785736 0.055767494 2.38763374
-1.04259791 0.0740683399 2.30460662
NaN NaN NaN
-1.04785736 0.055767494 2.38763374
-1.03739422 0.0667098574 2.22245996
NaN NaN NaN
-1.04785736 0.055767494 2.38763374
-1.21214882 0.0634425266 2.2695996
NaN NaN NaN
0.738704014 -0.605157308 2.92293699
0.391381601 -0.634653616 2.72834255
NaN NaN NaN
0.738704014 -0.605157308 2.92293699
0.741940545 -0.620781941 2.63856868
NaN NaN NaN
-2.72856953 -0.0241038526 3.41399665
-2.56400728 -0.0209303058 3.08190508
NaN NaN NaN
-2.72856953 -0.0241038526 3.41399665
-3.22327494 -0.0123786041 3.47778924
NaN NaN NaN
-2.72856953 -0.0241038526 3.41399665
-3.21267368 -0.0232284382 3.34658974
NaN NaN NaN
-1.86108666 -0.0193961356 2.76540268
-1.50229335 -0.0184406296 2.54695848
NaN NaN NaN
-1.86108666 -0.0193961356 2.76540268
-2.27247787 -0.0195015094 2.6891373
NaN NaN NaN
-1.86108666 -0.0193961356 2.76540268
-1.83523472 -0.0179526423 2.29607881
NaN NaN NaN
0.98 0.270429252 2.19553862
0.98 0.467980576 2.04654577
NaN NaN NaN
0.98 0.270429252 2.19553862
0.991569081 0.0881223391 2.27739312
NaN NaN NaN
0.98 0.270429252 2.19553862
0.98 0.257182945 2.02948787
NaN NaN NaN
0.98 0.270429252 2.19553862
0.992662768 0.0935224168 2.10253997
NaN NaN NaN
-1.23324671 -0.018017894 2.4800868
-1.0452874 -0.0240177884 2.40475015
NaN NaN NaN
-1.23324671 -0.018017894 2.4800868
-1.50229335 -0.0184406296 2.54695848
NaN NaN NaN
-1.23324671 -0.018017894 2.4800868
-1.18624529 -0.0174211479 2.29586758
NaN NaN NaN
-1.23324671 -0.018017894 2.4800868
-1.42913906 -0.0173349328 2.20186239
NaN NaN NaN
-0.986381031 -0.0252899719 2.41224582
-1.0452874 -0.0240177884 2.40475015
NaN NaN NaN
-0.986381031 -0.0252899719 2.41224582
-0.978186656 -0.20241166 2.49671757
NaN NaN NaN
-0.986381031 -0.0252899719 2.41224582
-0.987076572 -0.0246576615 2.25056404
NaN NaN NaN
-0.986381031 -0.0252899719 2.41224582
-0.979894044 -0.17872964 2.33721896
NaN NaN NaN
0.238536896 0.574361213 1.88160846
0.468214741 0.576877267 1.76248131
NaN NaN NaN
0.238536896 0.574361213 1.88160846
0.241385854 0.580430733 1.72380093
NaN NaN NaN
-0.238543525 0.574375336 1.88124126
-0.198220898 0.665875505 1.72320438
NaN NaN NaN
-0.238543525 0.574375336 1.88124126
-0.434956506 0.577312317 1.76658356
NaN NaN NaN
-0.238543525 0.574375336 1.88124126
-0.241389027 0.580437491 1.72362522
NaN NaN NaN
0.98 0.467980576 2.04654577
0.707352868 0.570409816 1.88345144
NaN NaN NaN
0.98 0.467980576 2.04654577
0.98 0.257182945 2.02948787
NaN NaN NaN
0.98 0.467980576 2.04654577
0.98 0.476361365 1.86859368
NaN NaN NaN
-0.991378976 0.0871836921 2.30778628
-1.03734133 0.0894871282 2.22162491
NaN NaN NaN
-0.991378976 0.0871836921 2.30778628
-0.992285575 0.0916600268 2.16284369
NaN NaN NaN
-1.8146842 0.0397966162 2.65561725
-1.47155981 0.0583948749 2.34612544
NaN NaN NaN
-1.8146842 0.0397966162 2.65561725
-2.30272684 0.0497469305 2.49470356
NaN NaN NaN
-1.8146842 0.0397966162 2.65561725
-2.08868976 0.0728184494 2.08303574
NaN NaN NaN
-1.0452874 -0.0240177884 2.40475015
-0.987076572 -0.0246576615 2.25056404
NaN NaN NaN
-1.0452874 -0.0240177884 2.40475015
-1.18624529 -0.0174211479 2.29586758
NaN NaN NaN
-1.0452874 -0.0240177884 2.40475015
-1.0343759 -0.0236195582 2.24020147
NaN NaN NaN
2.87480495 -0.0148091621 3.50425532
2.86760273 0.0071735488 3.39463759
NaN NaN NaN
2.87480495 -0.0148091621 3.50425532
2.86779759 -0.0238520839 3.39461046
NaN NaN NaN
2.87480495 -0.0148091621 3.50425532
3.35551512 -0.0114562366 3.46774569
NaN NaN NaN
1.27517241 -0.0204489586 2.4685448
1.04424555 -0.0239797644 2.38903867
NaN NaN NaN
1.27517241 -0.0204489586 2.4685448
1.67524958 -0.0138943492 2.44811426
NaN NaN NaN
1.27517241 -0.0204489586 2.4685448
1.20674893 -0.0202820408 2.238237
NaN NaN NaN
1.27517241 -0.0204489586 2.4685448
1.47784349 -0.0137346638 2.08066584
NaN NaN NaN
-1.50229335 -0.0184406296 2.54695848
-1.42913906 -0.0173349328 2.20186239
NaN NaN NaN
-1.50229335 -0.0184406296 2.54695848
-1.83523472 -0.0179526423 2.29607881
NaN NaN NaN
1.04424555 -0.0239797644 2.38903867
0.986877351 -0.0248387715 2.29687387
NaN NaN NaN
1.04424555 -0.0239797644 2.38903867
1.20674893 -0.0202820408 2.238237
NaN NaN NaN
1.04424555 -0.0239797644 2.38903867
1.0306087 -0.0234820694 2.18339107
NaN NaN NaN
-1.04259791 0.0740683399 2.30460662
-1.03734133 0.0894871282 2.22162491
NaN NaN NaN
-1.04259791 0.0740683399 2.30460662
-1.03739422 0.0667098574 2.22245996
NaN NaN NaN
1.26550821 0.0559938142 2.38452242
1.04192365 0.0619729809 2.29396259
NaN NaN NaN
1.26550821 0.0559938142 2.38452242
1.58619811 0.0506595796 2.47084401
NaN NaN NaN
1.26550821 0.0559938142 2.38452242
1.22930313 0.0686460816 2.18879679
NaN NaN NaN
1.26550821 0.0559938142 2.38452242
1.43796498 0.0725090257 2.12149667
NaN NaN NaN
0.991569081 0.0881223391 2.27739312
1.03232535 0.0875392845 2.27831494
NaN NaN NaN
0.991569081 0.0881223391 2.27739312
1.00997957 0.0905665287 2.19038008
NaN NaN NaN
0.991569081 0.0881223391 2.27739312
0.992662768 0.0935224168 2.10253997
NaN NaN NaN
1.03232535 0.0875392845 2.27831494
1.04192365 0.0619729809 2.29396259
NaN NaN NaN
1.03232535 0.0875392845 2.27831494
1.00997957 0.0905665287 2.19038008
NaN NaN NaN
1.03232535 0.0875392845 2.27831494
1.02336109 0.0930820744 2.10327227
NaN NaN NaN
1.03232535 0.0875392845 2.27831494
1.03015933 0.074276121 2.10824804
NaN NaN NaN
-0.978186656 -0.20241166 2.49671757
-0.968859986 -0.407299219 2.55105211
NaN NaN NaN
-0.978186656 -0.20241166 2.49671757
-0.979894044 -0.17872964 2.33721896
NaN NaN NaN
-0.978186656 -0.20241166 2.49671757
-0.969115921 -0.42137566 2.33282462
NaN NaN NaN
1.04192365 0.0619729809 2.29396259
1.22930313 0.0686460816 2.18879679
NaN NaN NaN
1.04192365 0.0619729809 2.29396259
1.03015933 0.074276121 2.10824804
NaN NaN NaN
0.0 0.807540642 1.69990107
0.00494156301 0.785898099 1.70006829
NaN NaN NaN
0.0 0.807540642 1.69990107
-0.00494156301 0.785898099 1.70006829
NaN NaN NaN
0.0 0.807540642 1.69990107
0.0 0.735 1.579
NaN NaN NaN
0.707352868 0.570409816 1.88345144
0.468214741 0.576877267 1.76248131
NaN NaN NaN
0.707352868 0.570409816 1.88345144
0.98 0.476361365 1.86859368
NaN NaN NaN
0.707352868 0.570409816 1.88345144
0.711455636 0.576628073 1.72010999
NaN NaN NaN
0.707352868 0.570409816 1.88345144
0.845701602 0.528605982 1.75282777
NaN NaN NaN
2.05649814 0.0355125689 2.74081902
1.58619811 0.0506595796 2.47084401
NaN NaN NaN
2.05649814 0.0355125689 2.74081902
2.5866729 0.0394218786 2.70071828
NaN NaN NaN
2.05649814 0.0355125689 2.74081902
1.91062455 0.0716463468 2.11421701
NaN NaN NaN
2.05649814 0.0355125689 2.74081902
2.46169308 0.0648158997 2.2078516
NaN NaN NaN
-0.707584587 0.570761015 1.87422613
-0.835552737 0.524448174 1.91080401
NaN NaN NaN
-0.707584587 0.570761015 1.87422613
-0.434956506 0.577312317 1.76658356
NaN NaN NaN
-0.707584587 0.570761015 1.87422613
-0.849165003 0.526274063 1.77049001
NaN NaN NaN
-0.707584587 0.570761015 1.87422613
-0.711526364 0.576735271 1.71729412
NaN NaN NaN
-0.707584587 0.570761015 1.87422613
-0.562210529 0.583297575 1.579
NaN NaN NaN
-2.46889744 0.0219494103 3.02514173
-2.30272684 0.0497469305 2.49470356
NaN NaN NaN
-2.46889744 0.0219494103 3.02514173
-2.98567464 0.0287297762 2.96222165
NaN NaN NaN
-2.46889744 0.0219494103 3.02514173
-2.80240612 0.0445723783 2.60808153
NaN NaN NaN
0.00494156301 0.785898099 1.70006829
0.00663798814 0.730049636 1.72233554
NaN NaN NaN
0.00494156301 0.785898099 1.70006829
0.0 0.735 1.579
NaN NaN NaN
-0.00494156301 0.785898099 1.70006829
-0.0066338248 0.730052741 1.72224564
NaN NaN NaN
-0.00494156301 0.785898099 1.70006829
0.0 0.735 1.579
NaN NaN NaN
2.86760273 0.0071735488 3.39463759
2.5866729 0.0394218786 2.70071828
NaN NaN NaN
2.86760273 0.0071735488 3.39463759
3.35551512 -0.0114562366 3.46774569
NaN NaN NaN
2.86760273 0.0071735488 3.39463759
3.34948729 0.0166344703 3.32753974
NaN NaN NaN
2.86760273 0.0071735488 3.39463759
3.04230862 0.0324557214 2.88862748
NaN NaN NaN
-0.98 0.471022087 1.98196435
-0.835552737 0.524448174 1.91080401
NaN NaN NaN
-0.98 0.471022087 1.98196435
-0.98 0.268735292 2.08662845
NaN NaN NaN
-0.98 0.471022087 1.98196435
-0.98 0.477946435 1.83493737
NaN NaN NaN
-0.98 0.471022087 1.98196435
-0.98 0.227394559 1.96932502
NaN NaN NaN
-0.98 0.471022087 1.98196435
-0.98 0.278365582 1.83571921
NaN NaN NaN
1.58619811 0.0506595796 2.47084401
1.43796498 0.0725090257 2.12149667
NaN NaN NaN
1.58619811 0.0506595796 2.47084401
1.91062455 0.0716463468 2.11421701
NaN NaN NaN
0.00663798814 0.730049636 1.72233554
0.198217886 0.665874797 1.72329464
NaN NaN NaN
0.00663798814 0.730049636 1.72233554
0.0 0.735 1.579
NaN NaN NaN
0.00663798814 0.730049636 1.72233554
0.1015 0.701 1.5795
NaN NaN NaN
-0.0066338248 0.730052741 1.72224564
-0.198220898 0.665875505 1.72320438
NaN NaN NaN
-0.0066338248 0.730052741 1.72224564
0.0 0.735 1.579
NaN NaN NaN
-0.0066338248 0.730052741 1.72224564
-0.1015 0.701 1.5795
NaN NaN NaN
-0.835552737 0.524448174 1.91080401
-0.98 0.477946435 1.83493737
NaN NaN NaN
-0.835552737 0.524448174 1.91080401
-0.849165003 0.526274063 1.77049001
NaN NaN NaN
-0.389968763 -0.632906834 2.76106901
-0.740234667 -0.612546668 2.78845065
NaN NaN NaN
-0.389968763 -0.632906834 2.76106901
-0.743006646 -0.625928638 2.54489879
NaN NaN NaN
-0.389968763 -0.632906834 2.76106901
-0.401969946 -0.64774466 2.48307798
NaN NaN NaN
2.86779759 -0.0238520839 3.39461046
3.35551512 -0.0114562366 3.46774569
NaN NaN NaN
2.86779759 -0.0238520839 3.39461046
3.34965043 -0.0229807406 3.32751703
NaN NaN NaN
2.86779759 -0.0238520839 3.39461046
3.04592424 -0.0169535242 2.84324545
NaN NaN NaN
-0.740234667 -0.612546668 2.78845065
-0.968859986 -0.407299219 2.55105211
NaN NaN NaN
-0.740234667 -0.612546668 2.78845065
-0.743006646 -0.625928638 2.54489879
NaN NaN NaN
-0.98 0.268735292 2.08662845
-0.992285575 0.0916600268 2.16284369
NaN NaN NaN
-0.98 0.268735292 2.08662845
-0.98 0.227394559 1.96932502
NaN NaN NaN
-0.98 0.268735292 2.08662845
-0.993134683 0.0958524959 2.0270926
NaN NaN NaN
0.986877351 -0.0248387715 2.29687387
0.977527727 -0.226083746 2.39285102
NaN NaN NaN
0.986877351 -0.0248387715 2.29687387
1.0306087 -0.0234820694 2.18339107
NaN NaN NaN
0.986877351 -0.0248387715 2.29687387
0.987635751 -0.0241493173 2.12058043
NaN NaN NaN
0.986877351 -0.0248387715 2.29687387
0.978279947 -0.224638308 2.2221856
NaN NaN NaN
-1.03734133 0.0894871282 2.22162491
-1.03739422 0.0667098574 2.22245996
NaN NaN NaN
-1.03734133 0.0894871282 2.22162491
-0.992285575 0.0916600268 2.16284369
NaN NaN NaN
-1.03734133 0.0894871282 2.22162491
-1.0325137 0.0818445534 2.14541481
NaN NaN NaN
-1.03734133 0.0894871282 2.22162491
-1.0276383 0.0943016046 2.06845049
NaN NaN NaN
-2.56400728 -0.0209303058 3.08190508
-2.27247787 -0.0195015094 2.6891373
NaN NaN NaN
-2.56400728 -0.0209303058 3.08190508
-3.21267368 -0.0232284382 3.34658974
NaN NaN NaN
-2.56400728 -0.0209303058 3.08190508
-2.76594357 -0.0197181805 2.62744413
NaN NaN NaN
-2.56400728 -0.0209303058 3.08190508
-3.38507782 -0.0210395542 2.8963453
NaN NaN NaN
0.198217886 0.665874797 1.72329464
0.241385854 0.580430733 1.72380093
NaN NaN NaN
0.198217886 0.665874797 1.72329464
0.1015 0.701 1.5795
NaN NaN NaN
0.198217886 0.665874797 1.72329464
0.203 0.667 1.58
NaN NaN NaN
0.198217886 0.665874797 1.72329464
0.244 0.586 1.579
NaN NaN NaN
-0.198220898 0.665875505 1.72320438
-0.241389027 0.580437491 1.72362522
NaN NaN NaN
-0.198220898 0.665875505 1.72320438
-0.1015 0.701 1.5795
NaN NaN NaN
-0.198220898 0.665875505 1.72320438
-0.203 0.667 1.58
NaN NaN NaN
-0.198220898 0.665875505 1.72320438
-0.244 0.586 1.579
NaN NaN NaN
0.391381601 -0.634653616 2.72834255
0.741940545 -0.620781941 2.63856868
NaN NaN NaN
0.391381601 -0.634653616 2.72834255
0.403413104 -0.649528929 2.44964918
NaN NaN NaN
-1.03739422 0.0667098574 2.22245996
-1.21214882 0.0634425266 2.2695996
NaN NaN NaN
-1.03739422 0.0667098574 2.22245996
-1.0325137 0.0818445534 2.14541481
NaN NaN NaN
-1.03739422 0.0667098574 2.22245996
-1.15428348 0.0730123662 2.12358141
NaN NaN NaN
-1.03739422 0.0667098574 2.22245996
-1.02768096 0.0768680027 2.06912387
NaN NaN NaN
-1.21214882 0.0634425266 2.2695996
-1.47155981 0.0583948749 2.34612544
NaN NaN NaN
-1.21214882 0.0634425266 2.2695996
-1.15428348 0.0730123662 2.12358141
NaN NaN NaN
-1.21214882 0.0634425266 2.2695996
-1.32362805 0.0761552704 2.06841993
NaN NaN NaN
0.968805518 -0.404303472 2.59749526
0.977527727 -0.226083746 2.39285102
NaN NaN NaN
0.968805518 -0.404303472 2.59749526
0.741940545 -0.620781941 2.63856868
NaN NaN NaN
0.968805518 -0.404303472 2.59749526
0.969091783 -0.420048039 2.35340676
NaN NaN NaN
0.968805518 -0.404303472 2.59749526
0.744893883 -0.635039435 2.37908228
NaN NaN NaN
1.00997957 0.0905665287 2.19038008
0.992662768 0.0935224168 2.10253997
NaN NaN NaN
1.00997957 0.0905665287 2.19038008
1.02336109 0.0930820744 2.10327227
NaN NaN NaN
-0.434956506 0.577312317 1.76658356
-0.241389027 0.580437491 1.72362522
NaN NaN NaN
-0.434956506 0.577312317 1.76658356
-0.403515879 0.5846453 1.579
NaN NaN NaN
-0.434956506 0.577312317 1.76658356
-0.562210529 0.583297575 1.579
NaN NaN NaN
-1.47155981 0.0583948749 2.34612544
-1.32362805 0.0761552704 2.06841993
NaN NaN NaN
-1.47155981 0.0583948749 2.34612544
-1.60964968 0.0854999913 1.90123444
NaN NaN NaN
-1.47155981 0.0583948749 2.34612544
-2.08868976 0.0728184494 2.08303574
NaN NaN NaN
-0.987076572 -0.0246576615 2.25056404
-1.0343759 -0.0236195582 2.24020147
NaN NaN NaN
-0.987076572 -0.0246576615 2.25056404
-0.979894044 -0.17872964 2.33721896
NaN NaN NaN
-0.987076572 -0.0246576615 2.25056404
-0.98773469 -0.0240593726 2.09758157
NaN NaN NaN
-0.987076572 -0.0246576615 2.25056404
-0.978662359 -0.219911136 2.19374253
NaN NaN NaN
0.468214741 0.576877267 1.76248131
0.241385854 0.580430733 1.72380093
NaN NaN NaN
0.468214741 0.576877267 1.76248131
0.711455636 0.576628073 1.72010999
NaN NaN NaN
0.468214741 0.576877267 1.76248131
0.402023039 0.584657978 1.579
NaN NaN NaN
0.468214741 0.576877267 1.76248131
0.561680019 0.583302081 1.579
NaN NaN NaN
-0.992285575 0.0916600268 2.16284369
-1.0276383 0.0943016046 2.06845049
NaN NaN NaN
-0.992285575 0.0916600268 2.16284369
-0.993134683 0.0958524959 2.0270926
NaN NaN NaN
-1.18624529 -0.0174211479 2.29586758
-1.0343759 -0.0236195582 2.24020147
NaN NaN NaN
-1.18624529 -0.0174211479 2.29586758
-1.42913906 -0.0173349328 2.20186239
NaN NaN NaN
-1.18624529 -0.0174211479 2.29586758
-1.19248085 -0.0169010905 2.12258422
NaN NaN NaN
0.98 0.257182945 2.02948787
0.98 0.476361365 1.86859368
NaN NaN NaN
0.98 0.257182945 2.02948787
0.992662768 0.0935224168 2.10253997
NaN NaN NaN
0.98 0.257182945 2.02948787
0.98 0.26719224 1.83206673
NaN NaN NaN
0.98 0.257182945 2.02948787
0.993645985 0.0983770516 1.94534813
NaN NaN NaN
0.977527727 -0.226083746 2.39285102
0.978279947 -0.224638308 2.2221856
NaN NaN NaN
0.977527727 -0.226083746 2.39285102
0.969091783 -0.420048039 2.35340676
NaN NaN NaN
0.241385854 0.580430733 1.72380093
0.244 0.586 1.579
NaN NaN NaN
0.241385854 0.580430733 1.72380093
0.402023039 0.584657978 1.579
NaN NaN NaN
-0.241389027 0.580437491 1.72362522
-0.244 0.586 1.579
NaN NaN NaN
-0.241389027 0.580437491 1.72362522
-0.403515879 0.5846453 1.579
NaN NaN NaN
-1.0343759 -0.0236195582 2.24020147
-0.98773469 -0.0240593726 2.09758157
NaN NaN NaN
-1.0343759 -0.0236195582 2.24020147
-1.02416059 -0.0232467368 2.08615166
NaN NaN NaN
-1.0343759 -0.0236195582 2.24020147
-1.19248085 -0.0169010905 2.12258422
NaN NaN NaN
-0.968859986 -0.407299219 2.55105211
-0.743006646 -0.625928638 2.54489879
NaN NaN NaN
-0.968859986 -0.407299219 2.55105211
-0.969115921 -0.42137566 2.33282462
NaN NaN NaN
1.67524958 -0.0138943492 2.44811426
2.18855522 -0.0121612953 2.55704822
NaN NaN NaN
1.67524958 -0.0138943492 2.44811426
1.47784349 -0.0137346638 2.08066584
NaN NaN NaN
1.67524958 -0.0138943492 2.44811426
1.94401503 -0.0038595462 1.991053
NaN NaN NaN
-0.979894044 -0.17872964 2.33721896
-0.978662359 -0.219911136 2.19374253
NaN NaN NaN
-0.979894044 -0.17872964 2.33721896
-0.969115921 -0.42137566 2.33282462
NaN NaN NaN
-1.0325137 0.0818445534 2.14541481
-1.0276383 0.0943016046 2.06845049
NaN NaN NaN
-1.0325137 0.0818445534 2.14541481
-1.02768096 0.0768680027 2.06912387
NaN NaN NaN
0.98 0.476361365 1.86859368
0.845701602 0.528605982 1.75282777
NaN NaN NaN
0.98 0.476361365 1.86859368
0.98 0.483691325 1.71295419
NaN NaN NaN
0.98 0.476361365 1.86859368
0.98 0.26719224 1.83206673
NaN NaN NaN
0.98 0.476361365 1.86859368
0.98 0.324736543 1.6834176
NaN NaN NaN
0.149946293 -0.380098335 2.37056168
0.0 -0.413679117 2.37006375
NaN NaN NaN
0.149946293 -0.380098335 2.37056168
0.403413104 -0.649528929 2.44964918
NaN NaN NaN
0.149946293 -0.380098335 2.37056168
0.156284721 -0.388840994 2.0926544
NaN NaN NaN
0.149946293 -0.380098335 2.37056168
0.414346361 -0.66304641 2.1963952
NaN NaN NaN
1.22930313 0.0686460816 2.18879679
1.03015933 0.074276121 2.10824804
NaN NaN NaN
1.22930313 0.0686460816 2.18879679
1.43796498 0.0725090257 2.12149667
NaN NaN NaN
1.22930313 0.0686460816 2.18879679
1.19921149 0.0803348495 2.00890378
NaN NaN NaN
0.992662768 0.0935224168 2.10253997
1.02336109 0.0930820744 2.10327227
NaN NaN NaN
0.992662768 0.0935224168 2.10253997
1.00624258 0.0957619134 2.02425888
NaN NaN NaN
0.992662768 0.0935224168 2.10253997
0.993645985 0.0983770516 1.94534813
NaN NaN NaN
1.02336109 0.0930820744 2.10327227
1.03015933 0.074276121 2.10824804
NaN NaN NaN
1.02336109 0.0930820744 2.10327227
1.00624258 0.0957619134 2.02425888
NaN NaN NaN
1.02336109 0.0930820744 2.10327227
1.02215004 0.0876389866 2.02544516
NaN NaN NaN
1.02336109 0.0930820744 2.10327227
1.01530049 0.0980661109 1.94587517
NaN NaN NaN
1.20674893 -0.0202820408 2.238237
1.0306087 -0.0234820694 2.18339107
NaN NaN NaN
1.20674893 -0.0202820408 2.238237
1.20371055 -0.0191648915 2.03639255
NaN NaN NaN
1.20674893 -0.0202820408 2.238237
1.47784349 -0.0137346638 2.08066584
NaN NaN NaN
-0.98 0.477946435 1.83493737
-0.849165003 0.526274063 1.77049001
NaN NaN NaN
-0.98 0.477946435 1.83493737
-0.98 0.278365582 1.83571921
NaN NaN NaN
-0.98 0.477946435 1.83493737
-0.98 0.48421731 1.70178578
NaN NaN NaN
-0.98 0.477946435 1.83493737
-0.98 0.351901664 1.70034721
NaN NaN NaN
1.0306087 -0.0234820694 2.18339107
0.987635751 -0.0241493173 2.12058043
NaN NaN NaN
1.0306087 -0.0234820694 2.18339107
1.01844687 -0.0230382069 1.99998708
NaN NaN NaN
1.0306087 -0.0234820694 2.18339107
1.20371055 -0.0191648915 2.03639255
NaN NaN NaN
1.03015933 0.074276121 2.10824804
1.02215004 0.0876389866 2.02544516
NaN NaN NaN
1.03015933 0.074276121 2.10824804
1.19921149 0.0803348495 2.00890378
NaN NaN NaN
1.03015933 0.074276121 2.10824804
1.01977923 0.0851316402 1.94438517
NaN NaN NaN
0.0 -0.413679117 2.37006375
-0.151057992 -0.381631714 2.3218194
NaN NaN NaN
0.0 -0.413679117 2.37006375
0.156284721 -0.388840994 2.0926544
NaN NaN NaN
0.0 -0.413679117 2.37006375
0.0 -0.423288021 2.09184229
NaN NaN NaN
0.711455636 0.576628073 1.72010999
0.845701602 0.528605982 1.75282777
NaN NaN NaN
0.711455636 0.576628073 1.72010999
0.561680019 0.583302081 1.579
NaN NaN NaN
0.711455636 0.576628073 1.72010999
0.715 0.582 1.579
NaN NaN NaN
0.711455636 0.576628073 1.72010999
0.849481014 0.535312252 1.579
NaN NaN NaN
0.741940545 -0.620781941 2.63856868
0.403413104 -0.649528929 2.44964918
NaN NaN NaN
0.741940545 -0.620781941 2.63856868
0.744893883 -0.635039435 2.37908228
NaN NaN NaN
-0.849165003 0.526274063 1.77049001
-0.711526364 0.576735271 1.71729412
NaN NaN NaN
-0.849165003 0.526274063 1.77049001
-0.98 0.48421731 1.70178578
NaN NaN NaN
-0.849165003 0.526274063 1.77049001
-0.849096225 0.535445839 1.579
NaN NaN NaN
0.0 0.735 1.579
0.1015 0.701 1.5795
NaN NaN NaN
0.0 0.735 1.579
-0.1015 0.701 1.5795
NaN NaN NaN
0.0 0.735 1.579
0.0 0.742394852 1.40816382
NaN NaN NaN
-0.711526364 0.576735271 1.71729412
-0.562210529 0.583297575 1.579
NaN NaN NaN
-0.711526364 0.576735271 1.71729412
-0.715 0.582 1.579
NaN NaN NaN
-0.711526364 0.576735271 1.71729412
-0.849096225 0.535445839 1.579
NaN NaN NaN
-1.15428348 0.0730123662 2.12358141
-1.02768096 0.0768680027 2.06912387
NaN NaN NaN
-1.15428348 0.0730123662 2.12358141
-1.32362805 0.0761552704 2.06841993
NaN NaN NaN
-1.15428348 0.0730123662 2.12358141
-1.17061048 0.0817349534 1.98866968
NaN NaN NaN
-0.98 0.227394559 1.96932502
-0.993134683 0.0958524959 2.0270926
NaN NaN NaN
-0.98 0.227394559 1.96932502
-0.98 0.278365582 1.83571921
NaN NaN NaN
-0.98 0.227394559 1.96932502
-0.993927746 0.0997682472 1.90030157
NaN NaN NaN
-0.151057992 -0.381631714 2.3218194
-0.401969946 -0.64774466 2.48307798
NaN NaN NaN
-0.151057992 -0.381631714 2.3218194
0.0 -0.423288021 2.09184229
NaN NaN NaN
-0.151057992 -0.381631714 2.3218194
-0.157218642 -0.390129161 2.05170678
NaN NaN NaN
-0.151057992 -0.381631714 2.3218194
-0.413072676 -0.661471672 2.22589838
NaN NaN NaN
0.845701602 0.528605982 1.75282777
0.98 0.483691325 1.71295419
NaN NaN NaN
0.845701602 0.528605982 1.75282777
0.849481014 0.535312252 1.579
NaN NaN NaN
-1.0276383 0.0943016046 2.06845049
-1.02768096 0.0768680027 2.06912387
NaN NaN NaN
-1.0276383 0.0943016046 2.06845049
-0.993134683 0.0958524959 2.0270926
NaN NaN NaN
-1.0276383 0.0943016046 2.06845049
-1.02317489 0.0890462591 1.99798991
NaN NaN NaN
-1.0276383 0.0943016046 2.06845049
-1.01867454 0.0987492759 1.92694611
NaN NaN NaN
0.1015 0.701 1.5795
0.203 0.667 1.58
NaN NaN NaN
0.1015 0.701 1.5795
0.0 0.742394852 1.40816382
NaN NaN NaN
0.1015 0.701 1.5795
0.204963397 0.673720858 1.4093355
NaN NaN NaN
-0.1015 0.701 1.5795
-0.203 0.667 1.58
NaN NaN NaN
-0.1015 0.701 1.5795
0.0 0.742394852 1.40816382
NaN NaN NaN
-0.1015 0.701 1.5795
-0.204963397 0.673720858 1.4093355
NaN NaN NaN
-2.27247787 -0.0195015094 2.6891373
-1.83523472 -0.0179526423 2.29607881
NaN NaN NaN
-2.27247787 -0.0195015094 2.6891373
-2.76594357 -0.0197181805 2.62744413
NaN NaN NaN
-2.27247787 -0.0195015094 2.6891373
-2.18118394 -0.0172908903 1.98435218
NaN NaN NaN
-2.27247787 -0.0195015094 2.6891373
-2.62133789 -0.0180994946 2.13236472
NaN NaN NaN
-1.02768096 0.0768680027 2.06912387
-1.02317489 0.0890462591 1.99798991
NaN NaN NaN
-1.02768096 0.0768680027 2.06912387
-1.17061048 0.0817349534 1.98866968
NaN NaN NaN
-1.02768096 0.0768680027 2.06912387
-1.01870577 0.0862542722 1.92743916
NaN NaN NaN
0.203 0.667 1.58
0.244 0.586 1.579
NaN NaN NaN
0.203 0.667 1.58
0.224568152 0.628948771 1.49418439
NaN NaN NaN
0.203 0.667 1.58
0.204963397 0.673720858 1.4093355
NaN NaN NaN
-0.203 0.667 1.58
-0.244 0.586 1.579
NaN NaN NaN
-0.203 0.667 1.58
-0.224874805 0.629103918 1.4941942
NaN NaN NaN
-0.203 0.667 1.58
-0.204963397 0.673720858 1.4093355
NaN NaN NaN
0.987635751 -0.0241493173 2.12058043
0.978279947 -0.224638308 2.2221856
NaN NaN NaN
0.987635751 -0.0241493173 2.12058043
1.01844687 -0.0230382069 1.99998708
NaN NaN NaN
0.987635751 -0.0241493173 2.12058043
0.988322654 -0.02352486 1.96090671
NaN NaN NaN
0.987635751 -0.0241493173 2.12058043
0.97929984 -0.218267658 2.03922317
NaN NaN NaN
-0.993134683 0.0958524959 2.0270926
-1.01867454 0.0987492759 1.92694611
NaN NaN NaN
-0.993134683 0.0958524959 2.0270926
-0.993927746 0.0997682472 1.90030157
NaN NaN NaN
1.00624258 0.0957619134 2.02425888
0.993645985 0.0983770516 1.94534813
NaN NaN NaN
1.00624258 0.0957619134 2.02425888
1.01530049 0.0980661109 1.94587517
NaN NaN NaN
-3.22327494 -0.0123786041 3.47778924
-3.21237873 0.0139425946 3.34663081
NaN NaN NaN
-3.22327494 -0.0123786041 3.47778924
-3.21267368 -0.0232284382 3.34658974
NaN NaN NaN
-3.22327494 -0.0123786041 3.47778924
-3.71291967 -0.00896336059 3.44060104
NaN NaN NaN
1.02215004 0.0876389866 2.02544516
1.01530049 0.0980661109 1.94587517
NaN NaN NaN
1.02215004 0.0876389866 2.02544516
1.01977923 0.0851316402 1.94438517
NaN NaN NaN
-0.98773469 -0.0240593726 2.09758157
-1.02416059 -0.0232467368 2.08615166
NaN NaN NaN
-0.98773469 -0.0240593726 2.09758157
-0.978662359 -0.219911136 2.19374253
NaN NaN NaN
-0.98773469 -0.0240593726 2.09758157
-0.988355735 -0.0234947867 1.95321695
NaN NaN NaN
-0.98773469 -0.0240593726 2.09758157
-0.979270921 -0.221946253 2.02449801
NaN NaN NaN
-1.02416059 -0.0232467368 2.08615166
-1.19248085 -0.0169010905 2.12258422
NaN NaN NaN
-1.02416059 -0.0232467368 2.08615166
-1.14292862 -0.0164512858 1.98753891
NaN NaN NaN
-1.02416059 -0.0232467368 2.08615166
-0.988355735 -0.0234947867 1.95321695
NaN NaN NaN
-1.02416059 -0.0232467368 2.08615166
-1.01463726 -0.0228991701 1.94253707
NaN NaN NaN
-0.743006646 -0.625928638 2.54489879
-0.401969946 -0.64774466 2.48307798
NaN NaN NaN
-0.743006646 -0.625928638 2.54489879
-0.969115921 -0.42137566 2.33282462
NaN NaN NaN
-0.743006646 -0.625928638 2.54489879
-0.745583772 -0.638369933 2.31846722
NaN NaN NaN
-1.42913906 -0.0173349328 2.20186239
-1.19248085 -0.0169010905 2.12258422
NaN NaN NaN
-1.42913906 -0.0173349328 2.20186239
-1.83523472 -0.0179526423 2.29607881
NaN NaN NaN
-1.42913906 -0.0173349328 2.20186239
-1.33468047 -0.0164052464 1.92059349
NaN NaN NaN
-1.42913906 -0.0173349328 2.20186239
-1.71560178 -0.0168816469 1.97497758
NaN NaN NaN
2.18855522 -0.0121612953 2.55704822
3.04592424 -0.0169535242 2.84324545
NaN NaN NaN
2.18855522 -0.0121612953 2.55704822
1.94401503 -0.0038595462 1.991053
NaN NaN NaN
2.18855522 -0.0121612953 2.55704822
2.4590832 -0.00575738047 2.05580947
NaN NaN NaN
-1.19248085 -0.0169010905 2.12258422
-1.14292862 -0.0164512858 1.98753891
NaN NaN NaN
-1.19248085 -0.0169010905 2.12258422
-1.33468047 -0.0164052464 1.92059349
NaN NaN NaN
-1.02317489 0.0890462591 1.99798991
-1.01867454 0.0987492759 1.92694611
NaN NaN NaN
-1.02317489 0.0890462591 1.99798991
-1.01870577 0.0862542722 1.92743916
NaN NaN NaN
0.244 0.586 1.579
0.402023039 0.584657978 1.579
NaN NaN NaN
0.244 0.586 1.579
0.224568152 0.628948771 1.49418439
NaN NaN NaN
0.244 0.586 1.579
0.247551721 0.589702859 1.4084418
NaN NaN NaN
-0.244 0.586 1.579
-0.403515879 0.5846453 1.579
NaN NaN NaN
-0.244 0.586 1.579
-0.224874805 0.629103918 1.4941942
NaN NaN NaN
-0.244 0.586 1.579
-0.247551721 0.589702859 1.4084418
NaN NaN NaN
0.978279947 -0.224638308 2.2221856
0.969091783 -0.420048039 2.35340676
NaN NaN NaN
0.978279947 -0.224638308 2.2221856
0.97929984 -0.218267658 2.03922317
NaN NaN NaN
0.978279947 -0.224638308 2.2221856
0.969353582 -0.434447028 2.1301788
NaN NaN NaN
1.43796498 0.0725090257 2.12149667
1.19921149 0.0803348495 2.00890378
NaN NaN NaN
1.43796498 0.0725090257 2.12149667
1.91062455 0.0716463468 2.11421701
NaN NaN NaN
1.43796498 0.0725090257 2.12149667
1.31378514 0.0914228463 1.82866736
NaN NaN NaN
1.43796498 0.0725090257 2.12149667
1.56488816 0.0889478129 1.84833067
NaN NaN NaN
0.402023039 0.584657978 1.579
0.561680019 0.583302081 1.579
NaN NaN NaN
0.402023039 0.584657978 1.579
0.247551721 0.589702859 1.4084418
NaN NaN NaN
0.402023039 0.584657978 1.579
0.48188194 0.587556005 1.41322281
NaN NaN NaN
-0.403515879 0.5846453 1.579
-0.562210529 0.583297575 1.579
NaN NaN NaN
-0.403515879 0.5846453 1.579
-0.247551721 0.589702859 1.4084418
NaN NaN NaN
-0.403515879 0.5846453 1.579
-0.482893316 0.587512693 1.41422172
NaN NaN NaN
-0.401969946 -0.64774466 2.48307798
-0.745583772 -0.638369933 2.31846722
NaN NaN NaN
-0.401969946 -0.64774466 2.48307798
-0.413072676 -0.661471672 2.22589838
NaN NaN NaN
-1.32362805 0.0761552704 2.06841993
-1.17061048 0.0817349534 1.98866968
NaN NaN NaN
-1.32362805 0.0761552704 2.06841993
-1.29428056 0.0919061993 1.82254333
NaN NaN NaN
-1.32362805 0.0761552704 2.06841993
-1.60964968 0.0854999913 1.90123444
NaN NaN NaN
0.98 0.483691325 1.71295419
0.849481014 0.535312252 1.579
NaN NaN NaN
0.98 0.483691325 1.71295419
0.98 0.324736543 1.6834176
NaN NaN NaN
0.98 0.483691325 1.71295419
0.98 0.49 1.579
NaN NaN NaN
0.98 0.483691325 1.71295419
0.98 0.377057448 1.579
NaN NaN NaN
-0.98 0.278365582 1.83571921
-0.993927746 0.0997682472 1.90030157
NaN NaN NaN
-0.98 0.278365582 1.83571921
-0.98 0.351901664 1.70034721
NaN NaN NaN
-0.98 0.278365582 1.83571921
-0.994666552 0.103416099 1.78218505
NaN NaN NaN
-0.98 0.278365582 1.83571921
-0.98 0.221339882 1.68251318
NaN NaN NaN
-0.978662359 -0.219911136 2.19374253
-0.969115921 -0.42137566 2.33282462
NaN NaN NaN
-0.978662359 -0.219911136 2.19374253
-0.979270921 -0.221946253 2.02449801
NaN NaN NaN
-0.978662359 -0.219911136 2.19374253
-0.969358167 -0.434699192 2.1262695
NaN NaN NaN
-3.21237873 0.0139425946 3.34663081
-2.98567464 0.0287297762 2.96222165
NaN NaN NaN
-3.21237873 0.0139425946 3.34663081
-3.71291967 -0.00896336059 3.44060104
NaN NaN NaN
-3.21237873 0.0139425946 3.34663081
-3.70475732 0.023609547 3.27807177
NaN NaN NaN
-3.21237873 0.0139425946 3.34663081
-3.49976332 0.0343019157 2.91880105
NaN NaN NaN
0.561680019 0.583302081 1.579
0.715 0.582 1.579
NaN NaN NaN
0.561680019 0.583302081 1.579
0.48188194 0.587556005 1.41322281
NaN NaN NaN
0.561680019 0.583302081 1.579
0.732776452 0.585482733 1.41473107
NaN NaN NaN
-0.562210529 0.583297575 1.579
-0.715 0.582 1.579
NaN NaN NaN
-0.562210529 0.583297575 1.579
-0.482893316 0.587512693 1.41422172
NaN NaN NaN
-0.562210529 0.583297575 1.579
-0.732776452 0.585482733 1.41473107
NaN NaN NaN
0.969091783 -0.420048039 2.35340676
0.744893883 -0.635039435 2.37908228
NaN NaN NaN
0.969091783 -0.420048039 2.35340676
0.969353582 -0.434447028 2.1301788
NaN NaN NaN
0.969091783 -0.420048039 2.35340676
0.747565571 -0.647937241 2.14434221
NaN NaN NaN
-0.98 0.48421731 1.70178578
-0.849096225 0.535445839 1.579
NaN NaN NaN
-0.98 0.48421731 1.70178578
-0.98 0.351901664 1.70034721
NaN NaN NaN
-0.98 0.48421731 1.70178578
-0.98 0.49 1.579
NaN NaN NaN
-0.98 0.48421731 1.70178578
-0.98 0.377057448 1.579
NaN NaN NaN
0.98 0.26719224 1.83206673
0.993645985 0.0983770516 1.94534813
NaN NaN NaN
0.98 0.26719224 1.83206673
0.98 0.324736543 1.6834176
NaN NaN NaN
0.98 0.26719224 1.83206673
0.994525395 0.102719136 1.80475252
NaN NaN NaN
0.98 0.26719224 1.83206673
0.98 0.208099798 1.69511588
NaN NaN NaN
0.993645985 0.0983770516 1.94534813
1.01530049 0.0980661109 1.94587517
NaN NaN NaN
0.993645985 0.0983770516 1.94534813
1.00289029 0.100421811 1.87525998
NaN NaN NaN
0.993645985 0.0983770516 1.94534813
0.994525395 0.102719136 1.80475252
NaN NaN NaN
1.19921149 0.0803348495 2.00890378
1.01977923 0.0851316402 1.94438517
NaN NaN NaN
1.19921149 0.0803348495 2.00890378
1.16445446 0.0898822773 1.86329005
NaN NaN NaN
1.19921149 0.0803348495 2.00890378
1.31378514 0.0914228463 1.82866736
NaN NaN NaN
1.01530049 0.0980661109 1.94587517
1.01977923 0.0851316402 1.94438517
NaN NaN NaN
1.01530049 0.0980661109 1.94587517
1.00289029 0.100421811 1.87525998
NaN NaN NaN
1.01530049 0.0980661109 1.94587517
1.00808929 0.102524945 1.80506409
NaN NaN NaN
0.403413104 -0.649528929 2.44964918
0.744893883 -0.635039435 2.37908228
NaN NaN NaN
0.403413104 -0.649528929 2.44964918
0.414346361 -0.66304641 2.1963952
NaN NaN NaN
-1.17061048 0.0817349534 1.98866968
-1.01870577 0.0862542722 1.92743916
NaN NaN NaN
-1.17061048 0.0817349534 1.98866968
-1.15024261 0.090564404 1.85370823
NaN NaN NaN
-1.17061048 0.0817349534 1.98866968
-1.29428056 0.0919061993 1.82254333
NaN NaN NaN
1.01977923 0.0851316402 1.94438517
1.16445446 0.0898822773 1.86329005
NaN NaN NaN
1.01977923 0.0851316402 1.94438517
1.00808929 0.102524945 1.80506409
NaN NaN NaN
1.01977923 0.0851316402 1.94438517
1.01069691 0.0946299498 1.80100923
NaN NaN NaN
-0.969115921 -0.42137566 2.33282462
-0.745583772 -0.638369933 2.31846722
NaN NaN NaN
-0.969115921 -0.42137566 2.33282462
-0.969358167 -0.434699192 2.1262695
NaN NaN NaN
-3.21267368 -0.0232284382 3.34658974
-3.71291967 -0.00896336059 3.44060104
NaN NaN NaN
-3.21267368 -0.0232284382 3.34658974
-3.70497834 -0.0223381947 3.27804099
NaN NaN NaN
-3.21267368 -0.0232284382 3.34658974
-3.38507782 -0.0210395542 2.8963453
NaN NaN NaN
0.715 0.582 1.579
0.849481014 0.535312252 1.579
NaN NaN NaN
0.715 0.582 1.579
0.732776452 0.585482733 1.41473107
NaN NaN NaN
-0.715 0.582 1.579
-0.849096225 0.535445839 1.579
NaN NaN NaN
-0.715 0.582 1.579
-0.732776452 0.585482733 1.41473107
NaN NaN NaN
-1.01867454 0.0987492759 1.92694611
-1.01870577 0.0862542722 1.92743916
NaN NaN NaN
-1.01867454 0.0987492759 1.92694611
-0.993927746 0.0997682472 1.90030157
NaN NaN NaN
-1.01867454 0.0987492759 1.92694611
-1.01456448 0.0956859514 1.86206372
NaN NaN NaN
-1.01867454 0.0987492759 1.92694611
-1.01042938 0.102840383 1.79678597
NaN NaN NaN
2.5866729 0.0394218786 2.70071828
3.04230862 0.0324557214 2.88862748
NaN NaN NaN
2.5866729 0.0394218786 2.70071828
2.46169308 0.0648158997 2.2078516
NaN NaN NaN
2.5866729 0.0394218786 2.70071828
2.99436488 0.0603331057 2.26773673
NaN NaN NaN
-1.83523472 -0.0179526423 2.29607881
-1.71560178 -0.0168816469 1.97497758
NaN NaN NaN
-1.83523472 -0.0179526423 2.29607881
-2.18118394 -0.0172908903 1.98435218
NaN NaN NaN
-2.30272684 0.0497469305 2.49470356
-2.80240612 0.0445723783 2.60808153
NaN NaN NaN
-2.30272684 0.0497469305 2.49470356
-2.08868976 0.0728184494 2.08303574
NaN NaN NaN
-2.30272684 0.0497469305 2.49470356
-2.56469295 0.0672034695 2.15468554
NaN NaN NaN
-0.224874805 0.629103918 1.4941942
-0.204963397 0.673720858 1.4093355
NaN NaN NaN
-0.224874805 0.629103918 1.4941942
-0.247551721 0.589702859 1.4084418
NaN NaN NaN
0.224568152 0.628948771 1.49418439
0.204963397 0.673720858 1.4093355
NaN NaN NaN
0.224568152 0.628948771 1.49418439
0.247551721 0.589702859 1.4084418
NaN NaN NaN
-1.01870577 0.0862542722 1.92743916
-1.01456448 0.0956859514 1.86206372
NaN NaN NaN
-1.01870577 0.0862542722 1.92743916
-1.15024261 0.090564404 1.85370823
NaN NaN NaN
-1.01870577 0.0862542722 1.92743916
-1.01044824 0.0948900114 1.79708362
NaN NaN NaN
1.01844687 -0.0230382069 1.99998708
1.20371055 -0.0191648915 2.03639255
NaN NaN NaN
1.01844687 -0.0230382069 1.99998708
0.988322654 -0.02352486 1.96090671
NaN NaN NaN
1.01844687 -0.0230382069 1.99998708
1.13768609 -0.0198012413 1.88760903
NaN NaN NaN
1.01844687 -0.0230382069 1.99998708
1.0076892 -0.0226455913 1.83775831
NaN NaN NaN
3.35551512 -0.0114562366 3.46774569
3.34948729 0.0166344703 3.32753974
NaN NaN NaN
3.35551512 -0.0114562366 3.46774569
3.34965043 -0.0229807406 3.32751703
NaN NaN NaN
3.35551512 -0.0114562366 3.46774569
3.80872365 -0.0082951334 3.43332479
NaN NaN NaN
-0.993927746 0.0997682472 1.90030157
-1.01042938 0.102840383 1.79678597
NaN NaN NaN
-0.993927746 0.0997682472 1.90030157
-0.994666552 0.103416099 1.78218505
NaN NaN NaN
1.20371055 -0.0191648915 2.03639255
1.47784349 -0.0137346638 2.08066584
NaN NaN NaN
1.20371055 -0.0191648915 2.03639255
1.13768609 -0.0198012413 1.88760903
NaN NaN NaN
1.20371055 -0.0191648915 2.03639255
1.31465259 -0.0151743878 1.81691212
NaN NaN NaN
0.0 0.742394852 1.40816382
0.204963397 0.673720858 1.4093355
NaN NaN NaN
0.0 0.742394852 1.40816382
-0.204963397 0.673720858 1.4093355
NaN NaN NaN
0.0 0.742394852 1.40816382
0.0 0.753075409 1.16142116
NaN NaN NaN
0.0 0.742394852 1.40816382
-0.207801 0.683434192 1.16268231
NaN NaN NaN
0.988322654 -0.02352486 1.96090671
0.97929984 -0.218267658 2.03922317
NaN NaN NaN
0.988322654 -0.02352486 1.96090671
1.0076892 -0.0226455913 1.83775831
NaN NaN NaN
0.988322654 -0.02352486 1.96090671
0.988941783 -0.0229620154 1.81698733
NaN NaN NaN
0.988322654 -0.02352486 1.96090671
0.979613467 -0.226852097 1.86718794
NaN NaN NaN
-0.849096225 0.535445839 1.579
-0.98 0.49 1.579
NaN NaN NaN
-0.849096225 0.535445839 1.579
-0.732776452 0.585482733 1.41473107
NaN NaN NaN
-0.849096225 0.535445839 1.579
-0.986876656 0.496876656 1.4208369
NaN NaN NaN
0.849481014 0.535312252 1.579
0.98 0.49 1.579
NaN NaN NaN
0.849481014 0.535312252 1.579
0.732776452 0.585482733 1.41473107
NaN NaN NaN
0.849481014 0.535312252 1.579
0.986876656 0.496876656 1.4208369
NaN NaN NaN
1.00289029 0.100421811 1.87525998
0.994525395 0.102719136 1.80475252
NaN NaN NaN
1.00289029 0.100421811 1.87525998
1.00808929 0.102524945 1.80506409
NaN NaN NaN
-1.14292862 -0.0164512858 1.98753891
-1.01463726 -0.0228991701 1.94253707
NaN NaN NaN
-1.14292862 -0.0164512858 1.98753891
-1.33468047 -0.0164052464 1.92059349
NaN NaN NaN
-1.14292862 -0.0164512858 1.98753891
-1.14879175 -0.0160881201 1.86612469
NaN NaN NaN
-0.988355735 -0.0234947867 1.95321695
-1.01463726 -0.0228991701 1.94253707
NaN NaN NaN
-0.988355735 -0.0234947867 1.95321695
-0.979270921 -0.221946253 2.02449801
NaN NaN NaN
-0.988355735 -0.0234947867 1.95321695
-0.988940317 -0.0229633484 1.81732818
NaN NaN NaN
-0.988355735 -0.0234947867 1.95321695
-0.979699663 -0.227135144 1.86497491
NaN NaN NaN
-0.98 0.351901664 1.70034721
-0.98 0.221339882 1.68251318
NaN NaN NaN
-0.98 0.351901664 1.70034721
-0.98 0.377057448 1.579
NaN NaN NaN
-0.98 0.351901664 1.70034721
-0.98 0.276149768 1.579
NaN NaN NaN
1.47784349 -0.0137346638 2.08066584
1.31465259 -0.0151743878 1.81691212
NaN NaN NaN
1.47784349 -0.0137346638 2.08066584
1.94401503 -0.0038595462 1.991053
NaN NaN NaN
1.47784349 -0.0137346638 2.08066584
1.61420804 -0.00508464543 1.52976725
NaN NaN NaN
-2.98567464 0.0287297762 2.96222165
-2.80240612 0.0445723783 2.60808153
NaN NaN NaN
-2.98567464 0.0287297762 2.96222165
-3.49976332 0.0343019157 2.91880105
NaN NaN NaN
-2.98567464 0.0287297762 2.96222165
-3.38998144 0.0554163564 2.36019467
NaN NaN NaN
-1.01456448 0.0956859514 1.86206372
-1.01042938 0.102840383 1.79678597
NaN NaN NaN
-1.01456448 0.0956859514 1.86206372
-1.01044824 0.0948900114 1.79708362
NaN NaN NaN
-1.01463726 -0.0228991701 1.94253707
-1.14879175 -0.0160881201 1.86612469
NaN NaN NaN
-1.01463726 -0.0228991701 1.94253707
-0.988940317 -0.0229633484 1.81732818
NaN NaN NaN
-1.01463726 -0.0228991701 1.94253707
-1.00579385 -0.0225764177 1.8091758
NaN NaN NaN
0.204963397 0.673720858 1.4093355
0.247551721 0.589702859 1.4084418
NaN NaN NaN
0.204963397 0.673720858 1.4093355
0.0 0.753075409 1.16142116
NaN NaN NaN
0.204963397 0.673720858 1.4093355
0.207801 0.683434192 1.16268231
NaN NaN NaN
0.204963397 0.673720858 1.4093355
0.252687899 0.595057597 1.161796
NaN NaN NaN
-0.204963397 0.673720858 1.4093355
-0.247551721 0.589702859 1.4084418
NaN NaN NaN
-0.204963397 0.673720858 1.4093355
-0.207801 0.683434192 1.16268231
NaN NaN NaN
-0.204963397 0.673720858 1.4093355
-0.252687899 0.595057597 1.161796
NaN NaN NaN
3.34948729 0.0166344703 3.32753974
3.04230862 0.0324557214 2.88862748
NaN NaN NaN
3.34948729 0.0166344703 3.32753974
3.80872365 -0.0082951334 3.43332479
NaN NaN NaN
3.34948729 0.0166344703 3.32753974
3.80412557 0.0255604607 3.26423568
NaN NaN NaN
3.34948729 0.0166344703 3.32753974
3.51070575 0.0379257177 2.82422163
NaN NaN NaN
0.156284721 -0.388840994 2.0926544
0.0 -0.423288021 2.09184229
NaN NaN NaN
0.156284721 -0.388840994 2.0926544
0.414346361 -0.66304641 2.1963952
NaN NaN NaN
0.156284721 -0.388840994 2.0926544
0.162292665 -0.397127814 1.8292371
NaN NaN NaN
0.156284721 -0.388840994 2.0926544
0.0 -0.432382118 1.82852685
NaN NaN NaN
0.156284721 -0.388840994 2.0926544
0.424199017 -0.675227876 1.96817186
NaN NaN NaN
0.744893883 -0.635039435 2.37908228
0.414346361 -0.66304641 2.1963952
NaN NaN NaN
0.744893883 -0.635039435 2.37908228
0.747565571 -0.647937241 2.14434221
NaN NaN NaN
0.98 0.324736543 1.6834176
0.98 0.208099798 1.69511588
NaN NaN NaN
0.98 0.324736543 1.6834176
0.98 0.377057448 1.579
NaN NaN NaN
0.98 0.324736543 1.6834176
0.98 0.276149768 1.579
NaN NaN NaN
0.98 0.49 1.579
0.98 0.377057448 1.579
NaN NaN NaN
0.98 0.49 1.579
0.986876656 0.496876656 1.4208369
NaN NaN NaN
-0.98 0.49 1.579
-0.98 0.377057448 1.579
NaN NaN NaN
-0.98 0.49 1.579
-0.986876656 0.496876656 1.4208369
NaN NaN NaN
1.16445446 0.0898822773 1.86329005
1.01069691 0.0946299498 1.80100923
NaN NaN NaN
1.16445446 0.0898822773 1.86329005
1.31378514 0.0914228463 1.82866736
NaN NaN NaN
1.16445446 0.0898822773 1.86329005
1.14443678 0.098859009 1.72619021
NaN NaN NaN
0.0 -0.423288021 2.09184229
-0.157218642 -0.390129161 2.05170678
NaN NaN NaN
0.0 -0.423288021 2.09184229
0.0 -0.432382118 1.82852685
NaN NaN NaN
0.97929984 -0.218267658 2.03922317
0.969353582 -0.434447028 2.1301788
NaN NaN NaN
0.97929984 -0.218267658 2.03922317
0.979613467 -0.226852097 1.86718794
NaN NaN NaN
0.97929984 -0.218267658 2.03922317
0.969591443 -0.447529386 1.92736261
NaN NaN NaN
3.34965043 -0.0229807406 3.32751703
3.04592424 -0.0169535242 2.84324545
NaN NaN NaN
3.34965043 -0.0229807406 3.32751703
3.80872365 -0.0082951334 3.43332479
NaN NaN NaN
3.34965043 -0.0229807406 3.32751703
3.80425005 -0.0221586798 3.26421835
NaN NaN NaN
3.34965043 -0.0229807406 3.32751703
3.50601891 -0.0168732962 2.79265814
NaN NaN NaN
-1.15024261 0.090564404 1.85370823
-1.01044824 0.0948900114 1.79708362
NaN NaN NaN
-1.15024261 0.090564404 1.85370823
-1.29428056 0.0919061993 1.82254333
NaN NaN NaN
-1.15024261 0.090564404 1.85370823
-1.13878852 0.0990888343 1.72311386
NaN NaN NaN
0.994525395 0.102719136 1.80475252
1.00808929 0.102524945 1.80506409
NaN NaN NaN
0.994525395 0.102719136 1.80475252
0.98 0.208099798 1.69511588
NaN NaN NaN
0.994525395 0.102719136 1.80475252
0.999897603 0.104581231 1.74226388
NaN NaN NaN
0.994525395 0.102719136 1.80475252
0.995308372 0.106585088 1.67957398
NaN NaN NaN
1.00808929 0.102524945 1.80506409
1.01069691 0.0946299498 1.80100923
NaN NaN NaN
1.00808929 0.102524945 1.80506409
0.999897603 0.104581231 1.74226388
NaN NaN NaN
1.00808929 0.102524945 1.80506409
1.00166736 0.106495755 1.67966492
NaN NaN NaN
-0.157218642 -0.390129161 2.05170678
-0.413072676 -0.661471672 2.22589838
NaN NaN NaN
-0.157218642 -0.390129161 2.05170678
0.0 -0.432382118 1.82852685
NaN NaN NaN
-0.157218642 -0.390129161 2.05170678
-0.162873002 -0.397928278 1.80379235
NaN NaN NaN
-0.157218642 -0.390129161 2.05170678
-0.423274033 -0.674084259 1.98959785
NaN NaN NaN
0.247551721 0.589702859 1.4084418
0.48188194 0.587556005 1.41322281
NaN NaN NaN
0.247551721 0.589702859 1.4084418
0.252687899 0.595057597 1.161796
NaN NaN NaN
-0.247551721 0.589702859 1.4084418
-0.482893316 0.587512693 1.41422172
NaN NaN NaN
-0.247551721 0.589702859 1.4084418
-0.252687899 0.595057597 1.161796
NaN NaN NaN
-1.01042938 0.102840383 1.79678597
-1.01044824 0.0948900114 1.79708362
NaN NaN NaN
-1.01042938 0.102840383 1.79678597
-0.994666552 0.103416099 1.78218505
NaN NaN NaN
-1.01042938 0.102840383 1.79678597
-1.00665851 0.101780741 1.73725794
NaN NaN NaN
-1.01042938 0.102840383 1.79678597
-1.00287532 0.106588582 1.67753557
NaN NaN NaN
-0.979270921 -0.221946253 2.02449801
-0.969358167 -0.434699192 2.1262695
NaN NaN NaN
-0.979270921 -0.221946253 2.02449801
-0.979699663 -0.227135144 1.86497491
NaN NaN NaN
-0.979270921 -0.221946253 2.02449801
-0.969586621 -0.447264135 1.93147481
NaN NaN NaN
1.01069691 0.0946299498 1.80100923
1.14443678 0.098859009 1.72619021
NaN NaN NaN
1.01069691 0.0946299498 1.80100923
1.00166736 0.106495755 1.67966492
NaN NaN NaN
1.01069691 0.0946299498 1.80100923
1.00280825 0.102879926 1.67647674
NaN NaN NaN
-1.01044824 0.0948900114 1.79708362
-1.00665851 0.101780741 1.73725794
NaN NaN NaN
-1.01044824 0.0948900114 1.79708362
-1.13878852 0.0990888343 1.72311386
NaN NaN NaN
-1.01044824 0.0948900114 1.79708362
-1.00288107 0.102803763 1.6776264
NaN NaN NaN
-0.994666552 0.103416099 1.78218505
-0.98 0.221339882 1.68251318
NaN NaN NaN
-0.994666552 0.103416099 1.78218505
-1.00287532 0.106588582 1.67753557
NaN NaN NaN
-0.994666552 0.103416099 1.78218505
-0.995353154 0.106806199 1.67241446
NaN NaN NaN
-0.482893316 0.587512693 1.41422172
-0.732776452 0.585482733 1.41473107
NaN NaN NaN
-0.482893316 0.587512693 1.41422172
-0.252687899 0.595057597 1.161796
NaN NaN NaN
-0.482893316 0.587512693 1.41422172
-0.758652333 0.590552294 1.17561681
NaN NaN NaN
0.48188194 0.587556005 1.41322281
0.732776452 0.585482733 1.41473107
NaN NaN NaN
0.48188194 0.587556005 1.41322281
0.252687899 0.595057597 1.161796
NaN NaN NaN
0.48188194 0.587556005 1.41322281
0.758652333 0.590552294 1.17561681
NaN NaN NaN
1.91062455 0.0716463468 2.11421701
1.56488816 0.0889478129 1.84833067
NaN NaN NaN
1.91062455 0.0716463468 2.11421701
2.46169308 0.0648158997 2.2078516
NaN NaN NaN
1.91062455 0.0716463468 2.11421701
1.96363497 0.0952509412 1.69932365
NaN NaN NaN
1.91062455 0.0716463468 2.11421701
2.31125705 0.0899523538 1.74614232
NaN NaN NaN
-0.745583772 -0.638369933 2.31846722
-0.969358167 -0.434699192 2.1262695
NaN NaN NaN
-0.745583772 -0.638369933 2.31846722
-0.413072676 -0.661471672 2.22589838
NaN NaN NaN
-0.745583772 -0.638369933 2.31846722
-0.747965816 -0.649869458 2.10917586
NaN NaN NaN
1.13768609 -0.0198012413 1.88760903
1.0076892 -0.0226455913 1.83775831
NaN NaN NaN
1.13768609 -0.0198012413 1.88760903
1.31465259 -0.0151743878 1.81691212
NaN NaN NaN
1.13768609 -0.0198012413 1.88760903
1.1432201 -0.0188787128 1.74456425
NaN NaN NaN
0.98 0.208099798 1.69511588
0.98 0.276149768 1.579
NaN NaN NaN
0.98 0.208099798 1.69511588
0.995308372 0.106585088 1.67957398
NaN NaN NaN
0.98 0.208099798 1.69511588
0.98 0.176 1.579
NaN NaN NaN
3.04230862 0.0324557214 2.88862748
3.51070575 0.0379257177 2.82422163
NaN NaN NaN
3.04230862 0.0324557214 2.88862748
2.99436488 0.0603331057 2.26773673
NaN NaN NaN
3.04230862 0.0324557214 2.88862748
3.38829724 0.054935177 2.3726503
NaN NaN NaN
-0.98 0.221339882 1.68251318
-0.98 0.276149768 1.579
NaN NaN NaN
-0.98 0.221339882 1.68251318
-0.995353154 0.106806199 1.67241446
NaN NaN NaN
-0.98 0.221339882 1.68251318
-0.98 0.176 1.579
NaN NaN NaN
0.98 0.377057448 1.579
0.98 0.276149768 1.579
NaN NaN NaN
0.98 0.377057448 1.579
0.986876656 0.496876656 1.4208369
NaN NaN NaN
0.98 0.377057448 1.579
0.984909231 0.328687529 1.47404338
NaN NaN NaN
-0.98 0.377057448 1.579
-0.98 0.276149768 1.579
NaN NaN NaN
-0.98 0.377057448 1.579
-0.986876656 0.496876656 1.4208369
NaN NaN NaN
-0.98 0.377057448 1.579
-0.984909231 0.328687529 1.47404338
NaN NaN NaN
1.0076892 -0.0226455913 1.83775831
0.988941783 -0.0229620154 1.81698733
NaN NaN NaN
1.0076892 -0.0226455913 1.83775831
1.1432201 -0.0188787128 1.74456425
NaN NaN NaN
1.0076892 -0.0226455913 1.83775831
0.998242538 -0.0223008226 1.69529989
NaN NaN NaN
-1.33468047 -0.0164052464 1.92059349
-1.14879175 -0.0160881201 1.86612469
NaN NaN NaN
-1.33468047 -0.0164052464 1.92059349
-1.71560178 -0.0168816469 1.97497758
NaN NaN NaN
-1.33468047 -0.0164052464 1.92059349
-1.24943509 -0.0155970207 1.67691566
NaN NaN NaN
-1.33468047 -0.0164052464 1.92059349
-1.46361612 -0.0154814061 1.58095927
NaN NaN NaN
-1.14879175 -0.0160881201 1.86612469
-1.00579385 -0.0225764177 1.8091758
NaN NaN NaN
-1.14879175 -0.0160881201 1.86612469
-1.10283392 -0.0156429397 1.73163512
NaN NaN NaN
-1.14879175 -0.0160881201 1.86612469
-1.24943509 -0.0155970207 1.67691566
NaN NaN NaN
0.732776452 0.585482733 1.41473107
0.986876656 0.496876656 1.4208369
NaN NaN NaN
0.732776452 0.585482733 1.41473107
0.758652333 0.590552294 1.17561681
NaN NaN NaN
-0.732776452 0.585482733 1.41473107
-0.986876656 0.496876656 1.4208369
NaN NaN NaN
-0.732776452 0.585482733 1.41473107
-0.758652333 0.590552294 1.17561681
NaN NaN NaN
0.999897603 0.104581231 1.74226388
0.995308372 0.106585088 1.67957398
NaN NaN NaN
0.999897603 0.104581231 1.74226388
1.00166736 0.106495755 1.67966492
NaN NaN NaN
-1.29428056 0.0919061993 1.82254333
-1.60964968 0.0854999913 1.90123444
NaN NaN NaN
-1.29428056 0.0919061993 1.82254333
-1.13878852 0.0990888343 1.72311386
NaN NaN NaN
-1.29428056 0.0919061993 1.82254333
-1.26163266 0.105951126 1.60477611
NaN NaN NaN
-1.29428056 0.0919061993 1.82254333
-1.44738699 0.103119789 1.629794
NaN NaN NaN
1.31378514 0.0914228463 1.82866736
1.14443678 0.098859009 1.72619021
NaN NaN NaN
1.31378514 0.0914228463 1.82866736
1.56488816 0.0889478129 1.84833067
NaN NaN NaN
1.31378514 0.0914228463 1.82866736
1.26163266 0.105951126 1.60477611
NaN NaN NaN
1.31378514 0.0914228463 1.82866736
1.44738699 0.103119789 1.629794
NaN NaN NaN
-1.00665851 0.101780741 1.73725794
-1.00287532 0.106588582 1.67753557
NaN NaN NaN
-1.00665851 0.101780741 1.73725794
-1.00288107 0.102803763 1.6776264
NaN NaN NaN
-0.988940317 -0.0229633484 1.81732818
-1.00579385 -0.0225764177 1.8091758
NaN NaN NaN
-0.988940317 -0.0229633484 1.81732818
-0.979699663 -0.227135144 1.86497491
NaN NaN NaN
-0.988940317 -0.0229633484 1.81732818
-0.989489271 -0.0224642992 1.68972129
NaN NaN NaN
-0.988940317 -0.0229633484 1.81732818
-0.981598897 -0.198547075 1.71164165
NaN NaN NaN
0.988941783 -0.0229620154 1.81698733
0.979613467 -0.226852097 1.86718794
NaN NaN NaN
0.988941783 -0.0229620154 1.81698733
0.998242538 -0.0223008226 1.69529989
NaN NaN NaN
0.988941783 -0.0229620154 1.81698733
0.989497382 -0.0224569251 1.68783575
NaN NaN NaN
0.988941783 -0.0229620154 1.81698733
0.981497209 -0.198539788 1.71093656
NaN NaN NaN
0.969353582 -0.434447028 2.1301788
0.747565571 -0.647937241 2.14434221
NaN NaN NaN
0.969353582 -0.434447028 2.1301788
0.969591443 -0.447529386 1.92736261
NaN NaN NaN
-0.969358167 -0.434699192 2.1262695
-0.747965816 -0.649869458 2.10917586
NaN NaN NaN
-0.969358167 -0.434699192 2.1262695
-0.969586621 -0.447264135 1.93147481
NaN NaN NaN
-1.00579385 -0.0225764177 1.8091758
-1.10283392 -0.0156429397 1.73163512
NaN NaN NaN
-1.00579385 -0.0225764177 1.8091758
-0.989489271 -0.0224642992 1.68972129
NaN NaN NaN
-1.00579385 -0.0225764177 1.8091758
-0.997611727 -0.0222778002 1.68578706
NaN NaN NaN
-0.413072676 -0.661471672 2.22589838
-0.747965816 -0.649869458 2.10917586
NaN NaN NaN
-0.413072676 -0.661471672 2.22589838
-0.423274033 -0.674084259 1.98959785
NaN NaN NaN
-2.80240612 0.0445723783 2.60808153
-2.56469295 0.0672034695 2.15468554
NaN NaN NaN
-2.80240612 0.0445723783 2.60808153
-3.38998144 0.0554163564 2.36019467
NaN NaN NaN
-2.80240612 0.0445723783 2.60808153
-3.22430213 0.0760353748 1.86911366
NaN NaN NaN
-2.76594357 -0.0197181805 2.62744413
-3.38507782 -0.0210395542 2.8963453
NaN NaN NaN
-2.76594357 -0.0197181805 2.62744413
-2.62133789 -0.0180994946 2.13236472
NaN NaN NaN
-2.76594357 -0.0197181805 2.62744413
-3.45870357 -0.0193903185 2.33228467
NaN NaN NaN
-2.76594357 -0.0197181805 2.62744413
-3.09871947 -0.0180748335 1.99538162
NaN NaN NaN
-1.60964968 0.0854999913 1.90123444
-2.08868976 0.0728184494 2.08303574
NaN NaN NaN
-1.60964968 0.0854999913 1.90123444
-1.44738699 0.103119789 1.629794
NaN NaN NaN
-1.60964968 0.0854999913 1.90123444
-1.67855991 0.0995961633 1.66092898
NaN NaN NaN
-1.60964968 0.0854999913 1.90123444
-1.96363497 0.0952509412 1.69932365
NaN NaN NaN
3.04592424 -0.0169535242 2.84324545
2.4590832 -0.00575738047 2.05580947
NaN NaN NaN
3.04592424 -0.0169535242 2.84324545
3.50601891 -0.0168732962 2.79265814
NaN NaN NaN
3.04592424 -0.0169535242 2.84324545
3.19546759 -0.0105340944 2.30195622
NaN NaN NaN
0.414346361 -0.66304641 2.1963952
0.747565571 -0.647937241 2.14434221
NaN NaN NaN
0.414346361 -0.66304641 2.1963952
0.424199017 -0.675227876 1.96817186
NaN NaN NaN
0.98 0.276149768 1.579
0.98 0.176 1.579
NaN NaN NaN
0.98 0.276149768 1.579
0.984909231 0.328687529 1.47404338
NaN NaN NaN
0.98 0.276149768 1.579
0.985959667 0.23137189 1.47466134
NaN NaN NaN
-0.98 0.276149768 1.579
-0.98 0.176 1.579
NaN NaN NaN
-0.98 0.276149768 1.579
-0.984909231 0.328687529 1.47404338
NaN NaN NaN
-0.98 0.276149768 1.579
-0.985959667 0.23137189 1.47466134
NaN NaN NaN
1.14443678 0.098859009 1.72619021
1.00280825 0.102879926 1.67647674
NaN NaN NaN
1.14443678 0.098859009 1.72619021
1.11347379 0.10820942 1.58482168
NaN NaN NaN
1.14443678 0.098859009 1.72619021
1.26163266 0.105951126 1.60477611
NaN NaN NaN
-1.13878852 0.0990888343 1.72311386
-1.00288107 0.102803763 1.6776264
NaN NaN NaN
-1.13878852 0.0990888343 1.72311386
-1.11347379 0.10820942 1.58482168
NaN NaN NaN
-1.13878852 0.0990888343 1.72311386
-1.26163266 0.105951126 1.60477611
NaN NaN NaN
0.995308372 0.106585088 1.67957398
1.00166736 0.106495755 1.67966492
NaN NaN NaN
0.995308372 0.106585088 1.67957398
0.98 0.176 1.579
NaN NaN NaN
0.995308372 0.106585088 1.67957398
0.996 0.11 1.569
NaN NaN NaN
1.00166736 0.106495755 1.67966492
1.00280825 0.102879926 1.67647674
NaN NaN NaN
1.00166736 0.106495755 1.67966492
0.996 0.11 1.569
NaN NaN NaN
-1.00287532 0.106588582 1.67753557
-1.00288107 0.102803763 1.6776264
NaN NaN NaN
-1.00287532 0.106588582 1.67753557
-0.995353154 0.106806199 1.67241446
NaN NaN NaN
-1.00287532 0.106588582 1.67753557
-0.996 0.11 1.569
NaN NaN NaN
-1.00288107 0.102803763 1.6776264
-0.996 0.11 1.569
NaN NaN NaN
-1.00288107 0.102803763 1.6776264
-1.11347379 0.10820942 1.58482168
NaN NaN NaN
-0.995353154 0.106806199 1.67241446
-0.98 0.176 1.579
NaN NaN NaN
-0.995353154 0.106806199 1.67241446
-0.996 0.11 1.569
NaN NaN NaN
1.00280825 0.102879926 1.67647674
0.996 0.11 1.569
NaN NaN NaN
1.00280825 0.102879926 1.67647674
1.11347379 0.10820942 1.58482168
NaN NaN NaN
1.56488816 0.0889478129 1.84833067
1.44738699 0.103119789 1.629794
NaN NaN NaN
1.56488816 0.0889478129 1.84833067
1.67855991 0.0995961633 1.66092898
NaN NaN NaN
1.56488816 0.0889478129 1.84833067
1.96363497 0.0952509412 1.69932365
NaN NaN NaN
-2.08868976 0.0728184494 2.08303574
-2.56469295 0.0672034695 2.15468554
NaN NaN NaN
-2.08868976 0.0728184494 2.08303574
-1.96363497 0.0952509412 1.69932365
NaN NaN NaN
-2.08868976 0.0728184494 2.08303574
-2.31125705 0.0899523538 1.74614232
NaN NaN NaN
-1.71560178 -0.0168816469 1.97497758
-2.18118394 -0.0172908903 1.98435218
NaN NaN NaN
-1.71560178 -0.0168816469 1.97497758
-1.46361612 -0.0154814061 1.58095927
NaN NaN NaN
-1.71560178 -0.0168816469 1.97497758
-1.7986183 -0.0147519068 1.24983306
NaN NaN NaN
-0.986876656 0.496876656 1.4208369
-0.984909231 0.328687529 1.47404338
NaN NaN NaN
-0.986876656 0.496876656 1.4208369
-0.758652333 0.590552294 1.17561681
NaN NaN NaN
-0.986876656 0.496876656 1.4208369
-0.993245627 0.28413725 1.3246461
NaN NaN NaN
-0.986876656 0.496876656 1.4208369
-0.996990244 0.506990244 1.1882244
NaN NaN NaN
0.986876656 0.496876656 1.4208369
0.984909231 0.328687529 1.47404338
NaN NaN NaN
0.986876656 0.496876656 1.4208369
0.758652333 0.590552294 1.17561681
NaN NaN NaN
0.986876656 0.496876656 1.4208369
0.99330318 0.284167459 1.32354548
NaN NaN NaN
0.986876656 0.496876656 1.4208369
0.996990244 0.506990244 1.1882244
NaN NaN NaN
1.31465259 -0.0151743878 1.81691212
1.1432201 -0.0188787128 1.74456425
NaN NaN NaN
1.31465259 -0.0151743878 1.81691212
1.27277608 -0.0144826863 1.57964321
NaN NaN NaN
1.31465259 -0.0151743878 1.81691212
1.61420804 -0.00508464543 1.52976725
NaN NaN NaN
0.979613467 -0.226852097 1.86718794
0.969591443 -0.447529386 1.92736261
NaN NaN NaN
0.979613467 -0.226852097 1.86718794
0.981497209 -0.198539788 1.71093656
NaN NaN NaN
0.979613467 -0.226852097 1.86718794
0.96980627 -0.459344823 1.74418753
NaN NaN NaN
-0.979699663 -0.227135144 1.86497491
-0.969586621 -0.447264135 1.93147481
NaN NaN NaN
-0.979699663 -0.227135144 1.86497491
-0.981598897 -0.198547075 1.71164165
NaN NaN NaN
-0.979699663 -0.227135144 1.86497491
-0.969801326 -0.459072941 1.74840253
NaN NaN NaN
0.98 0.176 1.579
0.996 0.11 1.569
NaN NaN NaN
0.98 0.176 1.579
0.985959667 0.23137189 1.47466134
NaN NaN NaN
0.98 0.176 1.579
1.00391552 0.113679046 1.44363373
NaN NaN NaN
-0.98 0.176 1.579
-0.996 0.11 1.569
NaN NaN NaN
-0.98 0.176 1.579
-0.985959667 0.23137189 1.47466134
NaN NaN NaN
-0.98 0.176 1.579
-1.00391552 0.113679046 1.44363373
NaN NaN NaN
1.1432201 -0.0188787128 1.74456425
0.998242538 -0.0223008226 1.69529989
NaN NaN NaN
1.1432201 -0.0188787128 1.74456425
1.11669049 -0.0188306551 1.61402804
NaN NaN NaN
1.1432201 -0.0188787128 1.74456425
1.27277608 -0.0144826863 1.57964321
NaN NaN NaN
-1.10283392 -0.0156429397 1.73163512
-0.997611727 -0.0222778002 1.68578706
NaN NaN NaN
-1.10283392 -0.0156429397 1.73163512
-1.24943509 -0.0155970207 1.67691566
NaN NaN NaN
-1.10283392 -0.0156429397 1.73163512
-1.11282514 -0.0153142653 1.62048764
NaN NaN NaN
0.0 0.753075409 1.16142116
0.207801 0.683434192 1.16268231
NaN NaN NaN
0.0 0.753075409 1.16142116
-0.207801 0.683434192 1.16268231
NaN NaN NaN
0.0 0.753075409 1.16142116
0.0 0.768057378 0.815307108
NaN NaN NaN
0.0 0.753075409 1.16142116
0.211783383 0.697066197 0.816521299
NaN NaN NaN
0.0 0.753075409 1.16142116
-0.211783383 0.697066197 0.816521299
NaN NaN NaN
0.747565571 -0.647937241 2.14434221
0.969591443 -0.447529386 1.92736261
NaN NaN NaN
0.747565571 -0.647937241 2.14434221
0.424199017 -0.675227876 1.96817186
NaN NaN NaN
0.747565571 -0.647937241 2.14434221
0.749963584 -0.659513853 1.93364787
NaN NaN NaN
-0.984909231 0.328687529 1.47404338
-0.985959667 0.23137189 1.47466134
NaN NaN NaN
-0.984909231 0.328687529 1.47404338
-0.993245627 0.28413725 1.3246461
NaN NaN NaN
0.984909231 0.328687529 1.47404338
0.985959667 0.23137189 1.47466134
NaN NaN NaN
0.984909231 0.328687529 1.47404338
0.99330318 0.284167459 1.32354548
NaN NaN NaN
0.998242538 -0.0223008226 1.69529989
0.989497382 -0.0224569251 1.68783575
NaN NaN NaN
0.998242538 -0.0223008226 1.69529989
1.11669049 -0.0188306551 1.61402804
NaN NaN NaN
0.998242538 -0.0223008226 1.69529989
0.99 -0.022 1.571
NaN NaN NaN
-0.989489271 -0.0224642992 1.68972129
-0.997611727 -0.0222778002 1.68578706
NaN NaN NaN
-0.989489271 -0.0224642992 1.68972129
-0.981598897 -0.198547075 1.71164165
NaN NaN NaN
-0.989489271 -0.0224642992 1.68972129
-0.99 -0.022 1.571
NaN NaN NaN
-0.989489271 -0.0224642992 1.68972129
-0.983922929 -0.158126382 1.57343083
NaN NaN NaN
0.989497382 -0.0224569251 1.68783575
0.981497209 -0.198539788 1.71093656
NaN NaN NaN
0.989497382 -0.0224569251 1.68783575
0.99 -0.022 1.571
NaN NaN NaN
0.989497382 -0.0224569251 1.68783575
0.983922929 -0.158126382 1.57343083
NaN NaN NaN
-3.71291967 -0.00896336059 3.44060104
-3.70475732 0.023609547 3.27807177
NaN NaN NaN
-3.71291967 -0.00896336059 3.44060104
-3.70497834 -0.0223381947 3.27804099
NaN NaN NaN
-3.71291967 -0.00896336059 3.44060104
-4.1729852 -0.00575443031 3.40565935
NaN NaN NaN
-0.997611727 -0.0222778002 1.68578706
-1.11282514 -0.0153142653 1.62048764
NaN NaN NaN
-0.997611727 -0.0222778002 1.68578706
-0.99 -0.022 1.571
NaN NaN NaN
1.94401503 -0.0038595462 1.991053
2.4590832 -0.00575738047 2.05580947
NaN NaN NaN
1.94401503 -0.0038595462 1.991053
1.61420804 -0.00508464543 1.52976725
NaN NaN NaN
1.94401503 -0.0038595462 1.991053
2.17062618 0.000854876157 1.44827707
NaN NaN NaN
2.46169308 0.0648158997 2.2078516
2.99436488 0.0603331057 2.26773673
NaN NaN NaN
2.46169308 0.0648158997 2.2078516
2.31125705 0.0899523538 1.74614232
NaN NaN NaN
2.46169308 0.0648158997 2.2078516
2.7294185 0.0835785786 1.80246141
NaN NaN NaN
-0.747965816 -0.649869458 2.10917586
-0.969586621 -0.447264135 1.93147481
NaN NaN NaN
-0.747965816 -0.649869458 2.10917586
-0.423274033 -0.674084259 1.98959785
NaN NaN NaN
-0.747965816 -0.649869458 2.10917586
-0.750155709 -0.660441353 1.91676738
NaN NaN NaN
0.162292665 -0.397127814 1.8292371
0.0 -0.432382118 1.82852685
NaN NaN NaN
0.162292665 -0.397127814 1.8292371
0.424199017 -0.675227876 1.96817186
NaN NaN NaN
0.162292665 -0.397127814 1.8292371
0.168 -0.405 1.579
NaN NaN NaN
0.162292665 -0.397127814 1.8292371
0.0 -0.441 1.579
NaN NaN NaN
0.162292665 -0.397127814 1.8292371
0.433011224 -0.686122968 1.7640491
NaN NaN NaN
0.162292665 -0.397127814 1.8292371
0.315448087 -0.562169938 1.579
NaN NaN NaN
0.207801 0.683434192 1.16268231
0.252687899 0.595057597 1.161796
NaN NaN NaN
0.207801 0.683434192 1.16268231
0.211783383 0.697066197 0.816521299
NaN NaN NaN
0.207801 0.683434192 1.16268231
0.259899488 0.602576062 0.81548631
NaN NaN NaN
-0.207801 0.683434192 1.16268231
-0.252687899 0.595057597 1.161796
NaN NaN NaN
-0.207801 0.683434192 1.16268231
-0.211783383 0.697066197 0.816521299
NaN NaN NaN
-0.207801 0.683434192 1.16268231
-0.259899488 0.602576062 0.81548631
NaN NaN NaN
0.996 0.11 1.569
1.11347379 0.10820942 1.58482168
NaN NaN NaN
0.996 0.11 1.569
1.00391552 0.113679046 1.44363373
NaN NaN NaN
0.996 0.11 1.569
1.06077078 0.104106877 1.44878028
NaN NaN NaN
-0.996 0.11 1.569
-1.11347379 0.10820942 1.58482168
NaN NaN NaN
-0.996 0.11 1.569
-1.00391552 0.113679046 1.44363373
NaN NaN NaN
-0.996 0.11 1.569
-1.06077078 0.104106877 1.44878028
NaN NaN NaN
1.11347379 0.10820942 1.58482168
1.26163266 0.105951126 1.60477611
NaN NaN NaN
1.11347379 0.10820942 1.58482168
1.06077078 0.104106877 1.44878028
NaN NaN NaN
1.11347379 0.10820942 1.58482168
1.19402747 0.102114907 1.46775743
NaN NaN NaN
-1.11347379 0.10820942 1.58482168
-1.26163266 0.105951126 1.60477611
NaN NaN NaN
-1.11347379 0.10820942 1.58482168
-1.06077078 0.104106877 1.44878028
NaN NaN NaN
-1.11347379 0.10820942 1.58482168
-1.19402747 0.102114907 1.46775743
NaN NaN NaN
0.0 -0.432382118 1.82852685
-0.162873002 -0.397928278 1.80379235
NaN NaN NaN
0.0 -0.432382118 1.82852685
0.0 -0.441 1.579
NaN NaN NaN
-0.162873002 -0.397928278 1.80379235
-0.423274033 -0.674084259 1.98959785
NaN NaN NaN
-0.162873002 -0.397928278 1.80379235
-0.168 -0.405 1.579
NaN NaN NaN
-0.162873002 -0.397928278 1.80379235
0.0 -0.441 1.579
NaN NaN NaN
-0.162873002 -0.397928278 1.80379235
-0.43258828 -0.685600056 1.77384601
NaN NaN NaN
-0.162873002 -0.397928278 1.80379235
-0.308700078 -0.554977006 1.579
NaN NaN NaN
-0.985959667 0.23137189 1.47466134
-1.00391552 0.113679046 1.44363373
NaN NaN NaN
-0.985959667 0.23137189 1.47466134
-0.993245627 0.28413725 1.3246461
NaN NaN NaN
0.985959667 0.23137189 1.47466134
1.00391552 0.113679046 1.44363373
NaN NaN NaN
0.985959667 0.23137189 1.47466134
0.99330318 0.284167459 1.32354548
NaN NaN NaN
1.26163266 0.105951126 1.60477611
1.44738699 0.103119789 1.629794
NaN NaN NaN
1.26163266 0.105951126 1.60477611
1.19402747 0.102114907 1.46775743
NaN NaN NaN
1.26163266 0.105951126 1.60477611
1.38035591 0.0966739131 1.42449174
NaN NaN NaN
-1.26163266 0.105951126 1.60477611
-1.44738699 0.103119789 1.629794
NaN NaN NaN
-1.26163266 0.105951126 1.60477611
-1.19402747 0.102114907 1.46775743
NaN NaN NaN
-1.26163266 0.105951126 1.60477611
-1.38035591 0.0966739131 1.42449174
NaN NaN NaN
-0.969586621 -0.447264135 1.93147481
-0.750155709 -0.660441353 1.91676738
NaN NaN NaN
-0.969586621 -0.447264135 1.93147481
-0.969801326 -0.459072941 1.74840253
NaN NaN NaN
-1.24943509 -0.0155970207 1.67691566
-1.11282514 -0.0153142653 1.62048764
NaN NaN NaN
-1.24943509 -0.0155970207 1.67691566
-1.46361612 -0.0154814061 1.58095927
NaN NaN NaN
-1.24943509 -0.0155970207 1.67691566
-1.24178781 -0.0148614934 1.4362819
NaN NaN NaN
0.969591443 -0.447529386 1.92736261
0.749963584 -0.659513853 1.93364787
NaN NaN NaN
0.969591443 -0.447529386 1.92736261
0.96980627 -0.459344823 1.74418753
NaN NaN NaN
-3.70475732 0.023609547 3.27807177
-3.49976332 0.0343019157 2.91880105
NaN NaN NaN
-3.70475732 0.023609547 3.27807177
-4.1729852 -0.00575443031 3.40565935
NaN NaN NaN
-3.70475732 0.023609547 3.27807177
-4.16778338 0.0327002161 3.21359978
NaN NaN NaN
-3.70475732 0.023609547 3.27807177
-3.8717925 0.0413125725 2.78559402
NaN NaN NaN
0.252687899 0.595057597 1.161796
0.758652333 0.590552294 1.17561681
NaN NaN NaN
0.252687899 0.595057597 1.161796
0.259899488 0.602576062 0.81548631
NaN NaN NaN
-0.252687899 0.595057597 1.161796
-0.758652333 0.590552294 1.17561681
NaN NaN NaN
-0.252687899 0.595057597 1.161796
-0.259899488 0.602576062 0.81548631
NaN NaN NaN
3.80872365 -0.0082951334 3.43332479
3.80412557 0.0255604607 3.26423568
NaN NaN NaN
3.80872365 -0.0082951334 3.43332479
3.80425005 -0.0221586798 3.26421835
NaN NaN NaN
3.80872365 -0.0082951334 3.43332479
4.23323514 -0.00533419047 3.40108341
NaN NaN NaN
-1.11282514 -0.0153142653 1.62048764
-0.99 -0.022 1.571
NaN NaN NaN
-1.11282514 -0.0153142653 1.62048764
-1.05862883 -0.0207573381 1.44413551
NaN NaN NaN
-1.11282514 -0.0153142653 1.62048764
-1.24178781 -0.0148614934 1.4362819
NaN NaN NaN
-0.981598897 -0.198547075 1.71164165
-0.983922929 -0.158126382 1.57343083
NaN NaN NaN
-0.981598897 -0.198547075 1.71164165
-0.969801326 -0.459072941 1.74840253
NaN NaN NaN
-0.981598897 -0.198547075 1.71164165
-0.977521845 -0.301510676 1.57599126
NaN NaN NaN
0.981497209 -0.198539788 1.71093656
0.983922929 -0.158126382 1.57343083
NaN NaN NaN
0.981497209 -0.198539788 1.71093656
0.96980627 -0.459344823 1.74418753
NaN NaN NaN
0.981497209 -0.198539788 1.71093656
0.977521845 -0.301510676 1.57599126
NaN NaN NaN
1.44738699 0.103119789 1.629794
1.67855991 0.0995961633 1.66092898
NaN NaN NaN
1.44738699 0.103119789 1.629794
1.38035591 0.0966739131 1.42449174
NaN NaN NaN
1.44738699 0.103119789 1.629794
1.6531105 0.0926086551 1.46364963
NaN NaN NaN
-1.44738699 0.103119789 1.629794
-1.67855991 0.0995961633 1.66092898
NaN NaN NaN
-1.44738699 0.103119789 1.629794
-1.38035591 0.0966739131 1.42449174
NaN NaN NaN
-1.44738699 0.103119789 1.629794
-1.6531105 0.0926086551 1.46364963
NaN NaN NaN
1.11669049 -0.0188306551 1.61402804
0.99 -0.022 1.571
NaN NaN NaN
1.11669049 -0.0188306551 1.61402804
1.27277608 -0.0144826863 1.57964321
NaN NaN NaN
1.11669049 -0.0188306551 1.61402804
1.14497694 -0.0191629132 1.47423677
NaN NaN NaN
-3.70497834 -0.0223381947 3.27804099
-3.38507782 -0.0210395542 2.8963453
NaN NaN NaN
-3.70497834 -0.0223381947 3.27804099
-4.1729852 -0.00575443031 3.40565935
NaN NaN NaN
-3.70497834 -0.0223381947 3.27804099
-4.1679243 -0.0215010411 3.21358016
NaN NaN NaN
-3.70497834 -0.0223381947 3.27804099
-3.8767319 -0.0212010523 2.81693592
NaN NaN NaN
-0.423274033 -0.674084259 1.98959785
-0.750155709 -0.660441353 1.91676738
NaN NaN NaN
-0.423274033 -0.674084259 1.98959785
-0.43258828 -0.685600056 1.77384601
NaN NaN NaN
-3.38507782 -0.0210395542 2.8963453
-3.8767319 -0.0212010523 2.81693592
NaN NaN NaN
-3.38507782 -0.0210395542 2.8963453
-3.45870357 -0.0193903185 2.33228467
NaN NaN NaN
0.99 -0.022 1.571
0.983922929 -0.158126382 1.57343083
NaN NaN NaN
0.99 -0.022 1.571
1.14497694 -0.0191629132 1.47423677
NaN NaN NaN
0.99 -0.022 1.571
1.00308805 -0.0242249684 1.4233668
NaN NaN NaN
-0.99 -0.022 1.571
-0.983922929 -0.158126382 1.57343083
NaN NaN NaN
-0.99 -0.022 1.571
-1.05862883 -0.0207573381 1.44413551
NaN NaN NaN
-0.99 -0.022 1.571
-1.00308805 -0.0242249684 1.4233668
NaN NaN NaN
-2.56469295 0.0672034695 2.15468554
-2.31125705 0.0899523538 1.74614232
NaN NaN NaN
-2.56469295 0.0672034695 2.15468554
-2.7294185 0.0835785786 1.80246141
NaN NaN NaN
-2.56469295 0.0672034695 2.15468554
-3.22430213 0.0760353748 1.86911366
NaN NaN NaN
0.758652333 0.590552294 1.17561681
0.996990244 0.506990244 1.1882244
NaN NaN NaN
0.758652333 0.590552294 1.17561681
0.259899488 0.602576062 0.81548631
NaN NaN NaN
0.758652333 0.590552294 1.17561681
0.79526847 0.597726068 0.837253811
NaN NaN NaN
-0.758652333 0.590552294 1.17561681
-0.996990244 0.506990244 1.1882244
NaN NaN NaN
-0.758652333 0.590552294 1.17561681
-0.259899488 0.602576062 0.81548631
NaN NaN NaN
-0.758652333 0.590552294 1.17561681
-0.79526847 0.597726068 0.837253811
NaN NaN NaN
-2.18118394 -0.0172908903 1.98435218
-2.62133789 -0.0180994946 2.13236472
NaN NaN NaN
-2.18118394 -0.0172908903 1.98435218
-1.7986183 -0.0147519068 1.24983306
NaN NaN NaN
-2.18118394 -0.0172908903 1.98435218
-2.26781084 -0.0155734459 1.39427609
NaN NaN NaN
-2.18118394 -0.0172908903 1.98435218
-2.75275358 -0.0167554918 1.65342249
NaN NaN NaN
0.424199017 -0.675227876 1.96817186
0.749963584 -0.659513853 1.93364787
NaN NaN NaN
0.424199017 -0.675227876 1.96817186
0.433011224 -0.686122968 1.7640491
NaN NaN NaN
1.67855991 0.0995961633 1.66092898
1.96363497 0.0952509412 1.69932365
NaN NaN NaN
1.67855991 0.0995961633 1.66092898
1.6531105 0.0926086551 1.46364963
NaN NaN NaN
-1.67855991 0.0995961633 1.66092898
-1.96363497 0.0952509412 1.69932365
NaN NaN NaN
-1.67855991 0.0995961633 1.66092898
-1.6531105 0.0926086551 1.46364963
NaN NaN NaN
-3.49976332 0.0343019157 2.91880105
-3.38998144 0.0554163564 2.36019467
NaN NaN NaN
-3.49976332 0.0343019157 2.91880105
-3.8717925 0.0413125725 2.78559402
NaN NaN NaN
1.00391552 0.113679046 1.44363373
1.06077078 0.104106877 1.44878028
NaN NaN NaN
1.00391552 0.113679046 1.44363373
0.99330318 0.284167459 1.32354548
NaN NaN NaN
1.00391552 0.113679046 1.44363373
1.01583063 0.119217053 1.25492195
NaN NaN NaN
-1.00391552 0.113679046 1.44363373
-1.06077078 0.104106877 1.44878028
NaN NaN NaN
-1.00391552 0.113679046 1.44363373
-0.993245627 0.28413725 1.3246461
NaN NaN NaN
-1.00391552 0.113679046 1.44363373
-1.01583063 0.119217053 1.25492195
NaN NaN NaN
3.80412557 0.0255604607 3.26423568
3.51070575 0.0379257177 2.82422163
NaN NaN NaN
3.80412557 0.0255604607 3.26423568
4.23323514 -0.00533419047 3.40108341
NaN NaN NaN
3.80412557 0.0255604607 3.26423568
4.23030821 0.0339277767 3.20489379
NaN NaN NaN
3.80412557 0.0255604607 3.26423568
3.95525946 0.0415978142 2.79227552
NaN NaN NaN
1.27277608 -0.0144826863 1.57964321
1.14497694 -0.0191629132 1.47423677
NaN NaN NaN
1.27277608 -0.0144826863 1.57964321
1.61420804 -0.00508464543 1.52976725
NaN NaN NaN
1.27277608 -0.0144826863 1.57964321
1.34215567 -0.0156441147 1.30740275
NaN NaN NaN
1.06077078 0.104106877 1.44878028
1.19402747 0.102114907 1.46775743
NaN NaN NaN
1.06077078 0.104106877 1.44878028
1.01583063 0.119217053 1.25492195
NaN NaN NaN
1.06077078 0.104106877 1.44878028
1.15390418 0.095633201 1.2759173
NaN NaN NaN
-1.06077078 0.104106877 1.44878028
-1.19402747 0.102114907 1.46775743
NaN NaN NaN
-1.06077078 0.104106877 1.44878028
-1.01583063 0.119217053 1.25492195
NaN NaN NaN
-1.06077078 0.104106877 1.44878028
-1.15390418 0.095633201 1.2759173
NaN NaN NaN
-0.993245627 0.28413725 1.3246461
-0.996990244 0.506990244 1.1882244
NaN NaN NaN
-0.993245627 0.28413725 1.3246461
-1.01583063 0.119217053 1.25492195
NaN NaN NaN
-0.993245627 0.28413725 1.3246461
-1.03329463 0.127334126 0.978326539
NaN NaN NaN
0.99330318 0.284167459 1.32354548
0.996990244 0.506990244 1.1882244
NaN NaN NaN
0.99330318 0.284167459 1.32354548
1.01583063 0.119217053 1.25492195
NaN NaN NaN
0.99330318 0.284167459 1.32354548
1.03329463 0.127334126 0.978326539
NaN NaN NaN
1.19402747 0.102114907 1.46775743
1.38035591 0.0966739131 1.42449174
NaN NaN NaN
1.19402747 0.102114907 1.46775743
1.15390418 0.095633201 1.2759173
NaN NaN NaN
-1.19402747 0.102114907 1.46775743
-1.38035591 0.0966739131 1.42449174
NaN NaN NaN
-1.19402747 0.102114907 1.46775743
-1.15390418 0.095633201 1.2759173
NaN NaN NaN
0.749963584 -0.659513853 1.93364787
0.96980627 -0.459344823 1.74418753
NaN NaN NaN
0.749963584 -0.659513853 1.93364787
0.433011224 -0.686122968 1.7640491
NaN NaN NaN
0.749963584 -0.659513853 1.93364787
0.752100827 -0.669831581 1.74586523
NaN NaN NaN
2.4590832 -0.00575738047 2.05580947
3.19546759 -0.0105340944 2.30195622
NaN NaN NaN
2.4590832 -0.00575738047 2.05580947
2.17062618 0.000854876157 1.44827707
NaN NaN NaN
2.4590832 -0.00575738047 2.05580947
2.83893001 -0.00405141297 1.80829104
NaN NaN NaN
0.996990244 0.506990244 1.1882244
0.79526847 0.597726068 0.837253811
NaN NaN NaN
0.996990244 0.506990244 1.1882244
1.01144768 0.521447685 0.855703253
NaN NaN NaN
0.996990244 0.506990244 1.1882244
1.03329463 0.127334126 0.978326539
NaN NaN NaN
-0.996990244 0.506990244 1.1882244
-0.79526847 0.597726068 0.837253811
NaN NaN NaN
-0.996990244 0.506990244 1.1882244
-1.01144768 0.521447685 0.855703253
NaN NaN NaN
-0.996990244 0.506990244 1.1882244
-1.03329463 0.127334126 0.978326539
NaN NaN NaN
3.80425005 -0.0221586798 3.26421835
3.50601891 -0.0168732962 2.79265814
NaN NaN NaN
3.80425005 -0.0221586798 3.26421835
4.23323514 -0.00533419047 3.40108341
NaN NaN NaN
3.80425005 -0.0221586798 3.26421835
4.23038748 -0.0213880877 3.20488276
NaN NaN NaN
3.80425005 -0.0221586798 3.26421835
3.94560925 -0.0172707499 2.77064156
NaN NaN NaN
0.983922929 -0.158126382 1.57343083
1.00308805 -0.0242249684 1.4233668
NaN NaN NaN
0.983922929 -0.158126382 1.57343083
0.977521845 -0.301510676 1.57599126
NaN NaN NaN
0.983922929 -0.158126382 1.57343083
0.997674859 -0.237216092 1.3814632
NaN NaN NaN
-0.983922929 -0.158126382 1.57343083
-1.00308805 -0.0242249684 1.4233668
NaN NaN NaN
-0.983922929 -0.158126382 1.57343083
-0.977521845 -0.301510676 1.57599126
NaN NaN NaN
-0.983922929 -0.158126382 1.57343083
-0.997729415 -0.237253837 1.38222261
NaN NaN NaN
-0.750155709 -0.660441353 1.91676738
-0.969801326 -0.459072941 1.74840253
NaN NaN NaN
-0.750155709 -0.660441353 1.91676738
-0.43258828 -0.685600056 1.77384601
NaN NaN NaN
-0.750155709 -0.660441353 1.91676738
-0.752158987 -0.670112353 1.74075517
NaN NaN NaN
3.51070575 0.0379257177 2.82422163
3.38829724 0.054935177 2.3726503
NaN NaN NaN
3.51070575 0.0379257177 2.82422163
3.95525946 0.0415978142 2.79227552
NaN NaN NaN
3.51070575 0.0379257177 2.82422163
3.82507824 0.0538267637 2.37560255
NaN NaN NaN
-2.62133789 -0.0180994946 2.13236472
-3.09871947 -0.0180748335 1.99538162
NaN NaN NaN
-2.62133789 -0.0180994946 2.13236472
-2.75275358 -0.0167554918 1.65342249
NaN NaN NaN
1.96363497 0.0952509412 1.69932365
1.6531105 0.0926086551 1.46364963
NaN NaN NaN
1.96363497 0.0952509412 1.69932365
2.31125705 0.0899523538 1.74614232
NaN NaN NaN
1.96363497 0.0952509412 1.69932365
2.23835742 0.0774371182 1.37817459
NaN NaN NaN
1.96363497 0.0952509412 1.69932365
1.90774493 0.0775986737 1.2054421
NaN NaN NaN
-1.96363497 0.0952509412 1.69932365
-1.6531105 0.0926086551 1.46364963
NaN NaN NaN
-1.96363497 0.0952509412 1.69932365
-2.31125705 0.0899523538 1.74614232
NaN NaN NaN
-1.96363497 0.0952509412 1.69932365
-2.23829321 0.0774431813 1.37829958
NaN NaN NaN
-1.96363497 0.0952509412 1.69932365
-1.90774493 0.0775986737 1.2054421
NaN NaN NaN
-1.46361612 -0.0154814061 1.58095927
-1.24178781 -0.0148614934 1.4362819
NaN NaN NaN
-1.46361612 -0.0154814061 1.58095927
-1.4198135 -0.0144127203 1.24015344
NaN NaN NaN
-1.46361612 -0.0154814061 1.58095927
-1.7986183 -0.0147519068 1.24983306
NaN NaN NaN
1.14497694 -0.0191629132 1.47423677
1.00308805 -0.0242249684 1.4233668
NaN NaN NaN
1.14497694 -0.0191629132 1.47423677
1.16498525 -0.0218034575 1.26911846
NaN NaN NaN
1.14497694 -0.0191629132 1.47423677
1.34215567 -0.0156441147 1.30740275
NaN NaN NaN
-0.969801326 -0.459072941 1.74840253
-0.977521845 -0.301510676 1.57599126
NaN NaN NaN
-0.969801326 -0.459072941 1.74840253
-0.752158987 -0.670112353 1.74075517
NaN NaN NaN
-0.969801326 -0.459072941 1.74840253
-0.97 -0.47 1.579
NaN NaN NaN
-0.969801326 -0.459072941 1.74840253
-0.862 -0.5745 1.579
NaN NaN NaN
0.96980627 -0.459344823 1.74418753
0.977521845 -0.301510676 1.57599126
NaN NaN NaN
0.96980627 -0.459344823 1.74418753
0.752100827 -0.669831581 1.74586523
NaN NaN NaN
0.96980627 -0.459344823 1.74418753
0.97 -0.47 1.579
NaN NaN NaN
0.96980627 -0.459344823 1.74418753
0.862 -0.5745 1.579
NaN NaN NaN
-1.05862883 -0.0207573381 1.44413551
-1.00308805 -0.0242249684 1.4233668
NaN NaN NaN
-1.05862883 -0.0207573381 1.44413551
-1.24178781 -0.0148614934 1.4362819
NaN NaN NaN
-1.05862883 -0.0207573381 1.44413551
-1.15627876 -0.0189891912 1.26362379
NaN NaN NaN
1.00308805 -0.0242249684 1.4233668
0.997674859 -0.237216092 1.3814632
NaN NaN NaN
1.00308805 -0.0242249684 1.4233668
1.16498525 -0.0218034575 1.26911846
NaN NaN NaN
1.00308805 -0.0242249684 1.4233668
1.02252505 -0.0275292593 1.20411738
NaN NaN NaN
-1.00308805 -0.0242249684 1.4233668
-0.997729415 -0.237253837 1.38222261
NaN NaN NaN
-1.00308805 -0.0242249684 1.4233668
-1.15627876 -0.0189891912 1.26362379
NaN NaN NaN
-1.00308805 -0.0242249684 1.4233668
-1.02252505 -0.0275292593 1.20411738
NaN NaN NaN
0.168 -0.405 1.579
0.0 -0.441 1.579
NaN NaN NaN
0.168 -0.405 1.579
0.315448087 -0.562169938 1.579
NaN NaN NaN
0.168 -0.405 1.579
0.163723769 -0.405965601 1.26807659
NaN NaN NaN
-0.168 -0.405 1.579
0.0 -0.441 1.579
NaN NaN NaN
-0.168 -0.405 1.579
-0.308700078 -0.554977006 1.579
NaN NaN NaN
-0.168 -0.405 1.579
-0.164756103 -0.405732493 1.34313726
NaN NaN NaN
3.50601891 -0.0168732962 2.79265814
3.19546759 -0.0105340944 2.30195622
NaN NaN NaN
3.50601891 -0.0168732962 2.79265814
3.94560925 -0.0172707499 2.77064156
NaN NaN NaN
3.50601891 -0.0168732962 2.79265814
3.66583889 -0.0114789745 2.27515257
NaN NaN NaN
2.99436488 0.0603331057 2.26773673
3.38829724 0.054935177 2.3726503
NaN NaN NaN
2.99436488 0.0603331057 2.26773673
2.7294185 0.0835785786 1.80246141
NaN NaN NaN
2.99436488 0.0603331057 2.26773673
3.22430213 0.0760353748 1.86911366
NaN NaN NaN
1.38035591 0.0966739131 1.42449174
1.6531105 0.0926086551 1.46364963
NaN NaN NaN
1.38035591 0.0966739131 1.42449174
1.15390418 0.095633201 1.2759173
NaN NaN NaN
1.38035591 0.0966739131 1.42449174
1.5409803 0.0834124505 1.16191729
NaN NaN NaN
-1.38035591 0.0966739131 1.42449174
-1.6531105 0.0926086551 1.46364963
NaN NaN NaN
-1.38035591 0.0966739131 1.42449174
-1.15390418 0.095633201 1.2759173
NaN NaN NaN
-1.38035591 0.0966739131 1.42449174
-1.5409803 0.0834124505 1.16191729
NaN NaN NaN
0.0 -0.441 1.579
-0.164756103 -0.405732493 1.34313726
NaN NaN NaN
0.0 -0.441 1.579
0.163723769 -0.405965601 1.26807659
NaN NaN NaN
0.0 -0.441 1.579
0.0 -0.441 1.26933298
NaN NaN NaN
0.977521845 -0.301510676 1.57599126
0.97 -0.47 1.579
NaN NaN NaN
0.977521845 -0.301510676 1.57599126
0.997674859 -0.237216092 1.3814632
NaN NaN NaN
0.977521845 -0.301510676 1.57599126
0.987321839 -0.461759514 1.38946881
NaN NaN NaN
-0.977521845 -0.301510676 1.57599126
-0.97 -0.47 1.579
NaN NaN NaN
-0.977521845 -0.301510676 1.57599126
-0.997729415 -0.237253837 1.38222261
NaN NaN NaN
-0.977521845 -0.301510676 1.57599126
-0.987201452 -0.461816785 1.39078606
NaN NaN NaN
-1.24178781 -0.0148614934 1.4362819
-1.15627876 -0.0189891912 1.26362379
NaN NaN NaN
-1.24178781 -0.0148614934 1.4362819
-1.4198135 -0.0144127203 1.24015344
NaN NaN NaN
-0.43258828 -0.685600056 1.77384601
-0.752158987 -0.670112353 1.74075517
NaN NaN NaN
-0.43258828 -0.685600056 1.77384601
-0.308700078 -0.554977006 1.579
NaN NaN NaN
-0.43258828 -0.685600056 1.77384601
-0.441 -0.696 1.579
NaN NaN NaN
-0.43258828 -0.685600056 1.77384601
-0.601944203 -0.687258622 1.579
NaN NaN NaN
1.61420804 -0.00508464543 1.52976725
1.34215567 -0.0156441147 1.30740275
NaN NaN NaN
1.61420804 -0.00508464543 1.52976725
2.17062618 0.000854876157 1.44827707
NaN NaN NaN
1.61420804 -0.00508464543 1.52976725
1.59448422 -0.0115964341 0.953395698
NaN NaN NaN
1.61420804 -0.00508464543 1.52976725
2.14264502 0.000920288865 0.930251245
NaN NaN NaN
0.433011224 -0.686122968 1.7640491
0.752100827 -0.669831581 1.74586523
NaN NaN NaN
0.433011224 -0.686122968 1.7640491
0.315448087 -0.562169938 1.579
NaN NaN NaN
0.433011224 -0.686122968 1.7640491
0.441 -0.696 1.579
NaN NaN NaN
0.433011224 -0.686122968 1.7640491
0.601944203 -0.687258622 1.579
NaN NaN NaN
1.6531105 0.0926086551 1.46364963
1.5409803 0.0834124505 1.16191729
NaN NaN NaN
1.6531105 0.0926086551 1.46364963
1.90774493 0.0775986737 1.2054421
NaN NaN NaN
-1.6531105 0.0926086551 1.46364963
-1.5409803 0.0834124505 1.16191729
NaN NaN NaN
-1.6531105 0.0926086551 1.46364963
-1.90774493 0.0775986737 1.2054421
NaN NaN NaN
2.31125705 0.0899523538 1.74614232
2.7294185 0.0835785786 1.80246141
NaN NaN NaN
2.31125705 0.0899523538 1.74614232
2.23835742 0.0774371182 1.37817459
NaN NaN NaN
2.31125705 0.0899523538 1.74614232
2.7290965 0.0671591468 1.37072898
NaN NaN NaN
-2.31125705 0.0899523538 1.74614232
-2.7294185 0.0835785786 1.80246141
NaN NaN NaN
-2.31125705 0.0899523538 1.74614232
-2.23829321 0.0774431813 1.37829958
NaN NaN NaN
-2.31125705 0.0899523538 1.74614232
-2.72911803 0.0671593286 1.37074528
NaN NaN NaN
1.01583063 0.119217053 1.25492195
1.15390418 0.095633201 1.2759173
NaN NaN NaN
1.01583063 0.119217053 1.25492195
1.03329463 0.127334126 0.978326539
NaN NaN NaN
-1.01583063 0.119217053 1.25492195
-1.15390418 0.095633201 1.2759173
NaN NaN NaN
-1.01583063 0.119217053 1.25492195
-1.03329463 0.127334126 0.978326539
NaN NaN NaN
0.0 0.768057378 0.815307108
0.211783383 0.697066197 0.816521299
NaN NaN NaN
0.0 0.768057378 0.815307108
-0.211783383 0.697066197 0.816521299
NaN NaN NaN
0.0 0.768057378 0.815307108
0.0 0.788249101 0.348837084
NaN NaN NaN
0.0 0.768057378 0.815307108
0.217152114 0.715443776 0.349854675
NaN NaN NaN
0.0 0.768057378 0.815307108
-0.217152114 0.715443776 0.349854675
NaN NaN NaN
0.752100827 -0.669831581 1.74586523
0.862 -0.5745 1.579
NaN NaN NaN
0.752100827 -0.669831581 1.74586523
0.601944203 -0.687258622 1.579
NaN NaN NaN
0.752100827 -0.669831581 1.74586523
0.754 -0.679 1.579
NaN NaN NaN
-0.752158987 -0.670112353 1.74075517
-0.862 -0.5745 1.579
NaN NaN NaN
-0.752158987 -0.670112353 1.74075517
-0.601944203 -0.687258622 1.579
NaN NaN NaN
-0.752158987 -0.670112353 1.74075517
-0.754 -0.679 1.579
NaN NaN NaN
1.15390418 0.095633201 1.2759173
1.5409803 0.0834124505 1.16191729
NaN NaN NaN
1.15390418 0.095633201 1.2759173
1.03329463 0.127334126 0.978326539
NaN NaN NaN
1.15390418 0.095633201 1.2759173
1.2852923 0.0836789472 1.03205052
NaN NaN NaN
-1.15390418 0.095633201 1.2759173
-1.5409803 0.0834124505 1.16191729
NaN NaN NaN
-1.15390418 0.095633201 1.2759173
-1.03329463 0.127334126 0.978326539
NaN NaN NaN
-1.15390418 0.095633201 1.2759173
-1.2852923 0.0836789472 1.03205052
NaN NaN NaN
-0.308700078 -0.554977006 1.579
-0.164756103 -0.405732493 1.34313726
NaN NaN NaN
-0.308700078 -0.554977006 1.579
-0.441 -0.696 1.579
NaN NaN NaN
-0.308700078 -0.554977006 1.579
-0.441 -0.699651505 1.36796173
NaN NaN NaN
0.315448087 -0.562169938 1.579
0.441 -0.696 1.579
NaN NaN NaN
0.315448087 -0.562169938 1.579
0.163723769 -0.405965601 1.26807659
NaN NaN NaN
0.315448087 -0.562169938 1.579
0.441 -0.699651505 1.36796173
NaN NaN NaN
0.211783383 0.697066197 0.816521299
0.259899488 0.602576062 0.81548631
NaN NaN NaN
0.211783383 0.697066197 0.816521299
0.217152114 0.715443776 0.349854675
NaN NaN NaN
0.211783383 0.697066197 0.816521299
0.269624126 0.612714515 0.34849675
NaN NaN NaN
-0.211783383 0.697066197 0.816521299
-0.259899488 0.602576062 0.81548631
NaN NaN NaN
-0.211783383 0.697066197 0.816521299
-0.217152114 0.715443776 0.349854675
NaN NaN NaN
-0.211783383 0.697066197 0.816521299
-0.269624126 0.612714515 0.34849675
NaN NaN NaN
-4.1729852 -0.00575443031 3.40565935
-4.16778338 0.0327002161 3.21359978
NaN NaN NaN
-4.1729852 -0.00575443031 3.40565935
-4.1679243 -0.0215010411 3.21358016
NaN NaN NaN
-4.1729852 -0.00575443031 3.40565935
-4.60254583 -0.00275826985 3.37303449
NaN NaN NaN
0.97 -0.47 1.579
0.862 -0.5745 1.579
NaN NaN NaN
0.97 -0.47 1.579
0.987321839 -0.461759514 1.38946881
NaN NaN NaN
-0.97 -0.47 1.579
-0.862 -0.5745 1.579
NaN NaN NaN
-0.97 -0.47 1.579
-0.987201452 -0.461816785 1.39078606
NaN NaN NaN
3.19546759 -0.0105340944 2.30195622
2.83893001 -0.00405141297 1.80829104
NaN NaN NaN
3.19546759 -0.0105340944 2.30195622
3.66583889 -0.0114789745 2.27515257
NaN NaN NaN
3.19546759 -0.0105340944 2.30195622
3.37568892 -0.00807197537 1.77286975
NaN NaN NaN
-0.997729415 -0.237253837 1.38222261
-1.02252505 -0.0275292593 1.20411738
NaN NaN NaN
-0.997729415 -0.237253837 1.38222261
-0.987201452 -0.461816785 1.39078606
NaN NaN NaN
-0.997729415 -0.237253837 1.38222261
-1.0114392 -0.450286207 1.12558276
NaN NaN NaN
0.997674859 -0.237216092 1.3814632
1.02252505 -0.0275292593 1.20411738
NaN NaN NaN
0.997674859 -0.237216092 1.3814632
0.987321839 -0.461759514 1.38946881
NaN NaN NaN
0.997674859 -0.237216092 1.3814632
1.01172922 -0.450148237 1.12240945
NaN NaN NaN
0.259899488 0.602576062 0.81548631
0.79526847 0.597726068 0.837253811
NaN NaN NaN
0.259899488 0.602576062 0.81548631
0.269624126 0.612714515 0.34849675
NaN NaN NaN
0.259899488 0.602576062 0.81548631
0.845102592 0.607489487 0.376745846
NaN NaN NaN
-0.259899488 0.602576062 0.81548631
-0.79526847 0.597726068 0.837253811
NaN NaN NaN
-0.259899488 0.602576062 0.81548631
-0.269624126 0.612714515 0.34849675
NaN NaN NaN
-0.259899488 0.602576062 0.81548631
-0.845102592 0.607489487 0.376745846
NaN NaN NaN
1.16498525 -0.0218034575 1.26911846
1.34215567 -0.0156441147 1.30740275
NaN NaN NaN
1.16498525 -0.0218034575 1.26911846
1.02252505 -0.0275292593 1.20411738
NaN NaN NaN
1.16498525 -0.0218034575 1.26911846
1.27330842 -0.0220042065 1.02368462
NaN NaN NaN
-1.15627876 -0.0189891912 1.26362379
-1.02252505 -0.0275292593 1.20411738
NaN NaN NaN
-1.15627876 -0.0189891912 1.26362379
-1.4198135 -0.0144127203 1.24015344
NaN NaN NaN
-1.15627876 -0.0189891912 1.26362379
-1.29249328 -0.0165227553 1.01182311
NaN NaN NaN
3.38829724 0.054935177 2.3726503
3.22430213 0.0760353748 1.86911366
NaN NaN NaN
3.38829724 0.054935177 2.3726503
3.82507824 0.0538267637 2.37560255
NaN NaN NaN
3.38829724 0.054935177 2.3726503
3.68017072 0.0690868531 1.93051125
NaN NaN NaN
1.34215567 -0.0156441147 1.30740275
1.27330842 -0.0220042065 1.02368462
NaN NaN NaN
1.34215567 -0.0156441147 1.30740275
1.59448422 -0.0115964341 0.953395698
NaN NaN NaN
4.23323514 -0.00533419047 3.40108341
4.23030821 0.0339277767 3.20489379
NaN NaN NaN
4.23323514 -0.00533419047 3.40108341
4.23038748 -0.0213880877 3.20488276
NaN NaN NaN
4.23323514 -0.00533419047 3.40108341
4.62845163 -0.00257757837 3.37106696
NaN NaN NaN
0.862 -0.5745 1.579
0.754 -0.679 1.579
NaN NaN NaN
0.862 -0.5745 1.579
0.987321839 -0.461759514 1.38946881
NaN NaN NaN
0.862 -0.5745 1.579
0.759693764 -0.681930614 1.39026845
NaN NaN NaN
-0.862 -0.5745 1.579
-0.754 -0.679 1.579
NaN NaN NaN
-0.862 -0.5745 1.579
-0.987201452 -0.461816785 1.39078606
NaN NaN NaN
-0.862 -0.5745 1.579
-0.759693764 -0.681930614 1.39026845
NaN NaN NaN
-3.38998144 0.0554163564 2.36019467
-3.8717925 0.0413125725 2.78559402
NaN NaN NaN
-3.38998144 0.0554163564 2.36019467
-3.22430213 0.0760353748 1.86911366
NaN NaN NaN
-3.38998144 0.0554163564 2.36019467
-3.82507824 0.0538267637 2.37560255
NaN NaN NaN
-3.38998144 0.0554163564 2.36019467
-3.68017072 0.0690868531 1.93051125
NaN NaN NaN
0.79526847 0.597726068 0.837253811
1.01144768 0.521447685 0.855703253
NaN NaN NaN
0.79526847 0.597726068 0.837253811
0.845102592 0.607489487 0.376745846
NaN NaN NaN
0.79526847 0.597726068 0.837253811
1.03131421 0.541314211 0.398773151
NaN NaN NaN
-0.79526847 0.597726068 0.837253811
-1.01144768 0.521447685 0.855703253
NaN NaN NaN
-0.79526847 0.597726068 0.837253811
-0.845102592 0.607489487 0.376745846
NaN NaN NaN
-0.79526847 0.597726068 0.837253811
-1.03131421 0.541314211 0.398773151
NaN NaN NaN
-4.16778338 0.0327002161 3.21359978
-3.8717925 0.0413125725 2.78559402
NaN NaN NaN
-4.16778338 0.0327002161 3.21359978
-4.60254583 -0.00275826985 3.37303449
NaN NaN NaN
-4.16778338 0.0327002161 3.21359978
-4.60049992 0.0411958135 3.15334811
NaN NaN NaN
-4.16778338 0.0327002161 3.21359978
-4.31033274 0.0481670885 2.57953164
NaN NaN NaN
1.02252505 -0.0275292593 1.20411738
1.27330842 -0.0220042065 1.02368462
NaN NaN NaN
1.02252505 -0.0275292593 1.20411738
1.05061215 -0.0323040658 0.887294925
NaN NaN NaN
1.02252505 -0.0275292593 1.20411738
1.01172922 -0.450148237 1.12240945
NaN NaN NaN
-1.02252505 -0.0275292593 1.20411738
-1.29249328 -0.0165227553 1.01182311
NaN NaN NaN
-1.02252505 -0.0275292593 1.20411738
-1.05061215 -0.0323040658 0.887294925
NaN NaN NaN
-1.02252505 -0.0275292593 1.20411738
-1.0114392 -0.450286207 1.12558276
NaN NaN NaN
-0.164756103 -0.405732493 1.34313726
0.0 -0.441 1.26933298
NaN NaN NaN
-0.164756103 -0.405732493 1.34313726
-0.441 -0.699651505 1.36796173
NaN NaN NaN
-0.164756103 -0.405732493 1.34313726
-0.160439076 -0.406707305 1.02924764
NaN NaN NaN
-0.164756103 -0.405732493 1.34313726
-0.441 -0.704660702 1.07845586
NaN NaN NaN
0.441 -0.696 1.579
0.601944203 -0.687258622 1.579
NaN NaN NaN
0.441 -0.696 1.579
0.441 -0.699651505 1.36796173
NaN NaN NaN
-0.441 -0.696 1.579
-0.601944203 -0.687258622 1.579
NaN NaN NaN
-0.441 -0.696 1.579
-0.441 -0.699651505 1.36796173
NaN NaN NaN
2.7294185 0.0835785786 1.80246141
3.22430213 0.0760353748 1.86911366
NaN NaN NaN
2.7294185 0.0835785786 1.80246141
2.7290965 0.0671591468 1.37072898
NaN NaN NaN
-2.7294185 0.0835785786 1.80246141
-3.22430213 0.0760353748 1.86911366
NaN NaN NaN
-2.7294185 0.0835785786 1.80246141
-2.72911803 0.0671593286 1.37074528
NaN NaN NaN
0.601944203 -0.687258622 1.579
0.754 -0.679 1.579
NaN NaN NaN
0.601944203 -0.687258622 1.579
0.441 -0.699651505 1.36796173
NaN NaN NaN
0.601944203 -0.687258622 1.579
0.759693764 -0.681930614 1.39026845
NaN NaN NaN
-0.601944203 -0.687258622 1.579
-0.754 -0.679 1.579
NaN NaN NaN
-0.601944203 -0.687258622 1.579
-0.441 -0.699651505 1.36796173
NaN NaN NaN
-0.601944203 -0.687258622 1.579
-0.759693764 -0.681930614 1.39026845
NaN NaN NaN
-3.8717925 0.0413125725 2.78559402
-3.82507824 0.0538267637 2.37560255
NaN NaN NaN
-3.8717925 0.0413125725 2.78559402
-4.31033274 0.0481670885 2.57953164
NaN NaN NaN
-4.1679243 -0.0215010411 3.21358016
-3.8767319 -0.0212010523 2.81693592
NaN NaN NaN
-4.1679243 -0.0215010411 3.21358016
-4.60254583 -0.00275826985 3.37303449
NaN NaN NaN
-4.1679243 -0.0215010411 3.21358016
-4.60055542 -0.0207187063 3.15334039
NaN NaN NaN
-4.1679243 -0.0215010411 3.21358016
-4.32451963 -0.0213783596 2.75458262
NaN NaN NaN
0.754 -0.679 1.579
0.759693764 -0.681930614 1.39026845
NaN NaN NaN
-0.754 -0.679 1.579
-0.759693764 -0.681930614 1.39026845
NaN NaN NaN
-3.8767319 -0.0212010523 2.81693592
-3.45870357 -0.0193903185 2.33228467
NaN NaN NaN
-3.8767319 -0.0212010523 2.81693592
-4.32451963 -0.0213783596 2.75458262
NaN NaN NaN
-3.8767319 -0.0212010523 2.81693592
-3.87191512 -0.0190396738 2.10505815
NaN NaN NaN
1.01144768 0.521447685 0.855703253
1.03329463 0.127334126 0.978326539
NaN NaN NaN
1.01144768 0.521447685 0.855703253
1.03131421 0.541314211 0.398773151
NaN NaN NaN
1.01144768 0.521447685 0.855703253
1.05794303 0.138790424 0.587944499
NaN NaN NaN
-1.01144768 0.521447685 0.855703253
-1.03329463 0.127334126 0.978326539
NaN NaN NaN
-1.01144768 0.521447685 0.855703253
-1.03131421 0.541314211 0.398773151
NaN NaN NaN
-1.01144768 0.521447685 0.855703253
-1.05794303 0.138790424 0.587944499
NaN NaN NaN
-1.4198135 -0.0144127203 1.24015344
-1.7986183 -0.0147519068 1.24983306
NaN NaN NaN
-1.4198135 -0.0144127203 1.24015344
-1.29249328 -0.0165227553 1.01182311
NaN NaN NaN
-1.4198135 -0.0144127203 1.24015344
-1.66527451 -0.0137421924 0.952652949
NaN NaN NaN
4.23030821 0.0339277767 3.20489379
3.95525946 0.0415978142 2.79227552
NaN NaN NaN
4.23030821 0.0339277767 3.20489379
4.62845163 -0.00257757837 3.37106696
NaN NaN NaN
4.23030821 0.0339277767 3.20489379
4.62741388 0.0417242198 3.1496006
NaN NaN NaN
4.23030821 0.0339277767 3.20489379
4.32536654 0.0482799753 2.57486741
NaN NaN NaN
0.163723769 -0.405965601 1.26807659
0.0 -0.441 1.26933298
NaN NaN NaN
0.163723769 -0.405965601 1.26807659
0.441 -0.699651505 1.36796173
NaN NaN NaN
0.163723769 -0.405965601 1.26807659
0.158149183 -0.407224378 0.862750287
NaN NaN NaN
0.163723769 -0.405965601 1.26807659
0.441 -0.704660702 1.07845586
NaN NaN NaN
0.163723769 -0.405965601 1.26807659
0.0 -0.441 0.864389493
NaN NaN NaN
3.95525946 0.0415978142 2.79227552
3.82507824 0.0538267637 2.37560255
NaN NaN NaN
3.95525946 0.0415978142 2.79227552
4.32536654 0.0482799753 2.57486741
NaN NaN NaN
4.23038748 -0.0213880877 3.20488276
3.94560925 -0.0172707499 2.77064156
NaN NaN NaN
4.23038748 -0.0213880877 3.20488276
4.62845163 -0.00257757837 3.37106696
NaN NaN NaN
4.23038748 -0.0213880877 3.20488276
4.62744202 -0.0206700868 3.14959668
NaN NaN NaN
4.23038748 -0.0213880877 3.20488276
4.36032749 -0.0178700121 2.74787823
NaN NaN NaN
-3.45870357 -0.0193903185 2.33228467
-3.09871947 -0.0180748335 1.99538162
NaN NaN NaN
-3.45870357 -0.0193903185 2.33228467
-3.57704632 -0.0181037133 1.87580998
NaN NaN NaN
-3.45870357 -0.0193903185 2.33228467
-3.87191512 -0.0190396738 2.10505815
NaN NaN NaN
-0.987201452 -0.461816785 1.39078606
-0.759693764 -0.681930614 1.39026845
NaN NaN NaN
-0.987201452 -0.461816785 1.39078606
-1.0114392 -0.450286207 1.12558276
NaN NaN NaN
-0.987201452 -0.461816785 1.39078606
-0.76772813 -0.686065949 1.12395288
NaN NaN NaN
0.987321839 -0.461759514 1.38946881
0.759693764 -0.681930614 1.39026845
NaN NaN NaN
0.987321839 -0.461759514 1.38946881
1.01172922 -0.450148237 1.12240945
NaN NaN NaN
0.987321839 -0.461759514 1.38946881
0.76772813 -0.686065949 1.12395288
NaN NaN NaN
0.0 -0.441 1.26933298
-0.160439076 -0.406707305 1.02924764
NaN NaN NaN
0.0 -0.441 1.26933298
0.0 -0.441 0.864389493
NaN NaN NaN
1.5409803 0.0834124505 1.16191729
1.2852923 0.0836789472 1.03205052
NaN NaN NaN
1.5409803 0.0834124505 1.16191729
1.90774493 0.0775986737 1.2054421
NaN NaN NaN
1.5409803 0.0834124505 1.16191729
1.46584572 0.0672514236 0.696929042
NaN NaN NaN
-1.5409803 0.0834124505 1.16191729
-1.2852923 0.0836789472 1.03205052
NaN NaN NaN
-1.5409803 0.0834124505 1.16191729
-1.90774493 0.0775986737 1.2054421
NaN NaN NaN
-1.5409803 0.0834124505 1.16191729
-1.46584572 0.0672514236 0.696929042
NaN NaN NaN
2.17062618 0.000854876157 1.44827707
2.83893001 -0.00405141297 1.80829104
NaN NaN NaN
2.17062618 0.000854876157 1.44827707
2.60329922 -0.0024565976 1.17248428
NaN NaN NaN
2.17062618 0.000854876157 1.44827707
2.14264502 0.000920288865 0.930251245
NaN NaN NaN
2.83893001 -0.00405141297 1.80829104
3.37568892 -0.00807197537 1.77286975
NaN NaN NaN
2.83893001 -0.00405141297 1.80829104
2.60329922 -0.0024565976 1.17248428
NaN NaN NaN
2.83893001 -0.00405141297 1.80829104
3.01131766 -0.00544333288 1.40324593
NaN NaN NaN
-3.09871947 -0.0180748335 1.99538162
-2.75275358 -0.0167554918 1.65342249
NaN NaN NaN
-3.09871947 -0.0180748335 1.99538162
-3.57704632 -0.0181037133 1.87580998
NaN NaN NaN
-3.09871947 -0.0180748335 1.99538162
-3.23246102 -0.0169033358 1.57273218
NaN NaN NaN
3.94560925 -0.0172707499 2.77064156
3.66583889 -0.0114789745 2.27515257
NaN NaN NaN
3.94560925 -0.0172707499 2.77064156
4.36032749 -0.0178700121 2.74787823
NaN NaN NaN
3.94560925 -0.0172707499 2.77064156
4.08004693 -0.0132456834 2.13043665
NaN NaN NaN
1.03329463 0.127334126 0.978326539
1.2852923 0.0836789472 1.03205052
NaN NaN NaN
1.03329463 0.127334126 0.978326539
1.05794303 0.138790424 0.587944499
NaN NaN NaN
-1.03329463 0.127334126 0.978326539
-1.2852923 0.0836789472 1.03205052
NaN NaN NaN
-1.03329463 0.127334126 0.978326539
-1.05794303 0.138790424 0.587944499
NaN NaN NaN
-2.23829321 0.0774431813 1.37829958
-1.90774493 0.0775986737 1.2054421
NaN NaN NaN
-2.23829321 0.0774431813 1.37829958
-2.72911803 0.0671593286 1.37074528
NaN NaN NaN
-2.23829321 0.0774431813 1.37829958
-2.26584962 0.0546434936 0.793795185
NaN NaN NaN
2.23835742 0.0774371182 1.37817459
1.90774493 0.0775986737 1.2054421
NaN NaN NaN
2.23835742 0.0774371182 1.37817459
2.7290965 0.0671591468 1.37072898
NaN NaN NaN
2.23835742 0.0774371182 1.37817459
2.26566998 0.0546535361 0.793962973
NaN NaN NaN
-1.7986183 -0.0147519068 1.24983306
-2.26781084 -0.0155734459 1.39427609
NaN NaN NaN
-1.7986183 -0.0147519068 1.24983306
-1.66527451 -0.0137421924 0.952652949
NaN NaN NaN
-1.7986183 -0.0147519068 1.24983306
-2.12701265 -0.0140329797 0.923978742
NaN NaN NaN
1.2852923 0.0836789472 1.03205052
1.05794303 0.138790424 0.587944499
NaN NaN NaN
1.2852923 0.0836789472 1.03205052
1.46584572 0.0672514236 0.696929042
NaN NaN NaN
-1.2852923 0.0836789472 1.03205052
-1.05794303 0.138790424 0.587944499
NaN NaN NaN
-1.2852923 0.0836789472 1.03205052
-1.46584572 0.0672514236 0.696929042
NaN NaN NaN
1.90774493 0.0775986737 1.2054421
1.46584572 0.0672514236 0.696929042
NaN NaN NaN
1.90774493 0.0775986737 1.2054421
2.26566998 0.0546535361 0.793962973
NaN NaN NaN
-1.90774493 0.0775986737 1.2054421
-1.46584572 0.0672514236 0.696929042
NaN NaN NaN
-1.90774493 0.0775986737 1.2054421
-2.26584962 0.0546434936 0.793795185
NaN NaN NaN
0.441 -0.699651505 1.36796173
0.759693764 -0.681930614 1.39026845
NaN NaN NaN
0.441 -0.699651505 1.36796173
0.76772813 -0.686065949 1.12395288
NaN NaN NaN
0.441 -0.699651505 1.36796173
0.441 -0.704660702 1.07845586
NaN NaN NaN
-0.441 -0.699651505 1.36796173
-0.759693764 -0.681930614 1.39026845
NaN NaN NaN
-0.441 -0.699651505 1.36796173
-0.76772813 -0.686065949 1.12395288
NaN NaN NaN
-0.441 -0.699651505 1.36796173
-0.441 -0.704660702 1.07845586
NaN NaN NaN
0.759693764 -0.681930614 1.39026845
0.76772813 -0.686065949 1.12395288
NaN NaN NaN
-0.759693764 -0.681930614 1.39026845
-0.76772813 -0.686065949 1.12395288
NaN NaN NaN
-2.26781084 -0.0155734459 1.39427609
-2.75275358 -0.0167554918 1.65342249
NaN NaN NaN
-2.26781084 -0.0155734459 1.39427609
-2.12701265 -0.0140329797 0.923978742
NaN NaN NaN
-2.26781084 -0.0155734459 1.39427609
-2.61756658 -0.0146226889 0.986160704
NaN NaN NaN
-2.75275358 -0.0167554918 1.65342249
-3.23246102 -0.0169033358 1.57273218
NaN NaN NaN
-2.75275358 -0.0167554918 1.65342249
-2.61756658 -0.0146226889 0.986160704
NaN NaN NaN
1.27330842 -0.0220042065 1.02368462
1.05061215 -0.0323040658 0.887294925
NaN NaN NaN
1.27330842 -0.0220042065 1.02368462
1.59448422 -0.0115964341 0.953395698
NaN NaN NaN
1.27330842 -0.0220042065 1.02368462
1.4588572 -0.0225147504 0.506875225
NaN NaN NaN
-1.29249328 -0.0165227553 1.01182311
-1.05061215 -0.0323040658 0.887294925
NaN NaN NaN
-1.29249328 -0.0165227553 1.01182311
-1.66527451 -0.0137421924 0.952652949
NaN NaN NaN
-1.29249328 -0.0165227553 1.01182311
-1.4774266 -0.0131741685 0.669962837
NaN NaN NaN
3.22430213 0.0760353748 1.86911366
2.7290965 0.0671591468 1.37072898
NaN NaN NaN
3.22430213 0.0760353748 1.86911366
3.68017072 0.0690868531 1.93051125
NaN NaN NaN
3.22430213 0.0760353748 1.86911366
3.70637759 0.0508709501 1.46576232
NaN NaN NaN
3.22430213 0.0760353748 1.86911366
3.35028998 0.0455449176 1.13515986
NaN NaN NaN
-3.22430213 0.0760353748 1.86911366
-2.72911803 0.0671593286 1.37074528
NaN NaN NaN
-3.22430213 0.0760353748 1.86911366
-3.68017072 0.0690868531 1.93051125
NaN NaN NaN
-3.22430213 0.0760353748 1.86911366
-3.70637759 0.0508709501 1.46576232
NaN NaN NaN
-3.22430213 0.0760353748 1.86911366
-3.35028998 0.0455449176 1.13515986
NaN NaN NaN
3.66583889 -0.0114789745 2.27515257
3.37568892 -0.00807197537 1.77286975
NaN NaN NaN
3.66583889 -0.0114789745 2.27515257
4.08004693 -0.0132456834 2.13043665
NaN NaN NaN
3.66583889 -0.0114789745 2.27515257
3.80494436 -0.0112934124 1.66726674
NaN NaN NaN
-3.82507824 0.0538267637 2.37560255
-3.68017072 0.0690868531 1.93051125
NaN NaN NaN
-3.82507824 0.0538267637 2.37560255
-4.31033274 0.0481670885 2.57953164
NaN NaN NaN
-3.82507824 0.0538267637 2.37560255
-4.08301516 0.0629465456 1.98476741
NaN NaN NaN
3.82507824 0.0538267637 2.37560255
3.68017072 0.0690868531 1.93051125
NaN NaN NaN
3.82507824 0.0538267637 2.37560255
4.32536654 0.0482799753 2.57486741
NaN NaN NaN
3.82507824 0.0538267637 2.37560255
4.08301516 0.0629465456 1.98476741
NaN NaN NaN
-4.60254583 -0.00275826985 3.37303449
-4.60049992 0.0411958135 3.15334811
NaN NaN NaN
-4.60254583 -0.00275826985 3.37303449
-4.60055542 -0.0207187063 3.15334039
NaN NaN NaN
-4.60254583 -0.00275826985 3.37303449
-4.998 0.0 3.343
NaN NaN NaN
-0.160439076 -0.406707305 1.02924764
-0.441 -0.704660702 1.07845586
NaN NaN NaN
-0.160439076 -0.406707305 1.02924764
0.0 -0.441 0.864389493
NaN NaN NaN
-0.160439076 -0.406707305 1.02924764
-0.154869045 -0.407965054 0.624252502
NaN NaN NaN
-0.160439076 -0.406707305 1.02924764
-0.441 -0.711321381 0.693502735
NaN NaN NaN
4.62845163 -0.00257757837 3.37106696
4.62741388 0.0417242198 3.1496006
NaN NaN NaN
4.62845163 -0.00257757837 3.37106696
4.62744202 -0.0206700868 3.14959668
NaN NaN NaN
4.62845163 -0.00257757837 3.37106696
4.998 0.0 3.343
NaN NaN NaN
1.05061215 -0.0323040658 0.887294925
1.01172922 -0.450148237 1.12240945
NaN NaN NaN
1.05061215 -0.0323040658 0.887294925
1.04509415 -0.434275597 0.757338727
NaN NaN NaN
1.05061215 -0.0323040658 0.887294925
1.08967217 -0.0389442684 0.446697954
NaN NaN NaN
1.05061215 -0.0323040658 0.887294925
1.4588572 -0.0225147504 0.506875225
NaN NaN NaN
-1.05061215 -0.0323040658 0.887294925
-1.0114392 -0.450286207 1.12558276
NaN NaN NaN
-1.05061215 -0.0323040658 0.887294925
-1.4774266 -0.0131741685 0.669962837
NaN NaN NaN
-1.05061215 -0.0323040658 0.887294925
-1.04457225 -0.434523882 0.763049292
NaN NaN NaN
-1.05061215 -0.0323040658 0.887294925
-1.08967217 -0.0389442684 0.446697954
NaN NaN NaN
-1.0114392 -0.450286207 1.12558276
-0.76772813 -0.686065949 1.12395288
NaN NaN NaN
-1.0114392 -0.450286207 1.12558276
-1.04457225 -0.434523882 0.763049292
NaN NaN NaN
-1.0114392 -0.450286207 1.12558276
-0.778723019 -0.691725083 0.759504629
NaN NaN NaN
1.01172922 -0.450148237 1.12240945
0.76772813 -0.686065949 1.12395288
NaN NaN NaN
1.01172922 -0.450148237 1.12240945
1.04509415 -0.434275597 0.757338727
NaN NaN NaN
1.01172922 -0.450148237 1.12240945
0.778723019 -0.691725083 0.759504629
NaN NaN NaN
0.0 0.788249101 0.348837084
0.217152114 0.715443776 0.349854675
NaN NaN NaN
0.0 0.788249101 0.348837084
-0.217152114 0.715443776 0.349854675
NaN NaN NaN
0.0 0.788249101 0.348837084
0.0 0.807334144 -0.0920663514
NaN NaN NaN
0.0 0.788249101 0.348837084
0.222206277 0.732744564 -0.0894686943
NaN NaN NaN
0.0 0.788249101 0.348837084
-0.222206277 0.732744564 -0.0894686943
NaN NaN NaN
1.59448422 -0.0115964341 0.953395698
2.14264502 0.000920288865 0.930251245
NaN NaN NaN
1.59448422 -0.0115964341 0.953395698
1.4588572 -0.0225147504 0.506875225
NaN NaN NaN
1.59448422 -0.0115964341 0.953395698
1.89012089 -0.00554422603 0.417256723
NaN NaN NaN
-4.60049992 0.0411958135 3.15334811
-4.31033274 0.0481670885 2.57953164
NaN NaN NaN
-4.60049992 0.0411958135 3.15334811
-4.998 0.0 3.343
NaN NaN NaN
-4.60049992 0.0411958135 3.15334811
-4.998 0.049 3.098
NaN NaN NaN
-4.60049992 0.0411958135 3.15334811
-4.73507268 0.047678116 2.69784122
NaN NaN NaN
-4.60049992 0.0411958135 3.15334811
-4.998 0.049 2.7938767
NaN NaN NaN
-2.72911803 0.0671593286 1.37074528
-2.26584962 0.0546434936 0.793795185
NaN NaN NaN
-2.72911803 0.0671593286 1.37074528
-3.35028998 0.0455449176 1.13515986
NaN NaN NaN
-2.72911803 0.0671593286 1.37074528
-3.02303291 0.0398599732 0.810557082
NaN NaN NaN
2.7290965 0.0671591468 1.37072898
2.26566998 0.0546535361 0.793962973
NaN NaN NaN
2.7290965 0.0671591468 1.37072898
3.35028998 0.0455449176 1.13515986
NaN NaN NaN
2.7290965 0.0671591468 1.37072898
3.02253964 0.0398888346 0.811051614
NaN NaN NaN
-1.66527451 -0.0137421924 0.952652949
-2.12701265 -0.0140329797 0.923978742
NaN NaN NaN
-1.66527451 -0.0137421924 0.952652949
-1.4774266 -0.0131741685 0.669962837
NaN NaN NaN
-1.66527451 -0.0137421924 0.952652949
-1.93199935 -0.0128057105 0.571658003
NaN NaN NaN
0.217152114 0.715443776 0.349854675
0.269624126 0.612714515 0.34849675
NaN NaN NaN
0.217152114 0.715443776 0.349854675
0.222206277 0.732744564 -0.0894686943
NaN NaN NaN
0.217152114 0.715443776 0.349854675
0.278745068 0.622223582 -0.0895025337
NaN NaN NaN
-0.217152114 0.715443776 0.349854675
-0.269624126 0.612714515 0.34849675
NaN NaN NaN
-0.217152114 0.715443776 0.349854675
-0.222206277 0.732744564 -0.0894686943
NaN NaN NaN
-0.217152114 0.715443776 0.349854675
-0.278745068 0.622223582 -0.0895025337
NaN NaN NaN
4.62741388 0.0417242198 3.1496006
4.32536654 0.0482799753 2.57486741
NaN NaN NaN
4.62741388 0.0417242198 3.1496006
4.998 0.0 3.343
NaN NaN NaN
4.62741388 0.0417242198 3.1496006
4.998 0.049 3.098
NaN NaN NaN
4.62741388 0.0417242198 3.1496006
4.73439087 0.0477688669 2.68703058
NaN NaN NaN
4.62741388 0.0417242198 3.1496006
4.998 0.049 2.7938767
NaN NaN NaN
-4.60055542 -0.0207187063 3.15334039
-4.32451963 -0.0213783596 2.75458262
NaN NaN NaN
-4.60055542 -0.0207187063 3.15334039
-4.998 0.0 3.343
NaN NaN NaN
-4.60055542 -0.0207187063 3.15334039
-4.69417539 -0.0214064831 2.66409187
NaN NaN NaN
-4.60055542 -0.0207187063 3.15334039
-4.998 -0.02 3.098
NaN NaN NaN
-4.60055542 -0.0207187063 3.15334039
-4.998 -0.02 2.79692253
NaN NaN NaN
-4.32451963 -0.0213783596 2.75458262
-3.87191512 -0.0190396738 2.10505815
NaN NaN NaN
-4.32451963 -0.0213783596 2.75458262
-4.69417539 -0.0214064831 2.66409187
NaN NaN NaN
-4.32451963 -0.0213783596 2.75458262
-4.47272503 -0.0201409693 2.30628713
NaN NaN NaN
4.62744202 -0.0206700868 3.14959668
4.36032749 -0.0178700121 2.74787823
NaN NaN NaN
4.62744202 -0.0206700868 3.14959668
4.998 0.0 3.343
NaN NaN NaN
4.62744202 -0.0206700868 3.14959668
4.74724313 -0.0188895391 2.73158075
NaN NaN NaN
4.62744202 -0.0206700868 3.14959668
4.998 -0.02 3.098
NaN NaN NaN
0.269624126 0.612714515 0.34849675
0.845102592 0.607489487 0.376745846
NaN NaN NaN
0.269624126 0.612714515 0.34849675
0.278745068 0.622223582 -0.0895025337
NaN NaN NaN
-0.269624126 0.612714515 0.34849675
-0.845102592 0.607489487 0.376745846
NaN NaN NaN
-0.269624126 0.612714515 0.34849675
-0.278745068 0.622223582 -0.0895025337
NaN NaN NaN
0.76772813 -0.686065949 1.12395288
0.441 -0.704660702 1.07845586
NaN NaN NaN
0.76772813 -0.686065949 1.12395288
0.778723019 -0.691725083 0.759504629
NaN NaN NaN
-0.76772813 -0.686065949 1.12395288
-0.441 -0.704660702 1.07845586
NaN NaN NaN
-0.76772813 -0.686065949 1.12395288
-0.778723019 -0.691725083 0.759504629
NaN NaN NaN
3.37568892 -0.00807197537 1.77286975
3.01131766 -0.00544333288 1.40324593
NaN NaN NaN
3.37568892 -0.00807197537 1.77286975
3.80494436 -0.0112934124 1.66726674
NaN NaN NaN
3.37568892 -0.00807197537 1.77286975
3.43665973 -0.0086735277 1.15544848
NaN NaN NaN
4.36032749 -0.0178700121 2.74787823
4.08004693 -0.0132456834 2.13043665
NaN NaN NaN
4.36032749 -0.0178700121 2.74787823
4.74724313 -0.0188895391 2.73158075
NaN NaN NaN
4.36032749 -0.0178700121 2.74787823
4.53727077 -0.0166029398 2.39363208
NaN NaN NaN
0.158149183 -0.407224378 0.862750287
0.441 -0.704660702 1.07845586
NaN NaN NaN
0.158149183 -0.407224378 0.862750287
0.0 -0.441 0.864389493
NaN NaN NaN
0.158149183 -0.407224378 0.862750287
0.441 -0.711321381 0.693502735
NaN NaN NaN
0.158149183 -0.407224378 0.862750287
0.151309458 -0.408768832 0.365436068
NaN NaN NaN
0.158149183 -0.407224378 0.862750287
0.0 -0.441 0.366691643
NaN NaN NaN
0.441 -0.704660702 1.07845586
0.778723019 -0.691725083 0.759504629
NaN NaN NaN
0.441 -0.704660702 1.07845586
0.441 -0.711321381 0.693502735
NaN NaN NaN
-0.441 -0.704660702 1.07845586
-0.778723019 -0.691725083 0.759504629
NaN NaN NaN
-0.441 -0.704660702 1.07845586
-0.441 -0.711321381 0.693502735
NaN NaN NaN
0.845102592 0.607489487 0.376745846
1.03131421 0.541314211 0.398773151
NaN NaN NaN
0.845102592 0.607489487 0.376745846
0.278745068 0.622223582 -0.0895025337
NaN NaN NaN
0.845102592 0.607489487 0.376745846
0.894768197 0.617219892 -0.0822048854
NaN NaN NaN
0.845102592 0.607489487 0.376745846
1.05152297 0.56152297 -0.0660283135
NaN NaN NaN
-0.845102592 0.607489487 0.376745846
-1.03131421 0.541314211 0.398773151
NaN NaN NaN
-0.845102592 0.607489487 0.376745846
-0.278745068 0.622223582 -0.0895025337
NaN NaN NaN
-0.845102592 0.607489487 0.376745846
-0.894768197 0.617219892 -0.0822048854
NaN NaN NaN
-0.845102592 0.607489487 0.376745846
-1.05152297 0.56152297 -0.0660283135
NaN NaN NaN
0.0 -0.441 0.864389493
-0.154869045 -0.407965054 0.624252502
NaN NaN NaN
0.0 -0.441 0.864389493
0.0 -0.441 0.366691643
NaN NaN NaN
3.68017072 0.0690868531 1.93051125
4.08301516 0.0629465456 1.98476741
NaN NaN NaN
3.68017072 0.0690868531 1.93051125
3.70637759 0.0508709501 1.46576232
NaN NaN NaN
3.68017072 0.0690868531 1.93051125
4.00074861 0.0510516753 1.62809089
NaN NaN NaN
-3.68017072 0.0690868531 1.93051125
-4.08301516 0.0629465456 1.98476741
NaN NaN NaN
-3.68017072 0.0690868531 1.93051125
-3.70637759 0.0508709501 1.46576232
NaN NaN NaN
-3.68017072 0.0690868531 1.93051125
-4.00074861 0.0510516753 1.62809089
NaN NaN NaN
-4.31033274 0.0481670885 2.57953164
-4.08301516 0.0629465456 1.98476741
NaN NaN NaN
-4.31033274 0.0481670885 2.57953164
-4.73507268 0.047678116 2.69784122
NaN NaN NaN
-4.31033274 0.0481670885 2.57953164
-4.76853668 0.0499011817 2.42594736
NaN NaN NaN
-4.31033274 0.0481670885 2.57953164
-4.4352128 0.0575782157 2.03220232
NaN NaN NaN
4.32536654 0.0482799753 2.57486741
4.08301516 0.0629465456 1.98476741
NaN NaN NaN
4.32536654 0.0482799753 2.57486741
4.73439087 0.0477688669 2.68703058
NaN NaN NaN
4.32536654 0.0482799753 2.57486741
4.71222321 0.0505912405 2.37249823
NaN NaN NaN
4.32536654 0.0482799753 2.57486741
4.4352128 0.0575782157 2.03220232
NaN NaN NaN
-3.57704632 -0.0181037133 1.87580998
-3.87191512 -0.0190396738 2.10505815
NaN NaN NaN
-3.57704632 -0.0181037133 1.87580998
-3.23246102 -0.0169033358 1.57273218
NaN NaN NaN
-3.57704632 -0.0181037133 1.87580998
-3.69034799 -0.016797786 1.41432031
NaN NaN NaN
-3.57704632 -0.0181037133 1.87580998
-3.99833036 -0.0177820455 1.65596606
NaN NaN NaN
1.03131421 0.541314211 0.398773151
1.05794303 0.138790424 0.587944499
NaN NaN NaN
1.03131421 0.541314211 0.398773151
1.08657437 0.152097948 0.134480517
NaN NaN NaN
1.03131421 0.541314211 0.398773151
1.05152297 0.56152297 -0.0660283135
NaN NaN NaN
-1.03131421 0.541314211 0.398773151
-1.05794303 0.138790424 0.587944499
NaN NaN NaN
-1.03131421 0.541314211 0.398773151
-1.08657437 0.152097948 0.134480517
NaN NaN NaN
-1.03131421 0.541314211 0.398773151
-1.05152297 0.56152297 -0.0660283135
NaN NaN NaN
1.05794303 0.138790424 0.587944499
1.46584572 0.0672514236 0.696929042
NaN NaN NaN
1.05794303 0.138790424 0.587944499
1.08657437 0.152097948 0.134480517
NaN NaN NaN
1.05794303 0.138790424 0.587944499
1.70535069 0.0454602348 0.25238879
NaN NaN NaN
-1.05794303 0.138790424 0.587944499
-1.46584572 0.0672514236 0.696929042
NaN NaN NaN
-1.05794303 0.138790424 0.587944499
-1.08657437 0.152097948 0.134480517
NaN NaN NaN
-3.87191512 -0.0190396738 2.10505815
-4.47272503 -0.0201409693 2.30628713
NaN NaN NaN
-3.87191512 -0.0190396738 2.10505815
-3.99833036 -0.0177820455 1.65596606
NaN NaN NaN
-3.87191512 -0.0190396738 2.10505815
-4.27362985 -0.0186492242 1.86780045
NaN NaN NaN
-3.23246102 -0.0169033358 1.57273218
-2.61756658 -0.0146226889 0.986160704
NaN NaN NaN
-3.23246102 -0.0169033358 1.57273218
-3.69034799 -0.016797786 1.41432031
NaN NaN NaN
-3.23246102 -0.0169033358 1.57273218
-3.37897225 -0.0156235394 1.11090144
NaN NaN NaN
1.46584572 0.0672514236 0.696929042
2.26566998 0.0546535361 0.793962973
NaN NaN NaN
1.46584572 0.0672514236 0.696929042
1.70535069 0.0454602348 0.25238879
NaN NaN NaN
-1.46584572 0.0672514236 0.696929042
-2.26584962 0.0546434936 0.793795185
NaN NaN NaN
-1.46584572 0.0672514236 0.696929042
-1.08657437 0.152097948 0.134480517
NaN NaN NaN
-1.46584572 0.0672514236 0.696929042
-1.70535069 0.0454602348 0.25238879
NaN NaN NaN
2.60329922 -0.0024565976 1.17248428
3.01131766 -0.00544333288 1.40324593
NaN NaN NaN
2.60329922 -0.0024565976 1.17248428
2.14264502 0.000920288865 0.930251245
NaN NaN NaN
2.60329922 -0.0024565976 1.17248428
3.12745407 -0.00644891058 0.85399362
NaN NaN NaN
2.60329922 -0.0024565976 1.17248428
2.81788185 -0.00422509826 0.545438188
NaN NaN NaN
2.60329922 -0.0024565976 1.17248428
2.50600711 -0.00198446888 0.240322951
NaN NaN NaN
3.01131766 -0.00544333288 1.40324593
3.43665973 -0.0086735277 1.15544848
NaN NaN NaN
3.01131766 -0.00544333288 1.40324593
3.12745407 -0.00644891058 0.85399362
NaN NaN NaN
2.14264502 0.000920288865 0.930251245
1.89012089 -0.00554422603 0.417256723
NaN NaN NaN
2.14264502 0.000920288865 0.930251245
2.50600711 -0.00198446888 0.240322951
NaN NaN NaN
-2.12701265 -0.0140329797 0.923978742
-2.61756658 -0.0146226889 0.986160704
NaN NaN NaN
-2.12701265 -0.0140329797 0.923978742
-1.93199935 -0.0128057105 0.571658003
NaN NaN NaN
-2.12701265 -0.0140329797 0.923978742
-2.408356 -0.013093721 0.538121984
NaN NaN NaN
-1.4774266 -0.0131741685 0.669962837
-1.08967217 -0.0389442684 0.446697954
NaN NaN NaN
-1.4774266 -0.0131741685 0.669962837
-1.93199935 -0.0128057105 0.571658003
NaN NaN NaN
-1.4774266 -0.0131741685 0.669962837
-1.71961009 -0.00878895305 0.222272206
NaN NaN NaN
4.998 0.0 3.343
4.998 0.049 3.098
NaN NaN NaN
4.998 0.0 3.343
4.998 -0.02 3.098
NaN NaN NaN
-4.998 0.0 3.343
-4.998 0.049 3.098
NaN NaN NaN
-4.998 0.0 3.343
-4.998 -0.02 3.098
NaN NaN NaN
4.08004693 -0.0132456834 2.13043665
3.80494436 -0.0112934124 1.66726674
NaN NaN NaN
4.08004693 -0.0132456834 2.13043665
4.53727077 -0.0166029398 2.39363208
NaN NaN NaN
4.08004693 -0.0132456834 2.13043665
4.2859387 -0.014821383 1.86100445
NaN NaN NaN
4.08004693 -0.0132456834 2.13043665
4.51222948 -0.0164629252 2.04788118
NaN NaN NaN
-1.04457225 -0.434523882 0.763049292
-1.08967217 -0.0389442684 0.446697954
NaN NaN NaN
-1.04457225 -0.434523882 0.763049292
-0.778723019 -0.691725083 0.759504629
NaN NaN NaN
-1.04457225 -0.434523882 0.763049292
-1.08806401 -0.413833627 0.287173424
NaN NaN NaN
-1.04457225 -0.434523882 0.763049292
-0.793163591 -0.69915773 0.280842161
NaN NaN NaN
1.04509415 -0.434275597 0.757338727
1.08967217 -0.0389442684 0.446697954
NaN NaN NaN
1.04509415 -0.434275597 0.757338727
0.778723019 -0.691725083 0.759504629
NaN NaN NaN
1.04509415 -0.434275597 0.757338727
1.0888903 -0.413440538 0.278132365
NaN NaN NaN
1.04509415 -0.434275597 0.757338727
0.793163591 -0.69915773 0.280842161
NaN NaN NaN
-0.154869045 -0.407965054 0.624252502
-0.441 -0.711321381 0.693502735
NaN NaN NaN
-0.154869045 -0.407965054 0.624252502
0.0 -0.441 0.366691643
NaN NaN NaN
-0.154869045 -0.407965054 0.624252502
-0.148637014 -0.409372287 0.171123509
NaN NaN NaN
-0.154869045 -0.407965054 0.624252502
-0.441 -0.71951969 0.219682557
NaN NaN NaN
2.26566998 0.0546535361 0.793962973
3.02253964 0.0398888346 0.811051614
NaN NaN NaN
2.26566998 0.0546535361 0.793962973
1.70535069 0.0454602348 0.25238879
NaN NaN NaN
2.26566998 0.0546535361 0.793962973
2.74188072 0.0303552036 0.410236151
NaN NaN NaN
2.26566998 0.0546535361 0.793962973
2.36343676 0.0283256263 0.154308576
NaN NaN NaN
-2.26584962 0.0546434936 0.793795185
-3.02303291 0.0398599732 0.810557082
NaN NaN NaN
-2.26584962 0.0546434936 0.793795185
-1.70535069 0.0454602348 0.25238879
NaN NaN NaN
-2.26584962 0.0546434936 0.793795185
-2.69348147 0.034078369 0.482185563
NaN NaN NaN
-2.26584962 0.0546434936 0.793795185
-2.36393003 0.0282967648 0.153814044
NaN NaN NaN
4.08301516 0.0629465456 1.98476741
4.00074861 0.0510516753 1.62809089
NaN NaN NaN
4.08301516 0.0629465456 1.98476741
4.4352128 0.0575782157 2.03220232
NaN NaN NaN
4.08301516 0.0629465456 1.98476741
4.6248988 0.0424543649 1.73623464
NaN NaN NaN
4.08301516 0.0629465456 1.98476741
4.39656166 0.0384484502 1.50871504
NaN NaN NaN
-4.08301516 0.0629465456 1.98476741
-4.00074861 0.0510516753 1.62809089
NaN NaN NaN
-4.08301516 0.0629465456 1.98476741
-4.4352128 0.0575782157 2.03220232
NaN NaN NaN
-4.08301516 0.0629465456 1.98476741
-4.6248988 0.0424543649 1.73623464
NaN NaN NaN
-4.08301516 0.0629465456 1.98476741
-4.39656166 0.0384484502 1.50871504
NaN NaN NaN
-2.61756658 -0.0146226889 0.986160704
-3.37897225 -0.0156235394 1.11090144
NaN NaN NaN
-2.61756658 -0.0146226889 0.986160704
-2.408356 -0.013093721 0.538121984
NaN NaN NaN
-2.61756658 -0.0146226889 0.986160704
-3.05338497 -0.0143698972 0.78512061
NaN NaN NaN
4.998 0.049 3.098
4.998 -0.02 3.098
NaN NaN NaN
4.998 0.049 3.098
4.998 0.049 2.7938767
NaN NaN NaN
4.998 0.049 3.098
4.998 -0.02 2.79692253
NaN NaN NaN
-4.998 0.049 3.098
-4.998 -0.02 3.098
NaN NaN NaN
-4.998 0.049 3.098
-4.998 0.049 2.7938767
NaN NaN NaN
-4.998 0.049 3.098
-4.998 -0.02 2.79692253
NaN NaN NaN
-4.73507268 0.047678116 2.69784122
-4.998 0.049 2.7938767
NaN NaN NaN
-4.73507268 0.047678116 2.69784122
-4.76853668 0.0499011817 2.42594736
NaN NaN NaN
-4.73507268 0.047678116 2.69784122
-4.998 0.049 2.53649571
NaN NaN NaN
1.08967217 -0.0389442684 0.446697954
1.4588572 -0.0225147504 0.506875225
NaN NaN NaN
1.08967217 -0.0389442684 0.446697954
1.0888903 -0.413440538 0.278132365
NaN NaN NaN
1.08967217 -0.0389442684 0.446697954
1.13242971 -0.0462130512 -0.035607161
NaN NaN NaN
1.08967217 -0.0389442684 0.446697954
1.45595491 -0.0321505937 -0.125245365
NaN NaN NaN
-1.08967217 -0.0389442684 0.446697954
-1.71961009 -0.00878895305 0.222272206
NaN NaN NaN
-1.08967217 -0.0389442684 0.446697954
-1.08806401 -0.413833627 0.287173424
NaN NaN NaN
-1.08967217 -0.0389442684 0.446697954
-1.13242971 -0.0462130512 -0.035607161
NaN NaN NaN
4.73439087 0.0477688669 2.68703058
4.998 0.049 2.7938767
NaN NaN NaN
4.73439087 0.0477688669 2.68703058
4.71222321 0.0505912405 2.37249823
NaN NaN NaN
4.73439087 0.0477688669 2.68703058
4.998 0.049 2.53649571
NaN NaN NaN
1.4588572 -0.0225147504 0.506875225
1.89012089 -0.00554422603 0.417256723
NaN NaN NaN
1.4588572 -0.0225147504 0.506875225
1.45595491 -0.0321505937 -0.125245365
NaN NaN NaN
1.4588572 -0.0225147504 0.506875225
1.8544508 -0.0124943741 -0.106564153
NaN NaN NaN
-4.69417539 -0.0214064831 2.66409187
-4.47272503 -0.0201409693 2.30628713
NaN NaN NaN
-4.69417539 -0.0214064831 2.66409187
-4.998 -0.02 2.79692253
NaN NaN NaN
-4.69417539 -0.0214064831 2.66409187
-4.7712567 -0.0207665537 2.43213364
NaN NaN NaN
-4.69417539 -0.0214064831 2.66409187
-4.998 -0.02 2.54130138
NaN NaN NaN
4.74724313 -0.0188895391 2.73158075
4.998 -0.02 3.098
NaN NaN NaN
4.74724313 -0.0188895391 2.73158075
4.53727077 -0.0166029398 2.39363208
NaN NaN NaN
4.74724313 -0.0188895391 2.73158075
4.998 -0.02 2.79692253
NaN NaN NaN
4.74724313 -0.0188895391 2.73158075
4.77222897 -0.0183386321 2.44641688
NaN NaN NaN
4.74724313 -0.0188895391 2.73158075
4.998 -0.02 2.54130138
NaN NaN NaN
4.998 -0.02 3.098
4.998 -0.02 2.79692253
NaN NaN NaN
-4.998 -0.02 3.098
-4.998 -0.02 2.79692253
NaN NaN NaN
0.778723019 -0.691725083 0.759504629
0.441 -0.711321381 0.693502735
NaN NaN NaN
0.778723019 -0.691725083 0.759504629
0.793163591 -0.69915773 0.280842161
NaN NaN NaN
-0.778723019 -0.691725083 0.759504629
-0.441 -0.711321381 0.693502735
NaN NaN NaN
-0.778723019 -0.691725083 0.759504629
-0.793163591 -0.69915773 0.280842161
NaN NaN NaN
3.80494436 -0.0112934124 1.66726674
4.2859387 -0.014821383 1.86100445
NaN NaN NaN
3.80494436 -0.0112934124 1.66726674
3.43665973 -0.0086735277 1.15544848
NaN NaN NaN
3.80494436 -0.0112934124 1.66726674
4.39657647 -0.015693351 1.51657647
NaN NaN NaN
3.80494436 -0.0112934124 1.66726674
4.13773352 -0.0138398391 1.25773352
NaN NaN NaN
3.80494436 -0.0112934124 1.66726674
3.84695238 -0.0117576254 0.966952381
NaN NaN NaN
4.53727077 -0.0166029398 2.39363208
4.77222897 -0.0183386321 2.44641688
NaN NaN NaN
4.53727077 -0.0166029398 2.39363208
4.51222948 -0.0164629252 2.04788118
NaN NaN NaN
4.53727077 -0.0166029398 2.39363208
4.77165851 -0.0183522524 2.21655201
NaN NaN NaN
0.0 0.807334144 -0.0920663514
0.222206277 0.732744564 -0.0894686943
NaN NaN NaN
0.0 0.807334144 -0.0920663514
-0.222206277 0.732744564 -0.0894686943
NaN NaN NaN
0.0 0.807334144 -0.0920663514
0.0 0.822102928 -0.433255387
NaN NaN NaN
0.0 0.807334144 -0.0920663514
0.226114064 0.746121219 -0.429145555
NaN NaN NaN
0.0 0.807334144 -0.0920663514
-0.226114064 0.746121219 -0.429145555
NaN NaN NaN
-4.47272503 -0.0201409693 2.30628713
-4.7712567 -0.0207665537 2.43213364
NaN NaN NaN
-4.47272503 -0.0201409693 2.30628713
-4.27362985 -0.0186492242 1.86780045
NaN NaN NaN
-4.47272503 -0.0201409693 2.30628713
-4.59618163 -0.0193646196 2.01679834
NaN NaN NaN
-4.47272503 -0.0201409693 2.30628713
-4.77678722 -0.0200376377 2.19012468
NaN NaN NaN
0.441 -0.711321381 0.693502735
0.151309458 -0.408768832 0.365436068
NaN NaN NaN
0.441 -0.711321381 0.693502735
0.793163591 -0.69915773 0.280842161
NaN NaN NaN
0.441 -0.711321381 0.693502735
0.441 -0.71951969 0.219682557
NaN NaN NaN
-0.441 -0.711321381 0.693502735
-0.793163591 -0.69915773 0.280842161
NaN NaN NaN
-0.441 -0.711321381 0.693502735
-0.441 -0.71951969 0.219682557
NaN NaN NaN
-1.93199935 -0.0128057105 0.571658003
-2.408356 -0.013093721 0.538121984
NaN NaN NaN
-1.93199935 -0.0128057105 0.571658003
-1.71961009 -0.00878895305 0.222272206
NaN NaN NaN
-1.93199935 -0.0128057105 0.571658003
-2.195816 -0.0118104018 0.172037197
NaN NaN NaN
0.222206277 0.732744564 -0.0894686943
0.278745068 0.622223582 -0.0895025337
NaN NaN NaN
0.222206277 0.732744564 -0.0894686943
0.226114064 0.746121219 -0.429145555
NaN NaN NaN
0.222206277 0.732744564 -0.0894686943
0.285791662 0.629570031 -0.42788896
NaN NaN NaN
-0.222206277 0.732744564 -0.0894686943
-0.278745068 0.622223582 -0.0895025337
NaN NaN NaN
-0.222206277 0.732744564 -0.0894686943
-0.226114064 0.746121219 -0.429145555
NaN NaN NaN
-0.222206277 0.732744564 -0.0894686943
-0.285791662 0.629570031 -0.42788896
NaN NaN NaN
3.70637759 0.0508709501 1.46576232
3.35028998 0.0455449176 1.13515986
NaN NaN NaN
3.70637759 0.0508709501 1.46576232
4.00074861 0.0510516753 1.62809089
NaN NaN NaN
3.70637759 0.0508709501 1.46576232
4.13761792 0.0339055776 1.25069842
NaN NaN NaN
3.70637759 0.0508709501 1.46576232
3.84668512 0.0288014933 0.960807262
NaN NaN NaN
-3.70637759 0.0508709501 1.46576232
-3.35028998 0.0455449176 1.13515986
NaN NaN NaN
-3.70637759 0.0508709501 1.46576232
-4.00074861 0.0510516753 1.62809089
NaN NaN NaN
-3.70637759 0.0508709501 1.46576232
-4.13761792 0.0339055776 1.25069842
NaN NaN NaN
-3.70637759 0.0508709501 1.46576232
-3.84668512 0.0288014933 0.960807262
NaN NaN NaN
0.278745068 0.622223582 -0.0895025337
0.894768197 0.617219892 -0.0822048854
NaN NaN NaN
0.278745068 0.622223582 -0.0895025337
0.285791662 0.629570031 -0.42788896
NaN NaN NaN
0.278745068 0.622223582 -0.0895025337
0.633663582 0.627396637 -0.449254465
NaN NaN NaN
-0.278745068 0.622223582 -0.0895025337
-0.894768197 0.617219892 -0.0822048854
NaN NaN NaN
-0.278745068 0.622223582 -0.0895025337
-0.285791662 0.629570031 -0.42788896
NaN NaN NaN
-0.278745068 0.622223582 -0.0895025337
-0.632979534 0.62737598 -0.44770933
NaN NaN NaN
4.998 0.049 2.7938767
4.998 -0.02 2.79692253
NaN NaN NaN
4.998 0.049 2.7938767
4.998 0.049 2.53649571
NaN NaN NaN
4.998 0.049 2.7938767
4.998 -0.02 2.54130138
NaN NaN NaN
-4.998 0.049 2.7938767
-4.998 -0.02 2.79692253
NaN NaN NaN
-4.998 0.049 2.7938767
-4.998 0.049 2.53649571
NaN NaN NaN
-4.998 0.049 2.7938767
-4.998 -0.02 2.54130138
NaN NaN NaN
4.71222321 0.0505912405 2.37249823
4.4352128 0.0575782157 2.03220232
NaN NaN NaN
4.71222321 0.0505912405 2.37249823
4.998 0.049 2.53649571
NaN NaN NaN
4.71222321 0.0505912405 2.37249823
4.74026139 0.0529285496 2.07328708
NaN NaN NaN
4.71222321 0.0505912405 2.37249823
4.998 0.049 2.31554104
NaN NaN NaN
-3.35028998 0.0455449176 1.13515986
-3.02303291 0.0398599732 0.810557082
NaN NaN NaN
-3.35028998 0.0455449176 1.13515986
-3.84668512 0.0288014933 0.960807262
NaN NaN NaN
-3.35028998 0.0455449176 1.13515986
-3.52320575 0.0231264167 0.638486076
NaN NaN NaN
3.35028998 0.0455449176 1.13515986
3.02253964 0.0398888346 0.811051614
NaN NaN NaN
3.35028998 0.0455449176 1.13515986
3.84668512 0.0288014933 0.960807262
NaN NaN NaN
3.35028998 0.0455449176 1.13515986
3.52320575 0.0231264167 0.638486076
NaN NaN NaN
4.00074861 0.0510516753 1.62809089
4.39656166 0.0384484502 1.50871504
NaN NaN NaN
4.00074861 0.0510516753 1.62809089
4.13761792 0.0339055776 1.25069842
NaN NaN NaN
-4.00074861 0.0510516753 1.62809089
-4.39656166 0.0384484502 1.50871504
NaN NaN NaN
-4.00074861 0.0510516753 1.62809089
-4.13761792 0.0339055776 1.25069842
NaN NaN NaN
-3.69034799 -0.016797786 1.41432031
-3.99833036 -0.0177820455 1.65596606
NaN NaN NaN
-3.69034799 -0.016797786 1.41432031
-3.37897225 -0.0156235394 1.11090144
NaN NaN NaN
-3.69034799 -0.016797786 1.41432031
-4.13773352 -0.0138398391 1.25773352
NaN NaN NaN
-3.69034799 -0.016797786 1.41432031
-3.84695238 -0.0117576254 0.966952381
NaN NaN NaN
0.151309458 -0.408768832 0.365436068
0.0 -0.441 0.366691643
NaN NaN NaN
0.151309458 -0.408768832 0.365436068
0.441 -0.71951969 0.219682557
NaN NaN NaN
0.151309458 -0.408768832 0.365436068
0.145238513 -0.410139691 -0.0759803492
NaN NaN NaN
-4.76853668 0.0499011817 2.42594736
-4.4352128 0.0575782157 2.03220232
NaN NaN NaN
-4.76853668 0.0499011817 2.42594736
-4.998 0.049 2.53649571
NaN NaN NaN
-4.76853668 0.0499011817 2.42594736
-4.74026139 0.0529285496 2.07328708
NaN NaN NaN
-4.76853668 0.0499011817 2.42594736
-4.998 0.049 2.31554104
NaN NaN NaN
4.4352128 0.0575782157 2.03220232
4.74026139 0.0529285496 2.07328708
NaN NaN NaN
4.4352128 0.0575782157 2.03220232
4.6248988 0.0424543649 1.73623464
NaN NaN NaN
-4.4352128 0.0575782157 2.03220232
-4.74026139 0.0529285496 2.07328708
NaN NaN NaN
-4.4352128 0.0575782157 2.03220232
-4.6248988 0.0424543649 1.73623464
NaN NaN NaN
4.998 -0.02 2.79692253
4.998 -0.02 2.54130138
NaN NaN NaN
-4.998 -0.02 2.79692253
-4.998 -0.02 2.54130138
NaN NaN NaN
-3.99833036 -0.0177820455 1.65596606
-4.27362985 -0.0186492242 1.86780045
NaN NaN NaN
-3.99833036 -0.0177820455 1.65596606
-4.39657647 -0.015693351 1.51657647
NaN NaN NaN
-3.99833036 -0.0177820455 1.65596606
-4.13773352 -0.0138398391 1.25773352
NaN NaN NaN
0.894768197 0.617219892 -0.0822048854
1.05152297 0.56152297 -0.0660283135
NaN NaN NaN
0.894768197 0.617219892 -0.0822048854
0.633663582 0.627396637 -0.449254465
NaN NaN NaN
0.894768197 0.617219892 -0.0822048854
0.932917789 0.624694098 -0.434738267
NaN NaN NaN
0.894768197 0.617219892 -0.0822048854
1.06702621 0.577026214 -0.422602931
NaN NaN NaN
-0.894768197 0.617219892 -0.0822048854
-1.05152297 0.56152297 -0.0660283135
NaN NaN NaN
-0.894768197 0.617219892 -0.0822048854
-0.632979534 0.62737598 -0.44770933
NaN NaN NaN
-0.894768197 0.617219892 -0.0822048854
-0.932917789 0.624694098 -0.434738267
NaN NaN NaN
-0.894768197 0.617219892 -0.0822048854
-1.06702621 0.577026214 -0.422602931
NaN NaN NaN
0.0 -0.441 0.366691643
-0.148637014 -0.409372287 0.171123509
NaN NaN NaN
0.0 -0.441 0.366691643
0.145238513 -0.410139691 -0.0759803492
NaN NaN NaN
0.0 -0.441 0.366691643
0.0 -0.441 -0.0752648633
NaN NaN NaN
4.77222897 -0.0183386321 2.44641688
4.998 -0.02 2.54130138
NaN NaN NaN
4.77222897 -0.0183386321 2.44641688
4.77165851 -0.0183522524 2.21655201
NaN NaN NaN
4.77222897 -0.0183386321 2.44641688
4.998 -0.02 2.32297166
NaN NaN NaN
1.89012089 -0.00554422603 0.417256723
2.50600711 -0.00198446888 0.240322951
NaN NaN NaN
1.89012089 -0.00554422603 0.417256723
1.8544508 -0.0124943741 -0.106564153
NaN NaN NaN
1.08657437 0.152097948 0.134480517
1.05152297 0.56152297 -0.0660283135
NaN NaN NaN
1.08657437 0.152097948 0.134480517
1.70535069 0.0454602348 0.25238879
NaN NaN NaN
1.08657437 0.152097948 0.134480517
1.10873489 0.162397907 -0.216498366
NaN NaN NaN
1.08657437 0.152097948 0.134480517
1.49768828 0.0956974751 -0.150695488
NaN NaN NaN
-1.08657437 0.152097948 0.134480517
-1.05152297 0.56152297 -0.0660283135
NaN NaN NaN
-1.08657437 0.152097948 0.134480517
-1.70535069 0.0454602348 0.25238879
NaN NaN NaN
-1.08657437 0.152097948 0.134480517
-1.10873489 0.162397907 -0.216498366
NaN NaN NaN
-1.08657437 0.152097948 0.134480517
-1.49768828 0.0956974751 -0.150695488
NaN NaN NaN
-4.7712567 -0.0207665537 2.43213364
-4.998 -0.02 2.54130138
NaN NaN NaN
-4.7712567 -0.0207665537 2.43213364
-4.77678722 -0.0200376377 2.19012468
NaN NaN NaN
-4.7712567 -0.0207665537 2.43213364
-4.998 -0.02 2.32297166
NaN NaN NaN
-4.27362985 -0.0186492242 1.86780045
-4.59618163 -0.0193646196 2.01679834
NaN NaN NaN
-4.27362985 -0.0186492242 1.86780045
-4.6248638 -0.0173280616 1.7448638
NaN NaN NaN
-4.27362985 -0.0186492242 1.86780045
-4.39657647 -0.015693351 1.51657647
NaN NaN NaN
1.05152297 0.56152297 -0.0660283135
1.10873489 0.162397907 -0.216498366
NaN NaN NaN
1.05152297 0.56152297 -0.0660283135
1.06702621 0.577026214 -0.422602931
NaN NaN NaN
-1.05152297 0.56152297 -0.0660283135
-1.10873489 0.162397907 -0.216498366
NaN NaN NaN
-1.05152297 0.56152297 -0.0660283135
-1.06702621 0.577026214 -0.422602931
NaN NaN NaN
4.2859387 -0.014821383 1.86100445
4.51222948 -0.0164629252 2.04788118
NaN NaN NaN
4.2859387 -0.014821383 1.86100445
4.6248638 -0.0173280616 1.7448638
NaN NaN NaN
4.2859387 -0.014821383 1.86100445
4.39657647 -0.015693351 1.51657647
NaN NaN NaN
3.43665973 -0.0086735277 1.15544848
3.12745407 -0.00644891058 0.85399362
NaN NaN NaN
3.43665973 -0.0086735277 1.15544848
3.84695238 -0.0117576254 0.966952381
NaN NaN NaN
3.43665973 -0.0086735277 1.15544848
3.5236698 -0.00944267671 0.643669802
NaN NaN NaN
-3.37897225 -0.0156235394 1.11090144
-3.05338497 -0.0143698972 0.78512061
NaN NaN NaN
-3.37897225 -0.0156235394 1.11090144
-3.84695238 -0.0117576254 0.966952381
NaN NaN NaN
-3.37897225 -0.0156235394 1.11090144
-3.5236698 -0.00944267671 0.643669802
NaN NaN NaN
4.51222948 -0.0164629252 2.04788118
4.77165851 -0.0183522524 2.21655201
NaN NaN NaN
4.51222948 -0.0164629252 2.04788118
4.6248638 -0.0173280616 1.7448638
NaN NaN NaN
4.51222948 -0.0164629252 2.04788118
4.82456094 -0.0187580447 1.94456094
NaN NaN NaN
-2.408356 -0.013093721 0.538121984
-3.05338497 -0.0143698972 0.78512061
NaN NaN NaN
-2.408356 -0.013093721 0.538121984
-2.195816 -0.0118104018 0.172037197
NaN NaN NaN
-2.408356 -0.013093721 0.538121984
-3.19400235 -0.00708200753 0.314002351
NaN NaN NaN
-2.408356 -0.013093721 0.538121984
-2.8643349 -0.00472133835 -0.015665099
NaN NaN NaN
3.02253964 0.0398888346 0.811051614
2.74188072 0.0303552036 0.410236151
NaN NaN NaN
3.02253964 0.0398888346 0.811051614
3.52320575 0.0231264167 0.638486076
NaN NaN NaN
3.02253964 0.0398888346 0.811051614
3.19365431 0.0173448125 0.310114557
NaN NaN NaN
-3.02303291 0.0398599732 0.810557082
-2.69348147 0.034078369 0.482185563
NaN NaN NaN
-3.02303291 0.0398599732 0.810557082
-3.52320575 0.0231264167 0.638486076
NaN NaN NaN
-3.02303291 0.0398599732 0.810557082
-3.19365431 0.0173448125 0.310114557
NaN NaN NaN
1.70535069 0.0454602348 0.25238879
2.36343676 0.0283256263 0.154308576
NaN NaN NaN
1.70535069 0.0454602348 0.25238879
1.49768828 0.0956974751 -0.150695488
NaN NaN NaN
1.70535069 0.0454602348 0.25238879
1.95836674 0.0224397505 -0.217229089
NaN NaN NaN
-1.70535069 0.0454602348 0.25238879
-2.36393003 0.0282967648 0.153814044
NaN NaN NaN
-1.70535069 0.0454602348 0.25238879
-1.49768828 0.0956974751 -0.150695488
NaN NaN NaN
-1.70535069 0.0454602348 0.25238879
-1.95836674 0.0224397505 -0.217229089
NaN NaN NaN
4.998 0.049 2.53649571
4.998 -0.02 2.54130138
NaN NaN NaN
4.998 0.049 2.53649571
4.998 0.049 2.31554104
NaN NaN NaN
4.998 0.049 2.53649571
4.998 -0.02 2.32297166
NaN NaN NaN
-4.998 0.049 2.53649571
-4.998 -0.02 2.54130138
NaN NaN NaN
-4.998 0.049 2.53649571
-4.998 0.049 2.31554104
NaN NaN NaN
-4.998 0.049 2.53649571
-4.998 -0.02 2.32297166
NaN NaN NaN
3.12745407 -0.00644891058 0.85399362
2.81788185 -0.00422509826 0.545438188
NaN NaN NaN
3.12745407 -0.00644891058 0.85399362
3.5236698 -0.00944267671 0.643669802
NaN NaN NaN
3.12745407 -0.00644891058 0.85399362
3.19400235 -0.00708200753 0.314002351
NaN NaN NaN
4.998 -0.02 2.54130138
4.998 -0.02 2.32297166
NaN NaN NaN
-4.998 -0.02 2.54130138
-4.998 -0.02 2.32297166
NaN NaN NaN
-1.71961009 -0.00878895305 0.222272206
-1.13242971 -0.0462130512 -0.035607161
NaN NaN NaN
-1.71961009 -0.00878895305 0.222272206
-2.195816 -0.0118104018 0.172037197
NaN NaN NaN
-1.71961009 -0.00878895305 0.222272206
-1.5365609 -0.0279041298 -0.231577295
NaN NaN NaN
-1.71961009 -0.00878895305 0.222272206
-1.96526052 -0.00434096178 -0.231827265
NaN NaN NaN
-3.05338497 -0.0143698972 0.78512061
-3.5236698 -0.00944267671 0.643669802
NaN NaN NaN
-3.05338497 -0.0143698972 0.78512061
-3.19400235 -0.00708200753 0.314002351
NaN NaN NaN
-4.59618163 -0.0193646196 2.01679834
-4.77678722 -0.0200376377 2.19012468
NaN NaN NaN
-4.59618163 -0.0193646196 2.01679834
-4.6248638 -0.0173280616 1.7448638
NaN NaN NaN
-4.59618163 -0.0193646196 2.01679834
-4.82456094 -0.0187580447 1.94456094
NaN NaN NaN
4.77165851 -0.0183522524 2.21655201
4.998 -0.02 2.32297166
NaN NaN NaN
4.77165851 -0.0183522524 2.21655201
4.82456094 -0.0187580447 1.94456094
NaN NaN NaN
4.77165851 -0.0183522524 2.21655201
4.998 -0.02 2.118
NaN NaN NaN
-1.08806401 -0.413833627 0.287173424
-0.793163591 -0.69915773 0.280842161
NaN NaN NaN
-1.08806401 -0.413833627 0.287173424
-1.13242971 -0.0462130512 -0.035607161
NaN NaN NaN
-1.08806401 -0.413833627 0.287173424
-1.12513808 -0.396196448 -0.118481685
NaN NaN NaN
1.0888903 -0.413440538 0.278132365
0.793163591 -0.69915773 0.280842161
NaN NaN NaN
1.0888903 -0.413440538 0.278132365
1.13242971 -0.0462130512 -0.035607161
NaN NaN NaN
1.0888903 -0.413440538 0.278132365
1.12596881 -0.395801244 -0.127571398
NaN NaN NaN
1.0888903 -0.413440538 0.278132365
0.805342629 -0.705426353 -0.122857138
NaN NaN NaN
-0.148637014 -0.409372287 0.171123509
-0.441 -0.71951969 0.219682557
NaN NaN NaN
-0.148637014 -0.409372287 0.171123509
0.0 -0.441 -0.0752648633
NaN NaN NaN
-0.148637014 -0.409372287 0.171123509
-0.143721223 -0.410482305 -0.18630206
NaN NaN NaN
-0.148637014 -0.409372287 0.171123509
-0.441 -0.726047535 -0.157593431
NaN NaN NaN
-4.77678722 -0.0200376377 2.19012468
-4.998 -0.02 2.32297166
NaN NaN NaN
-4.77678722 -0.0200376377 2.19012468
-4.82456094 -0.0187580447 1.94456094
NaN NaN NaN
-4.77678722 -0.0200376377 2.19012468
-4.998 -0.02 2.118
NaN NaN NaN
4.74026139 0.0529285496 2.07328708
4.998 0.049 2.31554104
NaN NaN NaN
4.74026139 0.0529285496 2.07328708
4.6248988 0.0424543649 1.73623464
NaN NaN NaN
4.74026139 0.0529285496 2.07328708
4.82459873 0.0459578724 1.93521957
NaN NaN NaN
4.74026139 0.0529285496 2.07328708
4.998 0.049 2.108
NaN NaN NaN
-4.74026139 0.0529285496 2.07328708
-4.998 0.049 2.31554104
NaN NaN NaN
-4.74026139 0.0529285496 2.07328708
-4.6248988 0.0424543649 1.73623464
NaN NaN NaN
-4.74026139 0.0529285496 2.07328708
-4.82459873 0.0459578724 1.93521957
NaN NaN NaN
-4.74026139 0.0529285496 2.07328708
-4.998 0.049 2.108
NaN NaN NaN
0.0 0.822102928 -0.433255387
0.226114064 0.746121219 -0.429145555
NaN NaN NaN
0.0 0.822102928 -0.433255387
-0.226114064 0.746121219 -0.429145555
NaN NaN NaN
0.0 0.822102928 -0.433255387
0.0 0.833 -0.685
NaN NaN NaN
0.0 0.822102928 -0.433255387
0.229 0.756 -0.68
NaN NaN NaN
0.0 0.822102928 -0.433255387
-0.229 0.756 -0.68
NaN NaN NaN
-2.69348147 0.034078369 0.482185563
-2.36393003 0.0282967648 0.153814044
NaN NaN NaN
-2.69348147 0.034078369 0.482185563
-3.19365431 0.0173448125 0.310114557
NaN NaN NaN
-2.69348147 0.034078369 0.482185563
-2.86410288 0.0115632084 -0.018256962
NaN NaN NaN
4.998 0.049 2.31554104
4.998 -0.02 2.32297166
NaN NaN NaN
4.998 0.049 2.31554104
4.998 0.049 2.108
NaN NaN NaN
4.998 0.049 2.31554104
4.998 -0.02 2.118
NaN NaN NaN
-4.998 0.049 2.31554104
-4.998 -0.02 2.32297166
NaN NaN NaN
-4.998 0.049 2.31554104
-4.998 0.049 2.108
NaN NaN NaN
-4.998 0.049 2.31554104
-4.998 -0.02 2.118
NaN NaN NaN
2.81788185 -0.00422509826 0.545438188
2.50600711 -0.00198446888 0.240322951
NaN NaN NaN
2.81788185 -0.00422509826 0.545438188
3.19400235 -0.00708200753 0.314002351
NaN NaN NaN
2.81788185 -0.00422509826 0.545438188
2.8643349 -0.00472133835 -0.015665099
NaN NaN NaN
0.226114064 0.746121219 -0.429145555
0.285791662 0.629570031 -0.42788896
NaN NaN NaN
0.226114064 0.746121219 -0.429145555
0.229 0.756 -0.68
NaN NaN NaN
-0.226114064 0.746121219 -0.429145555
-0.285791662 0.629570031 -0.42788896
NaN NaN NaN
-0.226114064 0.746121219 -0.429145555
-0.229 0.756 -0.68
NaN NaN NaN
-0.226114064 0.746121219 -0.429145555
-0.291 0.635 -0.678
NaN NaN NaN
4.998 -0.02 2.32297166
4.998 -0.02 2.118
NaN NaN NaN
-4.998 -0.02 2.32297166
-4.998 -0.02 2.118
NaN NaN NaN
0.793163591 -0.69915773 0.280842161
0.441 -0.71951969 0.219682557
NaN NaN NaN
0.793163591 -0.69915773 0.280842161
0.805342629 -0.705426353 -0.122857138
NaN NaN NaN
-0.793163591 -0.69915773 0.280842161
-0.441 -0.71951969 0.219682557
NaN NaN NaN
-0.793163591 -0.69915773 0.280842161
-1.12513808 -0.396196448 -0.118481685
NaN NaN NaN
-0.793163591 -0.69915773 0.280842161
-0.805342629 -0.705426353 -0.122857138
NaN NaN NaN
1.13242971 -0.0462130512 -0.035607161
1.45595491 -0.0321505937 -0.125245365
NaN NaN NaN
1.13242971 -0.0462130512 -0.035607161
1.12596881 -0.395801244 -0.127571398
NaN NaN NaN
1.13242971 -0.0462130512 -0.035607161
1.16587968 -0.0518995457 -0.412922799
NaN NaN NaN
1.13242971 -0.0462130512 -0.035607161
1.40671813 -0.0390565162 -0.394865523
NaN NaN NaN
-1.13242971 -0.0462130512 -0.035607161
-1.12513808 -0.396196448 -0.118481685
NaN NaN NaN
-1.13242971 -0.0462130512 -0.035607161
-1.5365609 -0.0279041298 -0.231577295
NaN NaN NaN
-1.13242971 -0.0462130512 -0.035607161
-1.16587968 -0.0518995457 -0.412922799
NaN NaN NaN
0.285791662 0.629570031 -0.42788896
0.633663582 0.627396637 -0.449254465
NaN NaN NaN
0.285791662 0.629570031 -0.42788896
0.229 0.756 -0.68
NaN NaN NaN
0.285791662 0.629570031 -0.42788896
0.291 0.635 -0.678
NaN NaN NaN
0.285791662 0.629570031 -0.42788896
0.519404669 0.63329294 -0.680389884
NaN NaN NaN
-0.285791662 0.629570031 -0.42788896
-0.632979534 0.62737598 -0.44770933
NaN NaN NaN
-0.285791662 0.629570031 -0.42788896
-0.291 0.635 -0.678
NaN NaN NaN
-0.285791662 0.629570031 -0.42788896
-0.517964256 0.633303705 -0.680374813
NaN NaN NaN
0.441 -0.71951969 0.219682557
0.145238513 -0.410139691 -0.0759803492
NaN NaN NaN
0.441 -0.71951969 0.219682557
0.805342629 -0.705426353 -0.122857138
NaN NaN NaN
0.441 -0.71951969 0.219682557
0.441 -0.726047535 -0.157593431
NaN NaN NaN
-0.441 -0.71951969 0.219682557
-0.805342629 -0.705426353 -0.122857138
NaN NaN NaN
-0.441 -0.71951969 0.219682557
-0.441 -0.726047535 -0.157593431
NaN NaN NaN
2.74188072 0.0303552036 0.410236151
2.36343676 0.0283256263 0.154308576
NaN NaN NaN
2.74188072 0.0303552036 0.410236151
3.19365431 0.0173448125 0.310114557
NaN NaN NaN
2.74188072 0.0303552036 0.410236151
2.86410288 0.0115632084 -0.018256962
NaN NaN NaN
4.6248988 0.0424543649 1.73623464
4.39656166 0.0384484502 1.50871504
NaN NaN NaN
4.6248988 0.0424543649 1.73623464
4.82459873 0.0459578724 1.93521957
NaN NaN NaN
4.6248988 0.0424543649 1.73623464
4.62557668 0.0 1.57571165
NaN NaN NaN
4.6248988 0.0424543649 1.73623464
4.82533523 0.0 1.76145206
NaN NaN NaN
-4.6248988 0.0424543649 1.73623464
-4.39656166 0.0384484502 1.50871504
NaN NaN NaN
-4.6248988 0.0424543649 1.73623464
-4.82459873 0.0459578724 1.93521957
NaN NaN NaN
-4.6248988 0.0424543649 1.73623464
-4.62557668 0.0 1.57571165
NaN NaN NaN
-4.6248988 0.0424543649 1.73623464
-4.82533523 0.0 1.76145206
NaN NaN NaN
4.39656166 0.0384484502 1.50871504
4.13761792 0.0339055776 1.25069842
NaN NaN NaN
4.39656166 0.0384484502 1.50871504
4.39625839 0.0 1.36248587
NaN NaN NaN
4.39656166 0.0384484502 1.50871504
4.62557668 0.0 1.57571165
NaN NaN NaN
-4.39656166 0.0384484502 1.50871504
-4.13761792 0.0339055776 1.25069842
NaN NaN NaN
-4.39656166 0.0384484502 1.50871504
-4.39625839 0.0 1.36248587
NaN NaN NaN
-4.39656166 0.0384484502 1.50871504
-4.62557668 0.0 1.57571165
NaN NaN NaN
-0.632979534 0.62737598 -0.44770933
-0.932917789 0.624694098 -0.434738267
NaN NaN NaN
-0.632979534 0.62737598 -0.44770933
-0.517964256 0.633303705 -0.680374813
NaN NaN NaN
-0.632979534 0.62737598 -0.44770933
-0.743177176 0.631620499 -0.682731301
NaN NaN NaN
0.633663582 0.627396637 -0.449254465
0.932917789 0.624694098 -0.434738267
NaN NaN NaN
0.633663582 0.627396637 -0.449254465
0.519404669 0.63329294 -0.680389884
NaN NaN NaN
0.633663582 0.627396637 -0.449254465
0.743136688 0.631620802 -0.682730877
NaN NaN NaN
-2.195816 -0.0118104018 0.172037197
-1.96526052 -0.00434096178 -0.231827265
NaN NaN NaN
-2.195816 -0.0118104018 0.172037197
-2.8643349 -0.00472133835 -0.015665099
NaN NaN NaN
-2.195816 -0.0118104018 0.172037197
-2.53466745 -0.00236066918 -0.34533255
NaN NaN NaN
-4.82459873 0.0459578724 1.93521957
-4.998 0.049 2.108
NaN NaN NaN
-4.82459873 0.0459578724 1.93521957
-4.82533523 0.0 1.76145206
NaN NaN NaN
-4.82459873 0.0459578724 1.93521957
-4.998 0.0 1.922
NaN NaN NaN
4.82459873 0.0459578724 1.93521957
4.998 0.049 2.108
NaN NaN NaN
4.82459873 0.0459578724 1.93521957
4.82533523 0.0 1.76145206
NaN NaN NaN
4.82459873 0.0459578724 1.93521957
4.998 0.0 1.922
NaN NaN NaN
-4.6248638 -0.0173280616 1.7448638
-4.39657647 -0.015693351 1.51657647
NaN NaN NaN
-4.6248638 -0.0173280616 1.7448638
-4.82456094 -0.0187580447 1.94456094
NaN NaN NaN
-4.6248638 -0.0173280616 1.7448638
-4.62557668 0.0 1.57571165
NaN NaN NaN
-4.6248638 -0.0173280616 1.7448638
-4.82533523 0.0 1.76145206
NaN NaN NaN
4.6248638 -0.0173280616 1.7448638
4.39657647 -0.015693351 1.51657647
NaN NaN NaN
4.6248638 -0.0173280616 1.7448638
4.82456094 -0.0187580447 1.94456094
NaN NaN NaN
4.6248638 -0.0173280616 1.7448638
4.62557668 0.0 1.57571165
NaN NaN NaN
4.6248638 -0.0173280616 1.7448638
4.82533523 0.0 1.76145206
NaN NaN NaN
4.39657647 -0.015693351 1.51657647
4.13773352 -0.0138398391 1.25773352
NaN NaN NaN
4.39657647 -0.015693351 1.51657647
4.39625839 0.0 1.36248587
NaN NaN NaN
4.39657647 -0.015693351 1.51657647
4.62557668 0.0 1.57571165
NaN NaN NaN
-4.39657647 -0.015693351 1.51657647
-4.13773352 -0.0138398391 1.25773352
NaN NaN NaN
-4.39657647 -0.015693351 1.51657647
-4.39625839 0.0 1.36248587
NaN NaN NaN
-4.39657647 -0.015693351 1.51657647
-4.62557668 0.0 1.57571165
NaN NaN NaN
1.10873489 0.162397907 -0.216498366
1.06702621 0.577026214 -0.422602931
NaN NaN NaN
1.10873489 0.162397907 -0.216498366
1.49768828 0.0956974751 -0.150695488
NaN NaN NaN
1.10873489 0.162397907 -0.216498366
1.12525171 0.170074738 -0.478092203
NaN NaN NaN
1.10873489 0.162397907 -0.216498366
1.38484834 0.125625948 -0.435900775
NaN NaN NaN
-1.10873489 0.162397907 -0.216498366
-1.06702621 0.577026214 -0.422602931
NaN NaN NaN
-1.10873489 0.162397907 -0.216498366
-1.49768828 0.0956974751 -0.150695488
NaN NaN NaN
-1.10873489 0.162397907 -0.216498366
-1.12525171 0.170074738 -0.478092203
NaN NaN NaN
-1.10873489 0.162397907 -0.216498366
-1.38484834 0.125625948 -0.435900775
NaN NaN NaN
4.13761792 0.0339055776 1.25069842
3.84668512 0.0288014933 0.960807262
NaN NaN NaN
4.13761792 0.0339055776 1.25069842
4.39625839 0.0 1.36248587
NaN NaN NaN
4.13761792 0.0339055776 1.25069842
4.13533562 0.0 1.11987347
NaN NaN NaN
-4.13761792 0.0339055776 1.25069842
-3.84668512 0.0288014933 0.960807262
NaN NaN NaN
-4.13761792 0.0339055776 1.25069842
-4.39625839 0.0 1.36248587
NaN NaN NaN
-4.13761792 0.0339055776 1.25069842
-4.13533562 0.0 1.11987347
NaN NaN NaN
0.932917789 0.624694098 -0.434738267
1.06702621 0.577026214 -0.422602931
NaN NaN NaN
0.932917789 0.624694098 -0.434738267
1.00942567 0.604756336 -0.554345459
NaN NaN NaN
0.932917789 0.624694098 -0.434738267
0.743136688 0.631620802 -0.682730877
NaN NaN NaN
0.932917789 0.624694098 -0.434738267
0.96 0.63 -0.685
NaN NaN NaN
-0.932917789 0.624694098 -0.434738267
-1.06702621 0.577026214 -0.422602931
NaN NaN NaN
-0.932917789 0.624694098 -0.434738267
-1.00944454 0.604811016 -0.554342279
NaN NaN NaN
-0.932917789 0.624694098 -0.434738267
-0.743177176 0.631620499 -0.682731301
NaN NaN NaN
-0.932917789 0.624694098 -0.434738267
-0.96 0.63 -0.685
NaN NaN NaN
4.998 0.049 2.108
4.998 -0.02 2.118
NaN NaN NaN
4.998 0.049 2.108
4.998 0.0 1.922
NaN NaN NaN
-4.998 0.049 2.108
-4.998 -0.02 2.118
NaN NaN NaN
-4.998 0.049 2.108
-4.998 0.0 1.922
NaN NaN NaN
4.82456094 -0.0187580447 1.94456094
4.998 -0.02 2.118
NaN NaN NaN
4.82456094 -0.0187580447 1.94456094
4.82533523 0.0 1.76145206
NaN NaN NaN
4.82456094 -0.0187580447 1.94456094
4.998 0.0 1.922
NaN NaN NaN
-4.82456094 -0.0187580447 1.94456094
-4.998 -0.02 2.118
NaN NaN NaN
-4.82456094 -0.0187580447 1.94456094
-4.82533523 0.0 1.76145206
NaN NaN NaN
-4.82456094 -0.0187580447 1.94456094
-4.998 0.0 1.922
NaN NaN NaN
4.13773352 -0.0138398391 1.25773352
3.84695238 -0.0117576254 0.966952381
NaN NaN NaN
4.13773352 -0.0138398391 1.25773352
4.39625839 0.0 1.36248587
NaN NaN NaN
4.13773352 -0.0138398391 1.25773352
4.13533562 0.0 1.11987347
NaN NaN NaN
-4.13773352 -0.0138398391 1.25773352
-3.84695238 -0.0117576254 0.966952381
NaN NaN NaN
-4.13773352 -0.0138398391 1.25773352
-4.39625839 0.0 1.36248587
NaN NaN NaN
-4.13773352 -0.0138398391 1.25773352
-4.13533562 0.0 1.11987347
NaN NaN NaN
1.06702621 0.577026214 -0.422602931
1.00942567 0.604756336 -0.554345459
NaN NaN NaN
1.06702621 0.577026214 -0.422602931
1.12525171 0.170074738 -0.478092203
NaN NaN NaN
1.06702621 0.577026214 -0.422602931
1.078 0.588 -0.675
NaN NaN NaN
1.06702621 0.577026214 -0.422602931
1.078 0.441 -0.675
NaN NaN NaN
-1.06702621 0.577026214 -0.422602931
-1.00944454 0.604811016 -0.554342279
NaN NaN NaN
-1.06702621 0.577026214 -0.422602931
-1.12525171 0.170074738 -0.478092203
NaN NaN NaN
-1.06702621 0.577026214 -0.422602931
-1.078 0.588 -0.675
NaN NaN NaN
-1.06702621 0.577026214 -0.422602931
-1.078 0.441 -0.675
NaN NaN NaN
2.50600711 -0.00198446888 0.240322951
1.8544508 -0.0124943741 -0.106564153
NaN NaN NaN
2.50600711 -0.00198446888 0.240322951
2.8643349 -0.00472133835 -0.015665099
NaN NaN NaN
2.50600711 -0.00198446888 0.240322951
2.53466745 -0.00236066918 -0.34533255
NaN NaN NaN
4.998 -0.02 2.118
4.998 0.0 1.922
NaN NaN NaN
-4.998 -0.02 2.118
-4.998 0.0 1.922
NaN NaN NaN
2.36343676 0.0283256263 0.154308576
1.95836674 0.0224397505 -0.217229089
NaN NaN NaN
2.36343676 0.0283256263 0.154308576
2.86410288 0.0115632084 -0.018256962
NaN NaN NaN
2.36343676 0.0283256263 0.154308576
2.53455144 0.00578160418 -0.346628481
NaN NaN NaN
-2.36393003 0.0282967648 0.153814044
-1.95836674 0.0224397505 -0.217229089
NaN NaN NaN
-2.36393003 0.0282967648 0.153814044
-2.86410288 0.0115632084 -0.018256962
NaN NaN NaN
-2.36393003 0.0282967648 0.153814044
-2.53455144 0.00578160418 -0.346628481
NaN NaN NaN
1.49768828 0.0956974751 -0.150695488
1.95836674 0.0224397505 -0.217229089
NaN NaN NaN
1.49768828 0.0956974751 -0.150695488
1.38484834 0.125625948 -0.435900775
NaN NaN NaN
1.49768828 0.0956974751 -0.150695488
1.68191875 0.0757705446 -0.413021578
NaN NaN NaN
-1.49768828 0.0956974751 -0.150695488
-1.95836674 0.0224397505 -0.217229089
NaN NaN NaN
-1.49768828 0.0956974751 -0.150695488
-1.38484834 0.125625948 -0.435900775
NaN NaN NaN
-1.49768828 0.0956974751 -0.150695488
-1.68191875 0.0757705446 -0.413021578
NaN NaN NaN
0.145238513 -0.410139691 -0.0759803492
0.0 -0.441 -0.0752648633
NaN NaN NaN
0.145238513 -0.410139691 -0.0759803492
0.441 -0.726047535 -0.157593431
NaN NaN NaN
0.145238513 -0.410139691 -0.0759803492
0.140534195 -0.411201956 -0.418029812
NaN NaN NaN
3.84668512 0.0288014933 0.960807262
4.13533562 0.0 1.11987347
NaN NaN NaN
3.84668512 0.0288014933 0.960807262
3.52320575 0.0231264167 0.638486076
NaN NaN NaN
3.84668512 0.0288014933 0.960807262
3.84143445 0.0 0.846596946
NaN NaN NaN
-3.84668512 0.0288014933 0.960807262
-4.13533562 0.0 1.11987347
NaN NaN NaN
-3.84668512 0.0288014933 0.960807262
-3.52320575 0.0231264167 0.638486076
NaN NaN NaN
-3.84668512 0.0288014933 0.960807262
-3.84143445 0.0 0.846596946
NaN NaN NaN
0.0 -0.441 -0.0752648633
-0.143721223 -0.410482305 -0.18630206
NaN NaN NaN
0.0 -0.441 -0.0752648633
0.140534195 -0.411201956 -0.418029812
NaN NaN NaN
0.0 -0.441 -0.0752648633
0.0 -0.441 -0.417726649
NaN NaN NaN
3.84695238 -0.0117576254 0.966952381
4.13533562 0.0 1.11987347
NaN NaN NaN
3.84695238 -0.0117576254 0.966952381
3.5236698 -0.00944267671 0.643669802
NaN NaN NaN
3.84695238 -0.0117576254 0.966952381
3.84143445 0.0 0.846596946
NaN NaN NaN
-3.84695238 -0.0117576254 0.966952381
-4.13533562 0.0 1.11987347
NaN NaN NaN
-3.84695238 -0.0117576254 0.966952381
-3.5236698 -0.00944267671 0.643669802
NaN NaN NaN
-3.84695238 -0.0117576254 0.966952381
-3.84143445 0.0 0.846596946
NaN NaN NaN
1.45595491 -0.0321505937 -0.125245365
1.8544508 -0.0124943741 -0.106564153
NaN NaN NaN
1.45595491 -0.0321505937 -0.125245365
1.40671813 -0.0390565162 -0.394865523
NaN NaN NaN
1.45595491 -0.0321505937 -0.125245365
1.72469378 -0.0232960246 -0.448981644
NaN NaN NaN
4.39625839 0.0 1.36248587
4.62557668 0.0 1.57571165
NaN NaN NaN
4.39625839 0.0 1.36248587
4.13533562 0.0 1.11987347
NaN NaN NaN
-4.39625839 0.0 1.36248587
-4.62557668 0.0 1.57571165
NaN NaN NaN
-4.39625839 0.0 1.36248587
-4.13533562 0.0 1.11987347
NaN NaN NaN
-4.62557668 0.0 1.57571165
-4.82533523 0.0 1.76145206
NaN NaN NaN
4.62557668 0.0 1.57571165
4.82533523 0.0 1.76145206
NaN NaN NaN
4.13533562 0.0 1.11987347
3.84143445 0.0 0.846596946
NaN NaN NaN
-4.13533562 0.0 1.11987347
-3.84143445 0.0 0.846596946
NaN NaN NaN
0.0 0.833 -0.685
0.229 0.756 -0.68
NaN NaN NaN
0.0 0.833 -0.685
-0.229 0.756 -0.68
NaN NaN NaN
0.0 0.833 -0.685
0.0 0.848010301 -0.922101495
NaN NaN NaN
0.0 0.833 -0.685
0.21796757 0.775000296 -0.917810153
NaN NaN NaN
0.0 0.833 -0.685
-0.217966283 0.775002513 -0.917837904
NaN NaN NaN
-4.82533523 0.0 1.76145206
-4.998 0.0 1.922
NaN NaN NaN
4.82533523 0.0 1.76145206
4.998 0.0 1.922
NaN NaN NaN
3.52320575 0.0231264167 0.638486076
3.84143445 0.0 0.846596946
NaN NaN NaN
3.52320575 0.0231264167 0.638486076
3.51414756 0.0 0.542277557
NaN NaN NaN
3.52320575 0.0231264167 0.638486076
3.19365431 0.0173448125 0.310114557
NaN NaN NaN
-3.52320575 0.0231264167 0.638486076
-3.84143445 0.0 0.846596946
NaN NaN NaN
-3.52320575 0.0231264167 0.638486076
-3.51414756 0.0 0.542277557
NaN NaN NaN
-3.52320575 0.0231264167 0.638486076
-3.19365431 0.0173448125 0.310114557
NaN NaN NaN
1.8544508 -0.0124943741 -0.106564153
1.72469378 -0.0232960246 -0.448981644
NaN NaN NaN
1.8544508 -0.0124943741 -0.106564153
2.53466745 -0.00236066918 -0.34533255
NaN NaN NaN
1.8544508 -0.0124943741 -0.106564153
2.205 0.0 -0.675
NaN NaN NaN
-1.00944454 0.604811016 -0.554342279
-0.96 0.63 -0.685
NaN NaN NaN
-1.00944454 0.604811016 -0.554342279
-1.078 0.588 -0.675
NaN NaN NaN
1.00942567 0.604756336 -0.554345459
0.96 0.63 -0.685
NaN NaN NaN
1.00942567 0.604756336 -0.554345459
1.078 0.588 -0.675
NaN NaN NaN
0.229 0.756 -0.68
0.291 0.635 -0.678
NaN NaN NaN
0.229 0.756 -0.68
0.21796757 0.775000296 -0.917810153
NaN NaN NaN
0.229 0.756 -0.68
0.287322773 0.638677227 -0.916406885
NaN NaN NaN
-0.229 0.756 -0.68
-0.291 0.635 -0.678
NaN NaN NaN
-0.229 0.756 -0.68
-0.217966283 0.775002513 -0.917837904
NaN NaN NaN
-0.229 0.756 -0.68
-0.287322344 0.638677656 -0.916434677
NaN NaN NaN
3.5236698 -0.00944267671 0.643669802
3.84143445 0.0 0.846596946
NaN NaN NaN
3.5236698 -0.00944267671 0.643669802
3.51414756 0.0 0.542277557
NaN NaN NaN
3.5236698 -0.00944267671 0.643669802
3.19400235 -0.00708200753 0.314002351
NaN NaN NaN
-3.5236698 -0.00944267671 0.643669802
-3.84143445 0.0 0.846596946
NaN NaN NaN
-3.5236698 -0.00944267671 0.643669802
-3.51414756 0.0 0.542277557
NaN NaN NaN
-3.5236698 -0.00944267671 0.643669802
-3.19400235 -0.00708200753 0.314002351
NaN NaN NaN
3.84143445 0.0 0.846596946
3.51414756 0.0 0.542277557
NaN NaN NaN
-3.84143445 0.0 0.846596946
-3.51414756 0.0 0.542277557
NaN NaN NaN
-0.143721223 -0.410482305 -0.18630206
-0.441 -0.726047535 -0.157593431
NaN NaN NaN
-0.143721223 -0.410482305 -0.18630206
0.0 -0.441 -0.417726649
NaN NaN NaN
-0.143721223 -0.410482305 -0.18630206
-0.139979488 -0.411327212 -0.458362364
NaN NaN NaN
-0.143721223 -0.410482305 -0.18630206
-0.441 -0.731058384 -0.447194833
NaN NaN NaN
-1.12513808 -0.396196448 -0.118481685
-1.16587968 -0.0518995457 -0.412922799
NaN NaN NaN
-1.12513808 -0.396196448 -0.118481685
-0.805342629 -0.705426353 -0.122857138
NaN NaN NaN
-1.12513808 -0.396196448 -0.118481685
-1.15388218 -0.382522069 -0.432992414
NaN NaN NaN
-1.12513808 -0.396196448 -0.118481685
-0.814754481 -0.710270689 -0.434832352
NaN NaN NaN
1.12596881 -0.395801244 -0.127571398
1.16587968 -0.0518995457 -0.412922799
NaN NaN NaN
1.12596881 -0.395801244 -0.127571398
0.805342629 -0.705426353 -0.122857138
NaN NaN NaN
1.12596881 -0.395801244 -0.127571398
1.15445342 -0.382250314 -0.439242788
NaN NaN NaN
1.12596881 -0.395801244 -0.127571398
0.814754481 -0.710270689 -0.434832352
NaN NaN NaN
-1.5365609 -0.0279041298 -0.231577295
-1.96526052 -0.00434096178 -0.231827265
NaN NaN NaN
-1.5365609 -0.0279041298 -0.231577295
-1.16587968 -0.0518995457 -0.412922799
NaN NaN NaN
-1.5365609 -0.0279041298 -0.231577295
-1.48418427 -0.0360212727 -0.494188251
NaN NaN NaN
-1.5365609 -0.0279041298 -0.231577295
-1.75853999 -0.0202994209 -0.462154865
NaN NaN NaN
0.291 0.635 -0.678
0.519404669 0.63329294 -0.680389884
NaN NaN NaN
0.291 0.635 -0.678
0.287322773 0.638677227 -0.916406885
NaN NaN NaN
-0.291 0.635 -0.678
-0.517964256 0.633303705 -0.680374813
NaN NaN NaN
-0.291 0.635 -0.678
-0.287322344 0.638677656 -0.916434677
NaN NaN NaN
-0.517964256 0.633303705 -0.680374813
-0.743177176 0.631620499 -0.682731301
NaN NaN NaN
-0.517964256 0.633303705 -0.680374813
-0.287322344 0.638677656 -0.916434677
NaN NaN NaN
-0.517964256 0.633303705 -0.680374813
-0.617394499 0.637182098 -0.974085969
NaN NaN NaN
0.519404669 0.63329294 -0.680389884
0.743136688 0.631620802 -0.682730877
NaN NaN NaN
0.519404669 0.63329294 -0.680389884
0.287322773 0.638677227 -0.916406885
NaN NaN NaN
0.519404669 0.63329294 -0.680389884
0.619660844 0.637033359 -0.981558939
NaN NaN NaN
3.51414756 0.0 0.542277557
3.19365431 0.0173448125 0.310114557
NaN NaN NaN
3.51414756 0.0 0.542277557
3.19400235 -0.00708200753 0.314002351
NaN NaN NaN
3.51414756 0.0 0.542277557
3.18686067 0.0 0.237958168
NaN NaN NaN
-3.51414756 0.0 0.542277557
-3.19365431 0.0173448125 0.310114557
NaN NaN NaN
-3.51414756 0.0 0.542277557
-3.19400235 -0.00708200753 0.314002351
NaN NaN NaN
-3.51414756 0.0 0.542277557
-3.18686067 0.0 0.237958168
NaN NaN NaN
0.743136688 0.631620802 -0.682730877
0.96 0.63 -0.685
NaN NaN NaN
0.743136688 0.631620802 -0.682730877
0.96 0.633084999 -0.889617271
NaN NaN NaN
0.743136688 0.631620802 -0.682730877
0.619660844 0.637033359 -0.981558939
NaN NaN NaN
-0.743177176 0.631620499 -0.682731301
-0.96 0.63 -0.685
NaN NaN NaN
-0.743177176 0.631620499 -0.682731301
-0.96 0.633164304 -0.894877323
NaN NaN NaN
-0.743177176 0.631620499 -0.682731301
-0.617394499 0.637182098 -0.974085969
NaN NaN NaN
3.19365431 0.0173448125 0.310114557
3.18686067 0.0 0.237958168
NaN NaN NaN
3.19365431 0.0173448125 0.310114557
2.86410288 0.0115632084 -0.018256962
NaN NaN NaN
-3.19365431 0.0173448125 0.310114557
-3.18686067 0.0 0.237958168
NaN NaN NaN
-3.19365431 0.0173448125 0.310114557
-2.86410288 0.0115632084 -0.018256962
NaN NaN NaN
1.12525171 0.170074738 -0.478092203
1.38484834 0.125625948 -0.435900775
NaN NaN NaN
1.12525171 0.170074738 -0.478092203
1.078 0.441 -0.675
NaN NaN NaN
1.12525171 0.170074738 -0.478092203
1.138 0.176 -0.68
NaN NaN NaN
1.12525171 0.170074738 -0.478092203
1.33638499 0.143276702 -0.679070361
NaN NaN NaN
-1.12525171 0.170074738 -0.478092203
-1.38484834 0.125625948 -0.435900775
NaN NaN NaN
-1.12525171 0.170074738 -0.478092203
-1.078 0.441 -0.675
NaN NaN NaN
-1.12525171 0.170074738 -0.478092203
-1.138 0.176 -0.68
NaN NaN NaN
-1.12525171 0.170074738 -0.478092203
-1.33638499 0.143276702 -0.679070361
NaN NaN NaN
0.96 0.63 -0.685
1.078 0.588 -0.675
NaN NaN NaN
0.96 0.63 -0.685
0.96 0.633084999 -0.889617271
NaN NaN NaN
0.96 0.63 -0.685
1.078 0.591073315 -0.877838814
NaN NaN NaN
-0.96 0.63 -0.685
-1.078 0.588 -0.675
NaN NaN NaN
-0.96 0.63 -0.685
-0.96 0.633164304 -0.894877323
NaN NaN NaN
-0.96 0.63 -0.685
-1.078 0.591172033 -0.884354205
NaN NaN NaN
1.95836674 0.0224397505 -0.217229089
1.68191875 0.0757705446 -0.413021578
NaN NaN NaN
1.95836674 0.0224397505 -0.217229089
2.53455144 0.00578160418 -0.346628481
NaN NaN NaN
1.95836674 0.0224397505 -0.217229089
1.81051424 0.0650698167 -0.676848574
NaN NaN NaN
1.95836674 0.0224397505 -0.217229089
2.205 0.0 -0.675
NaN NaN NaN
-1.95836674 0.0224397505 -0.217229089
-1.68191875 0.0757705446 -0.413021578
NaN NaN NaN
-1.95836674 0.0224397505 -0.217229089
-2.53455144 0.00578160418 -0.346628481
NaN NaN NaN
-1.95836674 0.0224397505 -0.217229089
-1.81051424 0.0650698167 -0.676848574
NaN NaN NaN
-1.95836674 0.0224397505 -0.217229089
-2.205 0.0 -0.675
NaN NaN NaN
-3.19400235 -0.00708200753 0.314002351
-3.18686067 0.0 0.237958168
NaN NaN NaN
-3.19400235 -0.00708200753 0.314002351
-2.8643349 -0.00472133835 -0.015665099
NaN NaN NaN
3.19400235 -0.00708200753 0.314002351
3.18686067 0.0 0.237958168
NaN NaN NaN
3.19400235 -0.00708200753 0.314002351
2.8643349 -0.00472133835 -0.015665099
NaN NaN NaN
1.078 0.588 -0.675
1.078 0.441 -0.675
NaN NaN NaN
1.078 0.588 -0.675
1.078 0.591073315 -0.877838814
NaN NaN NaN
-1.078 0.588 -0.675
-1.078 0.441 -0.675
NaN NaN NaN
-1.078 0.588 -0.675
-1.078 0.591172033 -0.884354205
NaN NaN NaN
1.38484834 0.125625948 -0.435900775
1.68191875 0.0757705446 -0.413021578
NaN NaN NaN
1.38484834 0.125625948 -0.435900775
1.33638499 0.143276702 -0.679070361
NaN NaN NaN
1.38484834 0.125625948 -0.435900775
1.55911143 0.106538321 -0.678026657
NaN NaN NaN
-1.38484834 0.125625948 -0.435900775
-1.68191875 0.0757705446 -0.413021578
NaN NaN NaN
-1.38484834 0.125625948 -0.435900775
-1.33638499 0.143276702 -0.679070361
NaN NaN NaN
-1.38484834 0.125625948 -0.435900775
-1.55911143 0.106538321 -0.678026657
NaN NaN NaN
-1.96526052 -0.00434096178 -0.231827265
-1.75853999 -0.0202994209 -0.462154865
NaN NaN NaN
-1.96526052 -0.00434096178 -0.231827265
-2.53466745 -0.00236066918 -0.34533255
NaN NaN NaN
-1.96526052 -0.00434096178 -0.231827265
-2.205 0.0 -0.675
NaN NaN NaN
1.16587968 -0.0518995457 -0.412922799
1.40671813 -0.0390565162 -0.394865523
NaN NaN NaN
1.16587968 -0.0518995457 -0.412922799
1.15445342 -0.382250314 -0.439242788
NaN NaN NaN
1.16587968 -0.0518995457 -0.412922799
1.19 -0.056 -0.685
NaN NaN NaN
1.16587968 -0.0518995457 -0.412922799
1.37759659 -0.0456498433 -0.683151758
NaN NaN NaN
1.16587968 -0.0518995457 -0.412922799
1.183 -0.214 -0.68
NaN NaN NaN
-1.16587968 -0.0518995457 -0.412922799
-1.48418427 -0.0360212727 -0.494188251
NaN NaN NaN
-1.16587968 -0.0518995457 -0.412922799
-1.15388218 -0.382522069 -0.432992414
NaN NaN NaN
-1.16587968 -0.0518995457 -0.412922799
-1.19 -0.056 -0.685
NaN NaN NaN
-1.16587968 -0.0518995457 -0.412922799
-1.37759659 -0.0456498433 -0.683151758
NaN NaN NaN
-1.16587968 -0.0518995457 -0.412922799
-1.176 -0.372 -0.675
NaN NaN NaN
0.805342629 -0.705426353 -0.122857138
0.441 -0.726047535 -0.157593431
NaN NaN NaN
0.805342629 -0.705426353 -0.122857138
0.814754481 -0.710270689 -0.434832352
NaN NaN NaN
-0.805342629 -0.705426353 -0.122857138
-0.441 -0.726047535 -0.157593431
NaN NaN NaN
-0.805342629 -0.705426353 -0.122857138
-0.814754481 -0.710270689 -0.434832352
NaN NaN NaN
0.441 -0.726047535 -0.157593431
0.140534195 -0.411201956 -0.418029812
NaN NaN NaN
0.441 -0.726047535 -0.157593431
0.441 -0.731058384 -0.447194833
NaN NaN NaN
0.441 -0.726047535 -0.157593431
0.814754481 -0.710270689 -0.434832352
NaN NaN NaN
-0.441 -0.726047535 -0.157593431
-0.441 -0.731058384 -0.447194833
NaN NaN NaN
-0.441 -0.726047535 -0.157593431
-0.814754481 -0.710270689 -0.434832352
NaN NaN NaN
1.40671813 -0.0390565162 -0.394865523
1.72469378 -0.0232960246 -0.448981644
NaN NaN NaN
1.40671813 -0.0390565162 -0.394865523
1.37759659 -0.0456498433 -0.683151758
NaN NaN NaN
1.40671813 -0.0390565162 -0.394865523
1.58234419 -0.034353424 -0.68113454
NaN NaN NaN
3.18686067 0.0 0.237958168
2.86410288 0.0115632084 -0.018256962
NaN NaN NaN
3.18686067 0.0 0.237958168
2.8643349 -0.00472133835 -0.015665099
NaN NaN NaN
3.18686067 0.0 0.237958168
2.85957378 0.0 -0.0663612217
NaN NaN NaN
-3.18686067 0.0 0.237958168
-2.86410288 0.0115632084 -0.018256962
NaN NaN NaN
-3.18686067 0.0 0.237958168
-2.8643349 -0.00472133835 -0.015665099
NaN NaN NaN
-3.18686067 0.0 0.237958168
-2.85957378 0.0 -0.0663612217
NaN NaN NaN
1.078 0.441 -0.675
1.138 0.176 -0.68
NaN NaN NaN
1.078 0.441 -0.675
1.078 0.591073315 -0.877838814
NaN NaN NaN
1.078 0.441 -0.675
1.14238431 0.156799748 -0.9454775
NaN NaN NaN
-1.078 0.441 -0.675
-1.138 0.176 -0.68
NaN NaN NaN
-1.078 0.441 -0.675
-1.078 0.591172033 -0.884354205
NaN NaN NaN
1.68191875 0.0757705446 -0.413021578
1.55911143 0.106538321 -0.678026657
NaN NaN NaN
1.68191875 0.0757705446 -0.413021578
1.81051424 0.0650698167 -0.676848574
NaN NaN NaN
-1.68191875 0.0757705446 -0.413021578
-1.55911143 0.106538321 -0.678026657
NaN NaN NaN
-1.68191875 0.0757705446 -0.413021578
-1.81051424 0.0650698167 -0.676848574
NaN NaN NaN
0.0 0.848010301 -0.922101495
0.21796757 0.775000296 -0.917810153
NaN NaN NaN
0.0 0.848010301 -0.922101495
-0.217966283 0.775002513 -0.917837904
NaN NaN NaN
0.0 0.848010301 -0.922101495
0.0 0.863716886 -1.17020142
NaN NaN NaN
0.0 0.848010301 -0.922101495
-0.206431601 0.794867799 -1.16647439
NaN NaN NaN
0.0 0.848010301 -0.922101495
0.206430684 0.794869377 -1.16649414
NaN NaN NaN
0.140534195 -0.411201956 -0.418029812
0.0 -0.441 -0.417726649
NaN NaN NaN
0.140534195 -0.411201956 -0.418029812
0.0694013137 -0.426383849 -0.546439101
NaN NaN NaN
0.140534195 -0.411201956 -0.418029812
0.441 -0.731058384 -0.447194833
NaN NaN NaN
0.140534195 -0.411201956 -0.418029812
0.137 -0.412 -0.675
NaN NaN NaN
0.140534195 -0.411201956 -0.418029812
0.288196372 -0.572646145 -0.675
NaN NaN NaN
0.21796757 0.775000296 -0.917810153
0.287322773 0.638677227 -0.916406885
NaN NaN NaN
0.21796757 0.775000296 -0.917810153
0.206430684 0.794869377 -1.16649414
NaN NaN NaN
0.21796757 0.775000296 -0.917810153
0.283477215 0.642522785 -1.16572724
NaN NaN NaN
-0.217966283 0.775002513 -0.917837904
-0.287322344 0.638677656 -0.916434677
NaN NaN NaN
-0.217966283 0.775002513 -0.917837904
-0.206431601 0.794867799 -1.16647439
NaN NaN NaN
-0.217966283 0.775002513 -0.917837904
-0.283477522 0.642522478 -1.16570731
NaN NaN NaN
0.0 -0.441 -0.417726649
-0.139979488 -0.411327212 -0.458362364
NaN NaN NaN
0.0 -0.441 -0.417726649
0.0694013137 -0.426383849 -0.546439101
NaN NaN NaN
0.0 -0.441 -0.417726649
0.0 -0.441 -0.675
NaN NaN NaN
2.86410288 0.0115632084 -0.018256962
2.85957378 0.0 -0.0663612217
NaN NaN NaN
2.86410288 0.0115632084 -0.018256962
2.53455144 0.00578160418 -0.346628481
NaN NaN NaN
-2.86410288 0.0115632084 -0.018256962
-2.85957378 0.0 -0.0663612217
NaN NaN NaN
-2.86410288 0.0115632084 -0.018256962
-2.53455144 0.00578160418 -0.346628481
NaN NaN NaN
2.8643349 -0.00472133835 -0.015665099
2.85957378 0.0 -0.0663612217
NaN NaN NaN
2.8643349 -0.00472133835 -0.015665099
2.53466745 -0.00236066918 -0.34533255
NaN NaN NaN
-2.8643349 -0.00472133835 -0.015665099
-2.85957378 0.0 -0.0663612217
NaN NaN NaN
-2.8643349 -0.00472133835 -0.015665099
-2.53466745 -0.00236066918 -0.34533255
NaN NaN NaN
-0.139979488 -0.411327212 -0.458362364
-0.441 -0.731058384 -0.447194833
NaN NaN NaN
-0.139979488 -0.411327212 -0.458362364
-0.137 -0.412 -0.675
NaN NaN NaN
-0.139979488 -0.411327212 -0.458362364
0.0 -0.441 -0.675
NaN NaN NaN
-0.139979488 -0.411327212 -0.458362364
-0.288263349 -0.572717308 -0.675
NaN NaN NaN
-1.48418427 -0.0360212727 -0.494188251
-1.75853999 -0.0202994209 -0.462154865
NaN NaN NaN
-1.48418427 -0.0360212727 -0.494188251
-1.37759659 -0.0456498433 -0.683151758
NaN NaN NaN
-1.48418427 -0.0360212727 -0.494188251
-1.58234419 -0.034353424 -0.68113454
NaN NaN NaN
0.287322773 0.638677227 -0.916406885
0.619660844 0.637033359 -0.981558939
NaN NaN NaN
0.287322773 0.638677227 -0.916406885
0.283477215 0.642522785 -1.16572724
NaN NaN NaN
-0.287322344 0.638677656 -0.916434677
-0.617394499 0.637182098 -0.974085969
NaN NaN NaN
-0.287322344 0.638677656 -0.916434677
-0.283477522 0.642522478 -1.16570731
NaN NaN NaN
1.72469378 -0.0232960246 -0.448981644
1.58234419 -0.034353424 -0.68113454
NaN NaN NaN
1.72469378 -0.0232960246 -0.448981644
1.83809323 -0.0202431323 -0.678614845
NaN NaN NaN
1.72469378 -0.0232960246 -0.448981644
2.205 0.0 -0.675
NaN NaN NaN
2.85957378 0.0 -0.0663612217
2.53455144 0.00578160418 -0.346628481
NaN NaN NaN
2.85957378 0.0 -0.0663612217
2.53466745 -0.00236066918 -0.34533255
NaN NaN NaN
2.85957378 0.0 -0.0663612217
2.53228689 0.0 -0.370680611
NaN NaN NaN
-2.85957378 0.0 -0.0663612217
-2.53455144 0.00578160418 -0.346628481
NaN NaN NaN
-2.85957378 0.0 -0.0663612217
-2.53466745 -0.00236066918 -0.34533255
NaN NaN NaN
-2.85957378 0.0 -0.0663612217
-2.53228689 0.0 -0.370680611
NaN NaN NaN
1.138 0.176 -0.68
1.33638499 0.143276702 -0.679070361
NaN NaN NaN
1.138 0.176 -0.68
1.14238431 0.156799748 -0.9454775
NaN NaN NaN
-1.138 0.176 -0.68
-1.078 0.591172033 -0.884354205
NaN NaN NaN
-1.138 0.176 -0.68
-1.33638499 0.143276702 -0.679070361
NaN NaN NaN
-1.138 0.176 -0.68
-1.14238431 0.156799748 -0.9454775
NaN NaN NaN
-1.75853999 -0.0202994209 -0.462154865
-1.58234419 -0.034353424 -0.68113454
NaN NaN NaN
-1.75853999 -0.0202994209 -0.462154865
-1.83809323 -0.0202431323 -0.678614845
NaN NaN NaN
-1.75853999 -0.0202994209 -0.462154865
-2.205 0.0 -0.675
NaN NaN NaN
0.96 0.633084999 -0.889617271
1.078 0.591073315 -0.877838814
NaN NaN NaN
0.96 0.633084999 -0.889617271
0.619660844 0.637033359 -0.981558939
NaN NaN NaN
0.96 0.633084999 -0.889617271
0.96 0.63685085 -1.13939314
NaN NaN NaN
0.96 0.633084999 -0.889617271
1.078 0.594810797 -1.1245126
NaN NaN NaN
-1.15388218 -0.382522069 -0.432992414
-0.814754481 -0.710270689 -0.434832352
NaN NaN NaN
-1.15388218 -0.382522069 -0.432992414
-1.176 -0.372 -0.675
NaN NaN NaN
-1.15388218 -0.382522069 -0.432992414
-0.998728063 -0.543262719 -0.675
NaN NaN NaN
-0.96 0.633164304 -0.894877323
-1.078 0.591172033 -0.884354205
NaN NaN NaN
-0.96 0.633164304 -0.894877323
-0.617394499 0.637182098 -0.974085969
NaN NaN NaN
-0.96 0.633164304 -0.894877323
-0.96 0.637108084 -1.15645452
NaN NaN NaN
-0.96 0.633164304 -0.894877323
-1.078 0.595129534 -1.14554923
NaN NaN NaN
1.15445342 -0.382250314 -0.439242788
0.814754481 -0.710270689 -0.434832352
NaN NaN NaN
1.15445342 -0.382250314 -0.439242788
1.183 -0.214 -0.68
NaN NaN NaN
1.15445342 -0.382250314 -0.439242788
1.176 -0.372 -0.675
NaN NaN NaN
1.15445342 -0.382250314 -0.439242788
1.00099047 -0.541077006 -0.675
NaN NaN NaN
1.078 0.591073315 -0.877838814
1.14238431 0.156799748 -0.9454775
NaN NaN NaN
1.078 0.591073315 -0.877838814
1.078 0.594810797 -1.1245126
NaN NaN NaN
-1.078 0.591172033 -0.884354205
-1.14238431 0.156799748 -0.9454775
NaN NaN NaN
-1.078 0.591172033 -0.884354205
-1.078 0.595129534 -1.14554923
NaN NaN NaN
1.33638499 0.143276702 -0.679070361
1.55911143 0.106538321 -0.678026657
NaN NaN NaN
1.33638499 0.143276702 -0.679070361
1.14238431 0.156799748 -0.9454775
NaN NaN NaN
1.33638499 0.143276702 -0.679070361
1.44638569 0.111468791 -0.874886038
NaN NaN NaN
-1.33638499 0.143276702 -0.679070361
-1.55911143 0.106538321 -0.678026657
NaN NaN NaN
-1.33638499 0.143276702 -0.679070361
-1.14238431 0.156799748 -0.9454775
NaN NaN NaN
-1.33638499 0.143276702 -0.679070361
-1.44638569 0.111468791 -0.874886038
NaN NaN NaN
0.0694013137 -0.426383849 -0.546439101
0.137 -0.412 -0.675
NaN NaN NaN
0.0694013137 -0.426383849 -0.546439101
0.0 -0.441 -0.675
NaN NaN NaN
-0.617394499 0.637182098 -0.974085969
-0.283477522 0.642522478 -1.16570731
NaN NaN NaN
-0.617394499 0.637182098 -0.974085969
-0.96 0.637108084 -1.15645452
NaN NaN NaN
-0.617394499 0.637182098 -0.974085969
-0.569811158 0.642791614 -1.32203812
NaN NaN NaN
0.619660844 0.637033359 -0.981558939
0.283477215 0.642522785 -1.16572724
NaN NaN NaN
0.619660844 0.637033359 -0.981558939
0.96 0.63685085 -1.13939314
NaN NaN NaN
0.619660844 0.637033359 -0.981558939
0.584288308 0.643629791 -1.39664051
NaN NaN NaN
1.55911143 0.106538321 -0.678026657
1.81051424 0.0650698167 -0.676848574
NaN NaN NaN
1.55911143 0.106538321 -0.678026657
1.44638569 0.111468791 -0.874886038
NaN NaN NaN
1.55911143 0.106538321 -0.678026657
1.65588281 0.075601879 -0.892737646
NaN NaN NaN
-1.55911143 0.106538321 -0.678026657
-1.81051424 0.0650698167 -0.676848574
NaN NaN NaN
-1.55911143 0.106538321 -0.678026657
-1.44638569 0.111468791 -0.874886038
NaN NaN NaN
-1.55911143 0.106538321 -0.678026657
-1.65588281 0.075601879 -0.892737646
NaN NaN NaN
1.19 -0.056 -0.685
1.37759659 -0.0456498433 -0.683151758
NaN NaN NaN
1.19 -0.056 -0.685
1.183 -0.214 -0.68
NaN NaN NaN
1.19 -0.056 -0.685
1.1804593 -0.207483163 -0.868651669
NaN NaN NaN
1.19 -0.056 -0.685
1.18637851 -0.0394671272 -0.960705336
NaN NaN NaN
-1.19 -0.056 -0.685
-1.37759659 -0.0456498433 -0.683151758
NaN NaN NaN
-1.19 -0.056 -0.685
-1.176 -0.372 -0.675
NaN NaN NaN
-1.19 -0.056 -0.685
-1.18637851 -0.0394671272 -0.960705336
NaN NaN NaN
-1.19 -0.056 -0.685
-1.17205234 -0.365715966 -0.935545717
NaN NaN NaN
2.53455144 0.00578160418 -0.346628481
2.53228689 0.0 -0.370680611
NaN NaN NaN
2.53455144 0.00578160418 -0.346628481
2.205 0.0 -0.675
NaN NaN NaN
-2.53455144 0.00578160418 -0.346628481
-2.53228689 0.0 -0.370680611
NaN NaN NaN
-2.53455144 0.00578160418 -0.346628481
-2.205 0.0 -0.675
NaN NaN NaN
2.53466745 -0.00236066918 -0.34533255
2.53228689 0.0 -0.370680611
NaN NaN NaN
2.53466745 -0.00236066918 -0.34533255
2.205 0.0 -0.675
NaN NaN NaN
-2.53466745 -0.00236066918 -0.34533255
-2.53228689 0.0 -0.370680611
NaN NaN NaN
-2.53466745 -0.00236066918 -0.34533255
-2.205 0.0 -0.675
NaN NaN NaN
0.441 -0.731058384 -0.447194833
0.814754481 -0.710270689 -0.434832352
NaN NaN NaN
0.441 -0.731058384 -0.447194833
0.288196372 -0.572646145 -0.675
NaN NaN NaN
0.441 -0.731058384 -0.447194833
0.441 -0.735 -0.675
NaN NaN NaN
0.441 -0.731058384 -0.447194833
0.6315 -0.7245 -0.675
NaN NaN NaN
-0.441 -0.731058384 -0.447194833
-0.814754481 -0.710270689 -0.434832352
NaN NaN NaN
-0.441 -0.731058384 -0.447194833
-0.288263349 -0.572717308 -0.675
NaN NaN NaN
-0.441 -0.731058384 -0.447194833
-0.441 -0.735 -0.675
NaN NaN NaN
-0.441 -0.731058384 -0.447194833
-0.6315 -0.7245 -0.675
NaN NaN NaN
0.814754481 -0.710270689 -0.434832352
1.00099047 -0.541077006 -0.675
NaN NaN NaN
0.814754481 -0.710270689 -0.434832352
0.6315 -0.7245 -0.675
NaN NaN NaN
0.814754481 -0.710270689 -0.434832352
0.822 -0.714 -0.675
NaN NaN NaN
-0.814754481 -0.710270689 -0.434832352
-0.998728063 -0.543262719 -0.675
NaN NaN NaN
-0.814754481 -0.710270689 -0.434832352
-0.6315 -0.7245 -0.675
NaN NaN NaN
-0.814754481 -0.710270689 -0.434832352
-0.822 -0.714 -0.675
NaN NaN NaN
1.37759659 -0.0456498433 -0.683151758
1.58234419 -0.034353424 -0.68113454
NaN NaN NaN
1.37759659 -0.0456498433 -0.683151758
1.48134857 -0.0270220477 -0.894714579
NaN NaN NaN
1.37759659 -0.0456498433 -0.683151758
1.18637851 -0.0394671272 -0.960705336
NaN NaN NaN
-1.37759659 -0.0456498433 -0.683151758
-1.58234419 -0.034353424 -0.68113454
NaN NaN NaN
-1.37759659 -0.0456498433 -0.683151758
-1.48134857 -0.0270220477 -0.894714579
NaN NaN NaN
-1.37759659 -0.0456498433 -0.683151758
-1.18637851 -0.0394671272 -0.960705336
NaN NaN NaN
2.53228689 0.0 -0.370680611
2.205 0.0 -0.675
NaN NaN NaN
-2.53228689 0.0 -0.370680611
-2.205 0.0 -0.675
NaN NaN NaN
0.0 0.863716886 -1.17020142
-0.206431601 0.794867799 -1.16647439
NaN NaN NaN
0.0 0.863716886 -1.17020142
0.206430684 0.794869377 -1.16649414
NaN NaN NaN
0.0 0.863716886 -1.17020142
0.0 0.882 -1.459
NaN NaN NaN
0.0 0.863716886 -1.17020142
0.193 0.818 -1.456
NaN NaN NaN
0.0 0.863716886 -1.17020142
-0.193 0.818 -1.456
NaN NaN NaN
0.137 -0.412 -0.675
0.0 -0.441 -0.675
NaN NaN NaN
0.137 -0.412 -0.675
0.288196372 -0.572646145 -0.675
NaN NaN NaN
0.137 -0.412 -0.675
0.142416054 -0.409645194 -0.928848092
NaN NaN NaN
0.137 -0.412 -0.675
0.0 -0.441 -0.916360404
NaN NaN NaN
-0.137 -0.412 -0.675
0.0 -0.441 -0.675
NaN NaN NaN
-0.137 -0.412 -0.675
-0.288263349 -0.572717308 -0.675
NaN NaN NaN
-0.137 -0.412 -0.675
-0.142149121 -0.409761252 -0.916337059
NaN NaN NaN
-0.137 -0.412 -0.675
0.0 -0.441 -0.916360404
NaN NaN NaN
1.58234419 -0.034353424 -0.68113454
1.83809323 -0.0202431323 -0.678614845
NaN NaN NaN
1.58234419 -0.034353424 -0.68113454
1.48134857 -0.0270220477 -0.894714579
NaN NaN NaN
1.58234419 -0.034353424 -0.68113454
1.69466962 -0.0140861227 -0.911830695
NaN NaN NaN
-1.58234419 -0.034353424 -0.68113454
-1.83809323 -0.0202431323 -0.678614845
NaN NaN NaN
-1.58234419 -0.034353424 -0.68113454
-1.48134857 -0.0270220477 -0.894714579
NaN NaN NaN
-1.58234419 -0.034353424 -0.68113454
-1.69466848 -0.0140809005 -0.911917783
NaN NaN NaN
1.183 -0.214 -0.68
1.176 -0.372 -0.675
NaN NaN NaN
1.183 -0.214 -0.68
1.1804593 -0.207483163 -0.868651669
NaN NaN NaN
1.183 -0.214 -0.68
1.1728169 -0.366933026 -0.885084556
NaN NaN NaN
-0.206431601 0.794867799 -1.16647439
-0.283477522 0.642522478 -1.16570731
NaN NaN NaN
-0.206431601 0.794867799 -1.16647439
-0.193 0.818 -1.456
NaN NaN NaN
-0.206431601 0.794867799 -1.16647439
-0.279 0.647 -1.456
NaN NaN NaN
0.206430684 0.794869377 -1.16649414
0.283477215 0.642522785 -1.16572724
NaN NaN NaN
0.206430684 0.794869377 -1.16649414
0.193 0.818 -1.456
NaN NaN NaN
0.206430684 0.794869377 -1.16649414
0.279 0.647 -1.456
NaN NaN NaN
0.0 -0.441 -0.675
0.0 -0.441 -0.916360404
NaN NaN NaN
1.81051424 0.0650698167 -0.676848574
2.205 0.0 -0.675
NaN NaN NaN
1.81051424 0.0650698167 -0.676848574
1.65588281 0.075601879 -0.892737646
NaN NaN NaN
1.81051424 0.0650698167 -0.676848574
1.95242198 0.0119232399 -1.10350664
NaN NaN NaN
-1.81051424 0.0650698167 -0.676848574
-2.205 0.0 -0.675
NaN NaN NaN
-1.81051424 0.0650698167 -0.676848574
-1.65588281 0.075601879 -0.892737646
NaN NaN NaN
-1.81051424 0.0650698167 -0.676848574
-1.95242198 0.0119232399 -1.10350664
NaN NaN NaN
1.83809323 -0.0202431323 -0.678614845
2.205 0.0 -0.675
NaN NaN NaN
1.83809323 -0.0202431323 -0.678614845
1.69466962 -0.0140861227 -0.911830695
NaN NaN NaN
1.83809323 -0.0202431323 -0.678614845
1.95242198 0.0119232399 -1.10350664
NaN NaN NaN
-1.83809323 -0.0202431323 -0.678614845
-2.205 0.0 -0.675
NaN NaN NaN
-1.83809323 -0.0202431323 -0.678614845
-1.69466848 -0.0140809005 -0.911917783
NaN NaN NaN
-1.83809323 -0.0202431323 -0.678614845
-1.95242198 0.0119232399 -1.10350664
NaN NaN NaN
-0.283477522 0.642522478 -1.16570731
-0.569811158 0.642791614 -1.32203812
NaN NaN NaN
-0.283477522 0.642522478 -1.16570731
-0.279 0.647 -1.456
NaN NaN NaN
0.283477215 0.642522785 -1.16572724
0.584288308 0.643629791 -1.39664051
NaN NaN NaN
0.283477215 0.642522785 -1.16572724
0.279 0.647 -1.456
NaN NaN NaN
1.176 -0.372 -0.675
1.00099047 -0.541077006 -0.675
NaN NaN NaN
1.176 -0.372 -0.675
1.1728169 -0.366933026 -0.885084556
NaN NaN NaN
-1.176 -0.372 -0.675
-0.998728063 -0.543262719 -0.675
NaN NaN NaN
-1.176 -0.372 -0.675
-1.17205234 -0.365715966 -0.935545717
NaN NaN NaN
0.288196372 -0.572646145 -0.675
0.441 -0.735 -0.675
NaN NaN NaN
0.288196372 -0.572646145 -0.675
0.142416054 -0.409645194 -0.928848092
NaN NaN NaN
0.288196372 -0.572646145 -0.675
0.444130818 -0.723199223 -0.934617092
NaN NaN NaN
-0.288263349 -0.572717308 -0.675
-0.441 -0.735 -0.675
NaN NaN NaN
-0.288263349 -0.572717308 -0.675
-0.142149121 -0.409761252 -0.916337059
NaN NaN NaN
-0.288263349 -0.572717308 -0.675
-0.4439693 -0.723808021 -0.921223534
NaN NaN NaN
0.96 0.63685085 -1.13939314
1.078 0.594810797 -1.1245126
NaN NaN NaN
0.96 0.63685085 -1.13939314
0.584288308 0.643629791 -1.39664051
NaN NaN NaN
0.96 0.63685085 -1.13939314
0.96 0.641501079 -1.44782669
NaN NaN NaN
0.96 0.63685085 -1.13939314
1.078 0.599433434 -1.42960661
NaN NaN NaN
1.14238431 0.156799748 -0.9454775
1.44638569 0.111468791 -0.874886038
NaN NaN NaN
1.14238431 0.156799748 -0.9454775
1.078 0.594810797 -1.1245126
NaN NaN NaN
1.14238431 0.156799748 -0.9454775
1.51098072 0.0830092262 -1.13042032
NaN NaN NaN
1.14238431 0.156799748 -0.9454775
1.14883378 0.128555537 -1.33600376
NaN NaN NaN
-1.14238431 0.156799748 -0.9454775
-1.44638569 0.111468791 -0.874886038
NaN NaN NaN
-1.14238431 0.156799748 -0.9454775
-1.078 0.595129534 -1.14554923
NaN NaN NaN
-1.14238431 0.156799748 -0.9454775
-1.51098072 0.0830092262 -1.13042032
NaN NaN NaN
-1.14238431 0.156799748 -0.9454775
-1.14883378 0.128555537 -1.33600376
NaN NaN NaN
1.44638569 0.111468791 -0.874886038
1.65588281 0.075601879 -0.892737646
NaN NaN NaN
1.44638569 0.111468791 -0.874886038
1.51098072 0.0830092262 -1.13042032
NaN NaN NaN
-1.44638569 0.111468791 -0.874886038
-1.65588281 0.075601879 -0.892737646
NaN NaN NaN
-1.44638569 0.111468791 -0.874886038
-1.51098072 0.0830092262 -1.13042032
NaN NaN NaN
1.078 0.594810797 -1.1245126
1.078 0.599433434 -1.42960661
NaN NaN NaN
1.078 0.594810797 -1.1245126
1.14883378 0.128555537 -1.33600376
NaN NaN NaN
-0.96 0.637108084 -1.15645452
-1.078 0.595129534 -1.14554923
NaN NaN NaN
-0.96 0.637108084 -1.15645452
-0.569811158 0.642791614 -1.32203812
NaN NaN NaN
-0.96 0.637108084 -1.15645452
-0.96 0.641960942 -1.47832778
NaN NaN NaN
-0.96 0.637108084 -1.15645452
-1.078 0.600003578 -1.46723617
NaN NaN NaN
-1.078 0.595129534 -1.14554923
-1.078 0.600003578 -1.46723617
NaN NaN NaN
-1.078 0.595129534 -1.14554923
-1.14883378 0.128555537 -1.33600376
NaN NaN NaN
1.00099047 -0.541077006 -0.675
0.822 -0.714 -0.675
NaN NaN NaN
1.00099047 -0.541077006 -0.675
1.1728169 -0.366933026 -0.885084556
NaN NaN NaN
1.00099047 -0.541077006 -0.675
0.998432472 -0.531700472 -0.977962794
NaN NaN NaN
1.00099047 -0.541077006 -0.675
0.823685742 -0.702280079 -0.934604271
NaN NaN NaN
-0.998728063 -0.543262719 -0.675
-0.822 -0.714 -0.675
NaN NaN NaN
-0.998728063 -0.543262719 -0.675
-1.17205234 -0.365715966 -0.935545717
NaN NaN NaN
-0.998728063 -0.543262719 -0.675
-0.823598893 -0.702883885 -0.921229556
NaN NaN NaN
2.205 0.0 -0.675
1.95242198 0.0119232399 -1.10350664
NaN NaN NaN
-2.205 0.0 -0.675
-1.95242198 0.0119232399 -1.10350664
NaN NaN NaN
0.441 -0.735 -0.675
0.6315 -0.7245 -0.675
NaN NaN NaN
0.441 -0.735 -0.675
0.444130818 -0.723199223 -0.934617092
NaN NaN NaN
-0.441 -0.735 -0.675
-0.6315 -0.7245 -0.675
NaN NaN NaN
-0.441 -0.735 -0.675
-0.4439693 -0.723808021 -0.921223534
NaN NaN NaN
1.65588281 0.075601879 -0.892737646
1.51098072 0.0830092262 -1.13042032
NaN NaN NaN
1.65588281 0.075601879 -0.892737646
1.95242198 0.0119232399 -1.10350664
NaN NaN NaN
-1.65588281 0.075601879 -0.892737646
-1.51098072 0.0830092262 -1.13042032
NaN NaN NaN
-1.65588281 0.075601879 -0.892737646
-1.95242198 0.0119232399 -1.10350664
NaN NaN NaN
0.6315 -0.7245 -0.675
0.822 -0.714 -0.675
NaN NaN NaN
0.6315 -0.7245 -0.675
0.444130818 -0.723199223 -0.934617092
NaN NaN NaN
0.6315 -0.7245 -0.675
0.823685742 -0.702280079 -0.934604271
NaN NaN NaN
-0.6315 -0.7245 -0.675
-0.822 -0.714 -0.675
NaN NaN NaN
-0.6315 -0.7245 -0.675
-0.4439693 -0.723808021 -0.921223534
NaN NaN NaN
-0.6315 -0.7245 -0.675
-0.823598893 -0.702883885 -0.921229556
NaN NaN NaN
1.1804593 -0.207483163 -0.868651669
1.18637851 -0.0394671272 -0.960705336
NaN NaN NaN
1.1804593 -0.207483163 -0.868651669
1.1728169 -0.366933026 -0.885084556
NaN NaN NaN
1.1804593 -0.207483163 -0.868651669
1.16906892 -0.360966845 -1.13245156
NaN NaN NaN
1.48134857 -0.0270220477 -0.894714579
1.18637851 -0.0394671272 -0.960705336
NaN NaN NaN
1.48134857 -0.0270220477 -0.894714579
1.69466962 -0.0140861227 -0.911830695
NaN NaN NaN
1.48134857 -0.0270220477 -0.894714579
1.53149378 -0.0100270902 -1.12863115
NaN NaN NaN
-1.48134857 -0.0270220477 -0.894714579
-1.18637851 -0.0394671272 -0.960705336
NaN NaN NaN
-1.48134857 -0.0270220477 -0.894714579
-1.69466848 -0.0140809005 -0.911917783
NaN NaN NaN
-1.48134857 -0.0270220477 -0.894714579
-1.53149378 -0.0100270902 -1.12863115
NaN NaN NaN
0.822 -0.714 -0.675
0.823685742 -0.702280079 -0.934604271
NaN NaN NaN
-0.822 -0.714 -0.675
-0.823598893 -0.702883885 -0.921229556
NaN NaN NaN
1.18637851 -0.0394671272 -0.960705336
1.53149378 -0.0100270902 -1.12863115
NaN NaN NaN
1.18637851 -0.0394671272 -0.960705336
1.16906892 -0.360966845 -1.13245156
NaN NaN NaN
1.18637851 -0.0394671272 -0.960705336
1.18116826 -0.0156811858 -1.35736423
NaN NaN NaN
-1.18637851 -0.0394671272 -0.960705336
-1.17205234 -0.365715966 -0.935545717
NaN NaN NaN
-1.18637851 -0.0394671272 -0.960705336
-1.53149378 -0.0100270902 -1.12863115
NaN NaN NaN
-1.18637851 -0.0394671272 -0.960705336
-1.18116826 -0.0156811858 -1.35736423
NaN NaN NaN
-1.18637851 -0.0394671272 -0.960705336
-1.16707381 -0.357790961 -1.26412863
NaN NaN NaN
-0.142149121 -0.409761252 -0.916337059
0.0 -0.441 -0.916360404
NaN NaN NaN
-0.142149121 -0.409761252 -0.916337059
-0.4439693 -0.723808021 -0.921223534
NaN NaN NaN
-0.142149121 -0.409761252 -0.916337059
-0.148468415 -0.407013733 -1.21251963
NaN NaN NaN
-0.142149121 -0.409761252 -0.916337059
0.0 -0.441 -1.2125871
NaN NaN NaN
-0.569811158 0.642791614 -1.32203812
-0.279 0.647 -1.456
NaN NaN NaN
-0.569811158 0.642791614 -1.32203812
-0.96 0.641960942 -1.47832778
NaN NaN NaN
-0.569811158 0.642791614 -1.32203812
-0.308232736 0.651363095 -1.76032588
NaN NaN NaN
0.142416054 -0.409645194 -0.928848092
0.0 -0.441 -0.916360404
NaN NaN NaN
0.142416054 -0.409645194 -0.928848092
0.444130818 -0.723199223 -0.934617092
NaN NaN NaN
0.142416054 -0.409645194 -0.928848092
0.0 -0.441 -1.2125871
NaN NaN NaN
0.142416054 -0.409645194 -0.928848092
0.149267664 -0.406666233 -1.24998008
NaN NaN NaN
0.0 -0.441 -0.916360404
0.0 -0.441 -1.2125871
NaN NaN NaN
1.69466962 -0.0140861227 -0.911830695
1.53149378 -0.0100270902 -1.12863115
NaN NaN NaN
1.69466962 -0.0140861227 -0.911830695
1.95242198 0.0119232399 -1.10350664
NaN NaN NaN
-1.69466848 -0.0140809005 -0.911917783
-1.53149378 -0.0100270902 -1.12863115
NaN NaN NaN
-1.69466848 -0.0140809005 -0.911917783
-1.95242198 0.0119232399 -1.10350664
NaN NaN NaN
1.1728169 -0.366933026 -0.885084556
0.998432472 -0.531700472 -0.977962794
NaN NaN NaN
1.1728169 -0.366933026 -0.885084556
1.16906892 -0.360966845 -1.13245156
NaN NaN NaN
0.0 0.882 -1.459
0.193 0.818 -1.456
NaN NaN NaN
0.0 0.882 -1.459
-0.193 0.818 -1.456
NaN NaN NaN
0.0 0.882 -1.459
0.0 0.92483858 -1.7695797
NaN NaN NaN
0.0 0.882 -1.459
0.205002986 0.855973083 -1.76109408
NaN NaN NaN
0.0 0.882 -1.459
-0.205004263 0.855977124 -1.76112655
NaN NaN NaN
0.193 0.818 -1.456
0.279 0.647 -1.456
NaN NaN NaN
0.193 0.818 -1.456
0.205002986 0.855973083 -1.76109408
NaN NaN NaN
0.193 0.818 -1.456
0.308209248 0.651359589 -1.76008135
NaN NaN NaN
-0.193 0.818 -1.456
-0.279 0.647 -1.456
NaN NaN NaN
-0.193 0.818 -1.456
-0.205004263 0.855977124 -1.76112655
NaN NaN NaN
-0.193 0.818 -1.456
-0.308232736 0.651363095 -1.76032588
NaN NaN NaN
0.584288308 0.643629791 -1.39664051
0.279 0.647 -1.456
NaN NaN NaN
0.584288308 0.643629791 -1.39664051
0.96 0.641501079 -1.44782669
NaN NaN NaN
0.584288308 0.643629791 -1.39664051
0.308209248 0.651359589 -1.76008135
NaN NaN NaN
0.584288308 0.643629791 -1.39664051
0.670467829 0.650447959 -1.89355677
NaN NaN NaN
-1.17205234 -0.365715966 -0.935545717
-0.823598893 -0.702883885 -0.921229556
NaN NaN NaN
-1.17205234 -0.365715966 -0.935545717
-1.16707381 -0.357790961 -1.26412863
NaN NaN NaN
-1.17205234 -0.365715966 -0.935545717
-0.825555055 -0.689283904 -1.22247845
NaN NaN NaN
0.279 0.647 -1.456
0.308209248 0.651359589 -1.76008135
NaN NaN NaN
-0.279 0.647 -1.456
-0.308232736 0.651363095 -1.76032588
NaN NaN NaN
1.51098072 0.0830092262 -1.13042032
1.95242198 0.0119232399 -1.10350664
NaN NaN NaN
1.51098072 0.0830092262 -1.13042032
1.14883378 0.128555537 -1.33600376
NaN NaN NaN
1.51098072 0.0830092262 -1.13042032
1.69297574 0.0241707021 -1.54366544
NaN NaN NaN
-1.51098072 0.0830092262 -1.13042032
-1.95242198 0.0119232399 -1.10350664
NaN NaN NaN
-1.51098072 0.0830092262 -1.13042032
-1.14883378 0.128555537 -1.33600376
NaN NaN NaN
-1.51098072 0.0830092262 -1.13042032
-1.69297574 0.0241707021 -1.54366544
NaN NaN NaN
-0.4439693 -0.723808021 -0.921223534
-0.823598893 -0.702883885 -0.921229556
NaN NaN NaN
-0.4439693 -0.723808021 -0.921223534
-0.148468415 -0.407013733 -1.21251963
NaN NaN NaN
-0.4439693 -0.723808021 -0.921223534
-0.447602038 -0.710115395 -1.22246131
NaN NaN NaN
0.96 0.641501079 -1.44782669
1.078 0.599433434 -1.42960661
NaN NaN NaN
0.96 0.641501079 -1.44782669
0.96 0.64715688 -1.82295633
NaN NaN NaN
0.96 0.641501079 -1.44782669
1.078 0.605064516 -1.80125803
NaN NaN NaN
0.96 0.641501079 -1.44782669
0.670467829 0.650447959 -1.89355677
NaN NaN NaN
0.444130818 -0.723199223 -0.934617092
0.823685742 -0.702280079 -0.934604271
NaN NaN NaN
0.444130818 -0.723199223 -0.934617092
0.149267664 -0.406666233 -1.24998008
NaN NaN NaN
0.444130818 -0.723199223 -0.934617092
0.44808756 -0.708285352 -1.26272226
NaN NaN NaN
0.998432472 -0.531700472 -0.977962794
0.823685742 -0.702280079 -0.934604271
NaN NaN NaN
0.998432472 -0.531700472 -0.977962794
1.16906892 -0.360966845 -1.13245156
NaN NaN NaN
0.998432472 -0.531700472 -0.977962794
0.825816118 -0.687468891 -1.26268224
NaN NaN NaN
1.078 0.599433434 -1.42960661
1.14883378 0.128555537 -1.33600376
NaN NaN NaN
1.078 0.599433434 -1.42960661
1.078 0.605064516 -1.80125803
NaN NaN NaN
1.078 0.599433434 -1.42960661
1.15777948 0.0893795355 -1.87768138
NaN NaN NaN
-1.53149378 -0.0100270902 -1.12863115
-1.95242198 0.0119232399 -1.10350664
NaN NaN NaN
-1.53149378 -0.0100270902 -1.12863115
-1.18116826 -0.0156811858 -1.35736423
NaN NaN NaN
-1.53149378 -0.0100270902 -1.12863115
-1.69297574 0.0241707021 -1.54366544
NaN NaN NaN
1.53149378 -0.0100270902 -1.12863115
1.95242198 0.0119232399 -1.10350664
NaN NaN NaN
1.53149378 -0.0100270902 -1.12863115
1.18116826 -0.0156811858 -1.35736423
NaN NaN NaN
1.53149378 -0.0100270902 -1.12863115
1.69297574 0.0241707021 -1.54366544
NaN NaN NaN
-0.823598893 -0.702883885 -0.921229556
-0.447602038 -0.710115395 -1.22246131
NaN NaN NaN
-0.823598893 -0.702883885 -0.921229556
-0.825555055 -0.689283904 -1.22247845
NaN NaN NaN
0.823685742 -0.702280079 -0.934604271
0.44808756 -0.708285352 -1.26272226
NaN NaN NaN
0.823685742 -0.702280079 -0.934604271
0.825816118 -0.687468891 -1.26268224
NaN NaN NaN
-0.96 0.641960942 -1.47832778
-1.078 0.600003578 -1.46723617
NaN NaN NaN
-0.96 0.641960942 -1.47832778
-0.308232736 0.651363095 -1.76032588
NaN NaN NaN
-0.96 0.641960942 -1.47832778
-0.96 0.647839769 -1.86825
NaN NaN NaN
-0.96 0.641960942 -1.47832778
-1.078 0.605912126 -1.8572003
NaN NaN NaN
-1.078 0.600003578 -1.46723617
-1.14883378 0.128555537 -1.33600376
NaN NaN NaN
-1.078 0.600003578 -1.46723617
-1.078 0.605912126 -1.8572003
NaN NaN NaN
-1.078 0.600003578 -1.46723617
-1.15777948 0.0893795355 -1.87768138
NaN NaN NaN
1.95242198 0.0119232399 -1.10350664
1.69297574 0.0241707021 -1.54366544
NaN NaN NaN
-1.95242198 0.0119232399 -1.10350664
-1.69297574 0.0241707021 -1.54366544
NaN NaN NaN
1.14883378 0.128555537 -1.33600376
1.69297574 0.0241707021 -1.54366544
NaN NaN NaN
1.14883378 0.128555537 -1.33600376
1.15777948 0.0893795355 -1.87768138
NaN NaN NaN
1.14883378 0.128555537 -1.33600376
1.42998787 0.036585351 -1.98983272
NaN NaN NaN
-1.14883378 0.128555537 -1.33600376
-1.69297574 0.0241707021 -1.54366544
NaN NaN NaN
-1.14883378 0.128555537 -1.33600376
-1.15777948 0.0893795355 -1.87768138
NaN NaN NaN
-1.14883378 0.128555537 -1.33600376
-1.42998787 0.036585351 -1.98983272
NaN NaN NaN
1.16906892 -0.360966845 -1.13245156
1.18116826 -0.0156811858 -1.35736423
NaN NaN NaN
1.16906892 -0.360966845 -1.13245156
0.825816118 -0.687468891 -1.26268224
NaN NaN NaN
1.16906892 -0.360966845 -1.13245156
1.16447802 -0.353658891 -1.43545059
NaN NaN NaN
-0.148468415 -0.407013733 -1.21251963
0.0 -0.441 -1.2125871
NaN NaN NaN
-0.148468415 -0.407013733 -1.21251963
-0.447602038 -0.710115395 -1.22246131
NaN NaN NaN
-0.148468415 -0.407013733 -1.21251963
-0.156123537 -0.403685419 -1.57131188
NaN NaN NaN
-0.148468415 -0.407013733 -1.21251963
0.0 -0.441 -1.57144859
NaN NaN NaN
0.0 -0.441 -1.2125871
0.149267664 -0.406666233 -1.24998008
NaN NaN NaN
0.0 -0.441 -1.2125871
0.0 -0.441 -1.57144859
NaN NaN NaN
0.149267664 -0.406666233 -1.24998008
0.44808756 -0.708285352 -1.26272226
NaN NaN NaN
0.149267664 -0.406666233 -1.24998008
0.0 -0.441 -1.57144859
NaN NaN NaN
0.149267664 -0.406666233 -1.24998008
0.157521677 -0.403077532 -1.6368421
NaN NaN NaN
1.18116826 -0.0156811858 -1.35736423
1.16447802 -0.353658891 -1.43545059
NaN NaN NaN
1.18116826 -0.0156811858 -1.35736423
1.69297574 0.0241707021 -1.54366544
NaN NaN NaN
1.18116826 -0.0156811858 -1.35736423
1.17409793 0.0165964226 -1.89563177
NaN NaN NaN
-1.18116826 -0.0156811858 -1.35736423
-1.16707381 -0.357790961 -1.26412863
NaN NaN NaN
-1.18116826 -0.0156811858 -1.35736423
-1.69297574 0.0241707021 -1.54366544
NaN NaN NaN
-1.18116826 -0.0156811858 -1.35736423
-1.161102 -0.34828482 -1.65826786
NaN NaN NaN
-1.18116826 -0.0156811858 -1.35736423
-1.17409793 0.0165964226 -1.89563177
NaN NaN NaN
-1.18116826 -0.0156811858 -1.35736423
-1.42998787 0.036585351 -1.98983272
NaN NaN NaN
0.0 0.92483858 -1.7695797
0.205002986 0.855973083 -1.76109408
NaN NaN NaN
0.0 0.92483858 -1.7695797
-0.205004263 0.855977124 -1.76112655
NaN NaN NaN
0.0 0.92483858 -1.7695797
0.0 0.971661862 -2.1090485
NaN NaN NaN
0.0 0.92483858 -1.7695797
0.218141455 0.897538422 -2.09505008
NaN NaN NaN
0.0 0.92483858 -1.7695797
-0.218141886 0.897539784 -2.09506102
NaN NaN NaN
0.205002986 0.855973083 -1.76109408
0.308209248 0.651359589 -1.76008135
NaN NaN NaN
0.205002986 0.855973083 -1.76109408
0.218141455 0.897538422 -2.09505008
NaN NaN NaN
0.205002986 0.855973083 -1.76109408
0.340232397 0.656139164 -2.09345667
NaN NaN NaN
-0.205004263 0.855977124 -1.76112655
-0.308232736 0.651363095 -1.76032588
NaN NaN NaN
-0.205004263 0.855977124 -1.76112655
-0.218141886 0.897539784 -2.09506102
NaN NaN NaN
-0.205004263 0.855977124 -1.76112655
-0.340239455 0.656140217 -2.09353015
NaN NaN NaN
-1.16707381 -0.357790961 -1.26412863
-0.825555055 -0.689283904 -1.22247845
NaN NaN NaN
-1.16707381 -0.357790961 -1.26412863
-1.161102 -0.34828482 -1.65826786
NaN NaN NaN
-1.16707381 -0.357790961 -1.26412863
-0.82791744 -0.6728597 -1.58628582
NaN NaN NaN
0.308209248 0.651359589 -1.76008135
0.670467829 0.650447959 -1.89355677
NaN NaN NaN
0.308209248 0.651359589 -1.76008135
0.340232397 0.656139164 -2.09345667
NaN NaN NaN
-0.308232736 0.651363095 -1.76032588
-0.96 0.647839769 -1.86825
NaN NaN NaN
-0.308232736 0.651363095 -1.76032588
-0.340239455 0.656140217 -2.09353015
NaN NaN NaN
-0.447602038 -0.710115395 -1.22246131
-0.825555055 -0.689283904 -1.22247845
NaN NaN NaN
-0.447602038 -0.710115395 -1.22246131
-0.156123537 -0.403685419 -1.57131188
NaN NaN NaN
-0.447602038 -0.710115395 -1.22246131
-0.451989118 -0.693579479 -1.58625146
NaN NaN NaN
-0.825555055 -0.689283904 -1.22247845
-0.451989118 -0.693579479 -1.58625146
NaN NaN NaN
-0.825555055 -0.689283904 -1.22247845
-0.82791744 -0.6728597 -1.58628582
NaN NaN NaN
0.44808756 -0.708285352 -1.26272226
0.825816118 -0.687468891 -1.26268224
NaN NaN NaN
0.44808756 -0.708285352 -1.26272226
0.157521677 -0.403077532 -1.6368421
NaN NaN NaN
0.44808756 -0.708285352 -1.26272226
0.45283701 -0.690383579 -1.65656127
NaN NaN NaN
0.825816118 -0.687468891 -1.26268224
1.16447802 -0.353658891 -1.43545059
NaN NaN NaN
0.825816118 -0.687468891 -1.26268224
0.45283701 -0.690383579 -1.65656127
NaN NaN NaN
0.825816118 -0.687468891 -1.26268224
0.828373352 -0.669690026 -1.65649627
NaN NaN NaN
0.96 0.64715688 -1.82295633
1.078 0.605064516 -1.80125803
NaN NaN NaN
0.96 0.64715688 -1.82295633
0.670467829 0.650447959 -1.89355677
NaN NaN NaN
0.96 0.64715688 -1.82295633
0.96 0.653910829 -2.27092233
NaN NaN NaN
0.96 0.64715688 -1.82295633
1.078 0.611799013 -2.24573486
NaN NaN NaN
1.078 0.605064516 -1.80125803
1.15777948 0.0893795355 -1.87768138
NaN NaN NaN
1.078 0.605064516 -1.80125803
1.078 0.611799013 -2.24573486
NaN NaN NaN
1.16447802 -0.353658891 -1.43545059
1.17409793 0.0165964226 -1.89563177
NaN NaN NaN
1.16447802 -0.353658891 -1.43545059
0.828373352 -0.669690026 -1.65649627
NaN NaN NaN
1.16447802 -0.353658891 -1.43545059
1.15893553 -0.344836148 -1.80125509
NaN NaN NaN
0.670467829 0.650447959 -1.89355677
0.340232397 0.656139164 -2.09345667
NaN NaN NaN
0.670467829 0.650447959 -1.89355677
0.96 0.653910829 -2.27092233
NaN NaN NaN
-0.96 0.647839769 -1.86825
-1.078 0.605912126 -1.8572003
NaN NaN NaN
-0.96 0.647839769 -1.86825
-0.340239455 0.656140217 -2.09353015
NaN NaN NaN
-0.96 0.647839769 -1.86825
-0.96 0.65482854 -2.33179094
NaN NaN NaN
-0.96 0.647839769 -1.86825
-1.078 0.612939305 -2.32099413
NaN NaN NaN
1.69297574 0.0241707021 -1.54366544
1.17409793 0.0165964226 -1.89563177
NaN NaN NaN
1.69297574 0.0241707021 -1.54366544
1.42998787 0.036585351 -1.98983272
NaN NaN NaN
-1.69297574 0.0241707021 -1.54366544
-1.42998787 0.036585351 -1.98983272
NaN NaN NaN
-1.078 0.605912126 -1.8572003
-1.15777948 0.0893795355 -1.87768138
NaN NaN NaN
-1.078 0.605912126 -1.8572003
-1.078 0.612939305 -2.32099413
NaN NaN NaN
-0.156123537 -0.403685419 -1.57131188
0.0 -0.441 -1.57144859
NaN NaN NaN
-0.156123537 -0.403685419 -1.57131188
-0.451989118 -0.693579479 -1.58625146
NaN NaN NaN
-0.156123537 -0.403685419 -1.57131188
-0.165252482 -0.399716312 -1.99918154
NaN NaN NaN
-0.156123537 -0.403685419 -1.57131188
0.0 -0.441 -1.99941513
NaN NaN NaN
0.0 -0.441 -1.57144859
0.157521677 -0.403077532 -1.6368421
NaN NaN NaN
0.0 -0.441 -1.57144859
0.0 -0.441 -1.99941513
NaN NaN NaN
0.157521677 -0.403077532 -1.6368421
0.45283701 -0.690383579 -1.65656127
NaN NaN NaN
0.157521677 -0.403077532 -1.6368421
0.0 -0.441 -1.99941513
NaN NaN NaN
0.157521677 -0.403077532 -1.6368421
0.167297999 -0.398826957 -2.09505404
NaN NaN NaN
0.0 0.971661862 -2.1090485
0.218141455 0.897538422 -2.09505008
NaN NaN NaN
0.0 0.971661862 -2.1090485
-0.218141886 0.897539784 -2.09506102
NaN NaN NaN
0.0 0.971661862 -2.1090485
0.0 1.02230702 -2.4762259
NaN NaN NaN
0.0 0.971661862 -2.1090485
-0.23237856 0.942579445 -2.4569314
NaN NaN NaN
0.0 0.971661862 -2.1090485
0.232380099 0.942584314 -2.45697052
NaN NaN NaN
0.218141455 0.897538422 -2.09505008
0.340232397 0.656139164 -2.09345667
NaN NaN NaN
0.218141455 0.897538422 -2.09505008
0.232380099 0.942584314 -2.45697052
NaN NaN NaN
0.218141455 0.897538422 -2.09505008
0.374975035 0.661324632 -2.45514309
NaN NaN NaN
-0.218141886 0.897539784 -2.09506102
-0.340239455 0.656140217 -2.09353015
NaN NaN NaN
-0.218141886 0.897539784 -2.09506102
-0.23237856 0.942579445 -2.4569314
NaN NaN NaN
-0.218141886 0.897539784 -2.09506102
-0.374946076 0.66132031 -2.45484161
NaN NaN NaN
0.340232397 0.656139164 -2.09345667
0.96 0.653910829 -2.27092233
NaN NaN NaN
0.340232397 0.656139164 -2.09345667
0.374975035 0.661324632 -2.45514309
NaN NaN NaN
-0.340239455 0.656140217 -2.09353015
-0.96 0.65482854 -2.33179094
NaN NaN NaN
-0.340239455 0.656140217 -2.09353015
-0.374946076 0.66132031 -2.45484161
NaN NaN NaN
-1.161102 -0.34828482 -1.65826786
-0.82791744 -0.6728597 -1.58628582
NaN NaN NaN
-1.161102 -0.34828482 -1.65826786
-1.17409793 0.0165964226 -1.89563177
NaN NaN NaN
-1.161102 -0.34828482 -1.65826786
-0.83072622 -0.653331991 -2.01883795
NaN NaN NaN
-1.161102 -0.34828482 -1.65826786
-1.15405878 -0.337073155 -2.12312074
NaN NaN NaN
-0.451989118 -0.693579479 -1.58625146
-0.82791744 -0.6728597 -1.58628582
NaN NaN NaN
-0.451989118 -0.693579479 -1.58625146
-0.165252482 -0.399716312 -1.99918154
NaN NaN NaN
-0.451989118 -0.693579479 -1.58625146
-0.457205135 -0.673919105 -2.01877968
NaN NaN NaN
-0.82791744 -0.6728597 -1.58628582
-0.457205135 -0.673919105 -2.01877968
NaN NaN NaN
-0.82791744 -0.6728597 -1.58628582
-0.83072622 -0.653331991 -2.01883795
NaN NaN NaN
1.15777948 0.0893795355 -1.87768138
1.42998787 0.036585351 -1.98983272
NaN NaN NaN
1.15777948 0.0893795355 -1.87768138
1.078 0.611799013 -2.24573486
NaN NaN NaN
1.15777948 0.0893795355 -1.87768138
1.167 0.049 -2.436
NaN NaN NaN
-1.15777948 0.0893795355 -1.87768138
-1.42998787 0.036585351 -1.98983272
NaN NaN NaN
-1.15777948 0.0893795355 -1.87768138
-1.078 0.612939305 -2.32099413
NaN NaN NaN
-1.15777948 0.0893795355 -1.87768138
-1.167 0.049 -2.436
NaN NaN NaN
0.45283701 -0.690383579 -1.65656127
0.828373352 -0.669690026 -1.65649627
NaN NaN NaN
0.45283701 -0.690383579 -1.65656127
0.167297999 -0.398826957 -2.09505404
NaN NaN NaN
0.45283701 -0.690383579 -1.65656127
0.458442221 -0.669256242 -2.12136267
NaN NaN NaN
1.17409793 0.0165964226 -1.89563177
1.15893553 -0.344836148 -1.80125509
NaN NaN NaN
1.17409793 0.0165964226 -1.89563177
1.42998787 0.036585351 -1.98983272
NaN NaN NaN
1.17409793 0.0165964226 -1.89563177
1.15235945 -0.334368107 -2.23527619
NaN NaN NaN
1.17409793 0.0165964226 -1.89563177
1.167 0.049 -2.436
NaN NaN NaN
-1.17409793 0.0165964226 -1.89563177
-1.42998787 0.036585351 -1.98983272
NaN NaN NaN
-1.17409793 0.0165964226 -1.89563177
-1.15405878 -0.337073155 -2.12312074
NaN NaN NaN
-1.17409793 0.0165964226 -1.89563177
-1.167 0.049 -2.436
NaN NaN NaN
0.828373352 -0.669690026 -1.65649627
1.15893553 -0.344836148 -1.80125509
NaN NaN NaN
0.828373352 -0.669690026 -1.65649627
0.458442221 -0.669256242 -2.12136267
NaN NaN NaN
0.828373352 -0.669690026 -1.65649627
0.831391408 -0.648707356 -2.12127679
NaN NaN NaN
1.15893553 -0.344836148 -1.80125509
0.831391408 -0.648707356 -2.12127679
NaN NaN NaN
1.15893553 -0.344836148 -1.80125509
1.15235945 -0.334368107 -2.23527619
NaN NaN NaN
1.42998787 0.036585351 -1.98983272
1.167 0.049 -2.436
NaN NaN NaN
-1.42998787 0.036585351 -1.98983272
-1.167 0.049 -2.436
NaN NaN NaN
0.96 0.653910829 -2.27092233
1.078 0.611799013 -2.24573486
NaN NaN NaN
0.96 0.653910829 -2.27092233
0.374975035 0.661324632 -2.45514309
NaN NaN NaN
0.96 0.653910829 -2.27092233
1.078 0.618870085 -2.7124256
NaN NaN NaN
0.96 0.653910829 -2.27092233
0.96 0.660943395 -2.73736804
NaN NaN NaN
1.078 0.611799013 -2.24573486
1.167 0.049 -2.436
NaN NaN NaN
1.078 0.611799013 -2.24573486
1.078 0.618870085 -2.7124256
NaN NaN NaN
-0.165252482 -0.399716312 -1.99918154
0.0 -0.441 -1.99941513
NaN NaN NaN
-0.165252482 -0.399716312 -1.99918154
-0.457205135 -0.673919105 -2.01877968
NaN NaN NaN
-0.165252482 -0.399716312 -1.99918154
-0.175938098 -0.395070392 -2.50001171
NaN NaN NaN
-0.165252482 -0.399716312 -1.99918154
0.0 -0.441 -2.5003689
NaN NaN NaN
0.0 1.02230702 -2.4762259
-0.23237856 0.942579445 -2.4569314
NaN NaN NaN
0.0 1.02230702 -2.4762259
0.232380099 0.942584314 -2.45697052
NaN NaN NaN
0.0 1.02230702 -2.4762259
0.248 0.992 -2.854
NaN NaN NaN
0.0 1.02230702 -2.4762259
-0.248 0.992 -2.854
NaN NaN NaN
0.0 1.02230702 -2.4762259
0.0 1.078 -2.88
NaN NaN NaN
0.0 -0.441 -1.99941513
0.167297999 -0.398826957 -2.09505404
NaN NaN NaN
0.0 -0.441 -1.99941513
0.0 -0.441 -2.5003689
NaN NaN NaN
-0.23237856 0.942579445 -2.4569314
-0.374946076 0.66132031 -2.45484161
NaN NaN NaN
-0.23237856 0.942579445 -2.4569314
-0.248 0.992 -2.854
NaN NaN NaN
-0.23237856 0.942579445 -2.4569314
-0.413 0.667 -2.851
NaN NaN NaN
0.232380099 0.942584314 -2.45697052
0.374975035 0.661324632 -2.45514309
NaN NaN NaN
0.232380099 0.942584314 -2.45697052
0.248 0.992 -2.854
NaN NaN NaN
0.232380099 0.942584314 -2.45697052
0.413 0.667 -2.851
NaN NaN NaN
-0.96 0.65482854 -2.33179094
-1.078 0.612939305 -2.32099413
NaN NaN NaN
-0.96 0.65482854 -2.33179094
-0.374946076 0.66132031 -2.45484161
NaN NaN NaN
-0.96 0.65482854 -2.33179094
-0.96 0.661627404 -2.78273596
NaN NaN NaN
-0.96 0.65482854 -2.33179094
-1.078 0.619719121 -2.768462
NaN NaN NaN
-1.078 0.612939305 -2.32099413
-1.167 0.049 -2.436
NaN NaN NaN
-1.078 0.612939305 -2.32099413
-1.078 0.619719121 -2.768462
NaN NaN NaN
0.167297999 -0.398826957 -2.09505404
0.458442221 -0.669256242 -2.12136267
NaN NaN NaN
0.167297999 -0.398826957 -2.09505404
0.0 -0.441 -2.5003689
NaN NaN NaN
0.167297999 -0.398826957 -2.09505404
0.17796665 -0.394188413 -2.59508906
NaN NaN NaN
-0.374946076 0.66132031 -2.45484161
-0.96 0.661627404 -2.78273596
NaN NaN NaN
-0.374946076 0.66132031 -2.45484161
-0.413 0.667 -2.851
NaN NaN NaN
0.374975035 0.661324632 -2.45514309
0.96 0.660943395 -2.73736804
NaN NaN NaN
0.374975035 0.661324632 -2.45514309
0.413 0.667 -2.851
NaN NaN NaN
-0.457205135 -0.673919105 -2.01877968
-0.83072622 -0.653331991 -2.01883795
NaN NaN NaN
-0.457205135 -0.673919105 -2.01877968
-0.175938098 -0.395070392 -2.50001171
NaN NaN NaN
-0.457205135 -0.673919105 -2.01877968
-0.463293214 -0.650971732 -2.52362189
NaN NaN NaN
-0.83072622 -0.653331991 -2.01883795
-1.15405878 -0.337073155 -2.12312074
NaN NaN NaN
-0.83072622 -0.653331991 -2.01883795
-0.463293214 -0.650971732 -2.52362189
NaN NaN NaN
-0.83072622 -0.653331991 -2.01883795
-0.834004614 -0.630539353 -2.52371049
NaN NaN NaN
-1.15405878 -0.337073155 -2.12312074
-1.167 0.049 -2.436
NaN NaN NaN
-1.15405878 -0.337073155 -2.12312074
-0.834004614 -0.630539353 -2.52371049
NaN NaN NaN
-1.15405878 -0.337073155 -2.12312074
-1.14654056 -0.325105381 -2.61932304
NaN NaN NaN
0.458442221 -0.669256242 -2.12136267
0.831391408 -0.648707356 -2.12127679
NaN NaN NaN
0.458442221 -0.669256242 -2.12136267
0.17796665 -0.394188413 -2.59508906
NaN NaN NaN
0.458442221 -0.669256242 -2.12136267
0.464428482 -0.646692644 -2.61776183
NaN NaN NaN
0.831391408 -0.648707356 -2.12127679
1.15235945 -0.334368107 -2.23527619
NaN NaN NaN
0.831391408 -0.648707356 -2.12127679
0.464428482 -0.646692644 -2.61776183
NaN NaN NaN
0.831391408 -0.648707356 -2.12127679
0.834614976 -0.626295884 -2.61770623
NaN NaN NaN
1.15235945 -0.334368107 -2.23527619
1.167 0.049 -2.436
NaN NaN NaN
1.15235945 -0.334368107 -2.23527619
1.14531339 -0.323151924 -2.70031637
NaN NaN NaN
1.15235945 -0.334368107 -2.23527619
0.834614976 -0.626295884 -2.61770623
NaN NaN NaN
1.167 0.049 -2.436
1.078 0.618870085 -2.7124256
NaN NaN NaN
1.167 0.049 -2.436
1.14531339 -0.323151924 -2.70031637
NaN NaN NaN
1.167 0.049 -2.436
1.09870547 0.349477944 -2.95411694
NaN NaN NaN
1.167 0.049 -2.436
1.16108527 0.0750248276 -2.87162013
NaN NaN NaN
-1.167 0.049 -2.436
-1.078 0.619719121 -2.768462
NaN NaN NaN
-1.167 0.049 -2.436
-1.14654056 -0.325105381 -2.61932304
NaN NaN NaN
-1.167 0.049 -2.436
-1.09899248 0.348215359 -2.95471172
NaN NaN NaN
-1.167 0.049 -2.436
-1.16105263 0.07516844 -2.874024
NaN NaN NaN
0.248 0.992 -2.854
0.0 1.078 -2.88
NaN NaN NaN
0.248 0.992 -2.854
0.413 0.667 -2.851
NaN NaN NaN
0.248 0.992 -2.854
0.241373457 1.04399288 -3.18685636
NaN NaN NaN
0.248 0.992 -2.854
0.431597702 0.672220408 -3.20044103
NaN NaN NaN
-0.248 0.992 -2.854
0.0 1.078 -2.88
NaN NaN NaN
-0.248 0.992 -2.854
-0.413 0.667 -2.851
NaN NaN NaN
-0.248 0.992 -2.854
-0.241324843 1.04437431 -3.18929826
NaN NaN NaN
-0.248 0.992 -2.854
-0.431521639 0.672199056 -3.19901184
NaN NaN NaN
0.0 1.078 -2.88
0.241373457 1.04399288 -3.18685636
NaN NaN NaN
0.0 1.078 -2.88
-0.241324843 1.04437431 -3.18929826
NaN NaN NaN
0.0 1.078 -2.88
0.0 1.13907277 -3.27790781
NaN NaN NaN
1.078 0.618870085 -2.7124256
0.96 0.660943395 -2.73736804
NaN NaN NaN
1.078 0.618870085 -2.7124256
1.09870547 0.349477944 -2.95411694
NaN NaN NaN
1.078 0.618870085 -2.7124256
1.078 0.624830883 -3.10583827
NaN NaN NaN
0.96 0.660943395 -2.73736804
0.413 0.667 -2.851
NaN NaN NaN
0.96 0.660943395 -2.73736804
1.078 0.624830883 -3.10583827
NaN NaN NaN
0.96 0.660943395 -2.73736804
0.96 0.666874266 -3.1307421
NaN NaN NaN
-0.96 0.661627404 -2.78273596
-1.078 0.619719121 -2.768462
NaN NaN NaN
-0.96 0.661627404 -2.78273596
-0.413 0.667 -2.851
NaN NaN NaN
-0.96 0.661627404 -2.78273596
-0.96 0.667335766 -3.1613518
NaN NaN NaN
-0.96 0.661627404 -2.78273596
-1.078 0.6254031 -3.14360458
NaN NaN NaN
-1.078 0.619719121 -2.768462
-1.09899248 0.348215359 -2.95471172
NaN NaN NaN
-1.078 0.619719121 -2.768462
-1.078 0.6254031 -3.14360458
NaN NaN NaN
-0.175938098 -0.395070392 -2.50001171
0.0 -0.441 -2.5003689
NaN NaN NaN
-0.175938098 -0.395070392 -2.50001171
-0.463293214 -0.650971732 -2.52362189
NaN NaN NaN
-0.175938098 -0.395070392 -2.50001171
-0.185628582 -0.390857138 -2.95420049
NaN NaN NaN
-0.175938098 -0.395070392 -2.50001171
0.0 -0.441 -2.95446962
NaN NaN NaN
0.413 0.667 -2.851
0.96 0.666874266 -3.1307421
NaN NaN NaN
0.413 0.667 -2.851
0.431597702 0.672220408 -3.20044103
NaN NaN NaN
-0.413 0.667 -2.851
-0.431521639 0.672199056 -3.19901184
NaN NaN NaN
-0.413 0.667 -2.851
-0.96 0.667335766 -3.1613518
NaN NaN NaN
-0.413 0.667 -2.851
-0.721691122 0.671467811 -3.32019703
NaN NaN NaN
0.0 -0.441 -2.5003689
0.17796665 -0.394188413 -2.59508906
NaN NaN NaN
0.0 -0.441 -2.5003689
0.0 -0.441 -2.95446962
NaN NaN NaN
0.17796665 -0.394188413 -2.59508906
0.464428482 -0.646692644 -2.61776183
NaN NaN NaN
0.17796665 -0.394188413 -2.59508906
0.0 -0.441 -2.95446962
NaN NaN NaN
0.17796665 -0.394188413 -2.59508906
0.187056768 -0.390236188 -3.02113893
NaN NaN NaN
-0.463293214 -0.650971732 -2.52362189
-0.834004614 -0.630539353 -2.52371049
NaN NaN NaN
-0.463293214 -0.650971732 -2.52362189
-0.185628582 -0.390857138 -2.95420049
NaN NaN NaN
-0.463293214 -0.650971732 -2.52362189
-0.468733921 -0.630464452 -2.97478205
NaN NaN NaN
-0.834004614 -0.630539353 -2.52371049
-1.14654056 -0.325105381 -2.61932304
NaN NaN NaN
-0.834004614 -0.630539353 -2.52371049
-0.468733921 -0.630464452 -2.97478205
NaN NaN NaN
-0.834004614 -0.630539353 -2.52371049
-0.836934082 -0.610172576 -2.97484856
NaN NaN NaN
-1.14654056 -0.325105381 -2.61932304
-1.16105263 0.07516844 -2.874024
NaN NaN NaN
-1.14654056 -0.325105381 -2.61932304
-1.14016505 -0.314956609 -3.04010675
NaN NaN NaN
-1.14654056 -0.325105381 -2.61932304
-0.836934082 -0.610172576 -2.97484856
NaN NaN NaN
0.464428482 -0.646692644 -2.61776183
0.834614976 -0.626295884 -2.61770623
NaN NaN NaN
0.464428482 -0.646692644 -2.61776183
0.187056768 -0.390236188 -3.02113893
NaN NaN NaN
0.464428482 -0.646692644 -2.61776183
0.469506544 -0.627552258 -3.03885033
NaN NaN NaN
1.14531339 -0.323151924 -2.70031637
0.834614976 -0.626295884 -2.61770623
NaN NaN NaN
1.14531339 -0.323151924 -2.70031637
1.16108527 0.0750248276 -2.87162013
NaN NaN NaN
1.14531339 -0.323151924 -2.70031637
1.13933827 -0.313640508 -3.09467434
NaN NaN NaN
1.14531339 -0.323151924 -2.70031637
0.837349469 -0.607284647 -3.03881817
NaN NaN NaN
0.834614976 -0.626295884 -2.61770623
0.469506544 -0.627552258 -3.03885033
NaN NaN NaN
0.834614976 -0.626295884 -2.61770623
0.837349469 -0.607284647 -3.03881817
NaN NaN NaN
0.241373457 1.04399288 -3.18685636
0.0 1.13907277 -3.27790781
NaN NaN NaN
0.241373457 1.04399288 -3.18685636
0.431597702 0.672220408 -3.20044103
NaN NaN NaN
0.241373457 1.04399288 -3.18685636
0.23562121 1.08912589 -3.47579612
NaN NaN NaN
0.241373457 1.04399288 -3.18685636
0.445981599 0.676257993 -3.47070688
NaN NaN NaN
-0.241324843 1.04437431 -3.18929826
0.0 1.13907277 -3.27790781
NaN NaN NaN
-0.241324843 1.04437431 -3.18929826
-0.431521639 0.672199056 -3.19901184
NaN NaN NaN
-0.241324843 1.04437431 -3.18929826
-0.235560564 1.08960173 -3.47884244
NaN NaN NaN
-0.241324843 1.04437431 -3.18929826
-0.446019261 0.676268564 -3.47141453
NaN NaN NaN
1.09870547 0.349477944 -2.95411694
1.16108527 0.0750248276 -2.87162013
NaN NaN NaN
1.09870547 0.349477944 -2.95411694
1.078 0.624830883 -3.10583827
NaN NaN NaN
1.09870547 0.349477944 -2.95411694
1.1565359 0.0950420182 -3.2066806
NaN NaN NaN
1.09870547 0.349477944 -2.95411694
1.09440063 0.368553087 -3.32137413
NaN NaN NaN
-1.09899248 0.348215359 -2.95471172
-1.16105263 0.07516844 -2.874024
NaN NaN NaN
-1.09899248 0.348215359 -2.95471172
-1.078 0.6254031 -3.14360458
NaN NaN NaN
-1.09899248 0.348215359 -2.95471172
-1.1565449 0.0950024279 -3.20601791
NaN NaN NaN
-1.09899248 0.348215359 -2.95471172
-1.09471231 0.367180684 -3.3201825
NaN NaN NaN
1.16108527 0.0750248276 -2.87162013
1.1565359 0.0950420182 -3.2066806
NaN NaN NaN
1.16108527 0.0750248276 -2.87162013
1.13933827 -0.313640508 -3.09467434
NaN NaN NaN
-1.16105263 0.07516844 -2.874024
-1.14016505 -0.314956609 -3.04010675
NaN NaN NaN
-1.16105263 0.07516844 -2.874024
-1.1565449 0.0950024279 -3.20601791
NaN NaN NaN
0.0 1.13907277 -3.27790781
0.23562121 1.08912589 -3.47579612
NaN NaN NaN
0.0 1.13907277 -3.27790781
-0.235560564 1.08960173 -3.47884244
NaN NaN NaN
0.0 1.13907277 -3.27790781
0.0 1.18600105 -3.58365993
NaN NaN NaN
1.078 0.624830883 -3.10583827
0.96 0.666874266 -3.1307421
NaN NaN NaN
1.078 0.624830883 -3.10583827
1.09440063 0.368553087 -3.32137413
NaN NaN NaN
1.078 0.624830883 -3.10583827
1.078 0.629760992 -3.43122547
NaN NaN NaN
0.96 0.666874266 -3.1307421
0.431597702 0.672220408 -3.20044103
NaN NaN NaN
0.96 0.666874266 -3.1307421
0.699009989 0.672567072 -3.36678861
NaN NaN NaN
0.96 0.666874266 -3.1307421
1.078 0.629760992 -3.43122547
NaN NaN NaN
0.96 0.666874266 -3.1307421
0.96 0.671782929 -3.4563167
NaN NaN NaN
-0.431521639 0.672199056 -3.19901184
-0.721691122 0.671467811 -3.32019703
NaN NaN NaN
-0.431521639 0.672199056 -3.19901184
-0.446019261 0.676268564 -3.47141453
NaN NaN NaN
0.431597702 0.672220408 -3.20044103
0.699009989 0.672567072 -3.36678861
NaN NaN NaN
0.431597702 0.672220408 -3.20044103
0.445981599 0.676257993 -3.47070688
NaN NaN NaN
-0.96 0.667335766 -3.1613518
-1.078 0.6254031 -3.14360458
NaN NaN NaN
-0.96 0.667335766 -3.1613518
-0.721691122 0.671467811 -3.32019703
NaN NaN NaN
-0.96 0.667335766 -3.1613518
-0.96 0.672041746 -3.47348319
NaN NaN NaN
-0.96 0.667335766 -3.1613518
-1.078 0.63008171 -3.45239284
NaN NaN NaN
-1.078 0.6254031 -3.14360458
-1.09471231 0.367180684 -3.3201825
NaN NaN NaN
-1.078 0.6254031 -3.14360458
-1.078 0.63008171 -3.45239284
NaN NaN NaN
-0.185628582 -0.390857138 -2.95420049
0.0 -0.441 -2.95446962
NaN NaN NaN
-0.185628582 -0.390857138 -2.95420049
-0.468733921 -0.630464452 -2.97478205
NaN NaN NaN
-0.185628582 -0.390857138 -2.95420049
-0.193810886 -0.387299615 -3.33770151
NaN NaN NaN
-0.185628582 -0.390857138 -2.95420049
0.0 -0.441 -3.33786641
NaN NaN NaN
0.0 -0.441 -2.95446962
0.187056768 -0.390236188 -3.02113893
NaN NaN NaN
0.0 -0.441 -2.95446962
0.0 -0.441 -3.33786641
NaN NaN NaN
-0.721691122 0.671467811 -3.32019703
-0.446019261 0.676268564 -3.47141453
NaN NaN NaN
-0.721691122 0.671467811 -3.32019703
-0.96 0.672041746 -3.47348319
NaN NaN NaN
-0.721691122 0.671467811 -3.32019703
-0.697918371 0.675507758 -3.57661896
NaN NaN NaN
0.187056768 -0.390236188 -3.02113893
0.469506544 -0.627552258 -3.03885033
NaN NaN NaN
0.187056768 -0.390236188 -3.02113893
0.0 -0.441 -3.33786641
NaN NaN NaN
0.187056768 -0.390236188 -3.02113893
0.19465824 -0.3869312 -3.37741666
NaN NaN NaN
0.23562121 1.08912589 -3.47579612
0.0 1.18600105 -3.58365993
NaN NaN NaN
0.23562121 1.08912589 -3.47579612
0.445981599 0.676257993 -3.47070688
NaN NaN NaN
0.23562121 1.08912589 -3.47579612
0.230899385 1.12617406 -3.71297705
NaN NaN NaN
-0.235560564 1.08960173 -3.47884244
0.0 1.18600105 -3.58365993
NaN NaN NaN
-0.235560564 1.08960173 -3.47884244
-0.446019261 0.676268564 -3.47141453
NaN NaN NaN
-0.235560564 1.08960173 -3.47884244
-0.230801857 1.12693928 -3.71787598
NaN NaN NaN
0.699009989 0.672567072 -3.36678861
0.445981599 0.676257993 -3.47070688
NaN NaN NaN
0.699009989 0.672567072 -3.36678861
0.96 0.671782929 -3.4563167
NaN NaN NaN
0.699009989 0.672567072 -3.36678861
0.697471076 0.675751097 -3.57573557
NaN NaN NaN
-0.468733921 -0.630464452 -2.97478205
-0.836934082 -0.610172576 -2.97484856
NaN NaN NaN
-0.468733921 -0.630464452 -2.97478205
-0.193810886 -0.387299615 -3.33770151
NaN NaN NaN
-0.468733921 -0.630464452 -2.97478205
-0.473296244 -0.613268002 -3.35310396
NaN NaN NaN
-1.14016505 -0.314956609 -3.04010675
-0.836934082 -0.610172576 -2.97484856
NaN NaN NaN
-1.14016505 -0.314956609 -3.04010675
-1.1565449 0.0950024279 -3.20601791
NaN NaN NaN
-1.14016505 -0.314956609 -3.04010675
-1.13485963 -0.306511242 -3.39026465
NaN NaN NaN
-1.14016505 -0.314956609 -3.04010675
-0.839390549 -0.593094278 -3.35314455
NaN NaN NaN
-0.836934082 -0.610172576 -2.97484856
-0.473296244 -0.613268002 -3.35310396
NaN NaN NaN
-0.836934082 -0.610172576 -2.97484856
-0.839390549 -0.593094278 -3.35314455
NaN NaN NaN
-1.1565449 0.0950024279 -3.20601791
-1.09471231 0.367180684 -3.3201825
NaN NaN NaN
-1.1565449 0.0950024279 -3.20601791
-1.15293307 0.1108945 -3.47202952
NaN NaN NaN
-1.1565449 0.0950024279 -3.20601791
-1.13485963 -0.306511242 -3.39026465
NaN NaN NaN
1.1565359 0.0950420182 -3.2066806
1.13933827 -0.313640508 -3.09467434
NaN NaN NaN
1.1565359 0.0950420182 -3.2066806
1.09440063 0.368553087 -3.32137413
NaN NaN NaN
1.1565359 0.0950420182 -3.2066806
1.15290643 0.111011693 -3.47399118
NaN NaN NaN
1.1565359 0.0950420182 -3.2066806
1.13436603 -0.305725521 -3.42284188
NaN NaN NaN
1.13933827 -0.313640508 -3.09467434
0.837349469 -0.607284647 -3.03881817
NaN NaN NaN
1.13933827 -0.313640508 -3.09467434
1.13436603 -0.305725521 -3.42284188
NaN NaN NaN
1.13933827 -0.313640508 -3.09467434
0.839625817 -0.591458604 -3.38937586
NaN NaN NaN
-1.09471231 0.367180684 -3.3201825
-1.078 0.63008171 -3.45239284
NaN NaN NaN
-1.09471231 0.367180684 -3.3201825
-1.15293307 0.1108945 -3.47202952
NaN NaN NaN
-1.09471231 0.367180684 -3.3201825
-1.09432587 0.369023005 -3.74721891
NaN NaN NaN
1.09440063 0.368553087 -3.32137413
1.078 0.629760992 -3.43122547
NaN NaN NaN
1.09440063 0.368553087 -3.32137413
1.15290643 0.111011693 -3.47399118
NaN NaN NaN
1.09440063 0.368553087 -3.32137413
1.09432587 0.369023005 -3.74721891
NaN NaN NaN
0.469506544 -0.627552258 -3.03885033
0.837349469 -0.607284647 -3.03881817
NaN NaN NaN
0.469506544 -0.627552258 -3.03885033
0.19465824 -0.3869312 -3.37741666
NaN NaN NaN
0.469506544 -0.627552258 -3.03885033
0.473733849 -0.611618568 -3.3893915
NaN NaN NaN
0.0 1.18600105 -3.58365993
0.230899385 1.12617406 -3.71297705
NaN NaN NaN
0.0 1.18600105 -3.58365993
-0.230801857 1.12693928 -3.71787598
NaN NaN NaN
0.0 1.18600105 -3.58365993
0.0 1.23105799 -3.87721966
NaN NaN NaN
0.445981599 0.676257993 -3.47070688
0.697471076 0.675751097 -3.57573557
NaN NaN NaN
0.445981599 0.676257993 -3.47070688
0.230899385 1.12617406 -3.71297705
NaN NaN NaN
0.445981599 0.676257993 -3.47070688
0.458546614 0.679785014 -3.7067969
NaN NaN NaN
0.445981599 0.676257993 -3.47070688
0.383346777 0.834776489 -3.7762256
NaN NaN NaN
-0.446019261 0.676268564 -3.47141453
-0.697918371 0.675507758 -3.57661896
NaN NaN NaN
-0.446019261 0.676268564 -3.47141453
-0.230801857 1.12693928 -3.71787598
NaN NaN NaN
-0.446019261 0.676268564 -3.47141453
-0.458604848 0.679801361 -3.70789108
NaN NaN NaN
-0.446019261 0.676268564 -3.47141453
-0.383954264 0.832718083 -3.76916983
NaN NaN NaN
0.837349469 -0.607284647 -3.03881817
0.473733849 -0.611618568 -3.3893915
NaN NaN NaN
0.837349469 -0.607284647 -3.03881817
0.839625817 -0.591458604 -3.38937586
NaN NaN NaN
1.078 0.629760992 -3.43122547
0.96 0.671782929 -3.4563167
NaN NaN NaN
1.078 0.629760992 -3.43122547
1.078 0.633774591 -3.69612303
NaN NaN NaN
1.078 0.629760992 -3.43122547
1.09432587 0.369023005 -3.74721891
NaN NaN NaN
0.96 0.671782929 -3.4563167
0.697471076 0.675751097 -3.57573557
NaN NaN NaN
0.96 0.671782929 -3.4563167
1.078 0.633774591 -3.69612303
NaN NaN NaN
0.96 0.671782929 -3.4563167
0.96 0.675782546 -3.72159747
NaN NaN NaN
-0.96 0.672041746 -3.47348319
-1.078 0.63008171 -3.45239284
NaN NaN NaN
-0.96 0.672041746 -3.47348319
-0.697918371 0.675507758 -3.57661896
NaN NaN NaN
-0.96 0.672041746 -3.47348319
-1.078 0.633874609 -3.70272419
NaN NaN NaN
-0.96 0.672041746 -3.47348319
-0.96 0.675862922 -3.72692849
NaN NaN NaN
-1.078 0.63008171 -3.45239284
-1.078 0.633874609 -3.70272419
NaN NaN NaN
-1.078 0.63008171 -3.45239284
-1.09432587 0.369023005 -3.74721891
NaN NaN NaN
0.697471076 0.675751097 -3.57573557
0.458546614 0.679785014 -3.7067969
NaN NaN NaN
0.697471076 0.675751097 -3.57573557
0.96 0.675782546 -3.72159747
NaN NaN NaN
0.697471076 0.675751097 -3.57573557
0.719850406 0.680960405 -3.92862868
NaN NaN NaN
-0.697918371 0.675507758 -3.57661896
-0.458604848 0.679801361 -3.70789108
NaN NaN NaN
-0.697918371 0.675507758 -3.57661896
-0.96 0.675862922 -3.72692849
NaN NaN NaN
-0.697918371 0.675507758 -3.57661896
-0.721968065 0.680943118 -3.92868487
NaN NaN NaN
0.230899385 1.12617406 -3.71297705
0.383346777 0.834776489 -3.7762256
NaN NaN NaN
0.230899385 1.12617406 -3.71297705
0.0 1.23105799 -3.87721966
NaN NaN NaN
0.230899385 1.12617406 -3.71297705
0.308525837 0.996700642 -3.9007702
NaN NaN NaN
0.230899385 1.12617406 -3.71297705
0.226351485 1.16185758 -3.94142155
NaN NaN NaN
-0.230801857 1.12693928 -3.71787598
-0.383954264 0.832718083 -3.76916983
NaN NaN NaN
-0.230801857 1.12693928 -3.71787598
0.0 1.23105799 -3.87721966
NaN NaN NaN
-0.230801857 1.12693928 -3.71787598
-0.308136133 0.997529898 -3.90157581
NaN NaN NaN
-0.230801857 1.12693928 -3.71787598
-0.226273144 1.16247226 -3.94535671
NaN NaN NaN
-0.193810886 -0.387299615 -3.33770151
0.0 -0.441 -3.33786641
NaN NaN NaN
-0.193810886 -0.387299615 -3.33770151
-0.473296244 -0.613268002 -3.35310396
NaN NaN NaN
-0.193810886 -0.387299615 -3.33770151
-0.200604712 -0.384345777 -3.65612522
NaN NaN NaN
-0.193810886 -0.387299615 -3.33770151
0.0 -0.441 -3.65617758
NaN NaN NaN
0.0 -0.441 -3.33786641
0.19465824 -0.3869312 -3.37741666
NaN NaN NaN
0.0 -0.441 -3.33786641
0.0 -0.441 -3.65617758
NaN NaN NaN
-1.15293307 0.1108945 -3.47202952
-1.13485963 -0.306511242 -3.39026465
NaN NaN NaN
-1.15293307 0.1108945 -3.47202952
-1.09432587 0.369023005 -3.74721891
NaN NaN NaN
-1.15293307 0.1108945 -3.47202952
-1.14975243 0.124889322 -3.70628377
NaN NaN NaN
-1.15293307 0.1108945 -3.47202952
-1.13051382 -0.299593421 -3.67708816
NaN NaN NaN
1.15290643 0.111011693 -3.47399118
1.13436603 -0.305725521 -3.42284188
NaN NaN NaN
1.15290643 0.111011693 -3.47399118
1.09432587 0.369023005 -3.74721891
NaN NaN NaN
1.15290643 0.111011693 -3.47399118
1.14972957 0.124989913 -3.70796752
NaN NaN NaN
1.15290643 0.111011693 -3.47399118
1.13029314 -0.299242147 -3.69165251
NaN NaN NaN
0.19465824 -0.3869312 -3.37741666
0.473733849 -0.611618568 -3.3893915
NaN NaN NaN
0.19465824 -0.3869312 -3.37741666
0.20091563 -0.384210596 -3.67069779
NaN NaN NaN
0.19465824 -0.3869312 -3.37741666
0.0 -0.441 -3.65617758
NaN NaN NaN
0.458546614 0.679785014 -3.7067969
0.383346777 0.834776489 -3.7762256
NaN NaN NaN
0.458546614 0.679785014 -3.7067969
0.47 0.683 -3.922
NaN NaN NaN
0.458546614 0.679785014 -3.7067969
0.719850406 0.680960405 -3.92862868
NaN NaN NaN
-0.458604848 0.679801361 -3.70789108
-0.383954264 0.832718083 -3.76916983
NaN NaN NaN
-0.458604848 0.679801361 -3.70789108
-0.47 0.683 -3.922
NaN NaN NaN
-0.458604848 0.679801361 -3.70789108
-0.721968065 0.680943118 -3.92868487
NaN NaN NaN
-0.383954264 0.832718083 -3.76916983
-0.308136133 0.997529898 -3.90157581
NaN NaN NaN
-0.383954264 0.832718083 -3.76916983
-0.47 0.683 -3.922
NaN NaN NaN
-0.383954264 0.832718083 -3.76916983
-0.389651692 0.849204362 -3.99910846
NaN NaN NaN
-1.13485963 -0.306511242 -3.39026465
-0.839390549 -0.593094278 -3.35314455
NaN NaN NaN
-1.13485963 -0.306511242 -3.39026465
-1.13051382 -0.299593421 -3.67708816
NaN NaN NaN
-1.13485963 -0.306511242 -3.39026465
-0.841415347 -0.579017113 -3.6649634
NaN NaN NaN
0.383346777 0.834776489 -3.7762256
0.308525837 0.996700642 -3.9007702
NaN NaN NaN
0.383346777 0.834776489 -3.7762256
0.47 0.683 -3.922
NaN NaN NaN
0.383346777 0.834776489 -3.7762256
0.390456527 0.847539522 -3.99833607
NaN NaN NaN
0.0 1.23105799 -3.87721966
0.226351485 1.16185758 -3.94142155
NaN NaN NaN
0.0 1.23105799 -3.87721966
-0.226273144 1.16247226 -3.94535671
NaN NaN NaN
0.0 1.23105799 -3.87721966
0.0 1.274 -4.157
NaN NaN NaN
0.0 1.23105799 -3.87721966
-0.222 1.196 -4.16
NaN NaN NaN
-0.473296244 -0.613268002 -3.35310396
-0.839390549 -0.593094278 -3.35314455
NaN NaN NaN
-0.473296244 -0.613268002 -3.35310396
-0.200604712 -0.384345777 -3.65612522
NaN NaN NaN
-0.473296244 -0.613268002 -3.35310396
-0.477056918 -0.599093156 -3.66495057
NaN NaN NaN
1.078 0.633774591 -3.69612303
0.96 0.675782546 -3.72159747
NaN NaN NaN
1.078 0.633774591 -3.69612303
1.09432587 0.369023005 -3.74721891
NaN NaN NaN
1.078 0.633774591 -3.69612303
1.078 0.637 -3.909
NaN NaN NaN
1.078 0.633774591 -3.69612303
1.078 0.441 -3.909
NaN NaN NaN
0.96 0.675782546 -3.72159747
0.719850406 0.680960405 -3.92862868
NaN NaN NaN
0.96 0.675782546 -3.72159747
1.078 0.637 -3.909
NaN NaN NaN
0.96 0.675782546 -3.72159747
0.96 0.679 -3.935
NaN NaN NaN
-1.078 0.633874609 -3.70272419
-0.96 0.675862922 -3.72692849
NaN NaN NaN
-1.078 0.633874609 -3.70272419
-1.09432587 0.369023005 -3.74721891
NaN NaN NaN
-1.078 0.633874609 -3.70272419
-1.078 0.637 -3.909
NaN NaN NaN
-1.078 0.633874609 -3.70272419
-1.078 0.441 -3.909
NaN NaN NaN
-0.96 0.675862922 -3.72692849
-0.721968065 0.680943118 -3.92868487
NaN NaN NaN
-0.96 0.675862922 -3.72692849
-1.078 0.637 -3.909
NaN NaN NaN
-0.96 0.675862922 -3.72692849
-0.96 0.679 -3.935
NaN NaN NaN
1.13436603 -0.305725521 -3.42284188
0.839625817 -0.591458604 -3.38937586
NaN NaN NaN
1.13436603 -0.305725521 -3.42284188
1.13029314 -0.299242147 -3.69165251
NaN NaN NaN
1.13436603 -0.305725521 -3.42284188
0.841491159 -0.578490035 -3.67663854
NaN NaN NaN
-0.839390549 -0.593094278 -3.35314455
-0.477056918 -0.599093156 -3.66495057
NaN NaN NaN
-0.839390549 -0.593094278 -3.35314455
-0.841415347 -0.579017113 -3.6649634
NaN NaN NaN
0.473733849 -0.611618568 -3.3893915
0.839625817 -0.591458604 -3.38937586
NaN NaN NaN
0.473733849 -0.611618568 -3.3893915
0.20091563 -0.384210596 -3.67069779
NaN NaN NaN
0.473733849 -0.611618568 -3.3893915
0.477197931 -0.598561643 -3.67664385
NaN NaN NaN
0.839625817 -0.591458604 -3.38937586
0.477197931 -0.598561643 -3.67664385
NaN NaN NaN
0.839625817 -0.591458604 -3.38937586
0.841491159 -0.578490035 -3.67663854
NaN NaN NaN
0.308525837 0.996700642 -3.9007702
0.226351485 1.16185758 -3.94142155
NaN NaN NaN
0.308525837 0.996700642 -3.9007702
0.390456527 0.847539522 -3.99833607
NaN NaN NaN
0.308525837 0.996700642 -3.9007702
0.310625865 1.01267311 -4.07494776
NaN NaN NaN
-0.308136133 0.997529898 -3.90157581
-0.226273144 1.16247226 -3.94535671
NaN NaN NaN
-0.308136133 0.997529898 -3.90157581
-0.389651692 0.849204362 -3.99910846
NaN NaN NaN
-0.308136133 0.997529898 -3.90157581
-0.309088843 1.01585251 -4.0764228
NaN NaN NaN
0.226351485 1.16185758 -3.94142155
0.310625865 1.01267311 -4.07494776
NaN NaN NaN
0.226351485 1.16185758 -3.94142155
0.0 1.274 -4.157
NaN NaN NaN
0.226351485 1.16185758 -3.94142155
0.222 1.196 -4.16
NaN NaN NaN
-0.226273144 1.16247226 -3.94535671
-0.309088843 1.01585251 -4.0764228
NaN NaN NaN
-0.226273144 1.16247226 -3.94535671
-0.222 1.196 -4.16
NaN NaN NaN
1.09432587 0.369023005 -3.74721891
1.14972957 0.124989913 -3.70796752
NaN NaN NaN
1.09432587 0.369023005 -3.74721891
1.078 0.441 -3.909
NaN NaN NaN
1.09432587 0.369023005 -3.74721891
1.1125 0.289 -3.909
NaN NaN NaN
-1.09432587 0.369023005 -3.74721891
-1.14975243 0.124889322 -3.70628377
NaN NaN NaN
-1.09432587 0.369023005 -3.74721891
-1.078 0.441 -3.909
NaN NaN NaN
-1.09432587 0.369023005 -3.74721891
-1.1125 0.289 -3.909
NaN NaN NaN
-1.14975243 0.124889322 -3.70628377
-1.13051382 -0.299593421 -3.67708816
NaN NaN NaN
-1.14975243 0.124889322 -3.70628377
-1.1125 0.289 -3.909
NaN NaN NaN
-1.14975243 0.124889322 -3.70628377
-1.147 0.137 -3.909
NaN NaN NaN
-1.14975243 0.124889322 -3.70628377
-1.1371215 -0.075881679 -3.909
NaN NaN NaN
1.14972957 0.124989913 -3.70796752
1.13029314 -0.299242147 -3.69165251
NaN NaN NaN
1.14972957 0.124989913 -3.70796752
1.1125 0.289 -3.909
NaN NaN NaN
1.14972957 0.124989913 -3.70796752
1.147 0.137 -3.909
NaN NaN NaN
1.14972957 0.124989913 -3.70796752
1.13710132 -0.0763165821 -3.909
NaN NaN NaN
0.47 0.683 -3.922
0.719850406 0.680960405 -3.92862868
NaN NaN NaN
0.47 0.683 -3.922
0.390456527 0.847539522 -3.99833607
NaN NaN NaN
0.47 0.683 -3.922
0.631290004 0.681624431 -4.08393647
NaN NaN NaN
0.47 0.683 -3.922
0.459 0.683 -4.162
NaN NaN NaN
-0.47 0.683 -3.922
-0.721968065 0.680943118 -3.92868487
NaN NaN NaN
-0.47 0.683 -3.922
-0.389651692 0.849204362 -3.99910846
NaN NaN NaN
-0.47 0.683 -3.922
-0.652364911 0.681389395 -4.11906402
NaN NaN NaN
-0.47 0.683 -3.922
-0.459 0.683 -4.162
NaN NaN NaN
0.719850406 0.680960405 -3.92862868
0.96 0.679 -3.935
NaN NaN NaN
0.719850406 0.680960405 -3.92862868
0.795645002 0.680312216 -4.00946823
NaN NaN NaN
0.719850406 0.680960405 -3.92862868
0.631290004 0.681624431 -4.08393647
NaN NaN NaN
-0.721968065 0.680943118 -3.92868487
-0.96 0.679 -3.935
NaN NaN NaN
-0.721968065 0.680943118 -3.92868487
-0.652364911 0.681389395 -4.11906402
NaN NaN NaN
-0.721968065 0.680943118 -3.92868487
-0.900272651 0.679328172 -4.14240486
NaN NaN NaN
-0.200604712 -0.384345777 -3.65612522
0.0 -0.441 -3.65617758
NaN NaN NaN
-0.200604712 -0.384345777 -3.65612522
-0.477056918 -0.599093156 -3.66495057
NaN NaN NaN
-0.200604712 -0.384345777 -3.65612522
-0.206 -0.382 -3.909
NaN NaN NaN
-0.200604712 -0.384345777 -3.65612522
0.0 -0.441 -3.909
NaN NaN NaN
-0.200604712 -0.384345777 -3.65612522
-0.345080463 -0.486564143 -3.909
NaN NaN NaN
0.390456527 0.847539522 -3.99833607
0.310625865 1.01267311 -4.07494776
NaN NaN NaN
0.390456527 0.847539522 -3.99833607
0.459 0.683 -4.162
NaN NaN NaN
0.390456527 0.847539522 -3.99833607
0.409303201 0.800792794 -4.33726657
NaN NaN NaN
-0.389651692 0.849204362 -3.99910846
-0.309088843 1.01585251 -4.0764228
NaN NaN NaN
-0.389651692 0.849204362 -3.99910846
-0.38328315 0.846893435 -4.16136104
NaN NaN NaN
-0.389651692 0.849204362 -3.99910846
-0.459 0.683 -4.162
NaN NaN NaN
1.078 0.637 -3.909
0.96 0.679 -3.935
NaN NaN NaN
1.078 0.637 -3.909
1.078 0.441 -3.909
NaN NaN NaN
1.078 0.637 -3.909
1.00462747 0.64751673 -4.06993042
NaN NaN NaN
1.078 0.637 -3.909
1.05541109 0.624232353 -4.10804435
NaN NaN NaN
-1.078 0.637 -3.909
-0.96 0.679 -3.935
NaN NaN NaN
-1.078 0.637 -3.909
-1.078 0.441 -3.909
NaN NaN NaN
-1.078 0.637 -3.909
-1.05537659 0.624212857 -4.10834827
NaN NaN NaN
0.20091563 -0.384210596 -3.67069779
0.0 -0.441 -3.65617758
NaN NaN NaN
0.20091563 -0.384210596 -3.67069779
0.477197931 -0.598561643 -3.67664385
NaN NaN NaN
0.20091563 -0.384210596 -3.67069779
0.206 -0.382 -3.909
NaN NaN NaN
0.20091563 -0.384210596 -3.67069779
0.0 -0.441 -3.909
NaN NaN NaN
0.20091563 -0.384210596 -3.67069779
0.343730776 -0.485549416 -3.909
NaN NaN NaN
0.96 0.679 -3.935
0.795645002 0.680312216 -4.00946823
NaN NaN NaN
0.96 0.679 -3.935
1.00462747 0.64751673 -4.06993042
NaN NaN NaN
0.96 0.679 -3.935
0.900535247 0.679326729 -4.14149299
NaN NaN NaN
-0.96 0.679 -3.935
-1.05537659 0.624212857 -4.10834827
NaN NaN NaN
-0.96 0.679 -3.935
-0.976057484 0.652455997 -4.12572358
NaN NaN NaN
-0.96 0.679 -3.935
-0.900272651 0.679328172 -4.14240486
NaN NaN NaN
0.0 -0.441 -3.65617758
0.0 -0.441 -3.909
NaN NaN NaN
0.310625865 1.01267311 -4.07494776
0.222 1.196 -4.16
NaN NaN NaN
0.310625865 1.01267311 -4.07494776
0.305859195 1.03171459 -4.29600037
NaN NaN NaN
0.310625865 1.01267311 -4.07494776
0.409303201 0.800792794 -4.33726657
NaN NaN NaN
-0.309088843 1.01585251 -4.0764228
-0.222 1.196 -4.16
NaN NaN NaN
-0.309088843 1.01585251 -4.0764228
-0.305541387 1.01516991 -4.16070499
NaN NaN NaN
-0.309088843 1.01585251 -4.0764228
-0.38328315 0.846893435 -4.16136104
NaN NaN NaN
-1.13051382 -0.299593421 -3.67708816
-0.841415347 -0.579017113 -3.6649634
NaN NaN NaN
-1.13051382 -0.299593421 -3.67708816
-1.1371215 -0.075881679 -3.909
NaN NaN NaN
-1.13051382 -0.299593421 -3.67708816
-1.127 -0.294 -3.909
NaN NaN NaN
-1.13051382 -0.299593421 -3.67708816
-0.985936922 -0.430096068 -3.909
NaN NaN NaN
-1.078 0.441 -3.909
-0.892827012 0.348413506 -3.909
NaN NaN NaN
-1.078 0.441 -3.909
-1.1125 0.289 -3.909
NaN NaN NaN
-1.078 0.441 -3.909
-0.93834385 0.383300579 -4.04606556
NaN NaN NaN
-1.078 0.441 -3.909
-1.05537659 0.624212857 -4.10834827
NaN NaN NaN
-1.078 0.441 -3.909
-1.05537704 0.447557379 -4.10834434
NaN NaN NaN
1.078 0.441 -3.909
0.892820451 0.348410226 -3.909
NaN NaN NaN
1.078 0.441 -3.909
1.1125 0.289 -3.909
NaN NaN NaN
1.078 0.441 -3.909
1.05541109 0.624232353 -4.10804435
NaN NaN NaN
1.078 0.441 -3.909
1.05541009 0.447547799 -4.1080531
NaN NaN NaN
-0.892827012 0.348413506 -3.909
-0.703073486 0.253536743 -3.909
NaN NaN NaN
-0.892827012 0.348413506 -3.909
-1.1125 0.289 -3.909
NaN NaN NaN
-0.892827012 0.348413506 -3.909
-0.940101231 0.140149144 -3.909
NaN NaN NaN
-0.892827012 0.348413506 -3.909
-0.93834385 0.383300579 -4.04606556
NaN NaN NaN
0.892820451 0.348410226 -3.909
0.703080115 0.253540058 -3.909
NaN NaN NaN
0.892820451 0.348410226 -3.909
1.1125 0.289 -3.909
NaN NaN NaN
0.892820451 0.348410226 -3.909
0.940093904 0.140149256 -3.909
NaN NaN NaN
0.892820451 0.348410226 -3.909
1.05541009 0.447547799 -4.1080531
NaN NaN NaN
0.892820451 0.348410226 -3.909
0.75914117 0.309833001 -4.22429447
NaN NaN NaN
1.13029314 -0.299242147 -3.69165251
0.841491159 -0.578490035 -3.67663854
NaN NaN NaN
1.13029314 -0.299242147 -3.69165251
1.13710132 -0.0763165821 -3.909
NaN NaN NaN
1.13029314 -0.299242147 -3.69165251
1.127 -0.294 -3.909
NaN NaN NaN
1.13029314 -0.299242147 -3.69165251
0.98498873 -0.431010874 -3.909
NaN NaN NaN
0.0 1.274 -4.157
0.222 1.196 -4.16
NaN NaN NaN
0.0 1.274 -4.157
-0.222 1.196 -4.16
NaN NaN NaN
0.0 1.274 -4.157
0.0 1.29860709 -4.39076731
NaN NaN NaN
0.0 1.274 -4.157
-0.215790811 1.2228237 -4.38998837
NaN NaN NaN
0.0 1.274 -4.157
0.215726412 1.2231019 -4.3923737
NaN NaN NaN
0.795645002 0.680312216 -4.00946823
0.631290004 0.681624431 -4.08393647
NaN NaN NaN
0.795645002 0.680312216 -4.00946823
0.900535247 0.679326729 -4.14149299
NaN NaN NaN
0.703080115 0.253540058 -3.909
0.49 0.147 -3.909
NaN NaN NaN
0.703080115 0.253540058 -3.909
0.728089994 0.143376104 -3.909
NaN NaN NaN
0.703080115 0.253540058 -3.909
0.940093904 0.140149256 -3.909
NaN NaN NaN
0.703080115 0.253540058 -3.909
0.629144659 0.231183859 -4.07200569
NaN NaN NaN
0.703080115 0.253540058 -3.909
0.75914117 0.309833001 -4.22429447
NaN NaN NaN
-0.703073486 0.253536743 -3.909
-0.49 0.147 -3.909
NaN NaN NaN
-0.703073486 0.253536743 -3.909
-0.728082573 0.143376217 -3.909
NaN NaN NaN
-0.703073486 0.253536743 -3.909
-0.940101231 0.140149144 -3.909
NaN NaN NaN
-0.703073486 0.253536743 -3.909
-0.93834385 0.383300579 -4.04606556
NaN NaN NaN
-0.703073486 0.253536743 -3.909
-0.795826692 0.324419122 -4.18593906
NaN NaN NaN
-0.703073486 0.253536743 -3.909
-0.48749515 0.171547529 -4.20056453
NaN NaN NaN
0.222 1.196 -4.16
0.305859195 1.03171459 -4.29600037
NaN NaN NaN
0.222 1.196 -4.16
0.215726412 1.2231019 -4.3923737
NaN NaN NaN
-0.222 1.196 -4.16
-0.305541387 1.01516991 -4.16070499
NaN NaN NaN
-0.222 1.196 -4.16
-0.215790811 1.2228237 -4.38998837
NaN NaN NaN
-0.222 1.196 -4.16
-0.295418464 1.06035065 -4.3596283
NaN NaN NaN
-0.477056918 -0.599093156 -3.66495057
-0.841415347 -0.579017113 -3.6649634
NaN NaN NaN
-0.477056918 -0.599093156 -3.66495057
-0.345080463 -0.486564143 -3.909
NaN NaN NaN
-0.477056918 -0.599093156 -3.66495057
-0.48 -0.588 -3.909
NaN NaN NaN
-0.477056918 -0.599093156 -3.66495057
-0.6615 -0.578 -3.909
NaN NaN NaN
-0.49 0.147 -3.909
-0.728082573 0.143376217 -3.909
NaN NaN NaN
-0.49 0.147 -3.909
-0.664051425 0.0265028596 -3.909
NaN NaN NaN
-0.49 0.147 -3.909
-0.425439578 -0.0324474732 -3.909
NaN NaN NaN
-0.49 0.147 -3.909
-0.440330636 0.0311048171 -4.11105632
NaN NaN NaN
-0.49 0.147 -3.909
-0.48749515 0.171547529 -4.20056453
NaN NaN NaN
0.49 0.147 -3.909
0.728089994 0.143376104 -3.909
NaN NaN NaN
0.49 0.147 -3.909
0.66406056 0.0264965356 -3.909
NaN NaN NaN
0.49 0.147 -3.909
0.425316928 -0.032788381 -3.909
NaN NaN NaN
0.49 0.147 -3.909
0.629144659 0.231183859 -4.07200569
NaN NaN NaN
0.49 0.147 -3.909
0.403034815 -0.0740820042 -4.09998576
NaN NaN NaN
0.49 0.147 -3.909
0.487493074 0.171567871 -4.20080614
NaN NaN NaN
0.49 0.147 -3.909
0.443340495 0.0587285177 -4.29226367
NaN NaN NaN
-1.1125 0.289 -3.909
-0.940101231 0.140149144 -3.909
NaN NaN NaN
-1.1125 0.289 -3.909
-1.147 0.137 -3.909
NaN NaN NaN
1.1125 0.289 -3.909
0.940093904 0.140149256 -3.909
NaN NaN NaN
1.1125 0.289 -3.909
1.147 0.137 -3.909
NaN NaN NaN
0.477197931 -0.598561643 -3.67664385
0.841491159 -0.578490035 -3.67663854
NaN NaN NaN
0.477197931 -0.598561643 -3.67664385
0.343730776 -0.485549416 -3.909
NaN NaN NaN
0.477197931 -0.598561643 -3.67664385
0.48 -0.588 -3.909
NaN NaN NaN
0.477197931 -0.598561643 -3.67664385
0.6615 -0.578 -3.909
NaN NaN NaN
-0.728082573 0.143376217 -3.909
-0.940101231 0.140149144 -3.909
NaN NaN NaN
-0.728082573 0.143376217 -3.909
-0.664051425 0.0265028596 -3.909
NaN NaN NaN
0.728089994 0.143376104 -3.909
0.940093904 0.140149256 -3.909
NaN NaN NaN
0.728089994 0.143376104 -3.909
0.66406056 0.0264965356 -3.909
NaN NaN NaN
-0.841415347 -0.579017113 -3.6649634
-0.985936922 -0.430096068 -3.909
NaN NaN NaN
-0.841415347 -0.579017113 -3.6649634
-0.6615 -0.578 -3.909
NaN NaN NaN
-0.841415347 -0.579017113 -3.6649634
-0.843 -0.568 -3.909
NaN NaN NaN
0.841491159 -0.578490035 -3.67663854
0.98498873 -0.431010874 -3.909
NaN NaN NaN
0.841491159 -0.578490035 -3.67663854
0.6615 -0.578 -3.909
NaN NaN NaN
0.841491159 -0.578490035 -3.67663854
0.843 -0.568 -3.909
NaN NaN NaN
0.940093904 0.140149256 -3.909
0.66406056 0.0264965356 -3.909
NaN NaN NaN
0.940093904 0.140149256 -3.909
1.147 0.137 -3.909
NaN NaN NaN
0.940093904 0.140149256 -3.909
0.824927799 -0.0848730915 -3.909
NaN NaN NaN
0.940093904 0.140149256 -3.909
1.13710132 -0.0763165821 -3.909
NaN NaN NaN
0.940093904 0.140149256 -3.909
0.976035123 -0.189485854 -3.909
NaN NaN NaN
-0.940101231 0.140149144 -3.909
-0.664051425 0.0265028596 -3.909
NaN NaN NaN
-0.940101231 0.140149144 -3.909
-1.147 0.137 -3.909
NaN NaN NaN
-0.940101231 0.140149144 -3.909
-0.824925595 -0.0848715658 -3.909
NaN NaN NaN
-0.940101231 0.140149144 -3.909
-1.1371215 -0.075881679 -3.909
NaN NaN NaN
-0.940101231 0.140149144 -3.909
-0.976041005 -0.189489927 -3.909
NaN NaN NaN
-0.305541387 1.01516991 -4.16070499
-0.38328315 0.846893435 -4.16136104
NaN NaN NaN
-0.305541387 1.01516991 -4.16070499
-0.295418464 1.06035065 -4.3596283
NaN NaN NaN
-0.664051425 0.0265028596 -3.909
-0.425439578 -0.0324474732 -3.909
NaN NaN NaN
-0.664051425 0.0265028596 -3.909
-0.824925595 -0.0848715658 -3.909
NaN NaN NaN
-0.664051425 0.0265028596 -3.909
-0.564325389 -0.229189312 -3.909
NaN NaN NaN
-0.664051425 0.0265028596 -3.909
-0.754633414 -0.251109608 -3.909
NaN NaN NaN
0.66406056 0.0264965356 -3.909
0.425316928 -0.032788381 -3.909
NaN NaN NaN
0.66406056 0.0264965356 -3.909
0.824927799 -0.0848730915 -3.909
NaN NaN NaN
0.66406056 0.0264965356 -3.909
0.564456632 -0.229204429 -3.909
NaN NaN NaN
0.66406056 0.0264965356 -3.909
0.756686698 -0.251346112 -3.909
NaN NaN NaN
0.631290004 0.681624431 -4.08393647
0.459 0.683 -4.162
NaN NaN NaN
0.631290004 0.681624431 -4.08393647
0.900535247 0.679326729 -4.14149299
NaN NaN NaN
0.631290004 0.681624431 -4.08393647
0.565333333 0.682 -4.297
NaN NaN NaN
0.631290004 0.681624431 -4.08393647
0.840520297 0.679656482 -4.34989655
NaN NaN NaN
-0.425439578 -0.0324474732 -3.909
-0.363 -0.206 -3.909
NaN NaN NaN
-0.425439578 -0.0324474732 -3.909
-0.564325389 -0.229189312 -3.909
NaN NaN NaN
-0.425439578 -0.0324474732 -3.909
-0.440330636 0.0311048171 -4.11105632
NaN NaN NaN
-0.425439578 -0.0324474732 -3.909
-0.356422332 -0.202711166 -4.10567226
NaN NaN NaN
0.425316928 -0.032788381 -3.909
0.363 -0.206 -3.909
NaN NaN NaN
0.425316928 -0.032788381 -3.909
0.564456632 -0.229204429 -3.909
NaN NaN NaN
0.425316928 -0.032788381 -3.909
0.403034815 -0.0740820042 -4.09998576
NaN NaN NaN
-1.147 0.137 -3.909
-1.1371215 -0.075881679 -3.909
NaN NaN NaN
1.147 0.137 -3.909
1.13710132 -0.0763165821 -3.909
NaN NaN NaN
1.00462747 0.64751673 -4.06993042
1.05541109 0.624232353 -4.10804435
NaN NaN NaN
1.00462747 0.64751673 -4.06993042
0.900535247 0.679326729 -4.14149299
NaN NaN NaN
1.00462747 0.64751673 -4.06993042
0.931107926 0.658054531 -4.23118328
NaN NaN NaN
1.00462747 0.64751673 -4.06993042
1.0327228 0.611408539 -4.30796432
NaN NaN NaN
-0.38328315 0.846893435 -4.16136104
-0.459 0.683 -4.162
NaN NaN NaN
-0.38328315 0.846893435 -4.16136104
-0.295418464 1.06035065 -4.3596283
NaN NaN NaN
-0.38328315 0.846893435 -4.16136104
-0.45 0.683 -4.3535
NaN NaN NaN
-0.652364911 0.681389395 -4.11906402
-0.459 0.683 -4.162
NaN NaN NaN
-0.652364911 0.681389395 -4.11906402
-0.900272651 0.679328172 -4.14240486
NaN NaN NaN
-0.652364911 0.681389395 -4.11906402
-0.565333333 0.682 -4.297
NaN NaN NaN
-0.652364911 0.681389395 -4.11906402
-0.840416408 0.679657053 -4.35025731
NaN NaN NaN
-0.824925595 -0.0848715658 -3.909
-0.976041005 -0.189489927 -3.909
NaN NaN NaN
-0.824925595 -0.0848715658 -3.909
-0.754633414 -0.251109608 -3.909
NaN NaN NaN
-0.824925595 -0.0848715658 -3.909
-0.940904578 -0.272564925 -3.909
NaN NaN NaN
0.824927799 -0.0848730915 -3.909
0.976035123 -0.189485854 -3.909
NaN NaN NaN
0.824927799 -0.0848730915 -3.909
0.756686698 -0.251346112 -3.909
NaN NaN NaN
-0.363 -0.206 -3.909
-0.564325389 -0.229189312 -3.909
NaN NaN NaN
-0.363 -0.206 -3.909
-0.530567749 -0.332374011 -3.909
NaN NaN NaN
-0.363 -0.206 -3.909
-0.206 -0.382 -3.909
NaN NaN NaN
-0.363 -0.206 -3.909
-0.345080463 -0.486564143 -3.909
NaN NaN NaN
-0.363 -0.206 -3.909
-0.356422332 -0.202711166 -4.10567226
NaN NaN NaN
-0.363 -0.206 -3.909
-0.298209674 -0.26781526 -4.10899055
NaN NaN NaN
0.363 -0.206 -3.909
0.564456632 -0.229204429 -3.909
NaN NaN NaN
0.363 -0.206 -3.909
0.53082473 -0.332567817 -3.909
NaN NaN NaN
0.363 -0.206 -3.909
0.206 -0.382 -3.909
NaN NaN NaN
0.363 -0.206 -3.909
0.343730776 -0.485549416 -3.909
NaN NaN NaN
0.363 -0.206 -3.909
0.403034815 -0.0740820042 -4.09998576
NaN NaN NaN
0.363 -0.206 -3.909
0.356455571 -0.202727786 -4.10467842
NaN NaN NaN
-0.93834385 0.383300579 -4.04606556
-1.05537704 0.447557379 -4.10834434
NaN NaN NaN
-0.93834385 0.383300579 -4.04606556
-0.795826692 0.324419122 -4.18593906
NaN NaN NaN
-0.93834385 0.383300579 -4.04606556
-1.03270258 0.454129688 -4.30814251
NaN NaN NaN
0.459 0.683 -4.162
0.565333333 0.682 -4.297
NaN NaN NaN
0.459 0.683 -4.162
0.409303201 0.800792794 -4.33726657
NaN NaN NaN
0.459 0.683 -4.162
0.45 0.683 -4.3535
NaN NaN NaN
-0.459 0.683 -4.162
-0.565333333 0.682 -4.297
NaN NaN NaN
-0.459 0.683 -4.162
-0.45 0.683 -4.3535
NaN NaN NaN
-1.1371215 -0.075881679 -3.909
-0.976041005 -0.189489927 -3.909
NaN NaN NaN
-1.1371215 -0.075881679 -3.909
-1.127 -0.294 -3.909
NaN NaN NaN
1.13710132 -0.0763165821 -3.909
0.976035123 -0.189485854 -3.909
NaN NaN NaN
1.13710132 -0.0763165821 -3.909
1.127 -0.294 -3.909
NaN NaN NaN
-0.564325389 -0.229189312 -3.909
-0.754633414 -0.251109608 -3.909
NaN NaN NaN
-0.564325389 -0.229189312 -3.909
-0.530567749 -0.332374011 -3.909
NaN NaN NaN
-0.564325389 -0.229189312 -3.909
-0.686783875 -0.450187005 -3.909
NaN NaN NaN
0.564456632 -0.229204429 -3.909
0.756686698 -0.251346112 -3.909
NaN NaN NaN
0.564456632 -0.229204429 -3.909
0.53082473 -0.332567817 -3.909
NaN NaN NaN
0.564456632 -0.229204429 -3.909
0.686912365 -0.450283909 -3.909
NaN NaN NaN
1.05541109 0.624232353 -4.10804435
1.05541009 0.447547799 -4.1080531
NaN NaN NaN
1.05541109 0.624232353 -4.10804435
1.0327228 0.611408539 -4.30796432
NaN NaN NaN
-1.05537659 0.624212857 -4.10834827
-0.976057484 0.652455997 -4.12572358
NaN NaN NaN
-1.05537659 0.624212857 -4.10834827
-1.05537704 0.447557379 -4.10834434
NaN NaN NaN
-1.05537659 0.624212857 -4.10834827
-1.03270174 0.611396635 -4.3081499
NaN NaN NaN
-0.976057484 0.652455997 -4.12572358
-0.900272651 0.679328172 -4.14240486
NaN NaN NaN
-0.976057484 0.652455997 -4.12572358
-1.03270174 0.611396635 -4.3081499
NaN NaN NaN
-0.976057484 0.652455997 -4.12572358
-0.99215254 0.625849883 -4.31689344
NaN NaN NaN
0.900535247 0.679326729 -4.14149299
0.931107926 0.658054531 -4.23118328
NaN NaN NaN
0.900535247 0.679326729 -4.14149299
0.840520297 0.679656482 -4.34989655
NaN NaN NaN
-0.900272651 0.679328172 -4.14240486
-0.99215254 0.625849883 -4.31689344
NaN NaN NaN
-0.900272651 0.679328172 -4.14240486
-0.840416408 0.679657053 -4.35025731
NaN NaN NaN
0.976035123 -0.189485854 -3.909
0.756686698 -0.251346112 -3.909
NaN NaN NaN
0.976035123 -0.189485854 -3.909
0.941931174 -0.272683172 -3.909
NaN NaN NaN
0.976035123 -0.189485854 -3.909
1.127 -0.294 -3.909
NaN NaN NaN
-0.976041005 -0.189489927 -3.909
-0.940904578 -0.272564925 -3.909
NaN NaN NaN
-0.976041005 -0.189489927 -3.909
-1.127 -0.294 -3.909
NaN NaN NaN
-0.754633414 -0.251109608 -3.909
-0.940904578 -0.272564925 -3.909
NaN NaN NaN
-0.754633414 -0.251109608 -3.909
-0.686783875 -0.450187005 -3.909
NaN NaN NaN
-0.754633414 -0.251109608 -3.909
-0.843 -0.568 -3.909
NaN NaN NaN
0.756686698 -0.251346112 -3.909
0.941931174 -0.272683172 -3.909
NaN NaN NaN
0.756686698 -0.251346112 -3.909
0.686912365 -0.450283909 -3.909
NaN NaN NaN
0.756686698 -0.251346112 -3.909
0.843 -0.568 -3.909
NaN NaN NaN
0.629144659 0.231183859 -4.07200569
0.487493074 0.171567871 -4.20080614
NaN NaN NaN
0.629144659 0.231183859 -4.07200569
0.75914117 0.309833001 -4.22429447
NaN NaN NaN
-0.530567749 -0.332374011 -3.909
-0.345080463 -0.486564143 -3.909
NaN NaN NaN
-0.530567749 -0.332374011 -3.909
-0.686783875 -0.450187005 -3.909
NaN NaN NaN
-0.530567749 -0.332374011 -3.909
-0.48 -0.588 -3.909
NaN NaN NaN
-0.530567749 -0.332374011 -3.909
-0.6615 -0.578 -3.909
NaN NaN NaN
0.53082473 -0.332567817 -3.909
0.343730776 -0.485549416 -3.909
NaN NaN NaN
0.53082473 -0.332567817 -3.909
0.686912365 -0.450283909 -3.909
NaN NaN NaN
0.53082473 -0.332567817 -3.909
0.48 -0.588 -3.909
NaN NaN NaN
0.53082473 -0.332567817 -3.909
0.6615 -0.578 -3.909
NaN NaN NaN
-0.206 -0.382 -3.909
0.0 -0.441 -3.909
NaN NaN NaN
-0.206 -0.382 -3.909
-0.345080463 -0.486564143 -3.909
NaN NaN NaN
-0.206 -0.382 -3.909
-0.298209674 -0.26781526 -4.10899055
NaN NaN NaN
-0.206 -0.382 -3.909
-0.193415677 -0.385549424 -4.10421834
NaN NaN NaN
-0.206 -0.382 -3.909
-0.139102485 -0.401159968 -4.10319764
NaN NaN NaN
0.206 -0.382 -3.909
0.0 -0.441 -3.909
NaN NaN NaN
0.206 -0.382 -3.909
0.343730776 -0.485549416 -3.909
NaN NaN NaN
0.206 -0.382 -3.909
0.356455571 -0.202727786 -4.10467842
NaN NaN NaN
0.206 -0.382 -3.909
0.249695421 -0.32267629 -4.09972892
NaN NaN NaN
0.206 -0.382 -3.909
0.193520662 -0.385519813 -4.10258972
NaN NaN NaN
-0.940904578 -0.272564925 -3.909
-1.127 -0.294 -3.909
NaN NaN NaN
-0.940904578 -0.272564925 -3.909
-0.985936922 -0.430096068 -3.909
NaN NaN NaN
-0.940904578 -0.272564925 -3.909
-0.843 -0.568 -3.909
NaN NaN NaN
0.941931174 -0.272683172 -3.909
1.127 -0.294 -3.909
NaN NaN NaN
0.941931174 -0.272683172 -3.909
0.98498873 -0.431010874 -3.909
NaN NaN NaN
0.941931174 -0.272683172 -3.909
0.843 -0.568 -3.909
NaN NaN NaN
1.05541009 0.447547799 -4.1080531
0.75914117 0.309833001 -4.22429447
NaN NaN NaN
1.05541009 0.447547799 -4.1080531
1.0327228 0.611408539 -4.30796432
NaN NaN NaN
1.05541009 0.447547799 -4.1080531
1.03272325 0.454123696 -4.30796037
NaN NaN NaN
1.05541009 0.447547799 -4.1080531
0.884452827 0.385647761 -4.37109503
NaN NaN NaN
-1.05537704 0.447557379 -4.10834434
-1.03270174 0.611396635 -4.3081499
NaN NaN NaN
-1.05537704 0.447557379 -4.10834434
-1.03270258 0.454129688 -4.30814251
NaN NaN NaN
0.305859195 1.03171459 -4.29600037
0.215726412 1.2231019 -4.3923737
NaN NaN NaN
0.305859195 1.03171459 -4.29600037
0.409303201 0.800792794 -4.33726657
NaN NaN NaN
0.305859195 1.03171459 -4.29600037
0.358864564 0.920343915 -4.5151494
NaN NaN NaN
0.0 -0.441 -3.909
0.193520662 -0.385519813 -4.10258972
NaN NaN NaN
0.0 -0.441 -3.909
-0.139102485 -0.401159968 -4.10319764
NaN NaN NaN
0.0 -0.441 -3.909
0.0542027292 -0.425420772 -4.10536318
NaN NaN NaN
0.0 -0.441 -3.909
0.0 -0.441 -4.10181807
NaN NaN NaN
-1.127 -0.294 -3.909
-0.985936922 -0.430096068 -3.909
NaN NaN NaN
1.127 -0.294 -3.909
0.98498873 -0.431010874 -3.909
NaN NaN NaN
0.343730776 -0.485549416 -3.909
0.48 -0.588 -3.909
NaN NaN NaN
-0.345080463 -0.486564143 -3.909
-0.48 -0.588 -3.909
NaN NaN NaN
-0.686783875 -0.450187005 -3.909
-0.6615 -0.578 -3.909
NaN NaN NaN
-0.686783875 -0.450187005 -3.909
-0.843 -0.568 -3.909
NaN NaN NaN
0.686912365 -0.450283909 -3.909
0.6615 -0.578 -3.909
NaN NaN NaN
0.686912365 -0.450283909 -3.909
0.843 -0.568 -3.909
NaN NaN NaN
0.0 1.29860709 -4.39076731
-0.215790811 1.2228237 -4.38998837
NaN NaN NaN
0.0 1.29860709 -4.39076731
0.215726412 1.2231019 -4.3923737
NaN NaN NaN
0.0 1.29860709 -4.39076731
0.0 1.32282468 -4.62083442
NaN NaN NaN
0.0 1.29860709 -4.39076731
-0.209644165 1.24937721 -4.61766012
NaN NaN NaN
0.0 1.29860709 -4.39076731
0.209534439 1.24985122 -4.62172437
NaN NaN NaN
-0.985936922 -0.430096068 -3.909
-0.843 -0.568 -3.909
NaN NaN NaN
0.98498873 -0.431010874 -3.909
0.843 -0.568 -3.909
NaN NaN NaN
0.931107926 0.658054531 -4.23118328
1.0327228 0.611408539 -4.30796432
NaN NaN NaN
0.931107926 0.658054531 -4.23118328
0.840520297 0.679656482 -4.34989655
NaN NaN NaN
0.931107926 0.658054531 -4.23118328
0.855676717 0.668866337 -4.39662907
NaN NaN NaN
-0.215790811 1.2228237 -4.38998837
-0.295418464 1.06035065 -4.3596283
NaN NaN NaN
-0.215790811 1.2228237 -4.38998837
-0.209644165 1.24937721 -4.61766012
NaN NaN NaN
-0.295418464 1.06035065 -4.3596283
-0.45 0.683 -4.3535
NaN NaN NaN
-0.295418464 1.06035065 -4.3596283
-0.364515712 0.932685256 -4.54750701
NaN NaN NaN
-0.295418464 1.06035065 -4.3596283
-0.209644165 1.24937721 -4.61766012
NaN NaN NaN
0.215726412 1.2231019 -4.3923737
0.358864564 0.920343915 -4.5151494
NaN NaN NaN
0.215726412 1.2231019 -4.3923737
0.209534439 1.24985122 -4.62172437
NaN NaN NaN
0.215726412 1.2231019 -4.3923737
0.307778658 1.04142921 -4.69531496
NaN NaN NaN
-0.440330636 0.0311048171 -4.11105632
-0.48749515 0.171547529 -4.20056453
NaN NaN NaN
-0.440330636 0.0311048171 -4.11105632
-0.356422332 -0.202711166 -4.10567226
NaN NaN NaN
-0.440330636 0.0311048171 -4.11105632
-0.392332197 -0.0808915398 -4.30631528
NaN NaN NaN
-0.440330636 0.0311048171 -4.11105632
-0.349844665 -0.199422332 -4.30234452
NaN NaN NaN
-0.48 -0.588 -3.909
-0.6615 -0.578 -3.909
NaN NaN NaN
0.48 -0.588 -3.909
0.6615 -0.578 -3.909
NaN NaN NaN
-0.6615 -0.578 -3.909
-0.843 -0.568 -3.909
NaN NaN NaN
0.6615 -0.578 -3.909
0.843 -0.568 -3.909
NaN NaN NaN
-0.795826692 0.324419122 -4.18593906
-0.48749515 0.171547529 -4.20056453
NaN NaN NaN
-0.795826692 0.324419122 -4.18593906
-1.03270258 0.454129688 -4.30814251
NaN NaN NaN
-0.795826692 0.324419122 -4.18593906
-0.647439293 0.263112355 -4.33157391
NaN NaN NaN
-0.795826692 0.324419122 -4.18593906
-0.840809808 0.375941983 -4.50865469
NaN NaN NaN
-0.795826692 0.324419122 -4.18593906
-0.671133961 0.290132633 -4.50023565
NaN NaN NaN
0.403034815 -0.0740820042 -4.09998576
0.356455571 -0.202727786 -4.10467842
NaN NaN NaN
0.403034815 -0.0740820042 -4.09998576
0.443340495 0.0587285177 -4.29226367
NaN NaN NaN
0.403034815 -0.0740820042 -4.09998576
0.349857849 -0.199428924 -4.30195033
NaN NaN NaN
0.565333333 0.682 -4.297
0.45 0.683 -4.3535
NaN NaN NaN
0.565333333 0.682 -4.297
0.840520297 0.679656482 -4.34989655
NaN NaN NaN
0.565333333 0.682 -4.297
0.671666667 0.681 -4.432
NaN NaN NaN
-0.565333333 0.682 -4.297
-0.45 0.683 -4.3535
NaN NaN NaN
-0.565333333 0.682 -4.297
-0.840416408 0.679657053 -4.35025731
NaN NaN NaN
-0.565333333 0.682 -4.297
-0.671666667 0.681 -4.432
NaN NaN NaN
-0.565333333 0.682 -4.297
-0.441 0.683 -4.545
NaN NaN NaN
-0.565333333 0.682 -4.297
-0.6095 0.6815 -4.556
NaN NaN NaN
0.409303201 0.800792794 -4.33726657
0.45 0.683 -4.3535
NaN NaN NaN
0.409303201 0.800792794 -4.33726657
0.358864564 0.920343915 -4.5151494
NaN NaN NaN
0.409303201 0.800792794 -4.33726657
0.441 0.683 -4.545
NaN NaN NaN
-0.48749515 0.171547529 -4.20056453
-0.647439293 0.263112355 -4.33157391
NaN NaN NaN
-0.48749515 0.171547529 -4.20056453
-0.392332197 -0.0808915398 -4.30631528
NaN NaN NaN
-0.48749515 0.171547529 -4.20056453
-0.485 0.196 -4.491
NaN NaN NaN
-0.48749515 0.171547529 -4.20056453
-0.414 0.0 -4.499
NaN NaN NaN
0.487493074 0.171567871 -4.20080614
0.75914117 0.309833001 -4.22429447
NaN NaN NaN
0.487493074 0.171567871 -4.20080614
0.443340495 0.0587285177 -4.29226367
NaN NaN NaN
0.487493074 0.171567871 -4.20080614
0.671133961 0.290132633 -4.50023565
NaN NaN NaN
0.487493074 0.171567871 -4.20080614
0.485 0.196 -4.491
NaN NaN NaN
0.75914117 0.309833001 -4.22429447
0.884452827 0.385647761 -4.37109503
NaN NaN NaN
0.75914117 0.309833001 -4.22429447
0.840809808 0.375941983 -4.50865469
NaN NaN NaN
0.75914117 0.309833001 -4.22429447
0.671133961 0.290132633 -4.50023565
NaN NaN NaN
0.356455571 -0.202727786 -4.10467842
0.249695421 -0.32267629 -4.09972892
NaN NaN NaN
0.356455571 -0.202727786 -4.10467842
0.349857849 -0.199428924 -4.30195033
NaN NaN NaN
-0.356422332 -0.202711166 -4.10567226
-0.298209674 -0.26781526 -4.10899055
NaN NaN NaN
-0.356422332 -0.202711166 -4.10567226
-0.349844665 -0.199422332 -4.30234452
NaN NaN NaN
0.45 0.683 -4.3535
0.671666667 0.681 -4.432
NaN NaN NaN
0.45 0.683 -4.3535
0.441 0.683 -4.545
NaN NaN NaN
0.45 0.683 -4.3535
0.6095 0.6815 -4.556
NaN NaN NaN
-0.45 0.683 -4.3535
-0.364515712 0.932685256 -4.54750701
NaN NaN NaN
-0.45 0.683 -4.3535
-0.441 0.683 -4.545
NaN NaN NaN
-0.298209674 -0.26781526 -4.10899055
-0.193415677 -0.385549424 -4.10421834
NaN NaN NaN
-0.298209674 -0.26781526 -4.10899055
-0.349844665 -0.199422332 -4.30234452
NaN NaN NaN
-0.298209674 -0.26781526 -4.10899055
-0.234582613 -0.32852067 -4.3053904
NaN NaN NaN
-0.298209674 -0.26781526 -4.10899055
-0.180593047 -0.389166064 -4.3031335
NaN NaN NaN
1.0327228 0.611408539 -4.30796432
1.03272325 0.454123696 -4.30796037
NaN NaN NaN
1.0327228 0.611408539 -4.30796432
0.855676717 0.668866337 -4.39662907
NaN NaN NaN
1.0327228 0.611408539 -4.30796432
1.009 0.598 -4.517
NaN NaN NaN
-1.03270174 0.611396635 -4.3081499
-0.99215254 0.625849883 -4.31689344
NaN NaN NaN
-1.03270174 0.611396635 -4.3081499
-1.03270258 0.454129688 -4.30814251
NaN NaN NaN
-1.03270174 0.611396635 -4.3081499
-1.009 0.598 -4.517
NaN NaN NaN
-0.99215254 0.625849883 -4.31689344
-0.840416408 0.679657053 -4.35025731
NaN NaN NaN
-0.99215254 0.625849883 -4.31689344
-1.009 0.598 -4.517
NaN NaN NaN
0.249695421 -0.32267629 -4.09972892
0.193520662 -0.385519813 -4.10258972
NaN NaN NaN
0.249695421 -0.32267629 -4.09972892
0.349857849 -0.199428924 -4.30195033
NaN NaN NaN
0.249695421 -0.32267629 -4.09972892
0.295350913 -0.260691461 -4.29901348
NaN NaN NaN
0.249695421 -0.32267629 -4.09972892
0.180681552 -0.389141101 -4.30176053
NaN NaN NaN
0.840520297 0.679656482 -4.34989655
0.855676717 0.668866337 -4.39662907
NaN NaN NaN
0.840520297 0.679656482 -4.34989655
0.671666667 0.681 -4.432
NaN NaN NaN
0.840520297 0.679656482 -4.34989655
0.778 0.68 -4.567
NaN NaN NaN
-0.840416408 0.679657053 -4.35025731
-0.671666667 0.681 -4.432
NaN NaN NaN
-0.840416408 0.679657053 -4.35025731
-1.009 0.598 -4.517
NaN NaN NaN
-0.840416408 0.679657053 -4.35025731
-0.778 0.68 -4.567
NaN NaN NaN
0.193520662 -0.385519813 -4.10258972
0.0542027292 -0.425420772 -4.10536318
NaN NaN NaN
0.193520662 -0.385519813 -4.10258972
0.180681552 -0.389141101 -4.30176053
NaN NaN NaN
0.193520662 -0.385519813 -4.10258972
0.108460573 -0.409825704 -4.30192603
NaN NaN NaN
-0.193415677 -0.385549424 -4.10421834
-0.139102485 -0.401159968 -4.10319764
NaN NaN NaN
-0.193415677 -0.385549424 -4.10421834
-0.180593047 -0.389166064 -4.3031335
NaN NaN NaN
-0.139102485 -0.401159968 -4.10319764
0.0 -0.441 -4.10181807
NaN NaN NaN
-0.139102485 -0.401159968 -4.10319764
-0.180593047 -0.389166064 -4.3031335
NaN NaN NaN
-0.139102485 -0.401159968 -4.10319764
-0.0722049704 -0.420319936 -4.29739528
NaN NaN NaN
-0.139102485 -0.401159968 -4.10319764
0.0 -0.441 -4.29858128
NaN NaN NaN
1.03272325 0.454123696 -4.30796037
0.884452827 0.385647761 -4.37109503
NaN NaN NaN
1.03272325 0.454123696 -4.30796037
1.009 0.598 -4.517
NaN NaN NaN
1.03272325 0.454123696 -4.30796037
1.009 0.461 -4.517
NaN NaN NaN
-1.03270258 0.454129688 -4.30814251
-1.009 0.598 -4.517
NaN NaN NaN
-1.03270258 0.454129688 -4.30814251
-0.840809808 0.375941983 -4.50865469
NaN NaN NaN
-1.03270258 0.454129688 -4.30814251
-1.009 0.461 -4.517
NaN NaN NaN
0.0542027292 -0.425420772 -4.10536318
0.0 -0.441 -4.10181807
NaN NaN NaN
0.0542027292 -0.425420772 -4.10536318
0.108460573 -0.409825704 -4.30192603
NaN NaN NaN
0.0542027292 -0.425420772 -4.10536318
0.0 -0.441 -4.29858128
NaN NaN NaN
0.0 -0.441 -4.10181807
0.0 -0.441 -4.29858128
NaN NaN NaN
0.855676717 0.668866337 -4.39662907
1.009 0.598 -4.517
NaN NaN NaN
0.855676717 0.668866337 -4.39662907
0.778 0.68 -4.567
NaN NaN NaN
-0.647439293 0.263112355 -4.33157391
-0.671133961 0.290132633 -4.50023565
NaN NaN NaN
-0.647439293 0.263112355 -4.33157391
-0.485 0.196 -4.491
NaN NaN NaN
0.671666667 0.681 -4.432
0.6095 0.6815 -4.556
NaN NaN NaN
0.671666667 0.681 -4.432
0.778 0.68 -4.567
NaN NaN NaN
-0.671666667 0.681 -4.432
-0.6095 0.6815 -4.556
NaN NaN NaN
-0.671666667 0.681 -4.432
-0.778 0.68 -4.567
NaN NaN NaN
0.443340495 0.0587285177 -4.29226367
0.349857849 -0.199428924 -4.30195033
NaN NaN NaN
0.443340495 0.0587285177 -4.29226367
0.485 0.196 -4.491
NaN NaN NaN
0.443340495 0.0587285177 -4.29226367
0.414 0.0 -4.499
NaN NaN NaN
0.358864564 0.920343915 -4.5151494
0.441 0.683 -4.545
NaN NaN NaN
0.358864564 0.920343915 -4.5151494
0.307778658 1.04142921 -4.69531496
NaN NaN NaN
0.358864564 0.920343915 -4.5151494
0.432 0.808 -4.731
NaN NaN NaN
0.884452827 0.385647761 -4.37109503
0.840809808 0.375941983 -4.50865469
NaN NaN NaN
0.884452827 0.385647761 -4.37109503
1.009 0.461 -4.517
NaN NaN NaN
0.0 1.32282468 -4.62083442
-0.209644165 1.24937721 -4.61766012
NaN NaN NaN
0.0 1.32282468 -4.62083442
0.209534439 1.24985122 -4.62172437
NaN NaN NaN
0.0 1.32282468 -4.62083442
0.0 1.347108 -4.85152603
NaN NaN NaN
0.0 1.32282468 -4.62083442
-0.203426614 1.27623703 -4.84795821
NaN NaN NaN
0.0 1.32282468 -4.62083442
0.203316796 1.27671144 -4.85202587
NaN NaN NaN
-0.364515712 0.932685256 -4.54750701
-0.209644165 1.24937721 -4.61766012
NaN NaN NaN
-0.364515712 0.932685256 -4.54750701
-0.441 0.683 -4.545
NaN NaN NaN
-0.364515712 0.932685256 -4.54750701
-0.432 0.808 -4.731
NaN NaN NaN
-0.364515712 0.932685256 -4.54750701
-0.35748149 0.96528162 -4.84357051
NaN NaN NaN
-0.209644165 1.24937721 -4.61766012
-0.203426614 1.27623703 -4.84795821
NaN NaN NaN
-0.209644165 1.24937721 -4.61766012
-0.35748149 0.96528162 -4.84357051
NaN NaN NaN
-0.209644165 1.24937721 -4.61766012
-0.280975989 1.12675706 -4.95914266
NaN NaN NaN
-0.392332197 -0.0808915398 -4.30631528
-0.349844665 -0.199422332 -4.30234452
NaN NaN NaN
-0.392332197 -0.0808915398 -4.30631528
-0.414 0.0 -4.499
NaN NaN NaN
-0.392332197 -0.0808915398 -4.30631528
-0.343 -0.196 -4.507
NaN NaN NaN
0.209534439 1.24985122 -4.62172437
0.307778658 1.04142921 -4.69531496
NaN NaN NaN
0.209534439 1.24985122 -4.62172437
0.203316796 1.27671144 -4.85202587
NaN NaN NaN
0.349857849 -0.199428924 -4.30195033
0.295350913 -0.260691461 -4.29901348
NaN NaN NaN
0.349857849 -0.199428924 -4.30195033
0.414 0.0 -4.499
NaN NaN NaN
0.349857849 -0.199428924 -4.30195033
0.343 -0.196 -4.507
NaN NaN NaN
-0.349844665 -0.199422332 -4.30234452
-0.234582613 -0.32852067 -4.3053904
NaN NaN NaN
-0.349844665 -0.199422332 -4.30234452
-0.343 -0.196 -4.507
NaN NaN NaN
-0.441 0.683 -4.545
-0.6095 0.6815 -4.556
NaN NaN NaN
-0.441 0.683 -4.545
-0.432 0.808 -4.731
NaN NaN NaN
-0.441 0.683 -4.545
-0.409914558 0.671439298 -4.72894361
NaN NaN NaN
0.441 0.683 -4.545
0.6095 0.6815 -4.556
NaN NaN NaN
0.441 0.683 -4.545
0.432 0.808 -4.731
NaN NaN NaN
0.441 0.683 -4.545
0.409888775 0.67142971 -4.72909618
NaN NaN NaN
0.441 0.683 -4.545
0.665950125 0.668986551 -4.74800364
NaN NaN NaN
0.295350913 -0.260691461 -4.29901348
0.180681552 -0.389141101 -4.30176053
NaN NaN NaN
0.295350913 -0.260691461 -4.29901348
0.343 -0.196 -4.507
NaN NaN NaN
0.295350913 -0.260691461 -4.29901348
0.167 -0.393 -4.514
NaN NaN NaN
0.6095 0.6815 -4.556
0.778 0.68 -4.567
NaN NaN NaN
0.6095 0.6815 -4.556
0.665950125 0.668986551 -4.74800364
NaN NaN NaN
-0.6095 0.6815 -4.556
-0.778 0.68 -4.567
NaN NaN NaN
-0.6095 0.6815 -4.556
-0.409914558 0.671439298 -4.72894361
NaN NaN NaN
-0.6095 0.6815 -4.556
-0.707444516 0.668983031 -4.74420912
NaN NaN NaN
-0.234582613 -0.32852067 -4.3053904
-0.180593047 -0.389166064 -4.3031335
NaN NaN NaN
-0.234582613 -0.32852067 -4.3053904
-0.343 -0.196 -4.507
NaN NaN NaN
-0.234582613 -0.32852067 -4.3053904
-0.167 -0.393 -4.514
NaN NaN NaN
1.009 0.598 -4.517
0.778 0.68 -4.567
NaN NaN NaN
1.009 0.598 -4.517
1.009 0.461 -4.517
NaN NaN NaN
1.009 0.598 -4.517
0.882470254 0.606324325 -4.70869732
NaN NaN NaN
1.009 0.598 -4.517
0.955472208 0.572047131 -4.70815286
NaN NaN NaN
-1.009 0.598 -4.517
-0.778 0.68 -4.567
NaN NaN NaN
-1.009 0.598 -4.517
-1.009 0.461 -4.517
NaN NaN NaN
-1.009 0.598 -4.517
-0.882906509 0.606295624 -4.70803638
NaN NaN NaN
-1.009 0.598 -4.517
-0.956206351 0.572403079 -4.70553117
NaN NaN NaN
0.180681552 -0.389141101 -4.30176053
0.108460573 -0.409825704 -4.30192603
NaN NaN NaN
0.180681552 -0.389141101 -4.30176053
0.167 -0.393 -4.514
NaN NaN NaN
0.778 0.68 -4.567
0.882470254 0.606324325 -4.70869732
NaN NaN NaN
0.778 0.68 -4.567
0.707250045 0.668952665 -4.74469756
NaN NaN NaN
0.778 0.68 -4.567
0.665950125 0.668986551 -4.74800364
NaN NaN NaN
-0.778 0.68 -4.567
-0.882906509 0.606295624 -4.70803638
NaN NaN NaN
-0.778 0.68 -4.567
-0.707444516 0.668983031 -4.74420912
NaN NaN NaN
-0.180593047 -0.389166064 -4.3031335
-0.0722049704 -0.420319936 -4.29739528
NaN NaN NaN
-0.180593047 -0.389166064 -4.3031335
-0.167 -0.393 -4.514
NaN NaN NaN
-0.0722049704 -0.420319936 -4.29739528
0.0 -0.441 -4.29858128
NaN NaN NaN
-0.0722049704 -0.420319936 -4.29739528
-0.167 -0.393 -4.514
NaN NaN NaN
-0.0722049704 -0.420319936 -4.29739528
0.0 -0.441 -4.507
NaN NaN NaN
0.108460573 -0.409825704 -4.30192603
0.0 -0.441 -4.29858128
NaN NaN NaN
0.108460573 -0.409825704 -4.30192603
0.167 -0.393 -4.514
NaN NaN NaN
0.108460573 -0.409825704 -4.30192603
0.0 -0.441 -4.507
NaN NaN NaN
0.0 -0.441 -4.29858128
0.0 -0.441 -4.507
NaN NaN NaN
0.840809808 0.375941983 -4.50865469
0.671133961 0.290132633 -4.50023565
NaN NaN NaN
0.840809808 0.375941983 -4.50865469
1.009 0.461 -4.517
NaN NaN NaN
0.840809808 0.375941983 -4.50865469
0.955510978 0.452147504 -4.70801441
NaN NaN NaN
0.840809808 0.375941983 -4.50865469
0.740721868 0.343886047 -4.70121797
NaN NaN NaN
-0.840809808 0.375941983 -4.50865469
-0.671133961 0.290132633 -4.50023565
NaN NaN NaN
-0.840809808 0.375941983 -4.50865469
-1.009 0.461 -4.517
NaN NaN NaN
-0.840809808 0.375941983 -4.50865469
-0.956249653 0.452269756 -4.70537653
NaN NaN NaN
-0.840809808 0.375941983 -4.50865469
-0.740721868 0.343886047 -4.70121797
NaN NaN NaN
0.671133961 0.290132633 -4.50023565
0.485 0.196 -4.491
NaN NaN NaN
0.671133961 0.290132633 -4.50023565
0.740721868 0.343886047 -4.70121797
NaN NaN NaN
0.671133961 0.290132633 -4.50023565
0.499544219 0.225700826 -4.72952519
NaN NaN NaN
-0.671133961 0.290132633 -4.50023565
-0.485 0.196 -4.491
NaN NaN NaN
-0.671133961 0.290132633 -4.50023565
-0.740721868 0.343886047 -4.70121797
NaN NaN NaN
-0.671133961 0.290132633 -4.50023565
-0.499610312 0.225835794 -4.73060911
NaN NaN NaN
1.009 0.461 -4.517
0.955472208 0.572047131 -4.70815286
NaN NaN NaN
1.009 0.461 -4.517
0.955510978 0.452147504 -4.70801441
NaN NaN NaN
-1.009 0.461 -4.517
-0.956206351 0.572403079 -4.70553117
NaN NaN NaN
-1.009 0.461 -4.517
-0.956249653 0.452269756 -4.70537653
NaN NaN NaN
0.485 0.196 -4.491
0.414 0.0 -4.499
NaN NaN NaN
0.485 0.196 -4.491
0.499544219 0.225700826 -4.72952519
NaN NaN NaN
0.485 0.196 -4.491
0.48821525 0.213148002 -4.73137824
NaN NaN NaN
-0.485 0.196 -4.491
-0.414 0.0 -4.499
NaN NaN NaN
-0.485 0.196 -4.491
-0.499610312 0.225835794 -4.73060911
NaN NaN NaN
-0.485 0.196 -4.491
-0.488229848 0.213225855 -4.73246958
NaN NaN NaN
-0.485 0.196 -4.491
-0.471835936 0.167704828 -4.72886102
NaN NaN NaN
0.307778658 1.04142921 -4.69531496
0.432 0.808 -4.731
NaN NaN NaN
0.307778658 1.04142921 -4.69531496
0.203316796 1.27671144 -4.85202587
NaN NaN NaN
0.307778658 1.04142921 -4.69531496
0.357665166 0.964893948 -4.84329305
NaN NaN NaN
0.307778658 1.04142921 -4.69531496
0.254042441 1.16879635 -4.88482742
NaN NaN NaN
0.307778658 1.04142921 -4.69531496
0.280710323 1.12731779 -4.95954398
NaN NaN NaN
0.414 0.0 -4.499
0.343 -0.196 -4.507
NaN NaN NaN
0.414 0.0 -4.499
0.48821525 0.213148002 -4.73137824
NaN NaN NaN
0.414 0.0 -4.499
0.351602826 -0.16393492 -4.75038178
NaN NaN NaN
-0.414 0.0 -4.499
-0.343 -0.196 -4.507
NaN NaN NaN
-0.414 0.0 -4.499
-0.471835936 0.167704828 -4.72886102
NaN NaN NaN
-0.414 0.0 -4.499
-0.336742121 -0.196 -4.75859883
NaN NaN NaN
0.432 0.808 -4.731
0.409888775 0.67142971 -4.72909618
NaN NaN NaN
0.432 0.808 -4.731
0.357665166 0.964893948 -4.84329305
NaN NaN NaN
0.432 0.808 -4.731
0.394512539 0.861888225 -4.89992787
NaN NaN NaN
-0.432 0.808 -4.731
-0.409914558 0.671439298 -4.72894361
NaN NaN NaN
-0.432 0.808 -4.731
-0.35748149 0.96528162 -4.84357051
NaN NaN NaN
-0.432 0.808 -4.731
-0.394512539 0.861888225 -4.89992787
NaN NaN NaN
0.0 1.347108 -4.85152603
-0.203426614 1.27623703 -4.84795821
NaN NaN NaN
0.0 1.347108 -4.85152603
0.203316796 1.27671144 -4.85202587
NaN NaN NaN
0.0 1.347108 -4.85152603
0.0 1.372 -5.088
NaN NaN NaN
0.0 1.347108 -4.85152603
0.197 1.304 -5.086
NaN NaN NaN
0.0 1.347108 -4.85152603
-0.197 1.304 -5.086
NaN NaN NaN
-0.203426614 1.27623703 -4.84795821
-0.280975989 1.12675706 -4.95914266
NaN NaN NaN
-0.203426614 1.27623703 -4.84795821
-0.197 1.304 -5.086
NaN NaN NaN
-0.409914558 0.671439298 -4.72894361
-0.707444516 0.668983031 -4.74420912
NaN NaN NaN
-0.409914558 0.671439298 -4.72894361
-0.394512539 0.861888225 -4.89992787
NaN NaN NaN
-0.409914558 0.671439298 -4.72894361
-0.378829116 0.659878597 -4.91288721
NaN NaN NaN
-0.409914558 0.671439298 -4.72894361
-0.634880823 0.657652487 -4.92646212
NaN NaN NaN
0.409888775 0.67142971 -4.72909618
0.665950125 0.668986551 -4.74800364
NaN NaN NaN
0.409888775 0.67142971 -4.72909618
0.394512539 0.861888225 -4.89992787
NaN NaN NaN
0.409888775 0.67142971 -4.72909618
0.378777549 0.659859419 -4.91319235
NaN NaN NaN
0.409888775 0.67142971 -4.72909618
0.553900249 0.657973101 -4.92900729
NaN NaN NaN
0.343 -0.196 -4.507
0.167 -0.393 -4.514
NaN NaN NaN
0.343 -0.196 -4.507
0.351602826 -0.16393492 -4.75038178
NaN NaN NaN
0.343 -0.196 -4.507
0.336901268 -0.196 -4.75220029
NaN NaN NaN
-0.343 -0.196 -4.507
-0.167 -0.393 -4.514
NaN NaN NaN
-0.343 -0.196 -4.507
-0.336742121 -0.196 -4.75859883
NaN NaN NaN
0.203316796 1.27671144 -4.85202587
0.254042441 1.16879635 -4.88482742
NaN NaN NaN
0.203316796 1.27671144 -4.85202587
0.197 1.304 -5.086
NaN NaN NaN
-0.882906509 0.606295624 -4.70803638
-0.707444516 0.668983031 -4.74420912
NaN NaN NaN
-0.882906509 0.606295624 -4.70803638
-0.956206351 0.572403079 -4.70553117
NaN NaN NaN
-0.882906509 0.606295624 -4.70803638
-0.75369126 0.614796628 -4.90380234
NaN NaN NaN
-0.882906509 0.606295624 -4.70803638
-0.903509701 0.546853188 -4.89371594
NaN NaN NaN
0.882470254 0.606324325 -4.70869732
0.707250045 0.668952665 -4.74469756
NaN NaN NaN
0.882470254 0.606324325 -4.70869732
0.955472208 0.572047131 -4.70815286
NaN NaN NaN
0.882470254 0.606324325 -4.70869732
0.753373758 0.614817516 -4.90428337
NaN NaN NaN
0.882470254 0.606324325 -4.70869732
0.902360473 0.546295987 -4.89781994
NaN NaN NaN
-0.707444516 0.668983031 -4.74420912
-0.75369126 0.614796628 -4.90380234
NaN NaN NaN
-0.707444516 0.668983031 -4.74420912
-0.634880823 0.657652487 -4.92646212
NaN NaN NaN
0.707250045 0.668952665 -4.74469756
0.665950125 0.668986551 -4.74800364
NaN NaN NaN
0.707250045 0.668952665 -4.74469756
0.753373758 0.614817516 -4.90428337
NaN NaN NaN
0.707250045 0.668952665 -4.74469756
0.634850154 0.657647698 -4.92653915
NaN NaN NaN
0.665950125 0.668986551 -4.74800364
0.553900249 0.657973101 -4.92900729
NaN NaN NaN
0.665950125 0.668986551 -4.74800364
0.634850154 0.657647698 -4.92653915
NaN NaN NaN
-0.956206351 0.572403079 -4.70553117
-0.956249653 0.452269756 -4.70537653
NaN NaN NaN
-0.956206351 0.572403079 -4.70553117
-0.903509701 0.546853188 -4.89371594
NaN NaN NaN
0.955472208 0.572047131 -4.70815286
0.955510978 0.452147504 -4.70801441
NaN NaN NaN
0.955472208 0.572047131 -4.70815286
0.902360473 0.546295987 -4.89781994
NaN NaN NaN
0.357665166 0.964893948 -4.84329305
0.394512539 0.861888225 -4.89992787
NaN NaN NaN
0.357665166 0.964893948 -4.84329305
0.280710323 1.12731779 -4.95954398
NaN NaN NaN
-0.35748149 0.96528162 -4.84357051
-0.394512539 0.861888225 -4.89992787
NaN NaN NaN
-0.35748149 0.96528162 -4.84357051
-0.280975989 1.12675706 -4.95914266
NaN NaN NaN
-0.35748149 0.96528162 -4.84357051
-0.356188779 0.91697863 -5.07262431
NaN NaN NaN
0.254042441 1.16879635 -4.88482742
0.280710323 1.12731779 -4.95954398
NaN NaN NaN
0.254042441 1.16879635 -4.88482742
0.197 1.304 -5.086
NaN NaN NaN
-0.956249653 0.452269756 -4.70537653
-0.740721868 0.343886047 -4.70121797
NaN NaN NaN
-0.956249653 0.452269756 -4.70537653
-0.903509701 0.546853188 -4.89371594
NaN NaN NaN
-0.956249653 0.452269756 -4.70537653
-0.903592699 0.443554969 -4.89341955
NaN NaN NaN
0.955510978 0.452147504 -4.70801441
0.740721868 0.343886047 -4.70121797
NaN NaN NaN
0.955510978 0.452147504 -4.70801441
0.902360473 0.546295987 -4.89781994
NaN NaN NaN
0.955510978 0.452147504 -4.70801441
0.902423687 0.443361496 -4.8975942
NaN NaN NaN
0.167 -0.393 -4.514
0.0 -0.441 -4.507
NaN NaN NaN
0.167 -0.393 -4.514
0.336901268 -0.196 -4.75220029
NaN NaN NaN
0.167 -0.393 -4.514
0.188452401 -0.362152387 -4.7584321
NaN NaN NaN
0.167 -0.393 -4.514
0.158539028 -0.379995173 -4.75921149
NaN NaN NaN
0.167 -0.393 -4.514
0.0 -0.425645287 -4.7511086
NaN NaN NaN
-0.167 -0.393 -4.514
0.0 -0.441 -4.507
NaN NaN NaN
-0.167 -0.393 -4.514
-0.336742121 -0.196 -4.75859883
NaN NaN NaN
-0.167 -0.393 -4.514
-0.18900499 -0.361357788 -4.76472839
NaN NaN NaN
-0.167 -0.393 -4.514
0.0 -0.425645287 -4.7511086
NaN NaN NaN
-0.167 -0.393 -4.514
-0.158335533 -0.379682393 -4.7651091
NaN NaN NaN
0.740721868 0.343886047 -4.70121797
0.499544219 0.225700826 -4.72952519
NaN NaN NaN
0.740721868 0.343886047 -4.70121797
0.902423687 0.443361496 -4.8975942
NaN NaN NaN
0.740721868 0.343886047 -4.70121797
0.672078039 0.33040546 -4.92379079
NaN NaN NaN
-0.740721868 0.343886047 -4.70121797
-0.499610312 0.225835794 -4.73060911
NaN NaN NaN
-0.740721868 0.343886047 -4.70121797
-0.903592699 0.443554969 -4.89341955
NaN NaN NaN
-0.740721868 0.343886047 -4.70121797
-0.672504911 0.330528461 -4.92282354
NaN NaN NaN
0.0 -0.441 -4.507
0.0 -0.425645287 -4.7511086
NaN NaN NaN
0.499544219 0.225700826 -4.72952519
0.48821525 0.213148002 -4.73137824
NaN NaN NaN
0.499544219 0.225700826 -4.72952519
0.498102016 0.230562381 -4.84430557
NaN NaN NaN
0.499544219 0.225700826 -4.72952519
0.672078039 0.33040546 -4.92379079
NaN NaN NaN
0.499544219 0.225700826 -4.72952519
0.513375978 0.253946735 -4.95636605
NaN NaN NaN
-0.499610312 0.225835794 -4.73060911
-0.488229848 0.213225855 -4.73246958
NaN NaN NaN
-0.499610312 0.225835794 -4.73060911
-0.498143336 0.230671269 -4.84541783
NaN NaN NaN
-0.499610312 0.225835794 -4.73060911
-0.672504911 0.330528461 -4.92282354
NaN NaN NaN
-0.499610312 0.225835794 -4.73060911
-0.513445151 0.254087992 -4.95750047
NaN NaN NaN
0.48821525 0.213148002 -4.73137824
0.498102016 0.230562381 -4.84430557
NaN NaN NaN
0.48821525 0.213148002 -4.73137824
0.351602826 -0.16393492 -4.75038178
NaN NaN NaN
0.48821525 0.213148002 -4.73137824
0.491272617 0.229453959 -4.95995282
NaN NaN NaN
0.48821525 0.213148002 -4.73137824
0.36047065 -0.130882121 -5.00126059
NaN NaN NaN
-0.488229848 0.213225855 -4.73246958
-0.471835936 0.167704828 -4.72886102
NaN NaN NaN
-0.488229848 0.213225855 -4.73246958
-0.498143336 0.230671269 -4.84541783
NaN NaN NaN
-0.488229848 0.213225855 -4.73246958
-0.491287857 0.229535239 -4.96109218
NaN NaN NaN
-0.488229848 0.213225855 -4.73246958
-0.459341714 0.14084943 -4.95461869
NaN NaN NaN
-0.471835936 0.167704828 -4.72886102
-0.336742121 -0.196 -4.75859883
NaN NaN NaN
-0.471835936 0.167704828 -4.72886102
-0.459341714 0.14084943 -4.95461869
NaN NaN NaN
0.394512539 0.861888225 -4.89992787
0.280710323 1.12731779 -4.95954398
NaN NaN NaN
0.394512539 0.861888225 -4.89992787
0.378777549 0.659859419 -4.91319235
NaN NaN NaN
0.394512539 0.861888225 -4.89992787
0.356188779 0.91697863 -5.07262431
NaN NaN NaN
0.394512539 0.861888225 -4.89992787
0.345542292 0.6474992 -5.10985718
NaN NaN NaN
-0.394512539 0.861888225 -4.89992787
-0.378829116 0.659878597 -4.91288721
NaN NaN NaN
-0.394512539 0.861888225 -4.89992787
-0.356188779 0.91697863 -5.07262431
NaN NaN NaN
-0.394512539 0.861888225 -4.89992787
-0.345587751 0.647516106 -5.10958818
NaN NaN NaN
-0.280975989 1.12675706 -4.95914266
-0.197 1.304 -5.086
NaN NaN NaN
-0.280975989 1.12675706 -4.95914266
-0.356188779 0.91697863 -5.07262431
NaN NaN NaN
-0.280975989 1.12675706 -4.95914266
-0.2345 1.171 -5.269
NaN NaN NaN
-0.280975989 1.12675706 -4.95914266
-0.31528749 0.975774233 -5.25693575
NaN NaN NaN
0.280710323 1.12731779 -4.95954398
0.197 1.304 -5.086
NaN NaN NaN
0.280710323 1.12731779 -4.95954398
0.356188779 0.91697863 -5.07262431
NaN NaN NaN
0.280710323 1.12731779 -4.95954398
0.2345 1.171 -5.269
NaN NaN NaN
0.280710323 1.12731779 -4.95954398
0.31528749 0.975774233 -5.25693575
NaN NaN NaN
-0.378829116 0.659878597 -4.91288721
-0.634880823 0.657652487 -4.92646212
NaN NaN NaN
-0.378829116 0.659878597 -4.91288721
-0.345587751 0.647516106 -5.10958818
NaN NaN NaN
-0.378829116 0.659878597 -4.91288721
-0.558169237 0.645674266 -5.11913308
NaN NaN NaN
0.378777549 0.659859419 -4.91319235
0.553900249 0.657973101 -4.92900729
NaN NaN NaN
0.378777549 0.659859419 -4.91319235
0.345542292 0.6474992 -5.10985718
NaN NaN NaN
0.378777549 0.659859419 -4.91319235
0.437831792 0.646564663 -5.11650249
NaN NaN NaN
-0.75369126 0.614796628 -4.90380234
-0.634880823 0.657652487 -4.92646212
NaN NaN NaN
-0.75369126 0.614796628 -4.90380234
-0.903509701 0.546853188 -4.89371594
NaN NaN NaN
-0.75369126 0.614796628 -4.90380234
-0.620359549 0.623568451 -5.10580489
NaN NaN NaN
-0.75369126 0.614796628 -4.90380234
-0.850939937 0.521364818 -5.08144759
NaN NaN NaN
0.753373758 0.614817516 -4.90428337
0.634850154 0.657647698 -4.92653915
NaN NaN NaN
0.753373758 0.614817516 -4.90428337
0.902360473 0.546295987 -4.89781994
NaN NaN NaN
0.753373758 0.614817516 -4.90428337
0.620525332 0.623557544 -5.10555373
NaN NaN NaN
0.753373758 0.614817516 -4.90428337
0.849749492 0.520787632 -5.08569878
NaN NaN NaN
0.553900249 0.657973101 -4.92900729
0.634850154 0.657647698 -4.92653915
NaN NaN NaN
0.553900249 0.657973101 -4.92900729
0.437831792 0.646564663 -5.11650249
NaN NaN NaN
0.553900249 0.657973101 -4.92900729
0.558304312 0.645695358 -5.11879382
NaN NaN NaN
-0.634880823 0.657652487 -4.92646212
-0.620359549 0.623568451 -5.10580489
NaN NaN NaN
-0.634880823 0.657652487 -4.92646212
-0.558169237 0.645674266 -5.11913308
NaN NaN NaN
0.634850154 0.657647698 -4.92653915
0.620525332 0.623557544 -5.10555373
NaN NaN NaN
0.634850154 0.657647698 -4.92653915
0.558304312 0.645695358 -5.11879382
NaN NaN NaN
-0.903509701 0.546853188 -4.89371594
-0.903592699 0.443554969 -4.89341955
NaN NaN NaN
-0.903509701 0.546853188 -4.89371594
-0.850939937 0.521364818 -5.08144759
NaN NaN NaN
0.498102016 0.230562381 -4.84430557
0.513375978 0.253946735 -4.95636605
NaN NaN NaN
0.498102016 0.230562381 -4.84430557
0.491272617 0.229453959 -4.95995282
NaN NaN NaN
-0.498143336 0.230671269 -4.84541783
-0.513445151 0.254087992 -4.95750047
NaN NaN NaN
-0.498143336 0.230671269 -4.84541783
-0.491287857 0.229535239 -4.96109218
NaN NaN NaN
0.902360473 0.546295987 -4.89781994
0.902423687 0.443361496 -4.8975942
NaN NaN NaN
0.902360473 0.546295987 -4.89781994
0.849749492 0.520787632 -5.08569878
NaN NaN NaN
0.0 1.372 -5.088
0.197 1.304 -5.086
NaN NaN NaN
0.0 1.372 -5.088
-0.197 1.304 -5.086
NaN NaN NaN
0.0 1.372 -5.088
0.0 1.335 -5.31
NaN NaN NaN
0.0 1.372 -5.088
0.178 1.2805 -5.3025
NaN NaN NaN
0.0 1.372 -5.088
-0.178 1.2805 -5.3025
NaN NaN NaN
0.351602826 -0.16393492 -4.75038178
0.336901268 -0.196 -4.75220029
NaN NaN NaN
0.351602826 -0.16393492 -4.75038178
0.344896694 -0.171705927 -4.877195
NaN NaN NaN
0.351602826 -0.16393492 -4.75038178
0.36047065 -0.130882121 -5.00126059
NaN NaN NaN
0.197 1.304 -5.086
0.2345 1.171 -5.269
NaN NaN NaN
0.197 1.304 -5.086
0.178 1.2805 -5.3025
NaN NaN NaN
-0.197 1.304 -5.086
-0.2345 1.171 -5.269
NaN NaN NaN
-0.197 1.304 -5.086
-0.178 1.2805 -5.3025
NaN NaN NaN
0.336901268 -0.196 -4.75220029
0.188452401 -0.362152387 -4.7584321
NaN NaN NaN
0.336901268 -0.196 -4.75220029
0.344896694 -0.171705927 -4.877195
NaN NaN NaN
0.336901268 -0.196 -4.75220029
0.330615088 -0.196 -5.00493697
NaN NaN NaN
0.336901268 -0.196 -4.75220029
0.210572283 -0.330344965 -5.01046959
NaN NaN NaN
-0.903592699 0.443554969 -4.89341955
-0.672504911 0.330528461 -4.92282354
NaN NaN NaN
-0.903592699 0.443554969 -4.89341955
-0.850939937 0.521364818 -5.08144759
NaN NaN NaN
-0.903592699 0.443554969 -4.89341955
-0.851062774 0.434861205 -5.08100893
NaN NaN NaN
-0.336742121 -0.196 -4.75859883
-0.18900499 -0.361357788 -4.76472839
NaN NaN NaN
-0.336742121 -0.196 -4.75859883
-0.459341714 0.14084943 -4.95461869
NaN NaN NaN
-0.336742121 -0.196 -4.75859883
-0.330415227 -0.196 -5.01297241
NaN NaN NaN
-0.336742121 -0.196 -4.75859883
-0.211255285 -0.329362839 -5.01825182
NaN NaN NaN
0.902423687 0.443361496 -4.8975942
0.672078039 0.33040546 -4.92379079
NaN NaN NaN
0.902423687 0.443361496 -4.8975942
0.849749492 0.520787632 -5.08569878
NaN NaN NaN
0.902423687 0.443361496 -4.8975942
0.849837943 0.434658494 -5.08538292
NaN NaN NaN
-0.672504911 0.330528461 -4.92282354
-0.513445151 0.254087992 -4.95750047
NaN NaN NaN
-0.672504911 0.330528461 -4.92282354
-0.851062774 0.434861205 -5.08100893
NaN NaN NaN
-0.672504911 0.330528461 -4.92282354
-0.526596661 0.28094476 -5.17318524
NaN NaN NaN
0.672078039 0.33040546 -4.92379079
0.513375978 0.253946735 -4.95636605
NaN NaN NaN
0.672078039 0.33040546 -4.92379079
0.849837943 0.434658494 -5.08538292
NaN NaN NaN
0.672078039 0.33040546 -4.92379079
0.526564537 0.280879161 -5.17265841
NaN NaN NaN
0.188452401 -0.362152387 -4.7584321
0.158539028 -0.379995173 -4.75921149
NaN NaN NaN
0.188452401 -0.362152387 -4.7584321
0.176848496 -0.359775505 -4.88492933
NaN NaN NaN
0.188452401 -0.362152387 -4.7584321
0.210572283 -0.330344965 -5.01046959
NaN NaN NaN
0.356188779 0.91697863 -5.07262431
0.345542292 0.6474992 -5.10985718
NaN NaN NaN
0.356188779 0.91697863 -5.07262431
0.31528749 0.975774233 -5.25693575
NaN NaN NaN
-0.356188779 0.91697863 -5.07262431
-0.345587751 0.647516106 -5.10958818
NaN NaN NaN
-0.356188779 0.91697863 -5.07262431
-0.31528749 0.975774233 -5.25693575
NaN NaN NaN
-0.356188779 0.91697863 -5.07262431
-0.31 0.634 -5.323
NaN NaN NaN
0.158539028 -0.379995173 -4.75921149
0.0 -0.425645287 -4.7511086
NaN NaN NaN
0.158539028 -0.379995173 -4.75921149
0.176848496 -0.359775505 -4.88492933
NaN NaN NaN
0.158539028 -0.379995173 -4.75921149
0.0 -0.410130591 -4.9977606
NaN NaN NaN
0.158539028 -0.379995173 -4.75921149
0.149830273 -0.366609494 -5.01160413
NaN NaN NaN
-0.18900499 -0.361357788 -4.76472839
-0.158335533 -0.379682393 -4.7651091
NaN NaN NaN
-0.18900499 -0.361357788 -4.76472839
-0.177036382 -0.3591591 -4.8917691
NaN NaN NaN
-0.18900499 -0.361357788 -4.76472839
-0.211255285 -0.329362839 -5.01825182
NaN NaN NaN
0.0 -0.425645287 -4.7511086
-0.158335533 -0.379682393 -4.7651091
NaN NaN NaN
0.0 -0.425645287 -4.7511086
0.0 -0.410130591 -4.9977606
NaN NaN NaN
-0.158335533 -0.379682393 -4.7651091
-0.177036382 -0.3591591 -4.8917691
NaN NaN NaN
-0.158335533 -0.379682393 -4.7651091
0.0 -0.410130591 -4.9977606
NaN NaN NaN
-0.158335533 -0.379682393 -4.7651091
-0.149575544 -0.366217965 -5.01898656
NaN NaN NaN
0.513375978 0.253946735 -4.95636605
0.491272617 0.229453959 -4.95995282
NaN NaN NaN
0.513375978 0.253946735 -4.95636605
0.506325383 0.252294596 -5.06675408
NaN NaN NaN
0.513375978 0.253946735 -4.95636605
0.526564537 0.280879161 -5.17265841
NaN NaN NaN
-0.513445151 0.254087992 -4.95750047
-0.491287857 0.229535239 -4.96109218
NaN NaN NaN
-0.513445151 0.254087992 -4.95750047
-0.526596661 0.28094476 -5.17318524
NaN NaN NaN
0.491272617 0.229453959 -4.95995282
0.506325383 0.252294596 -5.06675408
NaN NaN NaN
0.491272617 0.229453959 -4.95995282
0.36047065 -0.130882121 -5.00126059
NaN NaN NaN
0.491272617 0.229453959 -4.95995282
0.494187854 0.245001887 -5.17790145
NaN NaN NaN
-0.491287857 0.229535239 -4.96109218
-0.459341714 0.14084943 -4.95461869
NaN NaN NaN
-0.491287857 0.229535239 -4.96109218
-0.526596661 0.28094476 -5.17318524
NaN NaN NaN
-0.491287857 0.229535239 -4.96109218
-0.494194871 0.245039315 -5.17842611
NaN NaN NaN
-0.491287857 0.229535239 -4.96109218
-0.447455139 0.115300127 -5.16939679
NaN NaN NaN
-0.459341714 0.14084943 -4.95461869
-0.330415227 -0.196 -5.01297241
NaN NaN NaN
-0.459341714 0.14084943 -4.95461869
-0.447455139 0.115300127 -5.16939679
NaN NaN NaN
0.344896694 -0.171705927 -4.877195
0.36047065 -0.130882121 -5.00126059
NaN NaN NaN
0.344896694 -0.171705927 -4.877195
0.330615088 -0.196 -5.00493697
NaN NaN NaN
-0.345587751 0.647516106 -5.10958818
-0.558169237 0.645674266 -5.11913308
NaN NaN NaN
-0.345587751 0.647516106 -5.10958818
-0.31 0.634 -5.323
NaN NaN NaN
-0.345587751 0.647516106 -5.10958818
-0.477 0.633 -5.323
NaN NaN NaN
0.345542292 0.6474992 -5.10985718
0.437831792 0.646564663 -5.11650249
NaN NaN NaN
0.345542292 0.6474992 -5.10985718
0.31528749 0.975774233 -5.25693575
NaN NaN NaN
0.345542292 0.6474992 -5.10985718
0.31 0.634 -5.323
NaN NaN NaN
0.345542292 0.6474992 -5.10985718
0.291 0.836 -5.3875
NaN NaN NaN
0.437831792 0.646564663 -5.11650249
0.558304312 0.645695358 -5.11879382
NaN NaN NaN
0.437831792 0.646564663 -5.11650249
0.31 0.634 -5.323
NaN NaN NaN
0.437831792 0.646564663 -5.11650249
0.477 0.633 -5.323
NaN NaN NaN
0.620525332 0.623557544 -5.10555373
0.558304312 0.645695358 -5.11879382
NaN NaN NaN
0.620525332 0.623557544 -5.10555373
0.849749492 0.520787632 -5.08569878
NaN NaN NaN
0.620525332 0.623557544 -5.10555373
0.797684718 0.495544106 -5.27162707
NaN NaN NaN
0.620525332 0.623557544 -5.10555373
0.477 0.633 -5.323
NaN NaN NaN
-0.620359549 0.623568451 -5.10580489
-0.558169237 0.645674266 -5.11913308
NaN NaN NaN
-0.620359549 0.623568451 -5.10580489
-0.850939937 0.521364818 -5.08144759
NaN NaN NaN
-0.620359549 0.623568451 -5.10580489
-0.798509998 0.495944241 -5.26867991
NaN NaN NaN
-0.620359549 0.623568451 -5.10580489
-0.477 0.633 -5.323
NaN NaN NaN
0.558304312 0.645695358 -5.11879382
0.477 0.633 -5.323
NaN NaN NaN
-0.558169237 0.645674266 -5.11913308
-0.477 0.633 -5.323
NaN NaN NaN
-0.850939937 0.521364818 -5.08144759
-0.851062774 0.434861205 -5.08100893
NaN NaN NaN
-0.850939937 0.521364818 -5.08144759
-0.798509998 0.495944241 -5.26867991
NaN NaN NaN
0.849749492 0.520787632 -5.08569878
0.849837943 0.434658494 -5.08538292
NaN NaN NaN
0.849749492 0.520787632 -5.08569878
0.797684718 0.495544106 -5.27162707
NaN NaN NaN
0.176848496 -0.359775505 -4.88492933
0.210572283 -0.330344965 -5.01046959
NaN NaN NaN
0.176848496 -0.359775505 -4.88492933
0.149830273 -0.366609494 -5.01160413
NaN NaN NaN
-0.177036382 -0.3591591 -4.8917691
-0.211255285 -0.329362839 -5.01825182
NaN NaN NaN
-0.177036382 -0.3591591 -4.8917691
-0.149575544 -0.366217965 -5.01898656
NaN NaN NaN
-0.851062774 0.434861205 -5.08100893
-0.526596661 0.28094476 -5.17318524
NaN NaN NaN
-0.851062774 0.434861205 -5.08100893
-0.798509998 0.495944241 -5.26867991
NaN NaN NaN
-0.851062774 0.434861205 -5.08100893
-0.798673006 0.426190637 -5.2680978
NaN NaN NaN
0.849837943 0.434658494 -5.08538292
0.526564537 0.280879161 -5.17265841
NaN NaN NaN
0.849837943 0.434658494 -5.08538292
0.797684718 0.495544106 -5.27162707
NaN NaN NaN
0.849837943 0.434658494 -5.08538292
0.797799937 0.426046143 -5.27121561
NaN NaN NaN
0.506325383 0.252294596 -5.06675408
0.526564537 0.280879161 -5.17265841
NaN NaN NaN
0.506325383 0.252294596 -5.06675408
0.494187854 0.245001887 -5.17790145
NaN NaN NaN
0.2345 1.171 -5.269
0.178 1.2805 -5.3025
NaN NaN NaN
0.2345 1.171 -5.269
0.31528749 0.975774233 -5.25693575
NaN NaN NaN
0.2345 1.171 -5.269
0.272 1.038 -5.452
NaN NaN NaN
-0.2345 1.171 -5.269
-0.178 1.2805 -5.3025
NaN NaN NaN
-0.2345 1.171 -5.269
-0.31528749 0.975774233 -5.25693575
NaN NaN NaN
-0.2345 1.171 -5.269
-0.272 1.038 -5.452
NaN NaN NaN
0.0 1.335 -5.31
0.178 1.2805 -5.3025
NaN NaN NaN
0.0 1.335 -5.31
-0.178 1.2805 -5.3025
NaN NaN NaN
0.0 1.335 -5.31
0.159 1.257 -5.519
NaN NaN NaN
0.0 1.335 -5.31
-0.159 1.257 -5.519
NaN NaN NaN
0.0 1.335 -5.31
0.0 1.298 -5.532
NaN NaN NaN
0.178 1.2805 -5.3025
0.272 1.038 -5.452
NaN NaN NaN
0.178 1.2805 -5.3025
0.159 1.257 -5.519
NaN NaN NaN
-0.178 1.2805 -5.3025
-0.272 1.038 -5.452
NaN NaN NaN
-0.178 1.2805 -5.3025
-0.159 1.257 -5.519
NaN NaN NaN
0.31528749 0.975774233 -5.25693575
0.291 0.836 -5.3875
NaN NaN NaN
0.31528749 0.975774233 -5.25693575
0.272 1.038 -5.452
NaN NaN NaN
-0.31528749 0.975774233 -5.25693575
-0.31 0.634 -5.323
NaN NaN NaN
-0.31528749 0.975774233 -5.25693575
-0.290991423 0.836091185 -5.38752912
NaN NaN NaN
-0.31528749 0.975774233 -5.25693575
-0.272 1.038 -5.452
NaN NaN NaN
0.36047065 -0.130882121 -5.00126059
0.330615088 -0.196 -5.00493697
NaN NaN NaN
0.36047065 -0.130882121 -5.00126059
0.494187854 0.245001887 -5.17790145
NaN NaN NaN
0.36047065 -0.130882121 -5.00126059
0.36955884 -0.0970079613 -5.25837372
NaN NaN NaN
0.36047065 -0.130882121 -5.00126059
0.324172369 -0.196 -5.2639673
NaN NaN NaN
0.330615088 -0.196 -5.00493697
0.210572283 -0.330344965 -5.01046959
NaN NaN NaN
0.330615088 -0.196 -5.00493697
0.324172369 -0.196 -5.2639673
NaN NaN NaN
0.330615088 -0.196 -5.00493697
0.233236553 -0.297754738 -5.26870992
NaN NaN NaN
-0.330415227 -0.196 -5.01297241
-0.211255285 -0.329362839 -5.01825182
NaN NaN NaN
-0.330415227 -0.196 -5.01297241
-0.447455139 0.115300127 -5.16939679
NaN NaN NaN
-0.330415227 -0.196 -5.01297241
-0.324036824 -0.196 -5.26941694
NaN NaN NaN
-0.330415227 -0.196 -5.01297241
-0.233684868 -0.297110081 -5.27381809
NaN NaN NaN
0.210572283 -0.330344965 -5.01046959
0.149830273 -0.366609494 -5.01160413
NaN NaN NaN
0.210572283 -0.330344965 -5.01046959
0.233236553 -0.297754738 -5.26870992
NaN NaN NaN
0.210572283 -0.330344965 -5.01046959
0.140916452 -0.35290862 -5.26993987
NaN NaN NaN
0.526564537 0.280879161 -5.17265841
0.494187854 0.245001887 -5.17790145
NaN NaN NaN
0.526564537 0.280879161 -5.17265841
0.797799937 0.426046143 -5.27121561
NaN NaN NaN
0.526564537 0.280879161 -5.17265841
0.539038478 0.30635226 -5.37723104
NaN NaN NaN
-0.526596661 0.28094476 -5.17318524
-0.494194871 0.245039315 -5.17842611
NaN NaN NaN
-0.526596661 0.28094476 -5.17318524
-0.798673006 0.426190637 -5.2680978
NaN NaN NaN
-0.526596661 0.28094476 -5.17318524
-0.539007693 0.306289395 -5.37672617
NaN NaN NaN
-0.211255285 -0.329362839 -5.01825182
-0.149575544 -0.366217965 -5.01898656
NaN NaN NaN
-0.211255285 -0.329362839 -5.01825182
-0.233684868 -0.297110081 -5.27381809
NaN NaN NaN
-0.211255285 -0.329362839 -5.01825182
-0.140744212 -0.352643882 -5.27493162
NaN NaN NaN
0.0 -0.410130591 -4.9977606
0.149830273 -0.366609494 -5.01160413
NaN NaN NaN
0.0 -0.410130591 -4.9977606
-0.149575544 -0.366217965 -5.01898656
NaN NaN NaN
0.0 -0.410130591 -4.9977606
0.0 -0.394487571 -5.2464527
NaN NaN NaN
0.149830273 -0.366609494 -5.01160413
0.0 -0.394487571 -5.2464527
NaN NaN NaN
0.149830273 -0.366609494 -5.01160413
0.140916452 -0.35290862 -5.26993987
NaN NaN NaN
-0.149575544 -0.366217965 -5.01898656
0.0 -0.394487571 -5.2464527
NaN NaN NaN
-0.149575544 -0.366217965 -5.01898656
-0.140744212 -0.352643882 -5.27493162
NaN NaN NaN
0.494187854 0.245001887 -5.17790145
0.36955884 -0.0970079613 -5.25837372
NaN NaN NaN
0.494187854 0.245001887 -5.17790145
0.539038478 0.30635226 -5.37723104
NaN NaN NaN
0.494187854 0.245001887 -5.17790145
0.496945051 0.25970694 -5.38403478
NaN NaN NaN
-0.494194871 0.245039315 -5.17842611
-0.447455139 0.115300127 -5.16939679
NaN NaN NaN
-0.494194871 0.245039315 -5.17842611
-0.539007693 0.306289395 -5.37672617
NaN NaN NaN
-0.494194871 0.245039315 -5.17842611
-0.496938188 0.259670338 -5.3835217
NaN NaN NaN
-0.494194871 0.245039315 -5.17842611
-0.436201658 0.09111161 -5.37273556
NaN NaN NaN
-0.447455139 0.115300127 -5.16939679
-0.324036824 -0.196 -5.26941694
NaN NaN NaN
-0.447455139 0.115300127 -5.16939679
-0.436201658 0.09111161 -5.37273556
NaN NaN NaN
-0.798509998 0.495944241 -5.26867991
-0.477 0.633 -5.323
NaN NaN NaN
-0.798509998 0.495944241 -5.26867991
-0.798673006 0.426190637 -5.2680978
NaN NaN NaN
-0.798509998 0.495944241 -5.26867991
-0.747205332 0.471069252 -5.45189378
NaN NaN NaN
0.31 0.634 -5.323
0.477 0.633 -5.323
NaN NaN NaN
0.31 0.634 -5.323
0.291 0.836 -5.3875
NaN NaN NaN
0.31 0.634 -5.323
0.27330809 0.620388485 -5.53960063
NaN NaN NaN
0.31 0.634 -5.323
0.390908134 0.619686825 -5.53956098
NaN NaN NaN
-0.31 0.634 -5.323
-0.477 0.633 -5.323
NaN NaN NaN
-0.31 0.634 -5.323
-0.290991423 0.836091185 -5.38752912
NaN NaN NaN
-0.31 0.634 -5.323
-0.273266771 0.620373157 -5.53984455
NaN NaN NaN
-0.31 0.634 -5.323
-0.390798687 0.6196699 -5.53983629
NaN NaN NaN
0.797684718 0.495544106 -5.27162707
0.477 0.633 -5.323
NaN NaN NaN
0.797684718 0.495544106 -5.27162707
0.797799937 0.426046143 -5.27121561
NaN NaN NaN
0.797684718 0.495544106 -5.27162707
0.747179681 0.471056815 -5.45198538
NaN NaN NaN
0.477 0.633 -5.323
0.747179681 0.471056815 -5.45198538
NaN NaN NaN
0.477 0.633 -5.323
0.390908134 0.619686825 -5.53956098
NaN NaN NaN
0.477 0.633 -5.323
0.509688873 0.555879649 -5.55340895
NaN NaN NaN
-0.477 0.633 -5.323
-0.747205332 0.471069252 -5.45189378
NaN NaN NaN
-0.477 0.633 -5.323
-0.390798687 0.6196699 -5.53983629
NaN NaN NaN
-0.477 0.633 -5.323
-0.509595221 0.556100595 -5.55274884
NaN NaN NaN
-0.798673006 0.426190637 -5.2680978
-0.539007693 0.306289395 -5.37672617
NaN NaN NaN
-0.798673006 0.426190637 -5.2680978
-0.747205332 0.471069252 -5.45189378
NaN NaN NaN
-0.798673006 0.426190637 -5.2680978
-0.747288739 0.417686481 -5.45159592
NaN NaN NaN
0.797799937 0.426046143 -5.27121561
0.539038478 0.30635226 -5.37723104
NaN NaN NaN
0.797799937 0.426046143 -5.27121561
0.747179681 0.471056815 -5.45198538
NaN NaN NaN
0.797799937 0.426046143 -5.27121561
0.747229855 0.417676736 -5.45180621
NaN NaN NaN
0.291 0.836 -5.3875
0.272 1.038 -5.452
NaN NaN NaN
0.291 0.836 -5.3875
0.27330809 0.620388485 -5.53960063
NaN NaN NaN
0.291 0.836 -5.3875
0.25125503 0.843559709 -5.6116755
NaN NaN NaN
-0.290991423 0.836091185 -5.38752912
-0.272 1.038 -5.452
NaN NaN NaN
-0.290991423 0.836091185 -5.38752912
-0.273266771 0.620373157 -5.53984455
NaN NaN NaN
-0.290991423 0.836091185 -5.38752912
-0.251205936 0.843566466 -5.61195151
NaN NaN NaN
0.272 1.038 -5.452
0.159 1.257 -5.519
NaN NaN NaN
0.272 1.038 -5.452
0.25125503 0.843559709 -5.6116755
NaN NaN NaN
0.272 1.038 -5.452
0.139017294 1.16292757 -5.72343846
NaN NaN NaN
-0.272 1.038 -5.452
-0.159 1.257 -5.519
NaN NaN NaN
-0.272 1.038 -5.452
-0.251205936 0.843566466 -5.61195151
NaN NaN NaN
-0.272 1.038 -5.452
-0.139017294 1.16292757 -5.72343846
NaN NaN NaN
0.159 1.257 -5.519
0.0 1.298 -5.532
NaN NaN NaN
0.159 1.257 -5.519
0.139017294 1.16292757 -5.72343846
NaN NaN NaN
-0.159 1.257 -5.519
0.0 1.298 -5.532
NaN NaN NaN
-0.159 1.257 -5.519
-0.139017294 1.16292757 -5.72343846
NaN NaN NaN
0.0 1.298 -5.532
0.139017294 1.16292757 -5.72343846
NaN NaN NaN
0.0 1.298 -5.532
-0.139017294 1.16292757 -5.72343846
NaN NaN NaN
0.0 1.298 -5.532
0.0 1.19893398 -5.73427899
NaN NaN NaN
0.36955884 -0.0970079613 -5.25837372
0.324172369 -0.196 -5.2639673
NaN NaN NaN
0.36955884 -0.0970079613 -5.25837372
0.496945051 0.25970694 -5.38403478
NaN NaN NaN
0.36955884 -0.0970079613 -5.25837372
0.378253499 -0.0646005936 -5.50435354
NaN NaN NaN
0.36955884 -0.0970079613 -5.25837372
0.318004503 -0.196 -5.51194715
NaN NaN NaN
-0.539007693 0.306289395 -5.37672617
-0.496938188 0.259670338 -5.3835217
NaN NaN NaN
-0.539007693 0.306289395 -5.37672617
-0.747288739 0.417686481 -5.45159592
NaN NaN NaN
-0.539007693 0.306289395 -5.37672617
-0.550565742 0.329892147 -5.56627817
NaN NaN NaN
0.539038478 0.30635226 -5.37723104
0.496945051 0.25970694 -5.38403478
NaN NaN NaN
0.539038478 0.30635226 -5.37723104
0.747229855 0.417676736 -5.45180621
NaN NaN NaN
0.539038478 0.30635226 -5.37723104
0.550630246 0.33002387 -5.56733603
NaN NaN NaN
0.324172369 -0.196 -5.2639673
0.233236553 -0.297754738 -5.26870992
NaN NaN NaN
0.324172369 -0.196 -5.2639673
0.318004503 -0.196 -5.51194715
NaN NaN NaN
0.324172369 -0.196 -5.2639673
0.254852684 -0.266671688 -5.51500759
NaN NaN NaN
-0.324036824 -0.196 -5.26941694
-0.436201658 0.09111161 -5.37273556
NaN NaN NaN
-0.324036824 -0.196 -5.26941694
-0.233684868 -0.297110081 -5.27381809
NaN NaN NaN
-0.324036824 -0.196 -5.26941694
-0.31804996 -0.196 -5.51011958
NaN NaN NaN
-0.324036824 -0.196 -5.26941694
-0.254676582 -0.266924915 -5.51300105
NaN NaN NaN
-0.496938188 0.259670338 -5.3835217
-0.436201658 0.09111161 -5.37273556
NaN NaN NaN
-0.496938188 0.259670338 -5.3835217
-0.550565742 0.329892147 -5.56627817
NaN NaN NaN
-0.496938188 0.259670338 -5.3835217
-0.499493042 0.273296225 -5.57452744
NaN NaN NaN
0.496945051 0.25970694 -5.38403478
0.550630246 0.33002387 -5.56733603
NaN NaN NaN
0.496945051 0.25970694 -5.38403478
0.499507337 0.273372466 -5.57559617
NaN NaN NaN
0.496945051 0.25970694 -5.38403478
0.378253499 -0.0646005936 -5.50435354
NaN NaN NaN
0.233236553 -0.297754738 -5.26870992
0.140916452 -0.35290862 -5.26993987
NaN NaN NaN
0.233236553 -0.297754738 -5.26870992
0.254852684 -0.266671688 -5.51500759
NaN NaN NaN
0.233236553 -0.297754738 -5.26870992
0.132394973 -0.339810793 -5.51690494
NaN NaN NaN
-0.436201658 0.09111161 -5.37273556
-0.499493042 0.273296225 -5.57452744
NaN NaN NaN
-0.436201658 0.09111161 -5.37273556
-0.425610552 0.0683468182 -5.56410589
NaN NaN NaN
-0.436201658 0.09111161 -5.37273556
-0.31804996 -0.196 -5.51011958
NaN NaN NaN
0.0 -0.394487571 -5.2464527
0.140916452 -0.35290862 -5.26993987
NaN NaN NaN
0.0 -0.394487571 -5.2464527
-0.140744212 -0.352643882 -5.27493162
NaN NaN NaN
0.0 -0.394487571 -5.2464527
0.0 -0.379432846 -5.4857921
NaN NaN NaN
-0.233684868 -0.297110081 -5.27381809
-0.140744212 -0.352643882 -5.27493162
NaN NaN NaN
-0.233684868 -0.297110081 -5.27381809
-0.254676582 -0.266924915 -5.51300105
NaN NaN NaN
-0.233684868 -0.297110081 -5.27381809
-0.132454201 -0.339901827 -5.51518844
NaN NaN NaN
-0.747205332 0.471069252 -5.45189378
-0.747288739 0.417686481 -5.45159592
NaN NaN NaN
-0.747205332 0.471069252 -5.45189378
-0.509595221 0.556100595 -5.55274884
NaN NaN NaN
-0.747205332 0.471069252 -5.45189378
-0.699670546 0.448022083 -5.62164504
NaN NaN NaN
0.747179681 0.471056815 -5.45198538
0.747229855 0.417676736 -5.45180621
NaN NaN NaN
0.747179681 0.471056815 -5.45198538
0.509688873 0.555879649 -5.55340895
NaN NaN NaN
0.747179681 0.471056815 -5.45198538
0.700115589 0.448237861 -5.62005575
NaN NaN NaN
0.140916452 -0.35290862 -5.26993987
0.0 -0.379432846 -5.4857921
NaN NaN NaN
0.140916452 -0.35290862 -5.26993987
0.132394973 -0.339810793 -5.51690494
NaN NaN NaN
-0.747288739 0.417686481 -5.45159592
-0.550565742 0.329892147 -5.56627817
NaN NaN NaN
-0.747288739 0.417686481 -5.45159592
-0.699670546 0.448022083 -5.62164504
NaN NaN NaN
-0.747288739 0.417686481 -5.45159592
-0.699695313 0.409809714 -5.6215566
NaN NaN NaN
0.747229855 0.417676736 -5.45180621
0.550630246 0.33002387 -5.56733603
NaN NaN NaN
0.747229855 0.417676736 -5.45180621
0.700115589 0.448237861 -5.62005575
NaN NaN NaN
0.747229855 0.417676736 -5.45180621
0.700119365 0.409879895 -5.62004227
NaN NaN NaN
-0.140744212 -0.352643882 -5.27493162
0.0 -0.379432846 -5.4857921
NaN NaN NaN
-0.140744212 -0.352643882 -5.27493162
-0.132454201 -0.339901827 -5.51518844
NaN NaN NaN
0.27330809 0.620388485 -5.53960063
0.390908134 0.619686825 -5.53956098
NaN NaN NaN
0.27330809 0.620388485 -5.53960063
0.25125503 0.843559709 -5.6116755
NaN NaN NaN
0.27330809 0.620388485 -5.53960063
0.317648134 0.608357959 -5.72384387
NaN NaN NaN
0.27330809 0.620388485 -5.53960063
0.241631886 0.608637635 -5.72659242
NaN NaN NaN
-0.273266771 0.620373157 -5.53984455
-0.390798687 0.6196699 -5.53983629
NaN NaN NaN
-0.273266771 0.620373157 -5.53984455
-0.251205936 0.843566466 -5.61195151
NaN NaN NaN
-0.273266771 0.620373157 -5.53984455
-0.317349622 0.608311797 -5.72459476
NaN NaN NaN
-0.273266771 0.620373157 -5.53984455
-0.241516687 0.6085949 -5.72727246
NaN NaN NaN
0.390908134 0.619686825 -5.53956098
0.509688873 0.555879649 -5.55340895
NaN NaN NaN
0.390908134 0.619686825 -5.53956098
0.317648134 0.608357959 -5.72384387
NaN NaN NaN
-0.390798687 0.6196699 -5.53983629
-0.509595221 0.556100595 -5.55274884
NaN NaN NaN
-0.390798687 0.6196699 -5.53983629
-0.317349622 0.608311797 -5.72459476
NaN NaN NaN
0.25125503 0.843559709 -5.6116755
0.139017294 1.16292757 -5.72343846
NaN NaN NaN
0.25125503 0.843559709 -5.6116755
0.241631886 0.608637635 -5.72659242
NaN NaN NaN
0.25125503 0.843559709 -5.6116755
0.212774532 0.856349178 -5.82464896
NaN NaN NaN
-0.251205936 0.843566466 -5.61195151
-0.139017294 1.16292757 -5.72343846
NaN NaN NaN
-0.251205936 0.843566466 -5.61195151
-0.241516687 0.6085949 -5.72727246
NaN NaN NaN
-0.251205936 0.843566466 -5.61195151
-0.212718844 0.856334276 -5.82496313
NaN NaN NaN
-0.509595221 0.556100595 -5.55274884
-0.699670546 0.448022083 -5.62164504
NaN NaN NaN
-0.509595221 0.556100595 -5.55274884
-0.317349622 0.608311797 -5.72459476
NaN NaN NaN
-0.509595221 0.556100595 -5.55274884
-0.535617112 0.494709145 -5.73616527
NaN NaN NaN
0.509688873 0.555879649 -5.55340895
0.700115589 0.448237861 -5.62005575
NaN NaN NaN
0.509688873 0.555879649 -5.55340895
0.317648134 0.608357959 -5.72384387
NaN NaN NaN
0.509688873 0.555879649 -5.55340895
0.535484142 0.49502285 -5.73522803
NaN NaN NaN
0.139017294 1.16292757 -5.72343846
0.0 1.19893398 -5.73427899
NaN NaN NaN
0.139017294 1.16292757 -5.72343846
0.212774532 0.856349178 -5.82464896
NaN NaN NaN
0.139017294 1.16292757 -5.72343846
0.120278836 1.07471267 -5.9151473
NaN NaN NaN
-0.139017294 1.16292757 -5.72343846
0.0 1.19893398 -5.73427899
NaN NaN NaN
-0.139017294 1.16292757 -5.72343846
-0.212718844 0.856334276 -5.82496313
NaN NaN NaN
-0.139017294 1.16292757 -5.72343846
-0.120278836 1.07471267 -5.9151473
NaN NaN NaN
0.0 1.19893398 -5.73427899
0.120278836 1.07471267 -5.9151473
NaN NaN NaN
0.0 1.19893398 -5.73427899
-0.120278836 1.07471267 -5.9151473
NaN NaN NaN
0.0 1.19893398 -5.73427899
0.0 1.10594571 -5.92414805
NaN NaN NaN
-0.550565742 0.329892147 -5.56627817
-0.499493042 0.273296225 -5.57452744
NaN NaN NaN
-0.550565742 0.329892147 -5.56627817
-0.699695313 0.409809714 -5.6215566
NaN NaN NaN
-0.550565742 0.329892147 -5.56627817
-0.5612493 0.351709097 -5.74148852
NaN NaN NaN
0.550630246 0.33002387 -5.56733603
0.499507337 0.273372466 -5.57559617
NaN NaN NaN
0.550630246 0.33002387 -5.56733603
0.700119365 0.409879895 -5.62004227
NaN NaN NaN
0.550630246 0.33002387 -5.56733603
0.561318659 0.351850736 -5.74262601
NaN NaN NaN
0.550630246 0.33002387 -5.56733603
0.656550597 0.402669213 -5.7756305
NaN NaN NaN
-0.499493042 0.273296225 -5.57452744
-0.425610552 0.0683468182 -5.56410589
NaN NaN NaN
-0.499493042 0.273296225 -5.57452744
-0.5612493 0.351709097 -5.74148852
NaN NaN NaN
-0.499493042 0.273296225 -5.57452744
-0.501854698 0.285891722 -5.75108931
NaN NaN NaN
0.499507337 0.273372466 -5.57559617
0.378253499 -0.0646005936 -5.50435354
NaN NaN NaN
0.499507337 0.273372466 -5.57559617
0.438250774 0.107164097 -5.67705813
NaN NaN NaN
0.499507337 0.273372466 -5.57559617
0.561318659 0.351850736 -5.74262601
NaN NaN NaN
0.499507337 0.273372466 -5.57559617
0.50187005 0.285973598 -5.75223705
NaN NaN NaN
0.378253499 -0.0646005936 -5.50435354
0.318004503 -0.196 -5.51194715
NaN NaN NaN
0.378253499 -0.0646005936 -5.50435354
0.438250774 0.107164097 -5.67705813
NaN NaN NaN
0.378253499 -0.0646005936 -5.50435354
0.385864894 -0.0362308499 -5.71968682
NaN NaN NaN
0.378253499 -0.0646005936 -5.50435354
0.31260563 -0.196 -5.72900956
NaN NaN NaN
0.700115589 0.448237861 -5.62005575
0.700119365 0.409879895 -5.62004227
NaN NaN NaN
0.700115589 0.448237861 -5.62005575
0.678339222 0.421978117 -5.69782124
NaN NaN NaN
0.700115589 0.448237861 -5.62005575
0.535484142 0.49502285 -5.73522803
NaN NaN NaN
0.700115589 0.448237861 -5.62005575
0.656571338 0.427125497 -5.77555643
NaN NaN NaN
-0.699670546 0.448022083 -5.62164504
-0.699695313 0.409809714 -5.6215566
NaN NaN NaN
-0.699670546 0.448022083 -5.62164504
-0.677828955 0.421810896 -5.69964345
NaN NaN NaN
-0.699670546 0.448022083 -5.62164504
-0.535617112 0.494709145 -5.73616527
NaN NaN NaN
-0.699670546 0.448022083 -5.62164504
-0.655979633 0.42683861 -5.77766947
NaN NaN NaN
0.700119365 0.409879895 -5.62004227
0.678339222 0.421978117 -5.69782124
NaN NaN NaN
0.700119365 0.409879895 -5.62004227
0.656550597 0.402669213 -5.7756305
NaN NaN NaN
-0.699695313 0.409809714 -5.6215566
-0.677828955 0.421810896 -5.69964345
NaN NaN NaN
-0.699695313 0.409809714 -5.6215566
-0.5612493 0.351709097 -5.74148852
NaN NaN NaN
-0.699695313 0.409809714 -5.6215566
-0.655970327 0.402573178 -5.7777027
NaN NaN NaN
-0.425610552 0.0683468182 -5.56410589
-0.31804996 -0.196 -5.51011958
NaN NaN NaN
-0.425610552 0.0683468182 -5.56410589
-0.501854698 0.285891722 -5.75108931
NaN NaN NaN
-0.425610552 0.0683468182 -5.56410589
-0.415707459 0.0470608612 -5.74304453
NaN NaN NaN
-0.425610552 0.0683468182 -5.56410589
-0.312726389 -0.196 -5.7241544
NaN NaN NaN
-0.31804996 -0.196 -5.51011958
-0.254676582 -0.266924915 -5.51300105
NaN NaN NaN
-0.31804996 -0.196 -5.51011958
-0.312726389 -0.196 -5.7241544
NaN NaN NaN
-0.31804996 -0.196 -5.51011958
-0.273352239 -0.240070137 -5.72579449
NaN NaN NaN
0.318004503 -0.196 -5.51194715
0.254852684 -0.266671688 -5.51500759
NaN NaN NaN
0.318004503 -0.196 -5.51194715
0.31260563 -0.196 -5.72900956
NaN NaN NaN
0.318004503 -0.196 -5.51194715
0.273784434 -0.23944866 -5.73071899
NaN NaN NaN
0.317648134 0.608357959 -5.72384387
0.241631886 0.608637635 -5.72659242
NaN NaN NaN
0.317648134 0.608357959 -5.72384387
0.535484142 0.49502285 -5.73522803
NaN NaN NaN
0.317648134 0.608357959 -5.72384387
0.250044963 0.59790386 -5.89389721
NaN NaN NaN
0.317648134 0.608357959 -5.72384387
0.40601903 0.514955385 -5.9088917
NaN NaN NaN
-0.254676582 -0.266924915 -5.51300105
-0.132454201 -0.339901827 -5.51518844
NaN NaN NaN
-0.254676582 -0.266924915 -5.51300105
-0.273352239 -0.240070137 -5.72579449
NaN NaN NaN
-0.254676582 -0.266924915 -5.51300105
-0.125082777 -0.328571676 -5.72882322
NaN NaN NaN
-0.317349622 0.608311797 -5.72459476
-0.241516687 0.6085949 -5.72727246
NaN NaN NaN
-0.317349622 0.608311797 -5.72459476
-0.535617112 0.494709145 -5.73616527
NaN NaN NaN
-0.317349622 0.608311797 -5.72459476
-0.249746803 0.597857753 -5.89464722
NaN NaN NaN
-0.317349622 0.608311797 -5.72459476
-0.212903406 0.597980296 -5.89618312
NaN NaN NaN
-0.317349622 0.608311797 -5.72459476
-0.405730822 0.51500469 -5.90925954
NaN NaN NaN
0.241631886 0.608637635 -5.72659242
0.212774532 0.856349178 -5.82464896
NaN NaN NaN
0.241631886 0.608637635 -5.72659242
0.250044963 0.59790386 -5.89389721
NaN NaN NaN
0.241631886 0.608637635 -5.72659242
0.213027165 0.598026206 -5.89545254
NaN NaN NaN
-0.241516687 0.6085949 -5.72727246
-0.212718844 0.856334276 -5.82496313
NaN NaN NaN
-0.241516687 0.6085949 -5.72727246
-0.212903406 0.597980296 -5.89618312
NaN NaN NaN
0.254852684 -0.266671688 -5.51500759
0.132394973 -0.339810793 -5.51690494
NaN NaN NaN
0.254852684 -0.266671688 -5.51500759
0.273784434 -0.23944866 -5.73071899
NaN NaN NaN
0.254852684 -0.266671688 -5.51500759
0.124927389 -0.328332839 -5.7333266
NaN NaN NaN
0.0 -0.379432846 -5.4857921
-0.132454201 -0.339901827 -5.51518844
NaN NaN NaN
0.0 -0.379432846 -5.4857921
0.132394973 -0.339810793 -5.51690494
NaN NaN NaN
0.0 -0.379432846 -5.4857921
0.0 -0.365837717 -5.7019269
NaN NaN NaN
-0.132454201 -0.339901827 -5.51518844
0.0 -0.365837717 -5.7019269
NaN NaN NaN
-0.132454201 -0.339901827 -5.51518844
-0.125082777 -0.328571676 -5.72882322
NaN NaN NaN
0.132394973 -0.339810793 -5.51690494
0.0 -0.365837717 -5.7019269
NaN NaN NaN
0.132394973 -0.339810793 -5.51690494
0.124927389 -0.328332839 -5.7333266
NaN NaN NaN
0.678339222 0.421978117 -5.69782124
0.656571338 0.427125497 -5.77555643
NaN NaN NaN
0.678339222 0.421978117 -5.69782124
0.656550597 0.402669213 -5.7756305
NaN NaN NaN
-0.677828955 0.421810896 -5.69964345
-0.655979633 0.42683861 -5.77766947
NaN NaN NaN
-0.677828955 0.421810896 -5.69964345
-0.655970327 0.402573178 -5.7777027
NaN NaN NaN
0.535484142 0.49502285 -5.73522803
0.656571338 0.427125497 -5.77555643
NaN NaN NaN
0.535484142 0.49502285 -5.73522803
0.40601903 0.514955385 -5.9088917
NaN NaN NaN
0.535484142 0.49502285 -5.73522803
0.558967761 0.439619747 -5.90075335
NaN NaN NaN
0.535484142 0.49502285 -5.73522803
0.616552013 0.407722188 -5.91846927
NaN NaN NaN
-0.535617112 0.494709145 -5.73616527
-0.655979633 0.42683861 -5.77766947
NaN NaN NaN
-0.535617112 0.494709145 -5.73616527
-0.405730822 0.51500469 -5.90925954
NaN NaN NaN
-0.535617112 0.494709145 -5.73616527
-0.559107029 0.439291184 -5.90173498
NaN NaN NaN
0.212774532 0.856349178 -5.82464896
0.120278836 1.07471267 -5.9151473
NaN NaN NaN
0.212774532 0.856349178 -5.82464896
0.213027165 0.598026206 -5.89545254
NaN NaN NaN
0.212774532 0.856349178 -5.82464896
0.1745893 0.820493346 -6.04578908
NaN NaN NaN
-0.212718844 0.856334276 -5.82496313
-0.120278836 1.07471267 -5.9151473
NaN NaN NaN
-0.212718844 0.856334276 -5.82496313
-0.212903406 0.597980296 -5.89618312
NaN NaN NaN
-0.212718844 0.856334276 -5.82496313
-0.174552332 0.820487811 -6.04599362
NaN NaN NaN
0.438250774 0.107164097 -5.67705813
0.50187005 0.285973598 -5.75223705
NaN NaN NaN
0.438250774 0.107164097 -5.67705813
0.385864894 -0.0362308499 -5.71968682
NaN NaN NaN
0.438250774 0.107164097 -5.67705813
0.445825552 0.133802041 -5.8451231
NaN NaN NaN
-0.5612493 0.351709097 -5.74148852
-0.501854698 0.285891722 -5.75108931
NaN NaN NaN
-0.5612493 0.351709097 -5.74148852
-0.655970327 0.402573178 -5.7777027
NaN NaN NaN
-0.5612493 0.351709097 -5.74148852
-0.571056056 0.371735526 -5.90231933
NaN NaN NaN
-0.5612493 0.351709097 -5.74148852
-0.616101092 0.395974773 -5.92007955
NaN NaN NaN
0.561318659 0.351850736 -5.74262601
0.50187005 0.285973598 -5.75223705
NaN NaN NaN
0.561318659 0.351850736 -5.74262601
0.656550597 0.402669213 -5.7756305
NaN NaN NaN
0.561318659 0.351850736 -5.74262601
0.571103046 0.371831483 -5.90308995
NaN NaN NaN
0.120278836 1.07471267 -5.9151473
0.0 1.10594571 -5.92414805
NaN NaN NaN
0.120278836 1.07471267 -5.9151473
0.1745893 0.820493346 -6.04578908
NaN NaN NaN
0.120278836 1.07471267 -5.9151473
0.103121306 0.993940303 -6.09068202
NaN NaN NaN
0.120278836 1.07471267 -5.9151473
0.0 1.02080176 -6.09800013
NaN NaN NaN
-0.120278836 1.07471267 -5.9151473
0.0 1.10594571 -5.92414805
NaN NaN NaN
-0.120278836 1.07471267 -5.9151473
-0.174552332 0.820487811 -6.04599362
NaN NaN NaN
-0.120278836 1.07471267 -5.9151473
-0.103121306 0.993940303 -6.09068202
NaN NaN NaN
-0.120278836 1.07471267 -5.9151473
0.0 1.02080176 -6.09800013
NaN NaN NaN
-0.501854698 0.285891722 -5.75108931
-0.415707459 0.0470608612 -5.74304453
NaN NaN NaN
-0.501854698 0.285891722 -5.75108931
-0.571056056 0.371735526 -5.90231933
NaN NaN NaN
-0.501854698 0.285891722 -5.75108931
-0.504022653 0.29745415 -5.91316978
NaN NaN NaN
0.656571338 0.427125497 -5.77555643
0.656550597 0.402669213 -5.7756305
NaN NaN NaN
0.656571338 0.427125497 -5.77555643
0.636550999 0.408390666 -5.84705098
NaN NaN NaN
0.656571338 0.427125497 -5.77555643
0.616552013 0.407722188 -5.91846927
NaN NaN NaN
0.50187005 0.285973598 -5.75223705
0.445825552 0.133802041 -5.8451231
NaN NaN NaN
0.50187005 0.285973598 -5.75223705
0.571103046 0.371831483 -5.90308995
NaN NaN NaN
0.50187005 0.285973598 -5.75223705
0.504033048 0.297509589 -5.91394692
NaN NaN NaN
-0.655979633 0.42683861 -5.77766947
-0.655970327 0.402573178 -5.7777027
NaN NaN NaN
-0.655979633 0.42683861 -5.77766947
-0.636042392 0.408224642 -5.84886726
NaN NaN NaN
-0.655979633 0.42683861 -5.77766947
-0.559107029 0.439291184 -5.90173498
NaN NaN NaN
-0.655979633 0.42683861 -5.77766947
-0.616118516 0.407512008 -5.92001733
NaN NaN NaN
0.0 1.10594571 -5.92414805
0.0 1.02080176 -6.09800013
NaN NaN NaN
0.656550597 0.402669213 -5.7756305
0.636550999 0.408390666 -5.84705098
NaN NaN NaN
0.656550597 0.402669213 -5.7756305
0.571103046 0.371831483 -5.90308995
NaN NaN NaN
0.656550597 0.402669213 -5.7756305
0.616530048 0.396045766 -5.91854771
NaN NaN NaN
-0.655970327 0.402573178 -5.7777027
-0.636042392 0.408224642 -5.84886726
NaN NaN NaN
-0.655970327 0.402573178 -5.7777027
-0.616101092 0.395974773 -5.92007955
NaN NaN NaN
0.385864894 -0.0362308499 -5.71968682
0.31260563 -0.196 -5.72900956
NaN NaN NaN
0.385864894 -0.0362308499 -5.71968682
0.445825552 0.133802041 -5.8451231
NaN NaN NaN
0.385864894 -0.0362308499 -5.71968682
0.39242401 -0.0117832347 -5.90525018
NaN NaN NaN
0.385864894 -0.0362308499 -5.71968682
0.30795383 -0.196 -5.91603575
NaN NaN NaN
-0.415707459 0.0470608612 -5.74304453
-0.312726389 -0.196 -5.7241544
NaN NaN NaN
-0.415707459 0.0470608612 -5.74304453
-0.504022653 0.29745415 -5.91316978
NaN NaN NaN
-0.415707459 0.0470608612 -5.74304453
-0.406504136 0.0272790043 -5.90933907
NaN NaN NaN
0.250044963 0.59790386 -5.89389721
0.213027165 0.598026206 -5.89545254
NaN NaN NaN
0.250044963 0.59790386 -5.89389721
0.40601903 0.514955385 -5.9088917
NaN NaN NaN
0.250044963 0.59790386 -5.89389721
0.186 0.588 -6.055
NaN NaN NaN
0.250044963 0.59790386 -5.89389721
0.329535034 0.515868181 -6.05281419
NaN NaN NaN
-0.249746803 0.597857753 -5.89464722
-0.212903406 0.597980296 -5.89618312
NaN NaN NaN
-0.249746803 0.597857753 -5.89464722
-0.405730822 0.51500469 -5.90925954
NaN NaN NaN
-0.249746803 0.597857753 -5.89464722
-0.186 0.588 -6.055
NaN NaN NaN
-0.249746803 0.597857753 -5.89464722
-0.329441547 0.515915162 -6.05281561
NaN NaN NaN
0.213027165 0.598026206 -5.89545254
0.1745893 0.820493346 -6.04578908
NaN NaN NaN
0.213027165 0.598026206 -5.89545254
0.186 0.588 -6.055
NaN NaN NaN
-0.212903406 0.597980296 -5.89618312
-0.174552332 0.820487811 -6.04599362
NaN NaN NaN
-0.212903406 0.597980296 -5.89618312
-0.186 0.588 -6.055
NaN NaN NaN
0.636550999 0.408390666 -5.84705098
0.616552013 0.407722188 -5.91846927
NaN NaN NaN
0.636550999 0.408390666 -5.84705098
0.616530048 0.396045766 -5.91854771
NaN NaN NaN
-0.636042392 0.408224642 -5.84886726
-0.616118516 0.407512008 -5.92001733
NaN NaN NaN
-0.636042392 0.408224642 -5.84886726
-0.616101092 0.395974773 -5.92007955
NaN NaN NaN
-0.312726389 -0.196 -5.7241544
-0.273352239 -0.240070137 -5.72579449
NaN NaN NaN
-0.312726389 -0.196 -5.7241544
-0.406504136 0.0272790043 -5.90933907
NaN NaN NaN
-0.312726389 -0.196 -5.7241544
-0.308053718 -0.196 -5.91201974
NaN NaN NaN
-0.312726389 -0.196 -5.7241544
-0.289756233 -0.216481913 -5.91270423
NaN NaN NaN
0.31260563 -0.196 -5.72900956
0.273784434 -0.23944866 -5.73071899
NaN NaN NaN
0.31260563 -0.196 -5.72900956
0.30795383 -0.196 -5.91603575
NaN NaN NaN
0.31260563 -0.196 -5.72900956
0.290109835 -0.215973449 -5.91673323
NaN NaN NaN
-0.273352239 -0.240070137 -5.72579449
-0.125082777 -0.328571676 -5.72882322
NaN NaN NaN
-0.273352239 -0.240070137 -5.72579449
-0.289756233 -0.216481913 -5.91270423
NaN NaN NaN
-0.273352239 -0.240070137 -5.72579449
-0.118612791 -0.318627068 -5.91633299
NaN NaN NaN
0.40601903 0.514955385 -5.9088917
0.558967761 0.439619747 -5.90075335
NaN NaN NaN
0.40601903 0.514955385 -5.9088917
0.329535034 0.515868181 -6.05281419
NaN NaN NaN
0.40601903 0.514955385 -5.9088917
0.455869506 0.452380299 -6.05089031
NaN NaN NaN
0.273784434 -0.23944866 -5.73071899
0.124927389 -0.328332839 -5.7333266
NaN NaN NaN
0.273784434 -0.23944866 -5.73071899
0.290109835 -0.215973449 -5.91673323
NaN NaN NaN
0.273784434 -0.23944866 -5.73071899
0.118484463 -0.318429823 -5.92005214
NaN NaN NaN
-0.405730822 0.51500469 -5.90925954
-0.559107029 0.439291184 -5.90173498
NaN NaN NaN
-0.405730822 0.51500469 -5.90925954
-0.329441547 0.515915162 -6.05281561
NaN NaN NaN
-0.405730822 0.51500469 -5.90925954
-0.455454382 0.452588914 -6.05089663
NaN NaN NaN
0.0 -0.365837717 -5.7019269
-0.125082777 -0.328571676 -5.72882322
NaN NaN NaN
0.0 -0.365837717 -5.7019269
0.124927389 -0.328332839 -5.7333266
NaN NaN NaN
0.0 -0.365837717 -5.7019269
0.0 -0.353706933 -5.89478161
NaN NaN NaN
0.558967761 0.439619747 -5.90075335
0.616552013 0.407722188 -5.91846927
NaN NaN NaN
0.558967761 0.439619747 -5.90075335
0.455869506 0.452380299 -6.05089031
NaN NaN NaN
0.558967761 0.439619747 -5.90075335
0.58 0.39 -6.049
NaN NaN NaN
-0.559107029 0.439291184 -5.90173498
-0.616118516 0.407512008 -5.92001733
NaN NaN NaN
-0.559107029 0.439291184 -5.90173498
-0.455454382 0.452588914 -6.05089663
NaN NaN NaN
-0.559107029 0.439291184 -5.90173498
-0.58 0.39 -6.049
NaN NaN NaN
-0.125082777 -0.328571676 -5.72882322
0.0 -0.353706933 -5.89478161
NaN NaN NaN
-0.125082777 -0.328571676 -5.72882322
-0.118612791 -0.318627068 -5.91633299
NaN NaN NaN
0.445825552 0.133802041 -5.8451231
0.504033048 0.297509589 -5.91394692
NaN NaN NaN
0.445825552 0.133802041 -5.8451231
0.39242401 -0.0117832347 -5.90525018
NaN NaN NaN
0.445825552 0.133802041 -5.8451231
0.453044652 0.161392137 -6.06198065
NaN NaN NaN
0.124927389 -0.328332839 -5.7333266
0.0 -0.353706933 -5.89478161
NaN NaN NaN
0.124927389 -0.328332839 -5.7333266
0.118484463 -0.318429823 -5.92005214
NaN NaN NaN
-0.571056056 0.371735526 -5.90231933
-0.616101092 0.395974773 -5.92007955
NaN NaN NaN
-0.571056056 0.371735526 -5.90231933
-0.504022653 0.29745415 -5.91316978
NaN NaN NaN
-0.571056056 0.371735526 -5.90231933
-0.58 0.39 -6.049
NaN NaN NaN
0.571103046 0.371831483 -5.90308995
0.616530048 0.396045766 -5.91854771
NaN NaN NaN
0.571103046 0.371831483 -5.90308995
0.504033048 0.297509589 -5.91394692
NaN NaN NaN
0.571103046 0.371831483 -5.90308995
0.58 0.39 -6.049
NaN NaN NaN
0.616552013 0.407722188 -5.91846927
0.616530048 0.396045766 -5.91854771
NaN NaN NaN
0.616552013 0.407722188 -5.91846927
0.58 0.39 -6.049
NaN NaN NaN
-0.616118516 0.407512008 -5.92001733
-0.616101092 0.395974773 -5.92007955
NaN NaN NaN
-0.616118516 0.407512008 -5.92001733
-0.58 0.39 -6.049
NaN NaN NaN
0.616530048 0.396045766 -5.91854771
0.58 0.39 -6.049
NaN NaN NaN
-0.616101092 0.395974773 -5.92007955
-0.58 0.39 -6.049
NaN NaN NaN
-0.504022653 0.29745415 -5.91316978
-0.406504136 0.0272790043 -5.90933907
NaN NaN NaN
-0.504022653 0.29745415 -5.91316978
-0.58 0.39 -6.049
NaN NaN NaN
-0.504022653 0.29745415 -5.91316978
-0.506 0.308 -6.061
NaN NaN NaN
-0.504022653 0.29745415 -5.91316978
-0.452800709 0.160716777 -6.06198517
NaN NaN NaN
0.504033048 0.297509589 -5.91394692
0.58 0.39 -6.049
NaN NaN NaN
0.504033048 0.297509589 -5.91394692
0.506 0.308 -6.061
NaN NaN NaN
0.504033048 0.297509589 -5.91394692
0.453044652 0.161392137 -6.06198065
NaN NaN NaN
0.1745893 0.820493346 -6.04578908
0.103121306 0.993940303 -6.09068202
NaN NaN NaN
0.1745893 0.820493346 -6.04578908
0.186 0.588 -6.055
NaN NaN NaN
0.1745893 0.820493346 -6.04578908
0.087564618 0.920704202 -6.24983891
NaN NaN NaN
0.1745893 0.820493346 -6.04578908
0.142419005 0.719288737 -6.25252617
NaN NaN NaN
-0.174552332 0.820487811 -6.04599362
-0.103121306 0.993940303 -6.09068202
NaN NaN NaN
-0.174552332 0.820487811 -6.04599362
-0.186 0.588 -6.055
NaN NaN NaN
-0.174552332 0.820487811 -6.04599362
-0.087564618 0.920704202 -6.24983891
NaN NaN NaN
-0.174552332 0.820487811 -6.04599362
-0.142352929 0.719263819 -6.25289167
NaN NaN NaN
0.103121306 0.993940303 -6.09068202
0.0 1.02080176 -6.09800013
NaN NaN NaN
0.103121306 0.993940303 -6.09068202
0.087564618 0.920704202 -6.24983891
NaN NaN NaN
0.103121306 0.993940303 -6.09068202
0.0 0.943605933 -6.25562323
NaN NaN NaN
-0.103121306 0.993940303 -6.09068202
0.0 1.02080176 -6.09800013
NaN NaN NaN
-0.103121306 0.993940303 -6.09068202
-0.087564618 0.920704202 -6.24983891
NaN NaN NaN
-0.103121306 0.993940303 -6.09068202
0.0 0.943605933 -6.25562323
NaN NaN NaN
0.0 1.02080176 -6.09800013
0.0 0.943605933 -6.25562323
NaN NaN NaN
-0.406504136 0.0272790043 -5.90933907
-0.308053718 -0.196 -5.91201974
NaN NaN NaN
-0.406504136 0.0272790043 -5.90933907
-0.452800709 0.160716777 -6.06198517
NaN NaN NaN
-0.406504136 0.0272790043 -5.90933907
-0.398 0.009 -6.063
NaN NaN NaN
-0.406504136 0.0272790043 -5.90933907
-0.351 -0.0935 -6.069
NaN NaN NaN
0.39242401 -0.0117832347 -5.90525018
0.30795383 -0.196 -5.91603575
NaN NaN NaN
0.39242401 -0.0117832347 -5.90525018
0.453044652 0.161392137 -6.06198065
NaN NaN NaN
0.39242401 -0.0117832347 -5.90525018
0.398 0.009 -6.063
NaN NaN NaN
0.39242401 -0.0117832347 -5.90525018
0.351 -0.0935 -6.069
NaN NaN NaN
0.186 0.588 -6.055
0.329535034 0.515868181 -6.05281419
NaN NaN NaN
0.186 0.588 -6.055
0.160763566 0.577422965 -6.20233624
NaN NaN NaN
0.186 0.588 -6.055
0.201550665 0.559603134 -6.2044216
NaN NaN NaN
0.186 0.588 -6.055
0.142419005 0.719288737 -6.25252617
NaN NaN NaN
-0.186 0.588 -6.055
-0.329441547 0.515915162 -6.05281561
NaN NaN NaN
-0.186 0.588 -6.055
-0.160554695 0.577335424 -6.20355568
NaN NaN NaN
-0.186 0.588 -6.055
-0.202002768 0.558777553 -6.20876573
NaN NaN NaN
-0.186 0.588 -6.055
-0.142352929 0.719263819 -6.25289167
NaN NaN NaN
-0.329441547 0.515915162 -6.05281561
-0.455454382 0.452588914 -6.05089663
NaN NaN NaN
-0.329441547 0.515915162 -6.05281561
-0.202002768 0.558777553 -6.20876573
NaN NaN NaN
-0.329441547 0.515915162 -6.05281561
-0.371989837 0.470879825 -6.22415725
NaN NaN NaN
0.329535034 0.515868181 -6.05281419
0.455869506 0.452380299 -6.05089031
NaN NaN NaN
0.329535034 0.515868181 -6.05281419
0.201550665 0.559603134 -6.2044216
NaN NaN NaN
0.329535034 0.515868181 -6.05281419
0.372512311 0.471453696 -6.21806732
NaN NaN NaN
-0.455454382 0.452588914 -6.05089663
-0.58 0.39 -6.049
NaN NaN NaN
-0.455454382 0.452588914 -6.05089663
-0.545374191 0.388510718 -6.1868827
NaN NaN NaN
-0.455454382 0.452588914 -6.05089663
-0.371989837 0.470879825 -6.22415725
NaN NaN NaN
0.455869506 0.452380299 -6.05089031
0.58 0.39 -6.049
NaN NaN NaN
0.455869506 0.452380299 -6.05089031
0.547437714 0.388599472 -6.17866559
NaN NaN NaN
0.455869506 0.452380299 -6.05089031
0.372512311 0.471453696 -6.21806732
NaN NaN NaN
-0.308053718 -0.196 -5.91201974
-0.289756233 -0.216481913 -5.91270423
NaN NaN NaN
-0.308053718 -0.196 -5.91201974
-0.351 -0.0935 -6.069
NaN NaN NaN
-0.308053718 -0.196 -5.91201974
-0.304 -0.196 -6.075
NaN NaN NaN
0.30795383 -0.196 -5.91603575
0.290109835 -0.215973449 -5.91673323
NaN NaN NaN
0.30795383 -0.196 -5.91603575
0.351 -0.0935 -6.069
NaN NaN NaN
0.30795383 -0.196 -5.91603575
0.304 -0.196 -6.075
NaN NaN NaN
0.58 0.39 -6.049
0.506 0.308 -6.061
NaN NaN NaN
0.58 0.39 -6.049
0.547437714 0.388599472 -6.17866559
NaN NaN NaN
-0.58 0.39 -6.049
-0.506 0.308 -6.061
NaN NaN NaN
-0.58 0.39 -6.049
-0.545374191 0.388510718 -6.1868827
NaN NaN NaN
-0.289756233 -0.216481913 -5.91270423
-0.118612791 -0.318627068 -5.91633299
NaN NaN NaN
-0.289756233 -0.216481913 -5.91270423
-0.304 -0.196 -6.075
NaN NaN NaN
-0.289756233 -0.216481913 -5.91270423
-0.2085 -0.253 -6.077
NaN NaN NaN
0.290109835 -0.215973449 -5.91673323
0.118484463 -0.318429823 -5.92005214
NaN NaN NaN
0.290109835 -0.215973449 -5.91673323
0.304 -0.196 -6.075
NaN NaN NaN
0.290109835 -0.215973449 -5.91673323
0.2085 -0.253 -6.077
NaN NaN NaN
0.0 -0.353706933 -5.89478161
-0.118612791 -0.318627068 -5.91633299
NaN NaN NaN
0.0 -0.353706933 -5.89478161
0.118484463 -0.318429823 -5.92005214
NaN NaN NaN
0.0 -0.353706933 -5.89478161
0.0 -0.343 -6.065
NaN NaN NaN
0.506 0.308 -6.061
0.453044652 0.161392137 -6.06198065
NaN NaN NaN
0.506 0.308 -6.061
0.547437714 0.388599472 -6.17866559
NaN NaN NaN
0.506 0.308 -6.061
0.482158857 0.316140878 -6.18881178
NaN NaN NaN
0.506 0.308 -6.061
0.491653962 0.281573088 -6.19716152
NaN NaN NaN
-0.506 0.308 -6.061
-0.452800709 0.160716777 -6.06198517
NaN NaN NaN
-0.506 0.308 -6.061
-0.545374191 0.388510718 -6.1868827
NaN NaN NaN
-0.506 0.308 -6.061
-0.480600411 0.316673031 -6.19716658
NaN NaN NaN
-0.506 0.308 -6.061
-0.492170189 0.282524032 -6.19226189
NaN NaN NaN
-0.118612791 -0.318627068 -5.91633299
-0.2085 -0.253 -6.077
NaN NaN NaN
-0.118612791 -0.318627068 -5.91633299
0.0 -0.343 -6.065
NaN NaN NaN
-0.118612791 -0.318627068 -5.91633299
-0.113 -0.31 -6.079
NaN NaN NaN
0.118484463 -0.318429823 -5.92005214
0.2085 -0.253 -6.077
NaN NaN NaN
0.118484463 -0.318429823 -5.92005214
0.0 -0.343 -6.065
NaN NaN NaN
0.118484463 -0.318429823 -5.92005214
0.113 -0.31 -6.079
NaN NaN NaN
0.453044652 0.161392137 -6.06198065
0.398 0.009 -6.063
NaN NaN NaN
0.453044652 0.161392137 -6.06198065
0.491653962 0.281573088 -6.19716152
NaN NaN NaN
0.453044652 0.161392137 -6.06198065
0.397227544 0.0204580994 -6.20204211
NaN NaN NaN
-0.452800709 0.160716777 -6.06198517
-0.398 0.009 -6.063
NaN NaN NaN
-0.452800709 0.160716777 -6.06198517
-0.492170189 0.282524032 -6.19226189
NaN NaN NaN
-0.452800709 0.160716777 -6.06198517
-0.443342666 0.150199115 -6.22235872
NaN NaN NaN
-0.452800709 0.160716777 -6.06198517
-0.397254008 0.0200655539 -6.19727863
NaN NaN NaN
0.087564618 0.920704202 -6.24983891
0.0 0.943605933 -6.25562323
NaN NaN NaN
0.087564618 0.920704202 -6.24983891
0.142419005 0.719288737 -6.25252617
NaN NaN NaN
0.087564618 0.920704202 -6.24983891
0.0739951 0.856823086 -6.38866552
NaN NaN NaN
0.087564618 0.920704202 -6.24983891
0.0 0.87622927 -6.39319698
NaN NaN NaN
-0.087564618 0.920704202 -6.24983891
0.0 0.943605933 -6.25562323
NaN NaN NaN
-0.087564618 0.920704202 -6.24983891
-0.142352929 0.719263819 -6.25289167
NaN NaN NaN
-0.087564618 0.920704202 -6.24983891
-0.0739951 0.856823086 -6.38866552
NaN NaN NaN
-0.087564618 0.920704202 -6.24983891
0.0 0.87622927 -6.39319698
NaN NaN NaN
0.0 0.943605933 -6.25562323
0.0 0.87622927 -6.39319698
NaN NaN NaN
0.398 0.009 -6.063
0.351 -0.0935 -6.069
NaN NaN NaN
0.398 0.009 -6.063
0.397227544 0.0204580994 -6.20204211
NaN NaN NaN
0.398 0.009 -6.063
0.384699938 -0.0149652064 -6.19976479
NaN NaN NaN
-0.398 0.009 -6.063
-0.351 -0.0935 -6.069
NaN NaN NaN
-0.398 0.009 -6.063
-0.397254008 0.0200655539 -6.19727863
NaN NaN NaN
-0.398 0.009 -6.063
-0.385049625 -0.0143351101 -6.19616895
NaN NaN NaN
0.160763566 0.577422965 -6.20233624
0.201550665 0.559603134 -6.2044216
NaN NaN NaN
0.160763566 0.577422965 -6.20233624
0.142419005 0.719288737 -6.25252617
NaN NaN NaN
0.160763566 0.577422965 -6.20233624
0.137410876 0.567635441 -6.33867474
NaN NaN NaN
-0.160554695 0.577335424 -6.20355568
-0.202002768 0.558777553 -6.20876573
NaN NaN NaN
-0.160554695 0.577335424 -6.20355568
-0.142352929 0.719263819 -6.25289167
NaN NaN NaN
-0.160554695 0.577335424 -6.20355568
-0.137226015 0.567557962 -6.339754
NaN NaN NaN
0.201550665 0.559603134 -6.2044216
0.372512311 0.471453696 -6.21806732
NaN NaN NaN
0.201550665 0.559603134 -6.2044216
0.137410876 0.567635441 -6.33867474
NaN NaN NaN
0.201550665 0.559603134 -6.2044216
0.216089428 0.533054088 -6.34412015
NaN NaN NaN
-0.202002768 0.558777553 -6.20876573
-0.371989837 0.470879825 -6.22415725
NaN NaN NaN
-0.202002768 0.558777553 -6.20876573
-0.137226015 0.567557962 -6.339754
NaN NaN NaN
-0.202002768 0.558777553 -6.20876573
-0.216726501 0.531890736 -6.3502416
NaN NaN NaN
0.142419005 0.719288737 -6.25252617
0.0739951 0.856823086 -6.38866552
NaN NaN NaN
0.142419005 0.719288737 -6.25252617
0.137410876 0.567635441 -6.33867474
NaN NaN NaN
0.142419005 0.719288737 -6.25252617
0.103736292 0.690005513 -6.46953271
NaN NaN NaN
0.351 -0.0935 -6.069
0.304 -0.196 -6.075
NaN NaN NaN
0.351 -0.0935 -6.069
0.384699938 -0.0149652064 -6.19976479
NaN NaN NaN
0.351 -0.0935 -6.069
0.302497327 -0.194246881 -6.20999014
NaN NaN NaN
-0.351 -0.0935 -6.069
-0.304 -0.196 -6.075
NaN NaN NaN
-0.351 -0.0935 -6.069
-0.385049625 -0.0143351101 -6.19616895
NaN NaN NaN
-0.351 -0.0935 -6.069
-0.30231607 -0.194035415 -6.22627301
NaN NaN NaN
-0.142352929 0.719263819 -6.25289167
-0.0739951 0.856823086 -6.38866552
NaN NaN NaN
-0.142352929 0.719263819 -6.25289167
-0.137226015 0.567557962 -6.339754
NaN NaN NaN
-0.142352929 0.719263819 -6.25289167
-0.103724619 0.690001265 -6.46959541
NaN NaN NaN
0.547437714 0.388599472 -6.17866559
0.372512311 0.471453696 -6.21806732
NaN NaN NaN
0.547437714 0.388599472 -6.17866559
0.482158857 0.316140878 -6.18881178
NaN NaN NaN
0.547437714 0.388599472 -6.17866559
0.514152992 0.387167871 -6.31120798
NaN NaN NaN
-0.545374191 0.388510718 -6.1868827
-0.371989837 0.470879825 -6.22415725
NaN NaN NaN
-0.545374191 0.388510718 -6.1868827
-0.480600411 0.316673031 -6.19716658
NaN NaN NaN
-0.545374191 0.388510718 -6.1868827
-0.509801223 0.386980698 -6.32853707
NaN NaN NaN
0.372512311 0.471453696 -6.21806732
0.216089428 0.533054088 -6.34412015
NaN NaN NaN
0.372512311 0.471453696 -6.21806732
0.514152992 0.387167871 -6.31120798
NaN NaN NaN
0.372512311 0.471453696 -6.21806732
0.359359367 0.455381114 -6.38319848
NaN NaN NaN
-0.371989837 0.470879825 -6.22415725
-0.216726501 0.531890736 -6.3502416
NaN NaN NaN
-0.371989837 0.470879825 -6.22415725
-0.509801223 0.386980698 -6.32853707
NaN NaN NaN
-0.371989837 0.470879825 -6.22415725
-0.357942076 0.454542452 -6.39449716
NaN NaN NaN
0.482158857 0.316140878 -6.18881178
0.491653962 0.281573088 -6.19716152
NaN NaN NaN
0.482158857 0.316140878 -6.18881178
0.514152992 0.387167871 -6.31120798
NaN NaN NaN
0.482158857 0.316140878 -6.18881178
0.457828101 0.324448941 -6.31924837
NaN NaN NaN
0.304 -0.196 -6.075
0.2085 -0.253 -6.077
NaN NaN NaN
0.304 -0.196 -6.075
0.267128257 -0.201943143 -6.20453625
NaN NaN NaN
0.304 -0.196 -6.075
0.302497327 -0.194246881 -6.20999014
NaN NaN NaN
-0.304 -0.196 -6.075
-0.2085 -0.253 -6.077
NaN NaN NaN
-0.304 -0.196 -6.075
-0.267222746 -0.201927913 -6.2042043
NaN NaN NaN
-0.304 -0.196 -6.075
-0.30231607 -0.194035415 -6.22627301
NaN NaN NaN
-0.480600411 0.316673031 -6.19716658
-0.492170189 0.282524032 -6.19226189
NaN NaN NaN
-0.480600411 0.316673031 -6.19716658
-0.509801223 0.386980698 -6.32853707
NaN NaN NaN
-0.480600411 0.316673031 -6.19716658
-0.454538633 0.325572174 -6.33688314
NaN NaN NaN
-0.480600411 0.316673031 -6.19716658
-0.477990794 0.256404094 -6.32684176
NaN NaN NaN
-0.492170189 0.282524032 -6.19226189
-0.443342666 0.150199115 -6.22235872
NaN NaN NaN
-0.492170189 0.282524032 -6.19226189
-0.477990794 0.256404094 -6.32684176
NaN NaN NaN
0.491653962 0.281573088 -6.19716152
0.397227544 0.0204580994 -6.20204211
NaN NaN NaN
0.491653962 0.281573088 -6.19716152
0.457828101 0.324448941 -6.31924837
NaN NaN NaN
0.491653962 0.281573088 -6.19716152
0.476909062 0.25441143 -6.33710873
NaN NaN NaN
0.2085 -0.253 -6.077
0.113 -0.31 -6.079
NaN NaN NaN
0.2085 -0.253 -6.077
0.164343365 -0.262156666 -6.18507931
NaN NaN NaN
0.2085 -0.253 -6.077
0.267128257 -0.201943143 -6.20453625
NaN NaN NaN
-0.2085 -0.253 -6.077
-0.113 -0.31 -6.079
NaN NaN NaN
-0.2085 -0.253 -6.077
-0.267222746 -0.201927913 -6.2042043
NaN NaN NaN
-0.2085 -0.253 -6.077
-0.135808364 -0.272628668 -6.21814519
NaN NaN NaN
0.0 -0.343 -6.065
0.113 -0.31 -6.079
NaN NaN NaN
0.0 -0.343 -6.065
-0.113 -0.31 -6.079
NaN NaN NaN
0.0 -0.343 -6.065
0.0 -0.328936867 -6.21969447
NaN NaN NaN
0.113 -0.31 -6.079
0.164343365 -0.262156666 -6.18507931
NaN NaN NaN
0.113 -0.31 -6.079
0.0 -0.328936867 -6.21969447
NaN NaN NaN
-0.113 -0.31 -6.079
-0.135808364 -0.272628668 -6.21814519
NaN NaN NaN
-0.113 -0.31 -6.079
0.0 -0.328936867 -6.21969447
NaN NaN NaN
-0.443342666 0.150199115 -6.22235872
-0.397254008 0.0200655539 -6.19727863
NaN NaN NaN
-0.443342666 0.150199115 -6.22235872
-0.477990794 0.256404094 -6.32684176
NaN NaN NaN
-0.443342666 0.150199115 -6.22235872
-0.396497633 0.0312851173 -6.33342614
NaN NaN NaN
-0.397254008 0.0200655539 -6.19727863
-0.385049625 -0.0143351101 -6.19616895
NaN NaN NaN
-0.397254008 0.0200655539 -6.19727863
-0.396497633 0.0312851173 -6.33342614
NaN NaN NaN
0.397227544 0.0204580994 -6.20204211
0.384699938 -0.0149652064 -6.19976479
NaN NaN NaN
0.397227544 0.0204580994 -6.20204211
0.476909062 0.25441143 -6.33710873
NaN NaN NaN
0.397227544 0.0204580994 -6.20204211
0.396442953 0.0320961898 -6.34326837
NaN NaN NaN
0.397227544 0.0204580994 -6.20204211
0.371195889 -0.0392979737 -6.33862718
NaN NaN NaN
-0.385049625 -0.0143351101 -6.19616895
-0.30231607 -0.194035415 -6.22627301
NaN NaN NaN
-0.385049625 -0.0143351101 -6.19616895
-0.396497633 0.0312851173 -6.33342614
NaN NaN NaN
-0.385049625 -0.0143351101 -6.19616895
-0.371917736 -0.0379972863 -6.33120441
NaN NaN NaN
0.384699938 -0.0149652064 -6.19976479
0.302497327 -0.194246881 -6.20999014
NaN NaN NaN
0.384699938 -0.0149652064 -6.19976479
0.371195889 -0.0392979737 -6.33862718
NaN NaN NaN
0.0739951 0.856823086 -6.38866552
0.0 0.87622927 -6.39319698
NaN NaN NaN
0.0739951 0.856823086 -6.38866552
0.103736292 0.690005513 -6.46953271
NaN NaN NaN
0.0739951 0.856823086 -6.38866552
0.0625025569 0.802719729 -6.50624307
NaN NaN NaN
0.0739951 0.856823086 -6.38866552
0.0 0.819175074 -6.50969369
NaN NaN NaN
-0.0739951 0.856823086 -6.38866552
0.0 0.87622927 -6.39319698
NaN NaN NaN
-0.0739951 0.856823086 -6.38866552
-0.103724619 0.690001265 -6.46959541
NaN NaN NaN
-0.0739951 0.856823086 -6.38866552
-0.0625025569 0.802719729 -6.50624307
NaN NaN NaN
-0.0739951 0.856823086 -6.38866552
0.0 0.819175074 -6.50969369
NaN NaN NaN
0.0 0.87622927 -6.39319698
0.0 0.819175074 -6.50969369
NaN NaN NaN
0.137410876 0.567635441 -6.33867474
0.216089428 0.533054088 -6.34412015
NaN NaN NaN
0.137410876 0.567635441 -6.33867474
0.103736292 0.690005513 -6.46953271
NaN NaN NaN
0.137410876 0.567635441 -6.33867474
0.116473786 0.558860337 -6.4609104
NaN NaN NaN
-0.137226015 0.567557962 -6.339754
-0.216726501 0.531890736 -6.3502416
NaN NaN NaN
-0.137226015 0.567557962 -6.339754
-0.103724619 0.690001265 -6.46959541
NaN NaN NaN
-0.137226015 0.567557962 -6.339754
-0.116430007 0.558841988 -6.46116599
NaN NaN NaN
-0.137226015 0.567557962 -6.339754
-0.230138533 0.507399201 -6.47911373
NaN NaN NaN
0.216089428 0.533054088 -6.34412015
0.359359367 0.455381114 -6.38319848
NaN NaN NaN
0.216089428 0.533054088 -6.34412015
0.116473786 0.558860337 -6.4609104
NaN NaN NaN
0.216089428 0.533054088 -6.34412015
0.229340566 0.508856358 -6.47144631
NaN NaN NaN
0.514152992 0.387167871 -6.31120798
0.457828101 0.324448941 -6.31924837
NaN NaN NaN
0.514152992 0.387167871 -6.31120798
0.359359367 0.455381114 -6.38319848
NaN NaN NaN
0.514152992 0.387167871 -6.31120798
0.480159586 0.385705789 -6.4465724
NaN NaN NaN
-0.216726501 0.531890736 -6.3502416
-0.357942076 0.454542452 -6.39449716
NaN NaN NaN
-0.216726501 0.531890736 -6.3502416
-0.230138533 0.507399201 -6.47911373
NaN NaN NaN
-0.509801223 0.386980698 -6.32853707
-0.454538633 0.325572174 -6.33688314
NaN NaN NaN
-0.509801223 0.386980698 -6.32853707
-0.357942076 0.454542452 -6.39449716
NaN NaN NaN
-0.509801223 0.386980698 -6.32853707
-0.473492646 0.385419039 -6.47312068
NaN NaN NaN
0.457828101 0.324448941 -6.31924837
0.476909062 0.25441143 -6.33710873
NaN NaN NaN
0.457828101 0.324448941 -6.31924837
0.480159586 0.385705789 -6.4465724
NaN NaN NaN
0.457828101 0.324448941 -6.31924837
0.432959104 0.332940794 -6.45257046
NaN NaN NaN
0.164343365 -0.262156666 -6.18507931
0.267128257 -0.201943143 -6.20453625
NaN NaN NaN
0.164343365 -0.262156666 -6.18507931
0.0 -0.328936867 -6.21969447
NaN NaN NaN
0.164343365 -0.262156666 -6.18507931
0.229638665 -0.207985873 -6.33624311
NaN NaN NaN
-0.267222746 -0.201927913 -6.2042043
-0.30231607 -0.194035415 -6.22627301
NaN NaN NaN
-0.267222746 -0.201927913 -6.2042043
-0.135808364 -0.272628668 -6.21814519
NaN NaN NaN
-0.267222746 -0.201927913 -6.2042043
-0.229951968 -0.207935374 -6.33514243
NaN NaN NaN
-0.267222746 -0.201927913 -6.2042043
-0.300598223 -0.192031261 -6.38059293
NaN NaN NaN
0.267128257 -0.201943143 -6.20453625
0.302497327 -0.194246881 -6.20999014
NaN NaN NaN
0.267128257 -0.201943143 -6.20453625
0.229638665 -0.207985873 -6.33624311
NaN NaN NaN
0.302497327 -0.194246881 -6.20999014
0.371195889 -0.0392979737 -6.33862718
NaN NaN NaN
0.302497327 -0.194246881 -6.20999014
0.229638665 -0.207985873 -6.33624311
NaN NaN NaN
0.302497327 -0.194246881 -6.20999014
0.30097369 -0.192469305 -6.34686351
NaN NaN NaN
-0.454538633 0.325572174 -6.33688314
-0.477990794 0.256404094 -6.32684176
NaN NaN NaN
-0.454538633 0.325572174 -6.33688314
-0.473492646 0.385419039 -6.47312068
NaN NaN NaN
-0.454538633 0.325572174 -6.33688314
-0.42791795 0.334662163 -6.47959597
NaN NaN NaN
-0.477990794 0.256404094 -6.32684176
-0.396497633 0.0312851173 -6.33342614
NaN NaN NaN
-0.477990794 0.256404094 -6.32684176
-0.42791795 0.334662163 -6.47959597
NaN NaN NaN
-0.477990794 0.256404094 -6.32684176
-0.463478317 0.229670585 -6.46458299
NaN NaN NaN
-0.30231607 -0.194035415 -6.22627301
-0.371917736 -0.0379972863 -6.33120441
NaN NaN NaN
-0.30231607 -0.194035415 -6.22627301
-0.300598223 -0.192031261 -6.38059293
NaN NaN NaN
0.359359367 0.455381114 -6.38319848
0.229340566 0.508856358 -6.47144631
NaN NaN NaN
0.359359367 0.455381114 -6.38319848
0.480159586 0.385705789 -6.4465724
NaN NaN NaN
0.359359367 0.455381114 -6.38319848
0.34390132 0.446048881 -6.50777671
NaN NaN NaN
0.476909062 0.25441143 -6.33710873
0.396442953 0.0320961898 -6.34326837
NaN NaN NaN
0.476909062 0.25441143 -6.33710873
0.432959104 0.332940794 -6.45257046
NaN NaN NaN
0.476909062 0.25441143 -6.33710873
0.461830788 0.226635662 -6.48022007
NaN NaN NaN
-0.135808364 -0.272628668 -6.21814519
0.0 -0.328936867 -6.21969447
NaN NaN NaN
-0.135808364 -0.272628668 -6.21814519
-0.229951968 -0.207935374 -6.33514243
NaN NaN NaN
-0.135808364 -0.272628668 -6.21814519
0.0 -0.314803512 -6.37516137
NaN NaN NaN
-0.357942076 0.454542452 -6.39449716
-0.230138533 0.507399201 -6.47911373
NaN NaN NaN
-0.357942076 0.454542452 -6.39449716
-0.473492646 0.385419039 -6.47312068
NaN NaN NaN
-0.357942076 0.454542452 -6.39449716
-0.345503714 0.444685212 -6.51181264
NaN NaN NaN
0.0 -0.328936867 -6.21969447
0.229638665 -0.207985873 -6.33624311
NaN NaN NaN
0.0 -0.328936867 -6.21969447
0.0 -0.314803512 -6.37516137
NaN NaN NaN
0.103736292 0.690005513 -6.46953271
0.0625025569 0.802719729 -6.50624307
NaN NaN NaN
0.103736292 0.690005513 -6.46953271
0.116473786 0.558860337 -6.4609104
NaN NaN NaN
0.103736292 0.690005513 -6.46953271
0.0529029704 0.75752783 -6.60445423
NaN NaN NaN
0.103736292 0.690005513 -6.46953271
0.0980870972 0.551154151 -6.56825621
NaN NaN NaN
0.103736292 0.690005513 -6.46953271
0.0791105481 0.658119493 -6.61105557
NaN NaN NaN
-0.103724619 0.690001265 -6.46959541
-0.0625025569 0.802719729 -6.50624307
NaN NaN NaN
-0.103724619 0.690001265 -6.46959541
-0.116430007 0.558841988 -6.46116599
NaN NaN NaN
-0.103724619 0.690001265 -6.46959541
-0.0529029704 0.75752783 -6.60445423
NaN NaN NaN
-0.103724619 0.690001265 -6.46959541
-0.0982294414 0.55121381 -6.56742517
NaN NaN NaN
-0.103724619 0.690001265 -6.46959541
-0.0791105481 0.658119493 -6.61105557
NaN NaN NaN
-0.396497633 0.0312851173 -6.33342614
-0.371917736 -0.0379972863 -6.33120441
NaN NaN NaN
-0.396497633 0.0312851173 -6.33342614
-0.463478317 0.229670585 -6.46458299
NaN NaN NaN
-0.396497633 0.0312851173 -6.33342614
-0.395728845 0.0426888012 -6.47180792
NaN NaN NaN
0.0625025569 0.802719729 -6.50624307
0.0 0.819175074 -6.50969369
NaN NaN NaN
0.0625025569 0.802719729 -6.50624307
0.0 0.771530926 -6.60697639
NaN NaN NaN
0.0625025569 0.802719729 -6.50624307
0.0529029704 0.75752783 -6.60445423
NaN NaN NaN
-0.0625025569 0.802719729 -6.50624307
0.0 0.819175074 -6.50969369
NaN NaN NaN
-0.0625025569 0.802719729 -6.50624307
0.0 0.771530926 -6.60697639
NaN NaN NaN
-0.0625025569 0.802719729 -6.50624307
-0.0529029704 0.75752783 -6.60445423
NaN NaN NaN
0.0 0.819175074 -6.50969369
0.0 0.771530926 -6.60697639
NaN NaN NaN
0.116473786 0.558860337 -6.4609104
0.229340566 0.508856358 -6.47144631
NaN NaN NaN
0.116473786 0.558860337 -6.4609104
0.0980870972 0.551154151 -6.56825621
NaN NaN NaN
-0.116430007 0.558841988 -6.46116599
-0.230138533 0.507399201 -6.47911373
NaN NaN NaN
-0.116430007 0.558841988 -6.46116599
-0.0982294414 0.55121381 -6.56742517
NaN NaN NaN
0.396442953 0.0320961898 -6.34326837
0.371195889 -0.0392979737 -6.33862718
NaN NaN NaN
0.396442953 0.0320961898 -6.34326837
0.461830788 0.226635662 -6.48022007
NaN NaN NaN
0.396442953 0.0320961898 -6.34326837
0.395645972 0.0439180788 -6.486725
NaN NaN NaN
0.396442953 0.0320961898 -6.34326837
0.357482997 -0.0640070533 -6.47963711
NaN NaN NaN
-0.371917736 -0.0379972863 -6.33120441
-0.300598223 -0.192031261 -6.38059293
NaN NaN NaN
-0.371917736 -0.0379972863 -6.33120441
-0.395728845 0.0426888012 -6.47180792
NaN NaN NaN
-0.371917736 -0.0379972863 -6.33120441
-0.358576183 -0.0620372544 -6.46839585
NaN NaN NaN
0.371195889 -0.0392979737 -6.33862718
0.30097369 -0.192469305 -6.34686351
NaN NaN NaN
0.371195889 -0.0392979737 -6.33862718
0.357482997 -0.0640070533 -6.47963711
NaN NaN NaN
0.229340566 0.508856358 -6.47144631
0.34390132 0.446048881 -6.50777671
NaN NaN NaN
0.229340566 0.508856358 -6.47144631
0.0980870972 0.551154151 -6.56825621
NaN NaN NaN
0.229340566 0.508856358 -6.47144631
0.241306855 0.487004873 -6.58642674
NaN NaN NaN
0.480159586 0.385705789 -6.4465724
0.432959104 0.332940794 -6.45257046
NaN NaN NaN
0.480159586 0.385705789 -6.4465724
0.34390132 0.446048881 -6.50777671
NaN NaN NaN
0.480159586 0.385705789 -6.4465724
0.445513344 0.384215628 -6.58453647
NaN NaN NaN
-0.230138533 0.507399201 -6.47911373
-0.345503714 0.444685212 -6.51181264
NaN NaN NaN
-0.230138533 0.507399201 -6.47911373
-0.0982294414 0.55121381 -6.56742517
NaN NaN NaN
-0.230138533 0.507399201 -6.47911373
-0.242248999 0.485284437 -6.59547951
NaN NaN NaN
0.432959104 0.332940794 -6.45257046
0.461830788 0.226635662 -6.48022007
NaN NaN NaN
0.432959104 0.332940794 -6.45257046
0.445513344 0.384215628 -6.58453647
NaN NaN NaN
0.432959104 0.332940794 -6.45257046
0.407594125 0.341602006 -6.58855149
NaN NaN NaN
-0.229951968 -0.207935374 -6.33514243
-0.300598223 -0.192031261 -6.38059293
NaN NaN NaN
-0.229951968 -0.207935374 -6.33514243
0.0 -0.314803512 -6.37516137
NaN NaN NaN
-0.229951968 -0.207935374 -6.33514243
-0.192081385 -0.214039514 -6.46818777
NaN NaN NaN
0.229638665 -0.207985873 -6.33624311
0.30097369 -0.192469305 -6.34686351
NaN NaN NaN
0.229638665 -0.207985873 -6.33624311
0.0 -0.314803512 -6.37516137
NaN NaN NaN
0.229638665 -0.207985873 -6.33624311
0.191581299 -0.214120119 -6.46994465
NaN NaN NaN
-0.473492646 0.385419039 -6.47312068
-0.42791795 0.334662163 -6.47959597
NaN NaN NaN
-0.473492646 0.385419039 -6.47312068
-0.345503714 0.444685212 -6.51181264
NaN NaN NaN
-0.473492646 0.385419039 -6.47312068
-0.436510144 0.383828393 -6.62038792
NaN NaN NaN
0.30097369 -0.192469305 -6.34686351
0.357482997 -0.0640070533 -6.47963711
NaN NaN NaN
0.30097369 -0.192469305 -6.34686351
0.191581299 -0.214120119 -6.46994465
NaN NaN NaN
0.30097369 -0.192469305 -6.34686351
0.299425275 -0.190662821 -6.48596276
NaN NaN NaN
-0.42791795 0.334662163 -6.47959597
-0.463478317 0.229670585 -6.46458299
NaN NaN NaN
-0.42791795 0.334662163 -6.47959597
-0.436510144 0.383828393 -6.62038792
NaN NaN NaN
-0.42791795 0.334662163 -6.47959597
-0.400785766 0.343926812 -6.62505094
NaN NaN NaN
-0.42791795 0.334662163 -6.47959597
-0.448659966 0.202373622 -6.60522734
NaN NaN NaN
0.34390132 0.446048881 -6.50777671
0.241306855 0.487004873 -6.58642674
NaN NaN NaN
0.34390132 0.446048881 -6.50777671
0.445513344 0.384215628 -6.58453647
NaN NaN NaN
0.34390132 0.446048881 -6.50777671
0.344079641 0.430660103 -6.61901885
NaN NaN NaN
-0.345503714 0.444685212 -6.51181264
-0.242248999 0.485284437 -6.59547951
NaN NaN NaN
-0.345503714 0.444685212 -6.51181264
-0.436510144 0.383828393 -6.62038792
NaN NaN NaN
-0.463478317 0.229670585 -6.46458299
-0.395728845 0.0426888012 -6.47180792
NaN NaN NaN
-0.463478317 0.229670585 -6.46458299
-0.448659966 0.202373622 -6.60522734
NaN NaN NaN
-0.300598223 -0.192031261 -6.38059293
-0.358576183 -0.0620372544 -6.46839585
NaN NaN NaN
-0.300598223 -0.192031261 -6.38059293
-0.192081385 -0.214039514 -6.46818777
NaN NaN NaN
-0.300598223 -0.192031261 -6.38059293
-0.298854547 -0.189996971 -6.53723319
NaN NaN NaN
0.461830788 0.226635662 -6.48022007
0.395645972 0.0439180788 -6.486725
NaN NaN NaN
0.461830788 0.226635662 -6.48022007
0.407594125 0.341602006 -6.58855149
NaN NaN NaN
0.461830788 0.226635662 -6.48022007
0.44644677 0.198296682 -6.62623329
NaN NaN NaN
0.461830788 0.226635662 -6.48022007
0.394837777 0.0559063032 -6.63220008
NaN NaN NaN
0.0 0.771530926 -6.60697639
0.0529029704 0.75752783 -6.60445423
NaN NaN NaN
0.0 0.771530926 -6.60697639
-0.0529029704 0.75752783 -6.60445423
NaN NaN NaN
0.0 0.771530926 -6.60697639
0.0 0.732207407 -6.68726953
NaN NaN NaN
0.0529029704 0.75752783 -6.60445423
0.0791105481 0.658119493 -6.61105557
NaN NaN NaN
0.0529029704 0.75752783 -6.60445423
0.0 0.732207407 -6.68726953
NaN NaN NaN
0.0529029704 0.75752783 -6.60445423
0.0449771774 0.720215635 -6.68554118
NaN NaN NaN
-0.0529029704 0.75752783 -6.60445423
-0.0791105481 0.658119493 -6.61105557
NaN NaN NaN
-0.0529029704 0.75752783 -6.60445423
0.0 0.732207407 -6.68726953
NaN NaN NaN
-0.0529029704 0.75752783 -6.60445423
-0.0449771774 0.720215635 -6.68554118
NaN NaN NaN
-0.0982294414 0.55121381 -6.56742517
-0.0791105481 0.658119493 -6.61105557
NaN NaN NaN
-0.0982294414 0.55121381 -6.56742517
-0.242248999 0.485284437 -6.59547951
NaN NaN NaN
-0.0982294414 0.55121381 -6.56742517
-0.0826858032 0.544699197 -6.65817259
NaN NaN NaN
0.0980870972 0.551154151 -6.56825621
0.0791105481 0.658119493 -6.61105557
NaN NaN NaN
0.0980870972 0.551154151 -6.56825621
0.241306855 0.487004873 -6.58642674
NaN NaN NaN
0.0980870972 0.551154151 -6.56825621
0.0824617756 0.544605303 -6.65948052
NaN NaN NaN
0.0 -0.314803512 -6.37516137
-0.192081385 -0.214039514 -6.46818777
NaN NaN NaN
0.0 -0.314803512 -6.37516137
0.191581299 -0.214120119 -6.46994465
NaN NaN NaN
0.0 -0.314803512 -6.37516137
0.0 -0.300607054 -6.5313224
NaN NaN NaN
-0.395728845 0.0426888012 -6.47180792
-0.358576183 -0.0620372544 -6.46839585
NaN NaN NaN
-0.395728845 0.0426888012 -6.47180792
-0.448659966 0.202373622 -6.60522734
NaN NaN NaN
-0.395728845 0.0426888012 -6.47180792
-0.394948774 0.0542598487 -6.61222064
NaN NaN NaN
-0.0791105481 0.658119493 -6.61105557
-0.0449771774 0.720215635 -6.68554118
NaN NaN NaN
-0.0791105481 0.658119493 -6.61105557
-0.0826858032 0.544699197 -6.65817259
NaN NaN NaN
-0.0791105481 0.658119493 -6.61105557
-0.0652982638 0.63857464 -6.69065736
NaN NaN NaN
0.0791105481 0.658119493 -6.61105557
0.0449771774 0.720215635 -6.68554118
NaN NaN NaN
0.0791105481 0.658119493 -6.61105557
0.0824617756 0.544605303 -6.65948052
NaN NaN NaN
0.0791105481 0.658119493 -6.61105557
0.0652982638 0.63857464 -6.69065736
NaN NaN NaN
0.241306855 0.487004873 -6.58642674
0.344079641 0.430660103 -6.61901885
NaN NaN NaN
0.241306855 0.487004873 -6.58642674
0.0824617756 0.544605303 -6.65948052
NaN NaN NaN
0.241306855 0.487004873 -6.58642674
0.252041848 0.467401842 -6.68957602
NaN NaN NaN
0.395645972 0.0439180788 -6.486725
0.357482997 -0.0640070533 -6.47963711
NaN NaN NaN
0.395645972 0.0439180788 -6.486725
0.394837777 0.0559063032 -6.63220008
NaN NaN NaN
0.395645972 0.0439180788 -6.486725
0.343580416 -0.0890579296 -6.62259761
NaN NaN NaN
-0.358576183 -0.0620372544 -6.46839585
-0.298854547 -0.189996971 -6.53723319
NaN NaN NaN
-0.358576183 -0.0620372544 -6.46839585
-0.394948774 0.0542598487 -6.61222064
NaN NaN NaN
-0.358576183 -0.0620372544 -6.46839585
-0.345043567 -0.086421497 -6.607552
NaN NaN NaN
-0.242248999 0.485284437 -6.59547951
-0.0826858032 0.544699197 -6.65817259
NaN NaN NaN
-0.242248999 0.485284437 -6.59547951
-0.436510144 0.383828393 -6.62038792
NaN NaN NaN
-0.242248999 0.485284437 -6.59547951
-0.1599152 0.506210215 -6.69478421
NaN NaN NaN
-0.242248999 0.485284437 -6.59547951
-0.253609868 0.464538501 -6.70464265
NaN NaN NaN
0.357482997 -0.0640070533 -6.47963711
0.299425275 -0.190662821 -6.48596276
NaN NaN NaN
0.357482997 -0.0640070533 -6.47963711
0.343580416 -0.0890579296 -6.62259761
NaN NaN NaN
0.445513344 0.384215628 -6.58453647
0.407594125 0.341602006 -6.58855149
NaN NaN NaN
0.445513344 0.384215628 -6.58453647
0.344079641 0.430660103 -6.61901885
NaN NaN NaN
0.445513344 0.384215628 -6.58453647
0.411326193 0.382745213 -6.7206724
NaN NaN NaN
0.407594125 0.341602006 -6.58855149
0.44644677 0.198296682 -6.62623329
NaN NaN NaN
0.407594125 0.341602006 -6.58855149
0.411326193 0.382745213 -6.7206724
NaN NaN NaN
0.407594125 0.341602006 -6.58855149
0.382313462 0.350234428 -6.72408051
NaN NaN NaN
-0.192081385 -0.214039514 -6.46818777
-0.298854547 -0.189996971 -6.53723319
NaN NaN NaN
-0.192081385 -0.214039514 -6.46818777
0.0 -0.300607054 -6.5313224
NaN NaN NaN
-0.192081385 -0.214039514 -6.46818777
-0.153663593 -0.220231855 -6.60315553
NaN NaN NaN
0.191581299 -0.214120119 -6.46994465
0.299425275 -0.190662821 -6.48596276
NaN NaN NaN
0.191581299 -0.214120119 -6.46994465
0.0 -0.300607054 -6.5313224
NaN NaN NaN
0.191581299 -0.214120119 -6.46994465
0.153009717 -0.22033725 -6.6054527
NaN NaN NaN
0.191581299 -0.214120119 -6.46994465
0.297854363 -0.18883009 -6.62708309
NaN NaN NaN
0.344079641 0.430660103 -6.61901885
0.252041848 0.467401842 -6.68957602
NaN NaN NaN
0.344079641 0.430660103 -6.61901885
0.411326193 0.382745213 -6.7206724
NaN NaN NaN
0.0 0.732207407 -6.68726953
0.0449771774 0.720215635 -6.68554118
NaN NaN NaN
0.0 0.732207407 -6.68726953
-0.0449771774 0.720215635 -6.68554118
NaN NaN NaN
0.0 0.732207407 -6.68726953
0.0 0.70006462 -6.75290061
NaN NaN NaN
0.0449771774 0.720215635 -6.68554118
0.0652982638 0.63857464 -6.69065736
NaN NaN NaN
0.0449771774 0.720215635 -6.68554118
0.0 0.70006462 -6.75290061
NaN NaN NaN
0.0449771774 0.720215635 -6.68554118
0.038496098 0.689704708 -6.75184761
NaN NaN NaN
-0.0449771774 0.720215635 -6.68554118
-0.0652982638 0.63857464 -6.69065736
NaN NaN NaN
-0.0449771774 0.720215635 -6.68554118
0.0 0.70006462 -6.75290061
NaN NaN NaN
-0.0449771774 0.720215635 -6.68554118
-0.038496098 0.689704708 -6.75184761
NaN NaN NaN
0.299425275 -0.190662821 -6.48596276
0.343580416 -0.0890579296 -6.62259761
NaN NaN NaN
0.299425275 -0.190662821 -6.48596276
0.297854363 -0.18883009 -6.62708309
NaN NaN NaN
-0.0826858032 0.544699197 -6.65817259
-0.0652982638 0.63857464 -6.69065736
NaN NaN NaN
-0.0826858032 0.544699197 -6.65817259
-0.1599152 0.506210215 -6.69478421
NaN NaN NaN
-0.0826858032 0.544699197 -6.65817259
-0.0696351765 0.539229449 -6.73436522
NaN NaN NaN
0.0824617756 0.544605303 -6.65948052
0.0652982638 0.63857464 -6.69065736
NaN NaN NaN
0.0824617756 0.544605303 -6.65948052
0.252041848 0.467401842 -6.68957602
NaN NaN NaN
0.0824617756 0.544605303 -6.65948052
0.0694212244 0.539139778 -6.73561432
NaN NaN NaN
0.0824617756 0.544605303 -6.65948052
0.136704923 0.505633692 -6.76733054
NaN NaN NaN
-0.436510144 0.383828393 -6.62038792
-0.400785766 0.343926812 -6.62505094
NaN NaN NaN
-0.436510144 0.383828393 -6.62038792
-0.253609868 0.464538501 -6.70464265
NaN NaN NaN
-0.436510144 0.383828393 -6.62038792
-0.400441947 0.382277073 -6.76401433
NaN NaN NaN
-0.400785766 0.343926812 -6.62505094
-0.448659966 0.202373622 -6.60522734
NaN NaN NaN
-0.400785766 0.343926812 -6.62505094
-0.400441947 0.382277073 -6.76401433
NaN NaN NaN
-0.400785766 0.343926812 -6.62505094
-0.374197805 0.353005628 -6.76758835
NaN NaN NaN
-0.400785766 0.343926812 -6.62505094
-0.433883987 0.175154714 -6.74546952
NaN NaN NaN
0.0652982638 0.63857464 -6.69065736
0.038496098 0.689704708 -6.75184761
NaN NaN NaN
0.0652982638 0.63857464 -6.69065736
0.0694212244 0.539139778 -6.73561432
NaN NaN NaN
0.0652982638 0.63857464 -6.69065736
0.05549845 0.611777027 -6.7553996
NaN NaN NaN
-0.0652982638 0.63857464 -6.69065736
-0.038496098 0.689704708 -6.75184761
NaN NaN NaN
-0.0652982638 0.63857464 -6.69065736
-0.0696351765 0.539229449 -6.73436522
NaN NaN NaN
-0.0652982638 0.63857464 -6.69065736
-0.0551531489 0.613115408 -6.75616377
NaN NaN NaN
-0.448659966 0.202373622 -6.60522734
-0.394948774 0.0542598487 -6.61222064
NaN NaN NaN
-0.448659966 0.202373622 -6.60522734
-0.433883987 0.175154714 -6.74546952
NaN NaN NaN
-0.1599152 0.506210215 -6.69478421
-0.253609868 0.464538501 -6.70464265
NaN NaN NaN
-0.1599152 0.506210215 -6.69478421
-0.0696351765 0.539229449 -6.73436522
NaN NaN NaN
-0.1599152 0.506210215 -6.69478421
-0.151396153 0.497299493 -6.78126107
NaN NaN NaN
-0.298854547 -0.189996971 -6.53723319
-0.345043567 -0.086421497 -6.607552
NaN NaN NaN
-0.298854547 -0.189996971 -6.53723319
-0.153663593 -0.220231855 -6.60315553
NaN NaN NaN
-0.298854547 -0.189996971 -6.53723319
-0.297097083 -0.187946597 -6.69511205
NaN NaN NaN
0.44644677 0.198296682 -6.62623329
0.394837777 0.0559063032 -6.63220008
NaN NaN NaN
0.44644677 0.198296682 -6.62623329
0.382313462 0.350234428 -6.72408051
NaN NaN NaN
0.44644677 0.198296682 -6.62623329
0.431594055 0.170936418 -6.76720379
NaN NaN NaN
0.252041848 0.467401842 -6.68957602
0.411326193 0.382745213 -6.7206724
NaN NaN NaN
0.252041848 0.467401842 -6.68957602
0.136704923 0.505633692 -6.76733054
NaN NaN NaN
0.252041848 0.467401842 -6.68957602
0.262483038 0.448335321 -6.78990224
NaN NaN NaN
-0.394948774 0.0542598487 -6.61222064
-0.345043567 -0.086421497 -6.607552
NaN NaN NaN
-0.394948774 0.0542598487 -6.61222064
-0.433883987 0.175154714 -6.74546952
NaN NaN NaN
-0.394948774 0.0542598487 -6.61222064
-0.394170719 0.0658010044 -6.75227062
NaN NaN NaN
-0.394948774 0.0542598487 -6.61222064
-0.331451095 -0.110913593 -6.74732365
NaN NaN NaN
-0.253609868 0.464538501 -6.70464265
-0.151396153 0.497299493 -6.78126107
NaN NaN NaN
-0.253609868 0.464538501 -6.70464265
-0.400441947 0.382277073 -6.76401433
NaN NaN NaN
-0.253609868 0.464538501 -6.70464265
-0.26517729 0.443415384 -6.81579048
NaN NaN NaN
0.0 -0.300607054 -6.5313224
-0.153663593 -0.220231855 -6.60315553
NaN NaN NaN
0.0 -0.300607054 -6.5313224
0.153009717 -0.22033725 -6.6054527
NaN NaN NaN
0.0 -0.300607054 -6.5313224
0.0 -0.286358603 -6.68805536
NaN NaN NaN
0.0 0.70006462 -6.75290061
0.038496098 0.689704708 -6.75184761
NaN NaN NaN
0.0 0.70006462 -6.75290061
-0.038496098 0.689704708 -6.75184761
NaN NaN NaN
0.0 0.70006462 -6.75290061
0.0 0.673999711 -6.80612152
NaN NaN NaN
0.038496098 0.689704708 -6.75184761
0.05549845 0.611777027 -6.7553996
NaN NaN NaN
0.038496098 0.689704708 -6.75184761
0.0 0.673999711 -6.80612152
NaN NaN NaN
0.038496098 0.689704708 -6.75184761
0.0332381821 0.664952057 -6.80564014
NaN NaN NaN
-0.038496098 0.689704708 -6.75184761
-0.0551531489 0.613115408 -6.75616377
NaN NaN NaN
-0.038496098 0.689704708 -6.75184761
0.0 0.673999711 -6.80612152
NaN NaN NaN
-0.038496098 0.689704708 -6.75184761
-0.0332381821 0.664952057 -6.80564014
NaN NaN NaN
-0.0696351765 0.539229449 -6.73436522
-0.0551531489 0.613115408 -6.75616377
NaN NaN NaN
-0.0696351765 0.539229449 -6.73436522
-0.151396153 0.497299493 -6.78126107
NaN NaN NaN
-0.0696351765 0.539229449 -6.73436522
-0.0588338014 0.534702402 -6.79742619
NaN NaN NaN
0.0694212244 0.539139778 -6.73561432
0.05549845 0.611777027 -6.7553996
NaN NaN NaN
0.0694212244 0.539139778 -6.73561432
0.136704923 0.505633692 -6.76733054
NaN NaN NaN
0.0694212244 0.539139778 -6.73561432
0.0587017635 0.534647063 -6.79819706
NaN NaN NaN
0.394837777 0.0559063032 -6.63220008
0.343580416 -0.0890579296 -6.62259761
NaN NaN NaN
0.394837777 0.0559063032 -6.63220008
0.431594055 0.170936418 -6.76720379
NaN NaN NaN
0.394837777 0.0559063032 -6.63220008
0.394054027 0.0675319322 -6.77327513
NaN NaN NaN
0.394837777 0.0559063032 -6.63220008
0.329849649 -0.113799217 -6.76379134
NaN NaN NaN
0.05549845 0.611777027 -6.7553996
0.0332381821 0.664952057 -6.80564014
NaN NaN NaN
0.05549845 0.611777027 -6.7553996
0.0404662291 0.62409995 -6.81396695
NaN NaN NaN
0.05549845 0.611777027 -6.7553996
0.0587017635 0.534647063 -6.79819706
NaN NaN NaN
0.05549845 0.611777027 -6.7553996
0.047220155 0.590718522 -6.81058615
NaN NaN NaN
-0.0551531489 0.613115408 -6.75616377
-0.0332381821 0.664952057 -6.80564014
NaN NaN NaN
-0.0551531489 0.613115408 -6.75616377
-0.0403551376 0.624514735 -6.81406096
NaN NaN NaN
-0.0551531489 0.613115408 -6.75616377
-0.0588338014 0.534702402 -6.79742619
NaN NaN NaN
-0.0551531489 0.613115408 -6.75616377
-0.0472250208 0.59104185 -6.81031056
NaN NaN NaN
-0.345043567 -0.086421497 -6.607552
-0.297097083 -0.187946597 -6.69511205
NaN NaN NaN
-0.345043567 -0.086421497 -6.607552
-0.331451095 -0.110913593 -6.74732365
NaN NaN NaN
0.411326193 0.382745213 -6.7206724
0.382313462 0.350234428 -6.72408051
NaN NaN NaN
0.411326193 0.382745213 -6.7206724
0.262483038 0.448335321 -6.78990224
NaN NaN NaN
0.411326193 0.382745213 -6.7206724
0.379774416 0.381388147 -6.84631406
NaN NaN NaN
0.343580416 -0.0890579296 -6.62259761
0.297854363 -0.18883009 -6.62708309
NaN NaN NaN
0.343580416 -0.0890579296 -6.62259761
0.329849649 -0.113799217 -6.76379134
NaN NaN NaN
0.382313462 0.350234428 -6.72408051
0.431594055 0.170936418 -6.76720379
NaN NaN NaN
0.382313462 0.350234428 -6.72408051
0.379774416 0.381388147 -6.84631406
NaN NaN NaN
0.382313462 0.350234428 -6.72408051
0.359005063 0.358193393 -6.84903627
NaN NaN NaN
-0.153663593 -0.220231855 -6.60315553
-0.297097083 -0.187946597 -6.69511205
NaN NaN NaN
-0.153663593 -0.220231855 -6.60315553
0.0 -0.286358603 -6.68805536
NaN NaN NaN
-0.153663593 -0.220231855 -6.60315553
-0.114911292 -0.226478114 -6.73929849
NaN NaN NaN
0.136704923 0.505633692 -6.76733054
0.0587017635 0.534647063 -6.79819706
NaN NaN NaN
0.136704923 0.505633692 -6.76733054
0.262483038 0.448335321 -6.78990224
NaN NaN NaN
0.136704923 0.505633692 -6.76733054
0.0895700738 0.516424065 -6.83236344
NaN NaN NaN
0.136704923 0.505633692 -6.76733054
0.142254738 0.488882475 -6.8661802
NaN NaN NaN
0.153009717 -0.22033725 -6.6054527
0.297854363 -0.18883009 -6.62708309
NaN NaN NaN
0.153009717 -0.22033725 -6.6054527
0.0 -0.286358603 -6.68805536
NaN NaN NaN
0.153009717 -0.22033725 -6.6054527
0.114430559 -0.226555601 -6.74098738
NaN NaN NaN
0.153009717 -0.22033725 -6.6054527
0.29629371 -0.187009328 -6.76728172
NaN NaN NaN
0.0 0.673999711 -6.80612152
0.0332381821 0.664952057 -6.80564014
NaN NaN NaN
0.0 0.673999711 -6.80612152
-0.0332381821 0.664952057 -6.80564014
NaN NaN NaN
0.0 0.673999711 -6.80612152
0.0 0.653 -6.849
NaN NaN NaN
0.0332381821 0.664952057 -6.80564014
0.0404662291 0.62409995 -6.81396695
NaN NaN NaN
0.0332381821 0.664952057 -6.80564014
0.0 0.653 -6.849
NaN NaN NaN
0.0332381821 0.664952057 -6.80564014
0.029 0.645 -6.849
NaN NaN NaN
-0.0332381821 0.664952057 -6.80564014
-0.0403551376 0.624514735 -6.81406096
NaN NaN NaN
-0.0332381821 0.664952057 -6.80564014
0.0 0.653 -6.849
NaN NaN NaN
-0.0332381821 0.664952057 -6.80564014
-0.029 0.645 -6.849
NaN NaN NaN
-0.151396153 0.497299493 -6.78126107
-0.0588338014 0.534702402 -6.79742619
NaN NaN NaN
-0.151396153 0.497299493 -6.78126107
-0.103707448 0.510686653 -6.83006465
NaN NaN NaN
-0.151396153 0.497299493 -6.78126107
-0.26517729 0.443415384 -6.81579048
NaN NaN NaN
-0.151396153 0.497299493 -6.78126107
-0.169091709 0.474603445 -6.88512369
NaN NaN NaN
0.297854363 -0.18883009 -6.62708309
0.329849649 -0.113799217 -6.76379134
NaN NaN NaN
0.297854363 -0.18883009 -6.62708309
0.29629371 -0.187009328 -6.76728172
NaN NaN NaN
0.0404662291 0.62409995 -6.81396695
0.047220155 0.590718522 -6.81058615
NaN NaN NaN
0.0404662291 0.62409995 -6.81396695
0.029 0.645 -6.849
NaN NaN NaN
0.0404662291 0.62409995 -6.81396695
0.0358623085 0.607747468 -6.849
NaN NaN NaN
-0.0403551376 0.624514735 -6.81406096
-0.0472250208 0.59104185 -6.81031056
NaN NaN NaN
-0.0403551376 0.624514735 -6.81406096
-0.029 0.645 -6.849
NaN NaN NaN
-0.0403551376 0.624514735 -6.81406096
-0.0357806461 0.608190778 -6.849
NaN NaN NaN
-0.0588338014 0.534702402 -6.79742619
-0.0472250208 0.59104185 -6.81031056
NaN NaN NaN
-0.0588338014 0.534702402 -6.79742619
-0.103707448 0.510686653 -6.83006465
NaN NaN NaN
-0.0588338014 0.534702402 -6.79742619
-0.0426924034 0.57066981 -6.849
NaN NaN NaN
-0.0588338014 0.534702402 -6.79742619
-0.05 0.531 -6.849
NaN NaN NaN
0.0587017635 0.534647063 -6.79819706
0.047220155 0.590718522 -6.81058615
NaN NaN NaN
0.0587017635 0.534647063 -6.79819706
0.0895700738 0.516424065 -6.83236344
NaN NaN NaN
0.0587017635 0.534647063 -6.79819706
0.0427246169 0.570494937 -6.849
NaN NaN NaN
0.0587017635 0.534647063 -6.79819706
0.05 0.531 -6.849
NaN NaN NaN
-0.0472250208 0.59104185 -6.81031056
-0.0357806461 0.608190778 -6.849
NaN NaN NaN
-0.0472250208 0.59104185 -6.81031056
-0.0426924034 0.57066981 -6.849
NaN NaN NaN
0.047220155 0.590718522 -6.81058615
0.0358623085 0.607747468 -6.849
NaN NaN NaN
0.047220155 0.590718522 -6.81058615
0.0427246169 0.570494937 -6.849
NaN NaN NaN
-0.400441947 0.382277073 -6.76401433
-0.374197805 0.353005628 -6.76758835
NaN NaN NaN
-0.400441947 0.382277073 -6.76401433
-0.26517729 0.443415384 -6.81579048
NaN NaN NaN
-0.400441947 0.382277073 -6.76401433
-0.365784094 0.380786413 -6.90202463
NaN NaN NaN
-0.374197805 0.353005628 -6.76758835
-0.433883987 0.175154714 -6.74546952
NaN NaN NaN
-0.374197805 0.353005628 -6.76758835
-0.365784094 0.380786413 -6.90202463
NaN NaN NaN
-0.374197805 0.353005628 -6.76758835
-0.348665137 0.3617241 -6.90446836
NaN NaN NaN
-0.374197805 0.353005628 -6.76758835
-0.419495088 0.148648846 -6.88203785
NaN NaN NaN
0.262483038 0.448335321 -6.78990224
0.142254738 0.488882475 -6.8661802
NaN NaN NaN
0.262483038 0.448335321 -6.78990224
0.379774416 0.381388147 -6.84631406
NaN NaN NaN
0.262483038 0.448335321 -6.78990224
0.272612837 0.429837427 -6.88723639
NaN NaN NaN
0.262483038 0.448335321 -6.78990224
0.205244911 0.456054527 -6.90591702
NaN NaN NaN
0.0 0.653 -6.849
0.029 0.645 -6.849
NaN NaN NaN
0.0 0.653 -6.849
-0.029 0.645 -6.849
NaN NaN NaN
0.0 0.653 -6.849
0.0 0.631200814 -6.89381791
NaN NaN NaN
-0.433883987 0.175154714 -6.74546952
-0.394170719 0.0658010044 -6.75227062
NaN NaN NaN
-0.433883987 0.175154714 -6.74546952
-0.419495088 0.148648846 -6.88203785
NaN NaN NaN
0.029 0.645 -6.849
0.0358623085 0.607747468 -6.849
NaN NaN NaN
0.029 0.645 -6.849
0.0 0.631200814 -6.89381791
NaN NaN NaN
0.029 0.645 -6.849
0.0245859445 0.62445181 -6.89374939
NaN NaN NaN
-0.029 0.645 -6.849
-0.0357806461 0.608190778 -6.849
NaN NaN NaN
-0.029 0.645 -6.849
0.0 0.631200814 -6.89381791
NaN NaN NaN
-0.029 0.645 -6.849
-0.0245859445 0.62445181 -6.89374939
NaN NaN NaN
-0.103707448 0.510686653 -6.83006465
-0.05 0.531 -6.849
NaN NaN NaN
-0.103707448 0.510686653 -6.83006465
-0.0851780479 0.509556807 -6.89258714
NaN NaN NaN
-0.103707448 0.510686653 -6.83006465
-0.169091709 0.474603445 -6.88512369
NaN NaN NaN
-0.0357806461 0.608190778 -6.849
-0.0426924034 0.57066981 -6.849
NaN NaN NaN
-0.0357806461 0.608190778 -6.849
-0.0329705416 0.586457904 -6.88618649
NaN NaN NaN
-0.0357806461 0.608190778 -6.849
-0.0245859445 0.62445181 -6.89374939
NaN NaN NaN
0.0358623085 0.607747468 -6.849
0.0427246169 0.570494937 -6.849
NaN NaN NaN
0.0358623085 0.607747468 -6.849
0.0329933168 0.586334268 -6.88618649
NaN NaN NaN
0.0358623085 0.607747468 -6.849
0.0245859445 0.62445181 -6.89374939
NaN NaN NaN
0.0895700738 0.516424065 -6.83236344
0.05 0.531 -6.849
NaN NaN NaN
0.0895700738 0.516424065 -6.83236344
0.142254738 0.488882475 -6.8661802
NaN NaN NaN
0.0895700738 0.516424065 -6.83236344
0.0802296682 0.51257315 -6.88645588
NaN NaN NaN
-0.26517729 0.443415384 -6.81579048
-0.169091709 0.474603445 -6.88512369
NaN NaN NaN
-0.26517729 0.443415384 -6.81579048
-0.365784094 0.380786413 -6.90202463
NaN NaN NaN
-0.26517729 0.443415384 -6.81579048
-0.276939856 0.421935916 -6.92881339
NaN NaN NaN
-0.0426924034 0.57066981 -6.849
-0.05 0.531 -6.849
NaN NaN NaN
-0.0426924034 0.57066981 -6.849
-0.0329705416 0.586457904 -6.88618649
NaN NaN NaN
-0.0426924034 0.57066981 -6.849
-0.0421903176 0.527719933 -6.89492093
NaN NaN NaN
0.0427246169 0.570494937 -6.849
0.05 0.531 -6.849
NaN NaN NaN
0.0427246169 0.570494937 -6.849
0.0329933168 0.586334268 -6.88618649
NaN NaN NaN
0.0427246169 0.570494937 -6.849
0.0421903176 0.527719933 -6.89492093
NaN NaN NaN
0.431594055 0.170936418 -6.76720379
0.394054027 0.0675319322 -6.77327513
NaN NaN NaN
0.431594055 0.170936418 -6.76720379
0.359005063 0.358193393 -6.84903627
NaN NaN NaN
0.431594055 0.170936418 -6.76720379
0.382352742 0.246626203 -6.91982105
NaN NaN NaN
0.431594055 0.170936418 -6.76720379
0.417549643 0.145065131 -6.90050252
NaN NaN NaN
0.05 0.531 -6.849
0.0802296682 0.51257315 -6.88645588
NaN NaN NaN
0.05 0.531 -6.849
0.0421903176 0.527719933 -6.89492093
NaN NaN NaN
-0.05 0.531 -6.849
-0.0421903176 0.527719933 -6.89492093
NaN NaN NaN
-0.05 0.531 -6.849
-0.0851780479 0.509556807 -6.89258714
NaN NaN NaN
-0.394170719 0.0658010044 -6.75227062
-0.331451095 -0.110913593 -6.74732365
NaN NaN NaN
-0.394170719 0.0658010044 -6.75227062
-0.419495088 0.148648846 -6.88203785
NaN NaN NaN
-0.394170719 0.0658010044 -6.75227062
-0.3934186 0.0769574311 -6.88765197
NaN NaN NaN
-0.394170719 0.0658010044 -6.75227062
-0.318065921 -0.135032161 -6.88496364
NaN NaN NaN
-0.297097083 -0.187946597 -6.69511205
-0.331451095 -0.110913593 -6.74732365
NaN NaN NaN
-0.297097083 -0.187946597 -6.69511205
-0.114911292 -0.226478114 -6.73929849
NaN NaN NaN
-0.297097083 -0.187946597 -6.69511205
-0.295366939 -0.185928096 -6.85053661
NaN NaN NaN
0.0 -0.286358603 -6.68805536
-0.114911292 -0.226478114 -6.73929849
NaN NaN NaN
0.0 -0.286358603 -6.68805536
0.114430559 -0.226555601 -6.74098738
NaN NaN NaN
0.0 -0.286358603 -6.68805536
0.0 -0.272324427 -6.8424313
NaN NaN NaN
0.0 0.631200814 -6.89381791
0.0245859445 0.62445181 -6.89374939
NaN NaN NaN
0.0 0.631200814 -6.89381791
-0.0245859445 0.62445181 -6.89374939
NaN NaN NaN
0.0 0.631200814 -6.89381791
0.0 0.60661106 -6.94437307
NaN NaN NaN
0.142254738 0.488882475 -6.8661802
0.0802296682 0.51257315 -6.88645588
NaN NaN NaN
0.142254738 0.488882475 -6.8661802
0.205244911 0.456054527 -6.90591702
NaN NaN NaN
0.142254738 0.488882475 -6.8661802
0.115556228 0.491039431 -6.93022704
NaN NaN NaN
-0.0329705416 0.586457904 -6.88618649
-0.0245859445 0.62445181 -6.89374939
NaN NaN NaN
-0.0329705416 0.586457904 -6.88618649
-0.0421903176 0.527719933 -6.89492093
NaN NaN NaN
-0.0329705416 0.586457904 -6.88618649
-0.0196033964 0.60125719 -6.94426212
NaN NaN NaN
0.0329933168 0.586334268 -6.88618649
0.0245859445 0.62445181 -6.89374939
NaN NaN NaN
0.0329933168 0.586334268 -6.88618649
0.0421903176 0.527719933 -6.89492093
NaN NaN NaN
0.0329933168 0.586334268 -6.88618649
0.0196033964 0.60125719 -6.94426212
NaN NaN NaN
0.0245859445 0.62445181 -6.89374939
0.0 0.60661106 -6.94437307
NaN NaN NaN
0.0245859445 0.62445181 -6.89374939
0.0196033964 0.60125719 -6.94426212
NaN NaN NaN
-0.0245859445 0.62445181 -6.89374939
0.0 0.60661106 -6.94437307
NaN NaN NaN
-0.0245859445 0.62445181 -6.89374939
-0.0196033964 0.60125719 -6.94426212
NaN NaN NaN
0.394054027 0.0675319322 -6.77327513
0.329849649 -0.113799217 -6.76379134
NaN NaN NaN
0.394054027 0.0675319322 -6.77327513
0.417549643 0.145065131 -6.90050252
NaN NaN NaN
0.394054027 0.0675319322 -6.77327513
0.393318796 0.0784378603 -6.90561673
NaN NaN NaN
0.379774416 0.381388147 -6.84631406
0.359005063 0.358193393 -6.84903627
NaN NaN NaN
0.379774416 0.381388147 -6.84631406
0.272612837 0.429837427 -6.88723639
NaN NaN NaN
0.379774416 0.381388147 -6.84631406
0.350894594 0.380146004 -6.96131579
NaN NaN NaN
0.359005063 0.358193393 -6.84903627
0.382352742 0.246626203 -6.91982105
NaN NaN NaN
0.359005063 0.358193393 -6.84903627
0.350894594 0.380146004 -6.96131579
NaN NaN NaN
0.359005063 0.358193393 -6.84903627
0.337701158 0.365467897 -6.96324599
NaN NaN NaN
0.0802296682 0.51257315 -6.88645588
0.0421903176 0.527719933 -6.89492093
NaN NaN NaN
0.0802296682 0.51257315 -6.88645588
0.115556228 0.491039431 -6.93022704
NaN NaN NaN
-0.331451095 -0.110913593 -6.74732365
-0.295366939 -0.185928096 -6.85053661
NaN NaN NaN
-0.331451095 -0.110913593 -6.74732365
-0.318065921 -0.135032161 -6.88496364
NaN NaN NaN
0.0421903176 0.527719933 -6.89492093
0.0196033964 0.60125719 -6.94426212
NaN NaN NaN
0.0421903176 0.527719933 -6.89492093
0.115556228 0.491039431 -6.93022704
NaN NaN NaN
0.0421903176 0.527719933 -6.89492093
0.033569755 0.524099297 -6.94560984
NaN NaN NaN
-0.0421903176 0.527719933 -6.89492093
-0.0851780479 0.509556807 -6.89258714
NaN NaN NaN
-0.0421903176 0.527719933 -6.89492093
-0.0196033964 0.60125719 -6.94426212
NaN NaN NaN
-0.0421903176 0.527719933 -6.89492093
-0.033569755 0.524099297 -6.94560984
NaN NaN NaN
-0.0851780479 0.509556807 -6.89258714
-0.169091709 0.474603445 -6.88512369
NaN NaN NaN
-0.0851780479 0.509556807 -6.89258714
-0.033569755 0.524099297 -6.94560984
NaN NaN NaN
-0.0851780479 0.509556807 -6.89258714
-0.126632239 0.484287918 -6.9439507
NaN NaN NaN
-0.0851780479 0.509556807 -6.89258714
-0.0815712686 0.49840206 -6.9804514
NaN NaN NaN
-0.169091709 0.474603445 -6.88512369
-0.276939856 0.421935916 -6.92881339
NaN NaN NaN
-0.169091709 0.474603445 -6.88512369
-0.126632239 0.484287918 -6.9439507
NaN NaN NaN
-0.169091709 0.474603445 -6.88512369
-0.174610934 0.455041941 -7.00339841
NaN NaN NaN
-0.114911292 -0.226478114 -6.73929849
-0.295366939 -0.185928096 -6.85053661
NaN NaN NaN
-0.114911292 -0.226478114 -6.73929849
0.0 -0.272324427 -6.8424313
NaN NaN NaN
-0.114911292 -0.226478114 -6.73929849
-0.0763672795 -0.2326908 -6.87470969
NaN NaN NaN
0.329849649 -0.113799217 -6.76379134
0.29629371 -0.187009328 -6.76728172
NaN NaN NaN
0.329849649 -0.113799217 -6.76379134
0.393318796 0.0784378603 -6.90561673
NaN NaN NaN
0.329849649 -0.113799217 -6.76379134
0.316653652 -0.13757691 -6.89948603
NaN NaN NaN
0.114430559 -0.226555601 -6.74098738
0.29629371 -0.187009328 -6.76728172
NaN NaN NaN
0.114430559 -0.226555601 -6.74098738
0.0 -0.272324427 -6.8424313
NaN NaN NaN
0.114430559 -0.226555601 -6.74098738
0.0760641866 -0.232739654 -6.8757745
NaN NaN NaN
0.272612837 0.429837427 -6.88723639
0.205244911 0.456054527 -6.90591702
NaN NaN NaN
0.272612837 0.429837427 -6.88723639
0.350894594 0.380146004 -6.96131579
NaN NaN NaN
0.272612837 0.429837427 -6.88723639
0.282416466 0.411935149 -6.98143648
NaN NaN NaN
0.205244911 0.456054527 -6.90591702
0.115556228 0.491039431 -6.93022704
NaN NaN NaN
0.205244911 0.456054527 -6.90591702
0.156146157 0.466297362 -6.98051974
NaN NaN NaN
0.205244911 0.456054527 -6.90591702
0.282416466 0.411935149 -6.98143648
NaN NaN NaN
0.29629371 -0.187009328 -6.76728172
0.0760641866 -0.232739654 -6.8757745
NaN NaN NaN
0.29629371 -0.187009328 -6.76728172
0.316653652 -0.13757691 -6.89948603
NaN NaN NaN
0.29629371 -0.187009328 -6.76728172
0.294795028 -0.185260866 -6.90191335
NaN NaN NaN
0.0 0.60661106 -6.94437307
0.0196033964 0.60125719 -6.94426212
NaN NaN NaN
0.0 0.60661106 -6.94437307
-0.0196033964 0.60125719 -6.94426212
NaN NaN NaN
0.0 0.60661106 -6.94437307
0.0 0.579284034 -7.0005559
NaN NaN NaN
0.0196033964 0.60125719 -6.94426212
0.033569755 0.524099297 -6.94560984
NaN NaN NaN
0.0196033964 0.60125719 -6.94426212
0.0 0.579284034 -7.0005559
NaN NaN NaN
0.0196033964 0.60125719 -6.94426212
0.0140635588 0.575468291 -7.00042461
NaN NaN NaN
-0.0196033964 0.60125719 -6.94426212
-0.033569755 0.524099297 -6.94560984
NaN NaN NaN
-0.0196033964 0.60125719 -6.94426212
0.0 0.579284034 -7.0005559
NaN NaN NaN
-0.0196033964 0.60125719 -6.94426212
-0.0140635588 0.575468291 -7.00042461
NaN NaN NaN
-0.365784094 0.380786413 -6.90202463
-0.348665137 0.3617241 -6.90446836
NaN NaN NaN
-0.365784094 0.380786413 -6.90202463
-0.276939856 0.421935916 -6.92881339
NaN NaN NaN
-0.365784094 0.380786413 -6.90202463
-0.332616857 0.379359865 -7.03409918
NaN NaN NaN
0.115556228 0.491039431 -6.93022704
0.033569755 0.524099297 -6.94560984
NaN NaN NaN
0.115556228 0.491039431 -6.93022704
0.0815712686 0.49840206 -6.9804514
NaN NaN NaN
0.115556228 0.491039431 -6.93022704
0.156146157 0.466297362 -6.98051974
NaN NaN NaN
-0.348665137 0.3617241 -6.90446836
-0.419495088 0.148648846 -6.88203785
NaN NaN NaN
-0.348665137 0.3617241 -6.90446836
-0.368681484 0.248902144 -6.9976374
NaN NaN NaN
-0.348665137 0.3617241 -6.90446836
-0.332616857 0.379359865 -7.03409918
NaN NaN NaN
-0.348665137 0.3617241 -6.90446836
-0.324250376 0.370060847 -7.0353553
NaN NaN NaN
0.033569755 0.524099297 -6.94560984
0.0815712686 0.49840206 -6.9804514
NaN NaN NaN
0.033569755 0.524099297 -6.94560984
0.0140635588 0.575468291 -7.00042461
NaN NaN NaN
0.033569755 0.524099297 -6.94560984
0.0241904019 0.520159969 -7.00076044
NaN NaN NaN
-0.033569755 0.524099297 -6.94560984
-0.0815712686 0.49840206 -6.9804514
NaN NaN NaN
-0.033569755 0.524099297 -6.94560984
-0.0140635588 0.575468291 -7.00042461
NaN NaN NaN
-0.033569755 0.524099297 -6.94560984
-0.0241904019 0.520159969 -7.00076044
NaN NaN NaN
-0.276939856 0.421935916 -6.92881339
-0.174610934 0.455041941 -7.00339841
NaN NaN NaN
-0.276939856 0.421935916 -6.92881339
-0.332616857 0.379359865 -7.03409918
NaN NaN NaN
-0.276939856 0.421935916 -6.92881339
-0.288885192 0.400122692 -7.0435925
NaN NaN NaN
-0.276939856 0.421935916 -6.92881339
-0.230423 0.42102104 -7.072552
NaN NaN NaN
-0.126632239 0.484287918 -6.9439507
-0.0815712686 0.49840206 -6.9804514
NaN NaN NaN
-0.126632239 0.484287918 -6.9439507
-0.174610934 0.455041941 -7.00339841
NaN NaN NaN
-0.419495088 0.148648846 -6.88203785
-0.3934186 0.0769574311 -6.88765197
NaN NaN NaN
-0.419495088 0.148648846 -6.88203785
-0.368681484 0.248902144 -6.9976374
NaN NaN NaN
-0.419495088 0.148648846 -6.88203785
-0.405524758 0.122914029 -7.01463343
NaN NaN NaN
0.382352742 0.246626203 -6.91982105
0.417549643 0.145065131 -6.90050252
NaN NaN NaN
0.382352742 0.246626203 -6.91982105
0.337701158 0.365467897 -6.96324599
NaN NaN NaN
0.382352742 0.246626203 -6.91982105
0.357395003 0.254483371 -7.05487672
NaN NaN NaN
0.382352742 0.246626203 -6.91982105
0.404345902 0.12074245 -7.02582223
NaN NaN NaN
0.417549643 0.145065131 -6.90050252
0.393318796 0.0784378603 -6.90561673
NaN NaN NaN
0.417549643 0.145065131 -6.90050252
0.404345902 0.12074245 -7.02582223
NaN NaN NaN
0.0815712686 0.49840206 -6.9804514
0.156146157 0.466297362 -6.98051974
NaN NaN NaN
0.0815712686 0.49840206 -6.9804514
0.0241904019 0.520159969 -7.00076044
NaN NaN NaN
0.0815712686 0.49840206 -6.9804514
0.10030373 0.479983657 -7.05206288
NaN NaN NaN
-0.0815712686 0.49840206 -6.9804514
-0.0241904019 0.520159969 -7.00076044
NaN NaN NaN
-0.0815712686 0.49840206 -6.9804514
-0.174610934 0.455041941 -7.00339841
NaN NaN NaN
-0.0815712686 0.49840206 -6.9804514
-0.0771011918 0.491714562 -7.03999529
NaN NaN NaN
-0.3934186 0.0769574311 -6.88765197
-0.318065921 -0.135032161 -6.88496364
NaN NaN NaN
-0.3934186 0.0769574311 -6.88765197
-0.405524758 0.122914029 -7.01463343
NaN NaN NaN
-0.3934186 0.0769574311 -6.88765197
-0.392694474 0.0876986366 -7.01799469
NaN NaN NaN
-0.3934186 0.0769574311 -6.88765197
-0.350409521 -0.0336857399 -6.99175402
NaN NaN NaN
0.0 0.579284034 -7.0005559
0.0140635588 0.575468291 -7.00042461
NaN NaN NaN
0.0 0.579284034 -7.0005559
-0.0140635588 0.575468291 -7.00042461
NaN NaN NaN
0.0 0.579284034 -7.0005559
0.0 0.547705947 -7.06547868
NaN NaN NaN
0.0140635588 0.575468291 -7.00042461
0.0241904019 0.520159969 -7.00076044
NaN NaN NaN
0.0140635588 0.575468291 -7.00042461
0.0 0.547705947 -7.06547868
NaN NaN NaN
0.0140635588 0.575468291 -7.00042461
0.00764523695 0.545589896 -7.06549312
NaN NaN NaN
-0.0140635588 0.575468291 -7.00042461
-0.0241904019 0.520159969 -7.00076044
NaN NaN NaN
-0.0140635588 0.575468291 -7.00042461
0.0 0.547705947 -7.06547868
NaN NaN NaN
-0.0140635588 0.575468291 -7.00042461
-0.00764523695 0.545589896 -7.06549312
NaN NaN NaN
0.156146157 0.466297362 -6.98051974
0.282416466 0.411935149 -6.98143648
NaN NaN NaN
0.156146157 0.466297362 -6.98051974
0.201569804 0.438608844 -7.03680163
NaN NaN NaN
0.156146157 0.466297362 -6.98051974
0.10030373 0.479983657 -7.05206288
NaN NaN NaN
0.350894594 0.380146004 -6.96131579
0.337701158 0.365467897 -6.96324599
NaN NaN NaN
0.350894594 0.380146004 -6.96131579
0.282416466 0.411935149 -6.98143648
NaN NaN NaN
0.350894594 0.380146004 -6.96131579
0.324661591 0.379017703 -7.06577768
NaN NaN NaN
0.337701158 0.365467897 -6.96324599
0.324661591 0.379017703 -7.06577768
NaN NaN NaN
0.337701158 0.365467897 -6.96324599
0.318384997 0.372063659 -7.06679945
NaN NaN NaN
0.337701158 0.365467897 -6.96324599
0.357395003 0.254483371 -7.05487672
NaN NaN NaN
0.0241904019 0.520159969 -7.00076044
0.10030373 0.479983657 -7.05206288
NaN NaN NaN
0.0241904019 0.520159969 -7.00076044
0.00764523695 0.545589896 -7.06549312
NaN NaN NaN
0.0241904019 0.520159969 -7.00076044
0.0128984778 0.515417361 -7.06715695
NaN NaN NaN
-0.0241904019 0.520159969 -7.00076044
-0.0771011918 0.491714562 -7.03999529
NaN NaN NaN
-0.0241904019 0.520159969 -7.00076044
-0.00764523695 0.545589896 -7.06549312
NaN NaN NaN
-0.0241904019 0.520159969 -7.00076044
-0.0128984778 0.515417361 -7.06715695
NaN NaN NaN
0.393318796 0.0784378603 -6.90561673
0.316653652 -0.13757691 -6.89948603
NaN NaN NaN
0.393318796 0.0784378603 -6.90561673
0.404345902 0.12074245 -7.02582223
NaN NaN NaN
0.393318796 0.0784378603 -6.90561673
0.392633879 0.0885974587 -7.02890175
NaN NaN NaN
0.393318796 0.0784378603 -6.90561673
0.345467868 -0.0422383539 -7.04615712
NaN NaN NaN
0.282416466 0.411935149 -6.98143648
0.201569804 0.438608844 -7.03680163
NaN NaN NaN
0.282416466 0.411935149 -6.98143648
0.324661591 0.379017703 -7.06577768
NaN NaN NaN
0.282416466 0.411935149 -6.98143648
0.291881938 0.394650374 -7.07238732
NaN NaN NaN
-0.295366939 -0.185928096 -6.85053661
-0.318065921 -0.135032161 -6.88496364
NaN NaN NaN
-0.295366939 -0.185928096 -6.85053661
-0.0763672795 -0.2326908 -6.87470969
NaN NaN NaN
-0.295366939 -0.185928096 -6.85053661
-0.293667019 -0.183944855 -7.00324615
NaN NaN NaN
-0.295366939 -0.185928096 -6.85053661
-0.304909075 -0.158739309 -7.02025574
NaN NaN NaN
-0.174610934 0.455041941 -7.00339841
-0.0771011918 0.491714562 -7.03999529
NaN NaN NaN
-0.174610934 0.455041941 -7.00339841
-0.230423 0.42102104 -7.072552
NaN NaN NaN
-0.174610934 0.455041941 -7.00339841
-0.0922348768 0.469551483 -7.14820928
NaN NaN NaN
0.0 -0.272324427 -6.8424313
-0.0763672795 -0.2326908 -6.87470969
NaN NaN NaN
0.0 -0.272324427 -6.8424313
0.0760641866 -0.232739654 -6.8757745
NaN NaN NaN
0.0 -0.272324427 -6.8424313
0.0 -0.258528838 -6.99418279
NaN NaN NaN
-0.318065921 -0.135032161 -6.88496364
-0.350409521 -0.0336857399 -6.99175402
NaN NaN NaN
-0.318065921 -0.135032161 -6.88496364
-0.304909075 -0.158739309 -7.02025574
NaN NaN NaN
-0.0763672795 -0.2326908 -6.87470969
-0.293667019 -0.183944855 -7.00324615
NaN NaN NaN
-0.0763672795 -0.2326908 -6.87470969
0.0 -0.258528838 -6.99418279
NaN NaN NaN
-0.0763672795 -0.2326908 -6.87470969
-0.0380556763 -0.238866026 -7.0093044
NaN NaN NaN
0.0760641866 -0.232739654 -6.8757745
0.294795028 -0.185260866 -6.90191335
NaN NaN NaN
0.0760641866 -0.232739654 -6.8757745
0.170718599 -0.210560576 -6.99323833
NaN NaN NaN
0.0760641866 -0.232739654 -6.8757745
0.0 -0.258528838 -6.99418279
NaN NaN NaN
0.0760641866 -0.232739654 -6.8757745
0.0379337511 -0.238885678 -7.00973274
NaN NaN NaN
0.316653652 -0.13757691 -6.89948603
0.294795028 -0.185260866 -6.90191335
NaN NaN NaN
0.316653652 -0.13757691 -6.89948603
0.345467868 -0.0422383539 -7.04615712
NaN NaN NaN
0.316653652 -0.13757691 -6.89948603
0.304028107 -0.160326713 -7.02931475
NaN NaN NaN
-0.0771011918 0.491714562 -7.03999529
-0.0128984778 0.515417361 -7.06715695
NaN NaN NaN
-0.0771011918 0.491714562 -7.03999529
-0.0922348768 0.469551483 -7.14820928
NaN NaN NaN
0.201569804 0.438608844 -7.03680163
0.10030373 0.479983657 -7.05206288
NaN NaN NaN
0.201569804 0.438608844 -7.03680163
0.291881938 0.394650374 -7.07238732
NaN NaN NaN
0.201569804 0.438608844 -7.03680163
0.250029716 0.409069536 -7.09684558
NaN NaN NaN
0.201569804 0.438608844 -7.03680163
0.1505 0.444 -7.1515
NaN NaN NaN
0.201569804 0.438608844 -7.03680163
0.225336592 0.411181295 -7.15572665
NaN NaN NaN
-0.368681484 0.248902144 -6.9976374
-0.324250376 0.370060847 -7.0353553
NaN NaN NaN
-0.368681484 0.248902144 -6.9976374
-0.405524758 0.122914029 -7.01463343
NaN NaN NaN
-0.368681484 0.248902144 -6.9976374
-0.345472058 0.241162898 -7.15169203
NaN NaN NaN
0.294795028 -0.185260866 -6.90191335
0.170718599 -0.210560576 -6.99323833
NaN NaN NaN
0.294795028 -0.185260866 -6.90191335
0.304028107 -0.160326713 -7.02931475
NaN NaN NaN
0.294795028 -0.185260866 -6.90191335
0.293362692 -0.183589807 -7.03058483
NaN NaN NaN
0.10030373 0.479983657 -7.05206288
0.0128984778 0.515417361 -7.06715695
NaN NaN NaN
0.10030373 0.479983657 -7.05206288
0.07525 0.477 -7.14725
NaN NaN NaN
0.10030373 0.479983657 -7.05206288
0.1505 0.444 -7.1515
NaN NaN NaN
0.0 0.547705947 -7.06547868
0.00764523695 0.545589896 -7.06549312
NaN NaN NaN
0.0 0.547705947 -7.06547868
-0.00764523695 0.545589896 -7.06549312
NaN NaN NaN
0.0 0.547705947 -7.06547868
0.0 0.51 -7.143
NaN NaN NaN
0.00764523695 0.545589896 -7.06549312
0.0128984778 0.515417361 -7.06715695
NaN NaN NaN
0.00764523695 0.545589896 -7.06549312
0.0 0.51 -7.143
NaN NaN NaN
-0.00764523695 0.545589896 -7.06549312
-0.0128984778 0.515417361 -7.06715695
NaN NaN NaN
-0.00764523695 0.545589896 -7.06549312
0.0 0.51 -7.143
NaN NaN NaN
-0.332616857 0.379359865 -7.03409918
-0.324250376 0.370060847 -7.0353553
NaN NaN NaN
-0.332616857 0.379359865 -7.03409918
-0.288885192 0.400122692 -7.0435925
NaN NaN NaN
-0.332616857 0.379359865 -7.03409918
-0.301 0.378 -7.16
NaN NaN NaN
0.0128984778 0.515417361 -7.06715695
0.0 0.51 -7.143
NaN NaN NaN
0.0128984778 0.515417361 -7.06715695
0.07525 0.477 -7.14725
NaN NaN NaN
-0.0128984778 0.515417361 -7.06715695
0.0 0.51 -7.143
NaN NaN NaN
-0.0128984778 0.515417361 -7.06715695
-0.0922348768 0.469551483 -7.14820928
NaN NaN NaN
-0.324250376 0.370060847 -7.0353553
-0.301 0.378 -7.16
NaN NaN NaN
-0.324250376 0.370060847 -7.0353553
-0.345472058 0.241162898 -7.15169203
NaN NaN NaN
-0.288885192 0.400122692 -7.0435925
-0.230423 0.42102104 -7.072552
NaN NaN NaN
-0.288885192 0.400122692 -7.0435925
-0.301 0.378 -7.16
NaN NaN NaN
-0.230423 0.42102104 -7.072552
-0.0922348768 0.469551483 -7.14820928
NaN NaN NaN
-0.230423 0.42102104 -7.072552
-0.189276872 0.42699486 -7.15369006
NaN NaN NaN
-0.230423 0.42102104 -7.072552
-0.301 0.378 -7.16
NaN NaN NaN
0.324661591 0.379017703 -7.06577768
0.318384997 0.372063659 -7.06679945
NaN NaN NaN
0.324661591 0.379017703 -7.06577768
0.291881938 0.394650374 -7.07238732
NaN NaN NaN
0.324661591 0.379017703 -7.06577768
0.301 0.378 -7.16
NaN NaN NaN
0.318384997 0.372063659 -7.06679945
0.357395003 0.254483371 -7.05487672
NaN NaN NaN
0.318384997 0.372063659 -7.06679945
0.301 0.378 -7.16
NaN NaN NaN
0.318384997 0.372063659 -7.06679945
0.329809432 0.289355594 -7.15461802
NaN NaN NaN
0.291881938 0.394650374 -7.07238732
0.250029716 0.409069536 -7.09684558
NaN NaN NaN
0.291881938 0.394650374 -7.07238732
0.301 0.378 -7.16
NaN NaN NaN
-0.405524758 0.122914029 -7.01463343
-0.392694474 0.0876986366 -7.01799469
NaN NaN NaN
-0.405524758 0.122914029 -7.01463343
-0.345472058 0.241162898 -7.15169203
NaN NaN NaN
-0.405524758 0.122914029 -7.01463343
-0.392 0.098 -7.143
NaN NaN NaN
0.357395003 0.254483371 -7.05487672
0.404345902 0.12074245 -7.02582223
NaN NaN NaN
0.357395003 0.254483371 -7.05487672
0.329809432 0.289355594 -7.15461802
NaN NaN NaN
0.357395003 0.254483371 -7.05487672
0.359044344 0.199402019 -7.14915655
NaN NaN NaN
-0.392694474 0.0876986366 -7.01799469
-0.350409521 -0.0336857399 -6.99175402
NaN NaN NaN
-0.392694474 0.0876986366 -7.01799469
-0.392 0.098 -7.143
NaN NaN NaN
-0.392694474 0.0876986366 -7.01799469
-0.342959537 -0.0393132977 -7.14790405
NaN NaN NaN
-0.350409521 -0.0336857399 -6.99175402
-0.304909075 -0.158739309 -7.02025574
NaN NaN NaN
-0.350409521 -0.0336857399 -6.99175402
-0.342959537 -0.0393132977 -7.14790405
NaN NaN NaN
0.404345902 0.12074245 -7.02582223
0.392633879 0.0885974587 -7.02890175
NaN NaN NaN
0.404345902 0.12074245 -7.02582223
0.359044344 0.199402019 -7.14915655
NaN NaN NaN
0.404345902 0.12074245 -7.02582223
0.392 0.098 -7.143
NaN NaN NaN
0.250029716 0.409069536 -7.09684558
0.225336592 0.411181295 -7.15572665
NaN NaN NaN
0.250029716 0.409069536 -7.09684558
0.301 0.378 -7.16
NaN NaN NaN
0.392633879 0.0885974587 -7.02890175
0.345467868 -0.0422383539 -7.04615712
NaN NaN NaN
0.392633879 0.0885974587 -7.02890175
0.392 0.098 -7.143
NaN NaN NaN
0.392633879 0.0885974587 -7.02890175
0.359943549 0.00824193692 -7.14620565
NaN NaN NaN
0.0 0.51 -7.143
0.07525 0.477 -7.14725
NaN NaN NaN
0.0 0.51 -7.143
-0.0922348768 0.469551483 -7.14820928
NaN NaN NaN
0.0 0.51 -7.143
0.0217852494 0.495921547 -7.21807363
NaN NaN NaN
0.0 0.51 -7.143
0.0 0.494941066 -7.22498753
NaN NaN NaN
0.0 0.51 -7.143
-0.0101647638 0.489596277 -7.23025374
NaN NaN NaN
0.170718599 -0.210560576 -6.99323833
0.0379337511 -0.238885678 -7.00973274
NaN NaN NaN
0.170718599 -0.210560576 -6.99323833
0.293362692 -0.183589807 -7.03058483
NaN NaN NaN
0.170718599 -0.210560576 -6.99323833
0.151437337 -0.212326876 -7.14818621
NaN NaN NaN
0.07525 0.477 -7.14725
0.1505 0.444 -7.1515
NaN NaN NaN
0.07525 0.477 -7.14725
0.0217852494 0.495921547 -7.21807363
NaN NaN NaN
0.07525 0.477 -7.14725
0.139019647 0.444119586 -7.23106276
NaN NaN NaN
-0.0922348768 0.469551483 -7.14820928
-0.189276872 0.42699486 -7.15369006
NaN NaN NaN
-0.0922348768 0.469551483 -7.14820928
-0.0101647638 0.489596277 -7.23025374
NaN NaN NaN
-0.0922348768 0.469551483 -7.14820928
-0.0945813257 0.449032533 -7.25428513
NaN NaN NaN
-0.293667019 -0.183944855 -7.00324615
-0.304909075 -0.158739309 -7.02025574
NaN NaN NaN
-0.293667019 -0.183944855 -7.00324615
-0.0380556763 -0.238866026 -7.0093044
NaN NaN NaN
-0.293667019 -0.183944855 -7.00324615
-0.292 -0.182 -7.153
NaN NaN NaN
-0.293667019 -0.183944855 -7.00324615
-0.147493152 -0.213177847 -7.14805114
NaN NaN NaN
0.0 -0.258528838 -6.99418279
-0.0380556763 -0.238866026 -7.0093044
NaN NaN NaN
0.0 -0.258528838 -6.99418279
0.0379337511 -0.238885678 -7.00973274
NaN NaN NaN
0.0 -0.258528838 -6.99418279
0.0 -0.245 -7.143
NaN NaN NaN
0.1505 0.444 -7.1515
0.225336592 0.411181295 -7.15572665
NaN NaN NaN
0.1505 0.444 -7.1515
0.139019647 0.444119586 -7.23106276
NaN NaN NaN
0.345467868 -0.0422383539 -7.04615712
0.304028107 -0.160326713 -7.02931475
NaN NaN NaN
0.345467868 -0.0422383539 -7.04615712
0.359943549 0.00824193692 -7.14620565
NaN NaN NaN
0.345467868 -0.0422383539 -7.04615712
0.326990861 -0.0840255884 -7.14950091
NaN NaN NaN
-0.304909075 -0.158739309 -7.02025574
-0.342959537 -0.0393132977 -7.14790405
NaN NaN NaN
-0.304909075 -0.158739309 -7.02025574
-0.292 -0.182 -7.153
NaN NaN NaN
-0.189276872 0.42699486 -7.15369006
-0.301 0.378 -7.16
NaN NaN NaN
-0.189276872 0.42699486 -7.15369006
-0.0945813257 0.449032533 -7.25428513
NaN NaN NaN
-0.189276872 0.42699486 -7.15369006
-0.284194612 0.363346521 -7.27876491
NaN NaN NaN
-0.0380556763 -0.238866026 -7.0093044
-0.147493152 -0.213177847 -7.14805114
NaN NaN NaN
-0.0380556763 -0.238866026 -7.0093044
0.0 -0.245 -7.143
NaN NaN NaN
0.0379337511 -0.238885678 -7.00973274
0.151437337 -0.212326876 -7.14818621
NaN NaN NaN
0.0379337511 -0.238885678 -7.00973274
0.0 -0.245 -7.143
NaN NaN NaN
0.225336592 0.411181295 -7.15572665
0.301 0.378 -7.16
NaN NaN NaN
0.225336592 0.411181295 -7.15572665
0.139019647 0.444119586 -7.23106276
NaN NaN NaN
0.225336592 0.411181295 -7.15572665
0.274130335 0.381289785 -7.23856759
NaN NaN NaN
0.225336592 0.411181295 -7.15572665
0.20330198 0.41714479 -7.24917994
NaN NaN NaN
0.304028107 -0.160326713 -7.02931475
0.293362692 -0.183589807 -7.03058483
NaN NaN NaN
0.304028107 -0.160326713 -7.02931475
0.326990861 -0.0840255884 -7.14950091
NaN NaN NaN
0.304028107 -0.160326713 -7.02931475
0.292 -0.182 -7.153
NaN NaN NaN
0.293362692 -0.183589807 -7.03058483
0.292 -0.182 -7.153
NaN NaN NaN
0.293362692 -0.183589807 -7.03058483
0.151437337 -0.212326876 -7.14818621
NaN NaN NaN
-0.301 0.378 -7.16
-0.345472058 0.241162898 -7.15169203
NaN NaN NaN
-0.301 0.378 -7.16
-0.284194612 0.363346521 -7.27876491
NaN NaN NaN
-0.301 0.378 -7.16
-0.290487193 0.34505987 -7.27604137
NaN NaN NaN
0.301 0.378 -7.16
0.329809432 0.289355594 -7.15461802
NaN NaN NaN
0.301 0.378 -7.16
0.274130335 0.381289785 -7.23856759
NaN NaN NaN
0.301 0.378 -7.16
0.279378886 0.371966201 -7.24325206
NaN NaN NaN
0.301 0.378 -7.16
0.288041003 0.366700387 -7.25158218
NaN NaN NaN
0.329809432 0.289355594 -7.15461802
0.359044344 0.199402019 -7.14915655
NaN NaN NaN
0.329809432 0.289355594 -7.15461802
0.288041003 0.366700387 -7.25158218
NaN NaN NaN
0.329809432 0.289355594 -7.15461802
0.324315903 0.242015265 -7.26757794
NaN NaN NaN
-0.345472058 0.241162898 -7.15169203
-0.392 0.098 -7.143
NaN NaN NaN
-0.345472058 0.241162898 -7.15169203
-0.290487193 0.34505987 -7.27604137
NaN NaN NaN
-0.345472058 0.241162898 -7.15169203
-0.371062849 0.0927657121 -7.26862291
NaN NaN NaN
-0.345472058 0.241162898 -7.15169203
-0.324493059 0.22112302 -7.3034178
NaN NaN NaN
0.359044344 0.199402019 -7.14915655
0.392 0.098 -7.143
NaN NaN NaN
0.359044344 0.199402019 -7.14915655
0.324315903 0.242015265 -7.26757794
NaN NaN NaN
0.359044344 0.199402019 -7.14915655
0.369043814 0.110333324 -7.24886853
NaN NaN NaN
0.0217852494 0.495921547 -7.21807363
0.0 0.494941066 -7.22498753
NaN NaN NaN
0.0217852494 0.495921547 -7.21807363
0.139019647 0.444119586 -7.23106276
NaN NaN NaN
0.0217852494 0.495921547 -7.21807363
0.0400144595 0.484141141 -7.28089287
NaN NaN NaN
0.0 0.494941066 -7.22498753
-0.0101647638 0.489596277 -7.23025374
NaN NaN NaN
0.0 0.494941066 -7.22498753
0.0400144595 0.484141141 -7.28089287
NaN NaN NaN
0.0 0.494941066 -7.22498753
0.0 0.482617849 -7.2920806
NaN NaN NaN
0.392 0.098 -7.143
0.359943549 0.00824193692 -7.14620565
NaN NaN NaN
0.392 0.098 -7.143
0.369043814 0.110333324 -7.24886853
NaN NaN NaN
0.392 0.098 -7.143
0.373045812 0.0932614529 -7.25672513
NaN NaN NaN
-0.392 0.098 -7.143
-0.342959537 -0.0393132977 -7.14790405
NaN NaN NaN
-0.392 0.098 -7.143
-0.371062849 0.0927657121 -7.26862291
NaN NaN NaN
-0.392 0.098 -7.143
-0.364800221 0.0749601868 -7.26843898
NaN NaN NaN
-0.0101647638 0.489596277 -7.23025374
-0.0945813257 0.449032533 -7.25428513
NaN NaN NaN
-0.0101647638 0.489596277 -7.23025374
0.0 0.482617849 -7.2920806
NaN NaN NaN
-0.0101647638 0.489596277 -7.23025374
-0.0196199421 0.470616905 -7.31141644
NaN NaN NaN
0.139019647 0.444119586 -7.23106276
0.20330198 0.41714479 -7.24917994
NaN NaN NaN
0.139019647 0.444119586 -7.23106276
0.0400144595 0.484141141 -7.28089287
NaN NaN NaN
0.139019647 0.444119586 -7.23106276
0.129413062 0.444219653 -7.29763967
NaN NaN NaN
0.359943549 0.00824193692 -7.14620565
0.326990861 -0.0840255884 -7.14950091
NaN NaN NaN
0.359943549 0.00824193692 -7.14620565
0.373045812 0.0932614529 -7.25672513
NaN NaN NaN
0.359943549 0.00824193692 -7.14620565
0.330989174 -0.0298382565 -7.2485729
NaN NaN NaN
0.274130335 0.381289785 -7.23856759
0.20330198 0.41714479 -7.24917994
NaN NaN NaN
0.274130335 0.381289785 -7.23856759
0.279378886 0.371966201 -7.24325206
NaN NaN NaN
0.274130335 0.381289785 -7.23856759
0.250774069 0.384149407 -7.30686191
NaN NaN NaN
-0.0945813257 0.449032533 -7.25428513
-0.284194612 0.363346521 -7.27876491
NaN NaN NaN
-0.0945813257 0.449032533 -7.25428513
-0.0196199421 0.470616905 -7.31141644
NaN NaN NaN
-0.0945813257 0.449032533 -7.25428513
-0.11988468 0.421547432 -7.34479936
NaN NaN NaN
-0.342959537 -0.0393132977 -7.14790405
-0.292 -0.182 -7.153
NaN NaN NaN
-0.342959537 -0.0393132977 -7.14790405
-0.364800221 0.0749601868 -7.26843898
NaN NaN NaN
-0.342959537 -0.0393132977 -7.14790405
-0.313795059 -0.0571027918 -7.29837799
NaN NaN NaN
0.20330198 0.41714479 -7.24917994
0.129413062 0.444219653 -7.29763967
NaN NaN NaN
0.20330198 0.41714479 -7.24917994
0.188416496 0.421248245 -7.31278466
NaN NaN NaN
0.20330198 0.41714479 -7.24917994
0.250774069 0.384149407 -7.30686191
NaN NaN NaN
0.279378886 0.371966201 -7.24325206
0.288041003 0.366700387 -7.25158218
NaN NaN NaN
0.279378886 0.371966201 -7.24325206
0.250774069 0.384149407 -7.30686191
NaN NaN NaN
0.279378886 0.371966201 -7.24325206
0.259477471 0.366412317 -7.31988243
NaN NaN NaN
0.326990861 -0.0840255884 -7.14950091
0.292 -0.182 -7.153
NaN NaN NaN
0.326990861 -0.0840255884 -7.14950091
0.330989174 -0.0298382565 -7.2485729
NaN NaN NaN
0.326990861 -0.0840255884 -7.14950091
0.281965182 -0.157853719 -7.27488123
NaN NaN NaN
0.288041003 0.366700387 -7.25158218
0.324315903 0.242015265 -7.26757794
NaN NaN NaN
0.288041003 0.366700387 -7.25158218
0.259477471 0.366412317 -7.31988243
NaN NaN NaN
0.288041003 0.366700387 -7.25158218
0.275899115 0.356113253 -7.33738979
NaN NaN NaN
0.0400144595 0.484141141 -7.28089287
0.0 0.482617849 -7.2920806
NaN NaN NaN
0.0400144595 0.484141141 -7.28089287
0.129413062 0.444219653 -7.29763967
NaN NaN NaN
0.0400144595 0.484141141 -7.28089287
0.0543524708 0.474875375 -7.33030275
NaN NaN NaN
0.0400144595 0.484141141 -7.28089287
0.0 0.472622995 -7.34649703
NaN NaN NaN
0.0 0.482617849 -7.2920806
-0.0196199421 0.470616905 -7.31141644
NaN NaN NaN
0.0 0.482617849 -7.2920806
0.0 0.472622995 -7.34649703
NaN NaN NaN
0.292 -0.182 -7.153
0.151437337 -0.212326876 -7.14818621
NaN NaN NaN
0.292 -0.182 -7.153
0.276392668 -0.175555682 -7.27040741
NaN NaN NaN
0.292 -0.182 -7.153
0.281965182 -0.157853719 -7.27488123
NaN NaN NaN
-0.292 -0.182 -7.153
-0.147493152 -0.213177847 -7.14805114
NaN NaN NaN
-0.292 -0.182 -7.153
-0.313795059 -0.0571027918 -7.29837799
NaN NaN NaN
-0.292 -0.182 -7.153
-0.273515804 -0.174367816 -7.29204885
NaN NaN NaN
-0.292 -0.182 -7.153
-0.257217394 -0.177830852 -7.29189219
NaN NaN NaN
0.151437337 -0.212326876 -7.14818621
0.0 -0.245 -7.143
NaN NaN NaN
0.151437337 -0.212326876 -7.14818621
0.276392668 -0.175555682 -7.27040741
NaN NaN NaN
0.151437337 -0.212326876 -7.14818621
0.0163100609 -0.229880455 -7.28300461
NaN NaN NaN
0.151437337 -0.212326876 -7.14818621
0.152573984 -0.198330897 -7.31351725
NaN NaN NaN
-0.147493152 -0.213177847 -7.14805114
0.0 -0.245 -7.143
NaN NaN NaN
-0.147493152 -0.213177847 -7.14805114
-0.257217394 -0.177830852 -7.29189219
NaN NaN NaN
-0.147493152 -0.213177847 -7.14805114
0.0 -0.233015152 -7.28681817
NaN NaN NaN
0.0 -0.245 -7.143
0.0163100609 -0.229880455 -7.28300461
NaN NaN NaN
0.0 -0.245 -7.143
0.0 -0.233015152 -7.28681817
NaN NaN NaN
-0.284194612 0.363346521 -7.27876491
-0.290487193 0.34505987 -7.27604137
NaN NaN NaN
-0.284194612 0.363346521 -7.27876491
-0.11988468 0.421547432 -7.34479936
NaN NaN NaN
-0.284194612 0.363346521 -7.27876491
-0.268584624 0.349735374 -7.38908183
NaN NaN NaN
-0.284194612 0.363346521 -7.27876491
-0.185165277 0.380152789 -7.41788296
NaN NaN NaN
0.129413062 0.444219653 -7.29763967
0.188416496 0.421248245 -7.31278466
NaN NaN NaN
0.129413062 0.444219653 -7.29763967
0.0543524708 0.474875375 -7.33030275
NaN NaN NaN
0.129413062 0.444219653 -7.29763967
0.121784861 0.444299113 -7.35050571
NaN NaN NaN
-0.290487193 0.34505987 -7.27604137
-0.324493059 0.22112302 -7.3034178
NaN NaN NaN
-0.290487193 0.34505987 -7.27604137
-0.268584624 0.349735374 -7.38908183
NaN NaN NaN
-0.290487193 0.34505987 -7.27604137
-0.280589311 0.314046509 -7.38529512
NaN NaN NaN
-0.0196199421 0.470616905 -7.31141644
0.0 0.472622995 -7.34649703
NaN NaN NaN
-0.0196199421 0.470616905 -7.31141644
-0.11988468 0.421547432 -7.34479936
NaN NaN NaN
-0.0196199421 0.470616905 -7.31141644
-0.0283754716 0.453041937 -7.38657339
NaN NaN NaN
0.324315903 0.242015265 -7.26757794
0.369043814 0.110333324 -7.24886853
NaN NaN NaN
0.324315903 0.242015265 -7.26757794
0.275899115 0.356113253 -7.33738979
NaN NaN NaN
0.324315903 0.242015265 -7.26757794
0.347098861 0.122123357 -7.35007349
NaN NaN NaN
0.324315903 0.242015265 -7.26757794
0.30363601 0.244501557 -7.37797478
NaN NaN NaN
0.188416496 0.421248245 -7.31278466
0.250774069 0.384149407 -7.30686191
NaN NaN NaN
0.188416496 0.421248245 -7.31278466
0.121784861 0.444299113 -7.35050571
NaN NaN NaN
0.188416496 0.421248245 -7.31278466
0.231415397 0.386519584 -7.36346716
NaN NaN NaN
0.188416496 0.421248245 -7.31278466
0.176026777 0.424119655 -7.37640876
NaN NaN NaN
0.250774069 0.384149407 -7.30686191
0.259477471 0.366412317 -7.31988243
NaN NaN NaN
0.250774069 0.384149407 -7.30686191
0.231415397 0.386519584 -7.36346716
NaN NaN NaN
0.369043814 0.110333324 -7.24886853
0.373045812 0.0932614529 -7.25672513
NaN NaN NaN
0.369043814 0.110333324 -7.24886853
0.347098861 0.122123357 -7.35007349
NaN NaN NaN
0.0543524708 0.474875375 -7.33030275
0.0 0.472622995 -7.34649703
NaN NaN NaN
0.0543524708 0.474875375 -7.33030275
0.121784861 0.444299113 -7.35050571
NaN NaN NaN
0.0543524708 0.474875375 -7.33030275
0.0257073277 0.468237957 -7.36182634
NaN NaN NaN
0.0543524708 0.474875375 -7.33030275
0.0662924215 0.467159326 -7.37144873
NaN NaN NaN
0.373045812 0.0932614529 -7.25672513
0.330989174 -0.0298382565 -7.2485729
NaN NaN NaN
0.373045812 0.0932614529 -7.25672513
0.347098861 0.122123357 -7.35007349
NaN NaN NaN
0.373045812 0.0932614529 -7.25672513
0.354794517 0.0886986292 -7.3662329
NaN NaN NaN
0.259477471 0.366412317 -7.31988243
0.275899115 0.356113253 -7.33738979
NaN NaN NaN
0.259477471 0.366412317 -7.31988243
0.231415397 0.386519584 -7.36346716
NaN NaN NaN
0.259477471 0.366412317 -7.31988243
0.241255681 0.361327167 -7.3900454
NaN NaN NaN
0.0 0.472622995 -7.34649703
0.0257073277 0.468237957 -7.36182634
NaN NaN NaN
0.0 0.472622995 -7.34649703
-0.0283754716 0.453041937 -7.38657339
NaN NaN NaN
0.0 0.472622995 -7.34649703
0.0 0.464640289 -7.38995843
NaN NaN NaN
-0.371062849 0.0927657121 -7.26862291
-0.364800221 0.0749601868 -7.26843898
NaN NaN NaN
-0.371062849 0.0927657121 -7.26862291
-0.324493059 0.22112302 -7.3034178
NaN NaN NaN
-0.371062849 0.0927657121 -7.26862291
-0.350830733 0.0877076834 -7.3900156
NaN NaN NaN
-0.364800221 0.0749601868 -7.26843898
-0.313795059 -0.0571027918 -7.29837799
NaN NaN NaN
-0.364800221 0.0749601868 -7.26843898
-0.350830733 0.0877076834 -7.3900156
NaN NaN NaN
-0.364800221 0.0749601868 -7.26843898
-0.338615283 0.0527800045 -7.38919775
NaN NaN NaN
-0.11988468 0.421547432 -7.34479936
-0.0283754716 0.453041937 -7.38657339
NaN NaN NaN
-0.11988468 0.421547432 -7.34479936
-0.100459201 0.41840435 -7.40709391
NaN NaN NaN
-0.11988468 0.421547432 -7.34479936
-0.185165277 0.380152789 -7.41788296
NaN NaN NaN
0.121784861 0.444299113 -7.35050571
0.0662924215 0.467159326 -7.37144873
NaN NaN NaN
0.121784861 0.444299113 -7.35050571
0.176026777 0.424119655 -7.37640876
NaN NaN NaN
0.121784861 0.444299113 -7.35050571
0.115268744 0.444366989 -7.39566462
NaN NaN NaN
-0.324493059 0.22112302 -7.3034178
-0.280589311 0.314046509 -7.38529512
NaN NaN NaN
-0.324493059 0.22112302 -7.3034178
-0.312760285 0.19679706 -7.41119437
NaN NaN NaN
-0.324493059 0.22112302 -7.3034178
-0.350830733 0.0877076834 -7.3900156
NaN NaN NaN
0.330989174 -0.0298382565 -7.2485729
0.281965182 -0.157853719 -7.27488123
NaN NaN NaN
0.330989174 -0.0298382565 -7.2485729
0.354794517 0.0886986292 -7.3662329
NaN NaN NaN
0.330989174 -0.0298382565 -7.2485729
0.310824276 -0.0180201485 -7.40857015
NaN NaN NaN
0.330989174 -0.0298382565 -7.2485729
0.272208686 -0.13437715 -7.393382
NaN NaN NaN
0.0257073277 0.468237957 -7.36182634
0.0662924215 0.467159326 -7.37144873
NaN NaN NaN
0.0257073277 0.468237957 -7.36182634
0.0 0.464640289 -7.38995843
NaN NaN NaN
0.0257073277 0.468237957 -7.36182634
0.0230555382 0.460819344 -7.39707687
NaN NaN NaN
0.275899115 0.356113253 -7.33738979
0.241255681 0.361327167 -7.3900454
NaN NaN NaN
0.275899115 0.356113253 -7.33738979
0.30363601 0.244501557 -7.37797478
NaN NaN NaN
0.275899115 0.356113253 -7.33738979
0.264571973 0.346236537 -7.41743953
NaN NaN NaN
0.0662924215 0.467159326 -7.37144873
0.0230555382 0.460819344 -7.39707687
NaN NaN NaN
0.0662924215 0.467159326 -7.37144873
0.115268744 0.444366989 -7.39566462
NaN NaN NaN
0.0662924215 0.467159326 -7.37144873
0.0769067359 0.460299954 -7.40802646
NaN NaN NaN
0.0662924215 0.467159326 -7.37144873
0.0472333406 0.455543228 -7.42297457
NaN NaN NaN
0.231415397 0.386519584 -7.36346716
0.176026777 0.424119655 -7.37640876
NaN NaN NaN
0.231415397 0.386519584 -7.36346716
0.241255681 0.361327167 -7.3900454
NaN NaN NaN
0.231415397 0.386519584 -7.36346716
0.215069868 0.388520848 -7.41126191
NaN NaN NaN
0.176026777 0.424119655 -7.37640876
0.115268744 0.444366989 -7.39566462
NaN NaN NaN
0.176026777 0.424119655 -7.37640876
0.14288837 0.437262513 -7.41728657
NaN NaN NaN
0.176026777 0.424119655 -7.37640876
0.215069868 0.388520848 -7.41126191
NaN NaN NaN
0.176026777 0.424119655 -7.37640876
0.182458395 0.413613152 -7.43963734
NaN NaN NaN
-0.0283754716 0.453041937 -7.38657339
0.0 0.464640289 -7.38995843
NaN NaN NaN
-0.0283754716 0.453041937 -7.38657339
-0.100459201 0.41840435 -7.40709391
NaN NaN NaN
-0.0283754716 0.453041937 -7.38657339
0.0 0.458342817 -7.42424466
NaN NaN NaN
-0.0283754716 0.453041937 -7.38657339
-0.0364492962 0.436835354 -7.45587863
NaN NaN NaN
0.0 0.464640289 -7.38995843
0.0230555382 0.460819344 -7.39707687
NaN NaN NaN
0.0 0.464640289 -7.38995843
0.0 0.458342817 -7.42424466
NaN NaN NaN
0.0230555382 0.460819344 -7.39707687
0.0472333406 0.455543228 -7.42297457
NaN NaN NaN
0.0230555382 0.460819344 -7.39707687
0.0 0.458342817 -7.42424466
NaN NaN NaN
0.0230555382 0.460819344 -7.39707687
0.0169098602 0.453501882 -7.43231591
NaN NaN NaN
0.115268744 0.444366989 -7.39566462
0.0769067359 0.460299954 -7.40802646
NaN NaN NaN
0.115268744 0.444366989 -7.39566462
0.14288837 0.437262513 -7.41728657
NaN NaN NaN
0.115268744 0.444366989 -7.39566462
0.109742541 0.444424553 -7.4339631
NaN NaN NaN
0.115268744 0.444366989 -7.39566462
0.0862333814 0.454272723 -7.44016679
NaN NaN NaN
0.0769067359 0.460299954 -7.40802646
0.0472333406 0.455543228 -7.42297457
NaN NaN NaN
0.0769067359 0.460299954 -7.40802646
0.0862333814 0.454272723 -7.44016679
NaN NaN NaN
0.276392668 -0.175555682 -7.27040741
0.281965182 -0.157853719 -7.27488123
NaN NaN NaN
0.276392668 -0.175555682 -7.27040741
0.152573984 -0.198330897 -7.31351725
NaN NaN NaN
0.276392668 -0.175555682 -7.27040741
0.261201734 -0.169283297 -7.38468244
NaN NaN NaN
0.281965182 -0.157853719 -7.27488123
0.261201734 -0.169283297 -7.38468244
NaN NaN NaN
0.281965182 -0.157853719 -7.27488123
0.272208686 -0.13437715 -7.393382
NaN NaN NaN
-0.313795059 -0.0571027918 -7.29837799
-0.273515804 -0.174367816 -7.29204885
NaN NaN NaN
-0.313795059 -0.0571027918 -7.29837799
-0.338615283 0.0527800045 -7.38919775
NaN NaN NaN
-0.313795059 -0.0571027918 -7.29837799
-0.255622663 -0.16697968 -7.42665145
NaN NaN NaN
0.241255681 0.361327167 -7.3900454
0.215069868 0.388520848 -7.41126191
NaN NaN NaN
0.241255681 0.361327167 -7.3900454
0.264571973 0.346236537 -7.41743953
NaN NaN NaN
0.241255681 0.361327167 -7.3900454
0.215119238 0.373163154 -7.436557
NaN NaN NaN
0.241255681 0.361327167 -7.3900454
0.224652493 0.356693719 -7.45397595
NaN NaN NaN
-0.268584624 0.349735374 -7.38908183
-0.280589311 0.314046509 -7.38529512
NaN NaN NaN
-0.268584624 0.349735374 -7.38908183
-0.185165277 0.380152789 -7.41788296
NaN NaN NaN
-0.268584624 0.349735374 -7.38908183
-0.253980347 0.337001156 -7.49229133
NaN NaN NaN
-0.100459201 0.41840435 -7.40709391
-0.185165277 0.380152789 -7.41788296
NaN NaN NaN
-0.100459201 0.41840435 -7.40709391
-0.0364492962 0.436835354 -7.45587863
NaN NaN NaN
-0.100459201 0.41840435 -7.40709391
-0.102664652 0.405017632 -7.47472857
NaN NaN NaN
-0.280589311 0.314046509 -7.38529512
-0.312760285 0.19679706 -7.41119437
NaN NaN NaN
-0.280589311 0.314046509 -7.38529512
-0.253980347 0.337001156 -7.49229133
NaN NaN NaN
-0.280589311 0.314046509 -7.38529512
-0.271225502 0.284706571 -7.48865375
NaN NaN NaN
0.14288837 0.437262513 -7.41728657
0.109742541 0.444424553 -7.4339631
NaN NaN NaN
0.14288837 0.437262513 -7.41728657
0.182458395 0.413613152 -7.43963734
NaN NaN NaN
0.14288837 0.437262513 -7.41728657
0.142852465 0.436177821 -7.4617681
NaN NaN NaN
0.347098861 0.122123357 -7.35007349
0.30363601 0.244501557 -7.37797478
NaN NaN NaN
0.347098861 0.122123357 -7.35007349
0.354794517 0.0886986292 -7.3662329
NaN NaN NaN
0.347098861 0.122123357 -7.35007349
0.326195826 0.133353615 -7.44647337
NaN NaN NaN
0.0472333406 0.455543228 -7.42297457
0.0169098602 0.453501882 -7.43231591
NaN NaN NaN
0.0472333406 0.455543228 -7.42297457
0.0862333814 0.454272723 -7.44016679
NaN NaN NaN
0.0472333406 0.455543228 -7.42297457
0.0593468133 0.444967955 -7.46966084
NaN NaN NaN
0.0472333406 0.455543228 -7.42297457
0.0232994191 0.443511647 -7.46974659
NaN NaN NaN
0.30363601 0.244501557 -7.37797478
0.264571973 0.346236537 -7.41743953
NaN NaN NaN
0.30363601 0.244501557 -7.37797478
0.283734381 0.267167312 -7.44889455
NaN NaN NaN
0.30363601 0.244501557 -7.37797478
0.326195826 0.133353615 -7.44647337
NaN NaN NaN
0.0 0.458342817 -7.42424466
0.0169098602 0.453501882 -7.43231591
NaN NaN NaN
0.0 0.458342817 -7.42424466
0.0 0.453143647 -7.45255126
NaN NaN NaN
0.0 0.458342817 -7.42424466
-0.0364492962 0.436835354 -7.45587863
NaN NaN NaN
0.215069868 0.388520848 -7.41126191
0.182458395 0.413613152 -7.43963734
NaN NaN NaN
0.215069868 0.388520848 -7.41126191
0.215119238 0.373163154 -7.436557
NaN NaN NaN
0.215069868 0.388520848 -7.41126191
0.200934564 0.390251502 -7.4525939
NaN NaN NaN
-0.273515804 -0.174367816 -7.29204885
-0.257217394 -0.177830852 -7.29189219
NaN NaN NaN
-0.273515804 -0.174367816 -7.29204885
-0.255622663 -0.16697968 -7.42665145
NaN NaN NaN
-0.257217394 -0.177830852 -7.29189219
0.0 -0.233015152 -7.28681817
NaN NaN NaN
-0.257217394 -0.177830852 -7.29189219
-0.255622663 -0.16697968 -7.42665145
NaN NaN NaN
-0.257217394 -0.177830852 -7.29189219
-0.223634436 -0.173805497 -7.425994
NaN NaN NaN
0.0163100609 -0.229880455 -7.28300461
0.0 -0.233015152 -7.28681817
NaN NaN NaN
0.0163100609 -0.229880455 -7.28300461
0.152573984 -0.198330897 -7.31351725
NaN NaN NaN
0.0163100609 -0.229880455 -7.28300461
0.0320709397 -0.215270005 -7.41829507
NaN NaN NaN
0.0169098602 0.453501882 -7.43231591
0.0 0.453143647 -7.45255126
NaN NaN NaN
0.0169098602 0.453501882 -7.43231591
0.0232994191 0.443511647 -7.46974659
NaN NaN NaN
-0.185165277 0.380152789 -7.41788296
-0.102664652 0.405017632 -7.47472857
NaN NaN NaN
-0.185165277 0.380152789 -7.41788296
-0.253980347 0.337001156 -7.49229133
NaN NaN NaN
-0.185165277 0.380152789 -7.41788296
-0.16475023 0.367413223 -7.53464508
NaN NaN NaN
0.0 -0.233015152 -7.28681817
-0.223634436 -0.173805497 -7.425994
NaN NaN NaN
0.0 -0.233015152 -7.28681817
0.0320709397 -0.215270005 -7.41829507
NaN NaN NaN
0.0 -0.233015152 -7.28681817
0.0 -0.221481688 -7.42521975
NaN NaN NaN
0.109742541 0.444424553 -7.4339631
0.0862333814 0.454272723 -7.44016679
NaN NaN NaN
0.109742541 0.444424553 -7.4339631
0.142852465 0.436177821 -7.4617681
NaN NaN NaN
0.109742541 0.444424553 -7.4339631
0.10513179 0.444472581 -7.46591717
NaN NaN NaN
0.0862333814 0.454272723 -7.44016679
0.10513179 0.444472581 -7.46591717
NaN NaN NaN
0.0862333814 0.454272723 -7.44016679
0.0943449963 0.44903069 -7.46812004
NaN NaN NaN
0.0862333814 0.454272723 -7.44016679
0.0593468133 0.444967955 -7.46966084
NaN NaN NaN
0.264571973 0.346236537 -7.41743953
0.224652493 0.356693719 -7.45397595
NaN NaN NaN
0.264571973 0.346236537 -7.41743953
0.283734381 0.267167312 -7.44889455
NaN NaN NaN
0.264571973 0.346236537 -7.41743953
0.254047528 0.337059735 -7.49181656
NaN NaN NaN
0.354794517 0.0886986292 -7.3662329
0.310824276 -0.0180201485 -7.40857015
NaN NaN NaN
0.354794517 0.0886986292 -7.3662329
0.326195826 0.133353615 -7.44647337
NaN NaN NaN
0.354794517 0.0886986292 -7.3662329
0.337274195 0.0843185488 -7.47135483
NaN NaN NaN
0.182458395 0.413613152 -7.43963734
0.142852465 0.436177821 -7.4617681
NaN NaN NaN
0.182458395 0.413613152 -7.43963734
0.200934564 0.390251502 -7.4525939
NaN NaN NaN
0.182458395 0.413613152 -7.43963734
0.17221687 0.413878037 -7.48978069
NaN NaN NaN
0.182458395 0.413613152 -7.43963734
0.188889825 0.391726199 -7.48781302
NaN NaN NaN
0.0 0.453143647 -7.45255126
-0.0364492962 0.436835354 -7.45587863
NaN NaN NaN
0.0 0.453143647 -7.45255126
0.0232994191 0.443511647 -7.46974659
NaN NaN NaN
0.0 0.453143647 -7.45255126
0.0 0.447459259 -7.48349959
NaN NaN NaN
0.215119238 0.373163154 -7.436557
0.200934564 0.390251502 -7.4525939
NaN NaN NaN
0.215119238 0.373163154 -7.436557
0.224652493 0.356693719 -7.45397595
NaN NaN NaN
0.215119238 0.373163154 -7.436557
0.196157486 0.37282616 -7.48992587
NaN NaN NaN
0.152573984 -0.198330897 -7.31351725
0.261201734 -0.169283297 -7.38468244
NaN NaN NaN
0.152573984 -0.198330897 -7.31351725
0.0320709397 -0.215270005 -7.41829507
NaN NaN NaN
0.152573984 -0.198330897 -7.31351725
0.140988917 -0.191395249 -7.42653683
NaN NaN NaN
-0.0364492962 0.436835354 -7.45587863
-0.102664652 0.405017632 -7.47472857
NaN NaN NaN
-0.0364492962 0.436835354 -7.45587863
0.0 0.447459259 -7.48349959
NaN NaN NaN
-0.0364492962 0.436835354 -7.45587863
-0.0438658265 0.421948158 -7.51954169
NaN NaN NaN
0.142852465 0.436177821 -7.4617681
0.10513179 0.444472581 -7.46591717
NaN NaN NaN
0.142852465 0.436177821 -7.4617681
0.17221687 0.413878037 -7.48978069
NaN NaN NaN
0.142852465 0.436177821 -7.4617681
0.128042814 0.440667103 -7.49645845
NaN NaN NaN
0.142852465 0.436177821 -7.4617681
0.15052998 0.429717454 -7.50743174
NaN NaN NaN
-0.312760285 0.19679706 -7.41119437
-0.350830733 0.0877076834 -7.3900156
NaN NaN NaN
-0.312760285 0.19679706 -7.41119437
-0.271225502 0.284706571 -7.48865375
NaN NaN NaN
-0.312760285 0.19679706 -7.41119437
-0.301541707 0.174216959 -7.51305982
NaN NaN NaN
-0.312760285 0.19679706 -7.41119437
-0.331342408 0.0828356021 -7.50694555
NaN NaN NaN
0.200934564 0.390251502 -7.4525939
0.188889825 0.391726199 -7.48781302
NaN NaN NaN
0.200934564 0.390251502 -7.4525939
0.196157486 0.37282616 -7.48992587
NaN NaN NaN
0.10513179 0.444472581 -7.46591717
0.0943449963 0.44903069 -7.46812004
NaN NaN NaN
0.10513179 0.444472581 -7.46591717
0.10133713 0.444512108 -7.49221546
NaN NaN NaN
0.10513179 0.444472581 -7.46591717
0.128042814 0.440667103 -7.49645845
NaN NaN NaN
-0.350830733 0.0877076834 -7.3900156
-0.338615283 0.0527800045 -7.38919775
NaN NaN NaN
-0.350830733 0.0877076834 -7.3900156
-0.331342408 0.0828356021 -7.50694555
NaN NaN NaN
0.0943449963 0.44903069 -7.46812004
0.0593468133 0.444967955 -7.46966084
NaN NaN NaN
0.0943449963 0.44903069 -7.46812004
0.10133713 0.444512108 -7.49221546
NaN NaN NaN
0.0943449963 0.44903069 -7.46812004
0.0748462475 0.440630489 -7.49539148
NaN NaN NaN
0.0593468133 0.444967955 -7.46966084
0.0232994191 0.443511647 -7.46974659
NaN NaN NaN
0.0593468133 0.444967955 -7.46966084
0.0748462475 0.440630489 -7.49539148
NaN NaN NaN
0.0593468133 0.444967955 -7.46966084
0.0362135627 0.432271787 -7.49811499
NaN NaN NaN
0.0593468133 0.444967955 -7.46966084
0.0534452561 0.430731478 -7.5044473
NaN NaN NaN
0.0232994191 0.443511647 -7.46974659
0.0 0.447459259 -7.48349959
NaN NaN NaN
0.0232994191 0.443511647 -7.46974659
0.0362135627 0.432271787 -7.49811499
NaN NaN NaN
0.0232994191 0.443511647 -7.46974659
0.0171374522 0.435862828 -7.50456957
NaN NaN NaN
0.224652493 0.356693719 -7.45397595
0.196157486 0.37282616 -7.48992587
NaN NaN NaN
0.224652493 0.356693719 -7.45397595
0.254047528 0.337059735 -7.49181656
NaN NaN NaN
0.224652493 0.356693719 -7.45397595
0.209590904 0.352490485 -7.51197057
NaN NaN NaN
-0.338615283 0.0527800045 -7.38919775
-0.255622663 -0.16697968 -7.42665145
NaN NaN NaN
-0.338615283 0.0527800045 -7.38919775
-0.331342408 0.0828356021 -7.50694555
NaN NaN NaN
-0.338615283 0.0527800045 -7.38919775
-0.313382317 0.0314061982 -7.50556625
NaN NaN NaN
-0.102664652 0.405017632 -7.47472857
-0.0438658265 0.421948158 -7.51954169
NaN NaN NaN
-0.102664652 0.405017632 -7.47472857
-0.104475262 0.392824186 -7.53679576
NaN NaN NaN
-0.102664652 0.405017632 -7.47472857
-0.16475023 0.367413223 -7.53464508
NaN NaN NaN
0.0 0.447459259 -7.48349959
0.0171374522 0.435862828 -7.50456957
NaN NaN NaN
0.0 0.447459259 -7.48349959
0.0 0.441264053 -7.51722904
NaN NaN NaN
0.0 0.447459259 -7.48349959
-0.0438658265 0.421948158 -7.51954169
NaN NaN NaN
0.283734381 0.267167312 -7.44889455
0.326195826 0.133353615 -7.44647337
NaN NaN NaN
0.283734381 0.267167312 -7.44889455
0.254047528 0.337059735 -7.49181656
NaN NaN NaN
0.283734381 0.267167312 -7.44889455
0.271785225 0.263869248 -7.52093292
NaN NaN NaN
0.283734381 0.267167312 -7.44889455
0.306353276 0.144014122 -7.53798254
NaN NaN NaN
0.10133713 0.444512108 -7.49221546
0.0748462475 0.440630489 -7.49539148
NaN NaN NaN
0.10133713 0.444512108 -7.49221546
0.128042814 0.440667103 -7.49645845
NaN NaN NaN
0.10133713 0.444512108 -7.49221546
0.085342782 0.462707685 -7.51314061
NaN NaN NaN
0.10133713 0.444512108 -7.49221546
0.125756577 0.457330973 -7.51244039
NaN NaN NaN
0.10133713 0.444512108 -7.49221546
0.105004558 0.469862693 -7.51860618
NaN NaN NaN
0.0748462475 0.440630489 -7.49539148
0.0534452561 0.430731478 -7.5044473
NaN NaN NaN
0.0748462475 0.440630489 -7.49539148
0.085342782 0.462707685 -7.51314061
NaN NaN NaN
0.0748462475 0.440630489 -7.49539148
0.0654209864 0.452872147 -7.51387552
NaN NaN NaN
0.17221687 0.413878037 -7.48978069
0.188889825 0.391726199 -7.48781302
NaN NaN NaN
0.17221687 0.413878037 -7.48978069
0.15052998 0.429717454 -7.50743174
NaN NaN NaN
0.17221687 0.413878037 -7.48978069
0.178755246 0.392967025 -7.51744679
NaN NaN NaN
0.17221687 0.413878037 -7.48978069
0.165375162 0.413330147 -7.52346475
NaN NaN NaN
0.128042814 0.440667103 -7.49645845
0.125756577 0.457330973 -7.51244039
NaN NaN NaN
0.128042814 0.440667103 -7.49645845
0.15052998 0.429717454 -7.50743174
NaN NaN NaN
0.188889825 0.391726199 -7.48781302
0.196157486 0.37282616 -7.48992587
NaN NaN NaN
0.188889825 0.391726199 -7.48781302
0.178755246 0.392967025 -7.51744679
NaN NaN NaN
0.0362135627 0.432271787 -7.49811499
0.0171374522 0.435862828 -7.50456957
NaN NaN NaN
0.0362135627 0.432271787 -7.49811499
0.0534452561 0.430731478 -7.5044473
NaN NaN NaN
0.0362135627 0.432271787 -7.49811499
0.0388740791 0.417325372 -7.51701008
NaN NaN NaN
0.0362135627 0.432271787 -7.49811499
0.0286073902 0.421612944 -7.52558813
NaN NaN NaN
0.196157486 0.37282616 -7.48992587
0.178755246 0.392967025 -7.51744679
NaN NaN NaN
0.196157486 0.37282616 -7.48992587
0.209590904 0.352490485 -7.51197057
NaN NaN NaN
0.196157486 0.37282616 -7.48992587
0.178322543 0.376284074 -7.53101009
NaN NaN NaN
0.196157486 0.37282616 -7.48992587
0.189737845 0.360288327 -7.53433103
NaN NaN NaN
0.0171374522 0.435862828 -7.50456957
0.0 0.441264053 -7.51722904
NaN NaN NaN
0.0171374522 0.435862828 -7.50456957
0.0286073902 0.421612944 -7.52558813
NaN NaN NaN
0.0171374522 0.435862828 -7.50456957
0.0144842896 0.429110243 -7.53468318
NaN NaN NaN
0.0534452561 0.430731478 -7.5044473
0.0654209864 0.452872147 -7.51387552
NaN NaN NaN
0.0534452561 0.430731478 -7.5044473
0.0388740791 0.417325372 -7.51701008
NaN NaN NaN
0.0534452561 0.430731478 -7.5044473
0.0474849661 0.453474106 -7.53484664
NaN NaN NaN
0.0534452561 0.430731478 -7.5044473
0.0376860819 0.43178281 -7.53360546
NaN NaN NaN
0.310824276 -0.0180201485 -7.40857015
0.272208686 -0.13437715 -7.393382
NaN NaN NaN
0.310824276 -0.0180201485 -7.40857015
0.337274195 0.0843185488 -7.47135483
NaN NaN NaN
0.310824276 -0.0180201485 -7.40857015
0.295189848 -0.0178230377 -7.51187623
NaN NaN NaN
0.310824276 -0.0180201485 -7.40857015
0.262740814 -0.111595085 -7.50837719
NaN NaN NaN
0.085342782 0.462707685 -7.51314061
0.0654209864 0.452872147 -7.51387552
NaN NaN NaN
0.085342782 0.462707685 -7.51314061
0.105004558 0.469862693 -7.51860618
NaN NaN NaN
0.085342782 0.462707685 -7.51314061
0.0684934755 0.47242061 -7.53132398
NaN NaN NaN
0.085342782 0.462707685 -7.51314061
0.0963281185 0.487382907 -7.53647701
NaN NaN NaN
0.125756577 0.457330973 -7.51244039
0.15052998 0.429717454 -7.50743174
NaN NaN NaN
0.125756577 0.457330973 -7.51244039
0.105004558 0.469862693 -7.51860618
NaN NaN NaN
0.125756577 0.457330973 -7.51244039
0.123638924 0.475454852 -7.53013652
NaN NaN NaN
0.125756577 0.457330973 -7.51244039
0.144995879 0.457010528 -7.52864621
NaN NaN NaN
0.15052998 0.429717454 -7.50743174
0.144995879 0.457010528 -7.52864621
NaN NaN NaN
0.15052998 0.429717454 -7.50743174
0.165375162 0.413330147 -7.52346475
NaN NaN NaN
0.15052998 0.429717454 -7.50743174
0.158969741 0.43880631 -7.53252907
NaN NaN NaN
0.0654209864 0.452872147 -7.51387552
0.0684934755 0.47242061 -7.53132398
NaN NaN NaN
0.0654209864 0.452872147 -7.51387552
0.0474849661 0.453474106 -7.53484664
NaN NaN NaN
0.326195826 0.133353615 -7.44647337
0.337274195 0.0843185488 -7.47135483
NaN NaN NaN
0.326195826 0.133353615 -7.44647337
0.306353276 0.144014122 -7.53798254
NaN NaN NaN
0.105004558 0.469862693 -7.51860618
0.123638924 0.475454852 -7.53013652
NaN NaN NaN
0.105004558 0.469862693 -7.51860618
0.0963281185 0.487382907 -7.53647701
NaN NaN NaN
0.254047528 0.337059735 -7.49181656
0.209590904 0.352490485 -7.51197057
NaN NaN NaN
0.254047528 0.337059735 -7.49181656
0.271785225 0.263869248 -7.52093292
NaN NaN NaN
0.254047528 0.337059735 -7.49181656
0.244305568 0.32856522 -7.5606637
NaN NaN NaN
-0.253980347 0.337001156 -7.49229133
-0.271225502 0.284706571 -7.48865375
NaN NaN NaN
-0.253980347 0.337001156 -7.49229133
-0.16475023 0.367413223 -7.53464508
NaN NaN NaN
-0.253980347 0.337001156 -7.49229133
-0.240380276 0.325142558 -7.58840403
NaN NaN NaN
0.261201734 -0.169283297 -7.38468244
0.272208686 -0.13437715 -7.393382
NaN NaN NaN
0.261201734 -0.169283297 -7.38468244
0.140988917 -0.191395249 -7.42653683
NaN NaN NaN
0.261201734 -0.169283297 -7.38468244
0.246453193 -0.163193576 -7.49562953
NaN NaN NaN
0.0 0.441264053 -7.51722904
-0.0438658265 0.421948158 -7.51954169
NaN NaN NaN
0.0 0.441264053 -7.51722904
0.0144842896 0.429110243 -7.53468318
NaN NaN NaN
0.0 0.441264053 -7.51722904
0.0 0.434535417 -7.55386273
NaN NaN NaN
0.272208686 -0.13437715 -7.393382
0.246453193 -0.163193576 -7.49562953
NaN NaN NaN
0.272208686 -0.13437715 -7.393382
0.262740814 -0.111595085 -7.50837719
NaN NaN NaN
0.0388740791 0.417325372 -7.51701008
0.0286073902 0.421612944 -7.52558813
NaN NaN NaN
0.0388740791 0.417325372 -7.51701008
0.0376860819 0.43178281 -7.53360546
NaN NaN NaN
0.0388740791 0.417325372 -7.51701008
0.0315732341 0.402723311 -7.53087113
NaN NaN NaN
0.0388740791 0.417325372 -7.51701008
0.0312670887 0.415525869 -7.54416831
NaN NaN NaN
-0.271225502 0.284706571 -7.48865375
-0.301541707 0.174216959 -7.51305982
NaN NaN NaN
-0.271225502 0.284706571 -7.48865375
-0.240380276 0.325142558 -7.58840403
NaN NaN NaN
-0.271225502 0.284706571 -7.48865375
-0.262401548 0.257058183 -7.58605339
NaN NaN NaN
-0.0438658265 0.421948158 -7.51954169
-0.104475262 0.392824186 -7.53679576
NaN NaN NaN
-0.0438658265 0.421948158 -7.51954169
0.0 0.434535417 -7.55386273
NaN NaN NaN
-0.0438658265 0.421948158 -7.51954169
-0.050654459 0.408321341 -7.57781492
NaN NaN NaN
0.123638924 0.475454852 -7.53013652
0.144995879 0.457010528 -7.52864621
NaN NaN NaN
0.123638924 0.475454852 -7.53013652
0.0963281185 0.487382907 -7.53647701
NaN NaN NaN
0.123638924 0.475454852 -7.53013652
0.125801464 0.491285587 -7.54779585
NaN NaN NaN
0.123638924 0.475454852 -7.53013652
0.143512721 0.476691507 -7.54752129
NaN NaN NaN
0.0684934755 0.47242061 -7.53132398
0.0963281185 0.487382907 -7.53647701
NaN NaN NaN
0.0684934755 0.47242061 -7.53132398
0.0474849661 0.453474106 -7.53484664
NaN NaN NaN
0.0684934755 0.47242061 -7.53132398
0.0681935289 0.494314165 -7.55369059
NaN NaN NaN
0.0684934755 0.47242061 -7.53132398
0.0495847392 0.475410671 -7.55342557
NaN NaN NaN
0.144995879 0.457010528 -7.52864621
0.158969741 0.43880631 -7.53252907
NaN NaN NaN
0.144995879 0.457010528 -7.52864621
0.143512721 0.476691507 -7.54752129
NaN NaN NaN
0.144995879 0.457010528 -7.52864621
0.158857987 0.456055548 -7.55064615
NaN NaN NaN
0.178755246 0.392967025 -7.51744679
0.165375162 0.413330147 -7.52346475
NaN NaN NaN
0.178755246 0.392967025 -7.51744679
0.178322543 0.376284074 -7.53101009
NaN NaN NaN
0.178755246 0.392967025 -7.51744679
0.170318315 0.394 -7.54211659
NaN NaN NaN
0.0963281185 0.487382907 -7.53647701
0.125801464 0.491285587 -7.54779585
NaN NaN NaN
0.0963281185 0.487382907 -7.53647701
0.108034254 0.504730702 -7.55507899
NaN NaN NaN
0.0963281185 0.487382907 -7.53647701
0.0681935289 0.494314165 -7.55369059
NaN NaN NaN
0.0963281185 0.487382907 -7.53647701
0.0880223012 0.508563161 -7.55940753
NaN NaN NaN
0.0286073902 0.421612944 -7.52558813
0.0144842896 0.429110243 -7.53468318
NaN NaN NaN
0.0286073902 0.421612944 -7.52558813
0.0315732341 0.402723311 -7.53087113
NaN NaN NaN
0.0286073902 0.421612944 -7.52558813
0.0256215859 0.413985602 -7.54434539
NaN NaN NaN
0.165375162 0.413330147 -7.52346475
0.158969741 0.43880631 -7.53252907
NaN NaN NaN
0.165375162 0.413330147 -7.52346475
0.170318315 0.394 -7.54211659
NaN NaN NaN
0.165375162 0.413330147 -7.52346475
0.167110929 0.436120747 -7.55630983
NaN NaN NaN
0.165375162 0.413330147 -7.52346475
0.169886884 0.411144527 -7.55995929
NaN NaN NaN
0.209590904 0.352490485 -7.51197057
0.189737845 0.360288327 -7.53433103
NaN NaN NaN
0.209590904 0.352490485 -7.51197057
0.195982546 0.348692803 -7.56436953
NaN NaN NaN
0.209590904 0.352490485 -7.51197057
0.244305568 0.32856522 -7.5606637
NaN NaN NaN
0.0474849661 0.453474106 -7.53484664
0.0376860819 0.43178281 -7.53360546
NaN NaN NaN
0.0474849661 0.453474106 -7.53484664
0.0495847392 0.475410671 -7.55342557
NaN NaN NaN
0.0474849661 0.453474106 -7.53484664
0.0352355841 0.443646191 -7.55212641
NaN NaN NaN
0.0474849661 0.453474106 -7.53484664
0.0363773049 0.460470597 -7.56466013
NaN NaN NaN
0.158969741 0.43880631 -7.53252907
0.158857987 0.456055548 -7.55064615
NaN NaN NaN
0.158969741 0.43880631 -7.53252907
0.167110929 0.436120747 -7.55630983
NaN NaN NaN
0.0376860819 0.43178281 -7.53360546
0.0312670887 0.415525869 -7.54416831
NaN NaN NaN
0.0376860819 0.43178281 -7.53360546
0.0352355841 0.443646191 -7.55212641
NaN NaN NaN
0.0376860819 0.43178281 -7.53360546
0.0309531461 0.42865466 -7.5578043
NaN NaN NaN
0.0144842896 0.429110243 -7.53468318
0.0256215859 0.413985602 -7.54434539
NaN NaN NaN
0.0144842896 0.429110243 -7.53468318
0.0 0.434535417 -7.55386273
NaN NaN NaN
0.0144842896 0.429110243 -7.53468318
0.0152150445 0.419721703 -7.56495517
NaN NaN NaN
0.0315732341 0.402723311 -7.53087113
0.0303483513 0.394 -7.53921674
NaN NaN NaN
0.0315732341 0.402723311 -7.53087113
0.0312670887 0.415525869 -7.54416831
NaN NaN NaN
0.0315732341 0.402723311 -7.53087113
0.0256215859 0.413985602 -7.54434539
NaN NaN NaN
0.125801464 0.491285587 -7.54779585
0.143512721 0.476691507 -7.54752129
NaN NaN NaN
0.125801464 0.491285587 -7.54779585
0.108034254 0.504730702 -7.55507899
NaN NaN NaN
0.125801464 0.491285587 -7.54779585
0.125853216 0.508270088 -7.56550099
NaN NaN NaN
0.125801464 0.491285587 -7.54779585
0.143520911 0.493674002 -7.56533238
NaN NaN NaN
0.143512721 0.476691507 -7.54752129
0.158857987 0.456055548 -7.55064615
NaN NaN NaN
0.143512721 0.476691507 -7.54752129
0.143520911 0.493674002 -7.56533238
NaN NaN NaN
0.143512721 0.476691507 -7.54752129
0.158749266 0.473281133 -7.56874831
NaN NaN NaN
0.108034254 0.504730702 -7.55507899
0.0880223012 0.508563161 -7.55940753
NaN NaN NaN
0.108034254 0.504730702 -7.55507899
0.125853216 0.508270088 -7.56550099
NaN NaN NaN
0.108034254 0.504730702 -7.55507899
0.105011681 0.521367675 -7.57180609
NaN NaN NaN
0.0681935289 0.494314165 -7.55369059
0.0495847392 0.475410671 -7.55342557
NaN NaN NaN
0.0681935289 0.494314165 -7.55369059
0.0880223012 0.508563161 -7.55940753
NaN NaN NaN
0.0681935289 0.494314165 -7.55369059
0.0661234711 0.511124878 -7.57216681
NaN NaN NaN
0.0681935289 0.494314165 -7.55369059
0.0494054226 0.492628168 -7.5707442
NaN NaN NaN
0.178322543 0.376284074 -7.53101009
0.189737845 0.360288327 -7.53433103
NaN NaN NaN
0.178322543 0.376284074 -7.53101009
0.170318315 0.394 -7.54211659
NaN NaN NaN
0.178322543 0.376284074 -7.53101009
0.173502887 0.363904821 -7.55776366
NaN NaN NaN
0.178322543 0.376284074 -7.53101009
0.164606889 0.374669853 -7.5605477
NaN NaN NaN
-0.104475262 0.392824186 -7.53679576
-0.16475023 0.367413223 -7.53464508
NaN NaN NaN
-0.104475262 0.392824186 -7.53679576
-0.050654459 0.408321341 -7.57781492
NaN NaN NaN
-0.104475262 0.392824186 -7.53679576
-0.105952709 0.381749493 -7.59355701
NaN NaN NaN
0.0495847392 0.475410671 -7.55342557
0.0363773049 0.460470597 -7.56466013
NaN NaN NaN
0.0495847392 0.475410671 -7.55342557
0.0494054226 0.492628168 -7.5707442
NaN NaN NaN
0.0495847392 0.475410671 -7.55342557
0.0361781522 0.474303598 -7.57842986
NaN NaN NaN
0.0880223012 0.508563161 -7.55940753
0.105011681 0.521367675 -7.57180609
NaN NaN NaN
0.0880223012 0.508563161 -7.55940753
0.0661234711 0.511124878 -7.57216681
NaN NaN NaN
0.0880223012 0.508563161 -7.55940753
0.0836810995 0.528238977 -7.580693
NaN NaN NaN
0.337274195 0.0843185488 -7.47135483
0.306353276 0.144014122 -7.53798254
NaN NaN NaN
0.337274195 0.0843185488 -7.47135483
0.295189848 -0.0178230377 -7.51187623
NaN NaN NaN
0.337274195 0.0843185488 -7.47135483
0.320505324 0.0801263311 -7.57196805
NaN NaN NaN
0.0303483513 0.394 -7.53921674
0.0312670887 0.415525869 -7.54416831
NaN NaN NaN
0.0303483513 0.394 -7.53921674
0.0256215859 0.413985602 -7.54434539
NaN NaN NaN
0.0303483513 0.394 -7.53921674
0.0301212442 0.406644124 -7.55237766
NaN NaN NaN
0.0303483513 0.394 -7.53921674
0.0325735866 0.380644346 -7.55207908
NaN NaN NaN
0.0303483513 0.394 -7.53921674
0.0271451257 0.394844389 -7.55945919
NaN NaN NaN
0.158857987 0.456055548 -7.55064615
0.167110929 0.436120747 -7.55630983
NaN NaN NaN
0.158857987 0.456055548 -7.55064615
0.158749266 0.473281133 -7.56874831
NaN NaN NaN
0.158857987 0.456055548 -7.55064615
0.166846906 0.453836896 -7.57484312
NaN NaN NaN
0.0312670887 0.415525869 -7.54416831
0.0301212442 0.406644124 -7.55237766
NaN NaN NaN
0.0312670887 0.415525869 -7.54416831
0.0309531461 0.42865466 -7.5578043
NaN NaN NaN
0.0256215859 0.413985602 -7.54434539
0.0271451257 0.394844389 -7.55945919
NaN NaN NaN
0.0256215859 0.413985602 -7.54434539
0.0152150445 0.419721703 -7.56495517
NaN NaN NaN
-0.16475023 0.367413223 -7.53464508
-0.105952709 0.381749493 -7.59355701
NaN NaN NaN
-0.16475023 0.367413223 -7.53464508
-0.240380276 0.325142558 -7.58840403
NaN NaN NaN
-0.16475023 0.367413223 -7.53464508
-0.160633087 0.350004747 -7.63885592
NaN NaN NaN
0.189737845 0.360288327 -7.53433103
0.173502887 0.363904821 -7.55776366
NaN NaN NaN
0.189737845 0.360288327 -7.53433103
0.195982546 0.348692803 -7.56436953
NaN NaN NaN
0.189737845 0.360288327 -7.53433103
0.177128015 0.35400252 -7.5842312
NaN NaN NaN
0.0352355841 0.443646191 -7.55212641
0.0309531461 0.42865466 -7.5578043
NaN NaN NaN
0.0352355841 0.443646191 -7.55212641
0.0363773049 0.460470597 -7.56466013
NaN NaN NaN
0.0352355841 0.443646191 -7.55212641
0.0306313696 0.44211106 -7.57178056
NaN NaN NaN
0.170318315 0.394 -7.54211659
0.169886884 0.411144527 -7.55995929
NaN NaN NaN
0.170318315 0.394 -7.54211659
0.164606889 0.374669853 -7.5605477
NaN NaN NaN
0.125853216 0.508270088 -7.56550099
0.143520911 0.493674002 -7.56533238
NaN NaN NaN
0.125853216 0.508270088 -7.56550099
0.105011681 0.521367675 -7.57180609
NaN NaN NaN
0.125853216 0.508270088 -7.56550099
0.125935175 0.525252722 -7.5832244
NaN NaN NaN
0.125853216 0.508270088 -7.56550099
0.143539035 0.510657495 -7.58315853
NaN NaN NaN
0.0 0.434535417 -7.55386273
0.0152150445 0.419721703 -7.56495517
NaN NaN NaN
0.0 0.434535417 -7.55386273
-0.050654459 0.408321341 -7.57781492
NaN NaN NaN
0.0 0.434535417 -7.55386273
0.0 0.427254787 -7.59350172
NaN NaN NaN
0.143520911 0.493674002 -7.56533238
0.158749266 0.473281133 -7.56874831
NaN NaN NaN
0.143520911 0.493674002 -7.56533238
0.143539035 0.510657495 -7.58315853
NaN NaN NaN
0.143520911 0.493674002 -7.56533238
0.158644115 0.490481376 -7.58683533
NaN NaN NaN
0.105011681 0.521367675 -7.57180609
0.0836810995 0.528238977 -7.580693
NaN NaN NaN
0.105011681 0.521367675 -7.57180609
0.125935175 0.525252722 -7.5832244
NaN NaN NaN
0.105011681 0.521367675 -7.57180609
0.105083603 0.538530129 -7.58954745
NaN NaN NaN
-0.255622663 -0.16697968 -7.42665145
-0.223634436 -0.173805497 -7.425994
NaN NaN NaN
-0.255622663 -0.16697968 -7.42665145
-0.313382317 0.0314061982 -7.50556625
NaN NaN NaN
-0.255622663 -0.16697968 -7.42665145
-0.238322978 -0.159836584 -7.55678973
NaN NaN NaN
0.167110929 0.436120747 -7.55630983
0.169886884 0.411144527 -7.55995929
NaN NaN NaN
0.167110929 0.436120747 -7.55630983
0.166846906 0.453836896 -7.57484312
NaN NaN NaN
0.167110929 0.436120747 -7.55630983
0.169455453 0.428289053 -7.577802
NaN NaN NaN
0.271785225 0.263869248 -7.52093292
0.244305568 0.32856522 -7.5606637
NaN NaN NaN
0.271785225 0.263869248 -7.52093292
0.306353276 0.144014122 -7.53798254
NaN NaN NaN
0.271785225 0.263869248 -7.52093292
0.266629819 0.242256913 -7.58719021
NaN NaN NaN
-0.223634436 -0.173805497 -7.425994
0.0 -0.221481688 -7.42521975
NaN NaN NaN
-0.223634436 -0.173805497 -7.425994
-0.238322978 -0.159836584 -7.55678973
NaN NaN NaN
-0.223634436 -0.173805497 -7.425994
-0.191156564 -0.169912602 -7.55568303
NaN NaN NaN
0.0320709397 -0.215270005 -7.41829507
0.140988917 -0.191395249 -7.42653683
NaN NaN NaN
0.0320709397 -0.215270005 -7.41829507
0.0 -0.221481688 -7.42521975
NaN NaN NaN
0.0320709397 -0.215270005 -7.41829507
0.0471957323 -0.201249212 -7.54812541
NaN NaN NaN
0.0301212442 0.406644124 -7.55237766
0.0309531461 0.42865466 -7.5578043
NaN NaN NaN
0.0301212442 0.406644124 -7.55237766
0.0325735866 0.380644346 -7.55207908
NaN NaN NaN
0.0301212442 0.406644124 -7.55237766
0.0298882828 0.419614183 -7.56587783
NaN NaN NaN
0.0301212442 0.406644124 -7.55237766
0.0329907754 0.393930303 -7.56862416
NaN NaN NaN
0.0661234711 0.511124878 -7.57216681
0.0494054226 0.492628168 -7.5707442
NaN NaN NaN
0.0661234711 0.511124878 -7.57216681
0.0836810995 0.528238977 -7.580693
NaN NaN NaN
0.0661234711 0.511124878 -7.57216681
0.0457780352 0.503890861 -7.58726061
NaN NaN NaN
0.0661234711 0.511124878 -7.57216681
0.0678144433 0.536975007 -7.59714548
NaN NaN NaN
0.0661234711 0.511124878 -7.57216681
0.049106718 0.521216536 -7.599513
NaN NaN NaN
0.0309531461 0.42865466 -7.5578043
0.0298882828 0.419614183 -7.56587783
NaN NaN NaN
0.0309531461 0.42865466 -7.5578043
0.0306313696 0.44211106 -7.57178056
NaN NaN NaN
0.0363773049 0.460470597 -7.56466013
0.0306313696 0.44211106 -7.57178056
NaN NaN NaN
0.0363773049 0.460470597 -7.56466013
0.0361781522 0.474303598 -7.57842986
NaN NaN NaN
0.0363773049 0.460470597 -7.56466013
0.0303017372 0.455895981 -7.58609803
NaN NaN NaN
0.0494054226 0.492628168 -7.5707442
0.0361781522 0.474303598 -7.57842986
NaN NaN NaN
0.0494054226 0.492628168 -7.5707442
0.0457780352 0.503890861 -7.58726061
NaN NaN NaN
0.0494054226 0.492628168 -7.5707442
0.0359784055 0.488471641 -7.59252281
NaN NaN NaN
0.140988917 -0.191395249 -7.42653683
0.246453193 -0.163193576 -7.49562953
NaN NaN NaN
0.140988917 -0.191395249 -7.42653683
0.0471957323 -0.201249212 -7.54812541
NaN NaN NaN
0.158749266 0.473281133 -7.56874831
0.166846906 0.453836896 -7.57484312
NaN NaN NaN
0.158749266 0.473281133 -7.56874831
0.158644115 0.490481376 -7.58683533
NaN NaN NaN
0.158749266 0.473281133 -7.56874831
0.166583587 0.471489097 -7.59331348
NaN NaN NaN
0.0325735866 0.380644346 -7.55207908
0.0271451257 0.394844389 -7.55945919
NaN NaN NaN
0.0325735866 0.380644346 -7.55207908
0.0329907754 0.393930303 -7.56862416
NaN NaN NaN
0.0325735866 0.380644346 -7.55207908
0.0407035238 0.366936207 -7.565402
NaN NaN NaN
0.0325735866 0.380644346 -7.55207908
0.023326387 0.39585103 -7.58359132
NaN NaN NaN
0.0836810995 0.528238977 -7.580693
0.105083603 0.538530129 -7.58954745
NaN NaN NaN
0.0836810995 0.528238977 -7.580693
0.0863282059 0.545448002 -7.59760485
NaN NaN NaN
0.0836810995 0.528238977 -7.580693
0.0678144433 0.536975007 -7.59714548
NaN NaN NaN
0.169886884 0.411144527 -7.55995929
0.164606889 0.374669853 -7.5605477
NaN NaN NaN
0.169886884 0.411144527 -7.55995929
0.169455453 0.428289053 -7.577802
NaN NaN NaN
0.169886884 0.411144527 -7.55995929
0.165412476 0.404663704 -7.58504819
NaN NaN NaN
0.0 -0.221481688 -7.42521975
0.0471957323 -0.201249212 -7.54812541
NaN NaN NaN
0.0 -0.221481688 -7.42521975
-0.191156564 -0.169912602 -7.55568303
NaN NaN NaN
0.0 -0.221481688 -7.42521975
0.0 -0.210427215 -7.55787342
NaN NaN NaN
0.125935175 0.525252722 -7.5832244
0.143539035 0.510657495 -7.58315853
NaN NaN NaN
0.125935175 0.525252722 -7.5832244
0.105083603 0.538530129 -7.58954745
NaN NaN NaN
0.125935175 0.525252722 -7.5832244
0.126062232 0.542223406 -7.60096537
NaN NaN NaN
0.125935175 0.525252722 -7.5832244
0.143569463 0.527639851 -7.60100067
NaN NaN NaN
0.0271451257 0.394844389 -7.55945919
0.0152150445 0.419721703 -7.56495517
NaN NaN NaN
0.0271451257 0.394844389 -7.55945919
0.023326387 0.39585103 -7.58359132
NaN NaN NaN
0.0152150445 0.419721703 -7.56495517
0.023326387 0.39585103 -7.58359132
NaN NaN NaN
0.0152150445 0.419721703 -7.56495517
0.0 0.427254787 -7.59350172
NaN NaN NaN
-0.301541707 0.174216959 -7.51305982
-0.331342408 0.0828356021 -7.50694555
NaN NaN NaN
-0.301541707 0.174216959 -7.51305982
-0.262401548 0.257058183 -7.58605339
NaN NaN NaN
-0.301541707 0.174216959 -7.51305982
-0.312628224 0.078157056 -7.61923066
NaN NaN NaN
0.0298882828 0.419614183 -7.56587783
0.0306313696 0.44211106 -7.57178056
NaN NaN NaN
0.0298882828 0.419614183 -7.56587783
0.0329907754 0.393930303 -7.56862416
NaN NaN NaN
0.0298882828 0.419614183 -7.56587783
0.0296494421 0.432911571 -7.57971871
NaN NaN NaN
0.0298882828 0.419614183 -7.56587783
0.0323194096 0.413442043 -7.58623449
NaN NaN NaN
0.143539035 0.510657495 -7.58315853
0.158644115 0.490481376 -7.58683533
NaN NaN NaN
0.143539035 0.510657495 -7.58315853
0.143569463 0.527639851 -7.60100067
NaN NaN NaN
0.143539035 0.510657495 -7.58315853
0.158543577 0.507653586 -7.60490725
NaN NaN NaN
0.0306313696 0.44211106 -7.57178056
0.0296494421 0.432911571 -7.57971871
NaN NaN NaN
0.0306313696 0.44211106 -7.57178056
0.0303017372 0.455895981 -7.58609803
NaN NaN NaN
0.105083603 0.538530129 -7.58954745
0.0863282059 0.545448002 -7.59760485
NaN NaN NaN
0.105083603 0.538530129 -7.58954745
0.126062232 0.542223406 -7.60096537
NaN NaN NaN
0.105083603 0.538530129 -7.58954745
0.105216531 0.555684456 -7.60729257
NaN NaN NaN
0.0361781522 0.474303598 -7.57842986
0.0303017372 0.455895981 -7.58609803
NaN NaN NaN
0.0361781522 0.474303598 -7.57842986
0.0359784055 0.488471641 -7.59252281
NaN NaN NaN
0.0361781522 0.474303598 -7.57842986
0.0299642392 0.470009838 -7.60075714
NaN NaN NaN
0.166846906 0.453836896 -7.57484312
0.169455453 0.428289053 -7.577802
NaN NaN NaN
0.166846906 0.453836896 -7.57484312
0.166583587 0.471489097 -7.59331348
NaN NaN NaN
0.166846906 0.453836896 -7.57484312
0.169024022 0.44543358 -7.5956447
NaN NaN NaN
0.173502887 0.363904821 -7.55776366
0.164606889 0.374669853 -7.5605477
NaN NaN NaN
0.173502887 0.363904821 -7.55776366
0.149110397 0.358282546 -7.5759521
NaN NaN NaN
0.173502887 0.363904821 -7.55776366
0.177128015 0.35400252 -7.5842312
NaN NaN NaN
0.173502887 0.363904821 -7.55776366
0.152367847 0.356517229 -7.59531801
NaN NaN NaN
0.164606889 0.374669853 -7.5605477
0.149110397 0.358282546 -7.5759521
NaN NaN NaN
0.164606889 0.374669853 -7.5605477
0.165412476 0.404663704 -7.58504819
NaN NaN NaN
0.164606889 0.374669853 -7.5605477
0.155451788 0.379360576 -7.58607369
NaN NaN NaN
0.0457780352 0.503890861 -7.58726061
0.0359784055 0.488471641 -7.59252281
NaN NaN NaN
0.0457780352 0.503890861 -7.58726061
0.049106718 0.521216536 -7.599513
NaN NaN NaN
0.0457780352 0.503890861 -7.58726061
0.0357701442 0.503042542 -7.60702627
NaN NaN NaN
0.0329907754 0.393930303 -7.56862416
0.0407035238 0.366936207 -7.565402
NaN NaN NaN
0.0329907754 0.393930303 -7.56862416
0.0323194096 0.413442043 -7.58623449
NaN NaN NaN
0.0329907754 0.393930303 -7.56862416
0.0446770753 0.38245876 -7.58930756
NaN NaN NaN
0.158644115 0.490481376 -7.58683533
0.166583587 0.471489097 -7.59331348
NaN NaN NaN
0.158644115 0.490481376 -7.58683533
0.158543577 0.507653586 -7.60490725
NaN NaN NaN
0.158644115 0.490481376 -7.58683533
0.1663209 0.489077286 -7.61172071
NaN NaN NaN
0.0863282059 0.545448002 -7.59760485
0.0678144433 0.536975007 -7.59714548
NaN NaN NaN
0.0863282059 0.545448002 -7.59760485
0.105216531 0.555684456 -7.60729257
NaN NaN NaN
0.0863282059 0.545448002 -7.59760485
0.086431426 0.562766822 -7.61533308
NaN NaN NaN
0.0863282059 0.545448002 -7.59760485
0.0661608033 0.554062556 -7.61557164
NaN NaN NaN
0.0678144433 0.536975007 -7.59714548
0.049106718 0.521216536 -7.599513
NaN NaN NaN
0.0678144433 0.536975007 -7.59714548
0.0661608033 0.554062556 -7.61557164
NaN NaN NaN
0.0678144433 0.536975007 -7.59714548
0.0487970305 0.536155248 -7.61475864
NaN NaN NaN
0.0407035238 0.366936207 -7.565402
0.023326387 0.39585103 -7.58359132
NaN NaN NaN
0.0407035238 0.366936207 -7.565402
0.0555983604 0.354692711 -7.57745959
NaN NaN NaN
0.0407035238 0.366936207 -7.565402
0.0446770753 0.38245876 -7.58930756
NaN NaN NaN
0.0407035238 0.366936207 -7.565402
0.0347543558 0.369536761 -7.59680215
NaN NaN NaN
0.169455453 0.428289053 -7.577802
0.165412476 0.404663704 -7.58504819
NaN NaN NaN
0.169455453 0.428289053 -7.577802
0.169024022 0.44543358 -7.5956447
NaN NaN NaN
0.169455453 0.428289053 -7.577802
0.164763761 0.422254614 -7.60327305
NaN NaN NaN
0.0296494421 0.432911571 -7.57971871
0.0303017372 0.455895981 -7.58609803
NaN NaN NaN
0.0296494421 0.432911571 -7.57971871
0.0323194096 0.413442043 -7.58623449
NaN NaN NaN
0.0296494421 0.432911571 -7.57971871
0.0294047058 0.446537197 -7.59390124
NaN NaN NaN
0.0296494421 0.432911571 -7.57971871
0.0323427605 0.426783083 -7.60073604
NaN NaN NaN
0.126062232 0.542223406 -7.60096537
0.143569463 0.527639851 -7.60100067
NaN NaN NaN
0.126062232 0.542223406 -7.60096537
0.105216531 0.555684456 -7.60729257
NaN NaN NaN
0.126062232 0.542223406 -7.60096537
0.12625643 0.559165974 -7.61872198
NaN NaN NaN
0.126062232 0.542223406 -7.60096537
0.143616378 0.54461754 -7.61886061
NaN NaN NaN
0.0303017372 0.455895981 -7.58609803
0.0294047058 0.446537197 -7.59390124
NaN NaN NaN
0.0303017372 0.455895981 -7.58609803
0.0299642392 0.470009838 -7.60075714
NaN NaN NaN
-0.331342408 0.0828356021 -7.50694555
-0.313382317 0.0314061982 -7.50556625
NaN NaN NaN
-0.331342408 0.0828356021 -7.50694555
-0.312628224 0.078157056 -7.61923066
NaN NaN NaN
0.195982546 0.348692803 -7.56436953
0.244305568 0.32856522 -7.5606637
NaN NaN NaN
0.195982546 0.348692803 -7.56436953
0.177128015 0.35400252 -7.5842312
NaN NaN NaN
0.195982546 0.348692803 -7.56436953
0.183731774 0.345273984 -7.61154111
NaN NaN NaN
0.195982546 0.348692803 -7.56436953
0.235319236 0.320729578 -7.62417077
NaN NaN NaN
0.0359784055 0.488471641 -7.59252281
0.0299642392 0.470009838 -7.60075714
NaN NaN NaN
0.0359784055 0.488471641 -7.59252281
0.0357701442 0.503042542 -7.60702627
NaN NaN NaN
0.0359784055 0.488471641 -7.59252281
0.0296188783 0.484452516 -7.61575778
NaN NaN NaN
-0.050654459 0.408321341 -7.57781492
0.0 0.427254787 -7.59350172
NaN NaN NaN
-0.050654459 0.408321341 -7.57781492
-0.105952709 0.381749493 -7.59355701
NaN NaN NaN
-0.050654459 0.408321341 -7.57781492
-0.0568482058 0.395888638 -7.63098168
NaN NaN NaN
0.244305568 0.32856522 -7.5606637
0.266629819 0.242256913 -7.58719021
NaN NaN NaN
0.244305568 0.32856522 -7.5606637
0.235319236 0.320729578 -7.62417077
NaN NaN NaN
0.049106718 0.521216536 -7.599513
0.0357701442 0.503042542 -7.60702627
NaN NaN NaN
0.049106718 0.521216536 -7.599513
0.0487970305 0.536155248 -7.61475864
NaN NaN NaN
0.049106718 0.521216536 -7.599513
0.0355336004 0.517895216 -7.62187829
NaN NaN NaN
0.143569463 0.527639851 -7.60100067
0.158543577 0.507653586 -7.60490725
NaN NaN NaN
0.143569463 0.527639851 -7.60100067
0.143616378 0.54461754 -7.61886061
NaN NaN NaN
0.143569463 0.527639851 -7.60100067
0.158449555 0.524793392 -7.62296451
NaN NaN NaN
0.105216531 0.555684456 -7.60729257
0.086431426 0.562766822 -7.61533308
NaN NaN NaN
0.105216531 0.555684456 -7.60729257
0.12625643 0.559165974 -7.61872198
NaN NaN NaN
0.105216531 0.555684456 -7.60729257
0.105436082 0.572819756 -7.62503585
NaN NaN NaN
0.166583587 0.471489097 -7.59331348
0.169024022 0.44543358 -7.5956447
NaN NaN NaN
0.166583587 0.471489097 -7.59331348
0.1663209 0.489077286 -7.61172071
NaN NaN NaN
0.166583587 0.471489097 -7.59331348
0.168592591 0.462578107 -7.6134874
NaN NaN NaN
0.0323194096 0.413442043 -7.58623449
0.0446770753 0.38245876 -7.58930756
NaN NaN NaN
0.0323194096 0.413442043 -7.58623449
0.0323427605 0.426783083 -7.60073604
NaN NaN NaN
0.0323194096 0.413442043 -7.58623449
0.0423055448 0.405184312 -7.60776768
NaN NaN NaN
0.023326387 0.39585103 -7.58359132
0.0 0.427254787 -7.59350172
NaN NaN NaN
0.023326387 0.39585103 -7.58359132
0.0347543558 0.369536761 -7.59680215
NaN NaN NaN
0.023326387 0.39585103 -7.58359132
0.0188447281 0.397032421 -7.61191269
NaN NaN NaN
0.149110397 0.358282546 -7.5759521
0.155451788 0.379360576 -7.58607369
NaN NaN NaN
0.149110397 0.358282546 -7.5759521
0.126188039 0.347332897 -7.58598461
NaN NaN NaN
0.149110397 0.358282546 -7.5759521
0.14153082 0.369694183 -7.59559738
NaN NaN NaN
0.149110397 0.358282546 -7.5759521
0.152367847 0.356517229 -7.59531801
NaN NaN NaN
-0.313382317 0.0314061982 -7.50556625
-0.238322978 -0.159836584 -7.55678973
NaN NaN NaN
-0.313382317 0.0314061982 -7.50556625
-0.312628224 0.078157056 -7.61923066
NaN NaN NaN
-0.313382317 0.0314061982 -7.50556625
-0.289137566 0.0108694675 -7.61737734
NaN NaN NaN
0.0294047058 0.446537197 -7.59390124
0.0299642392 0.470009838 -7.60075714
NaN NaN NaN
0.0294047058 0.446537197 -7.59390124
0.0323427605 0.426783083 -7.60073604
NaN NaN NaN
0.0294047058 0.446537197 -7.59390124
0.0291540668 0.460491455 -7.60842584
NaN NaN NaN
0.0294047058 0.446537197 -7.59390124
0.0323770436 0.440455117 -7.61557542
NaN NaN NaN
0.165412476 0.404663704 -7.58504819
0.155451788 0.379360576 -7.58607369
NaN NaN NaN
0.165412476 0.404663704 -7.58504819
0.164763761 0.422254614 -7.60327305
NaN NaN NaN
0.165412476 0.404663704 -7.58504819
0.148493925 0.392508881 -7.60914664
NaN NaN NaN
0.086431426 0.562766822 -7.61533308
0.0661608033 0.554062556 -7.61557164
NaN NaN NaN
0.086431426 0.562766822 -7.61533308
0.105436082 0.572819756 -7.62503585
NaN NaN NaN
0.086431426 0.562766822 -7.61533308
0.0897644109 0.580285369 -7.6326839
NaN NaN NaN
0.086431426 0.562766822 -7.61533308
0.0639039918 0.571411481 -7.63474144
NaN NaN NaN
0.158543577 0.507653586 -7.60490725
0.1663209 0.489077286 -7.61172071
NaN NaN NaN
0.158543577 0.507653586 -7.60490725
0.158449555 0.524793392 -7.62296451
NaN NaN NaN
0.158543577 0.507653586 -7.60490725
0.16605877 0.506601365 -7.63006459
NaN NaN NaN
0.0555983604 0.354692711 -7.57745959
0.0446770753 0.38245876 -7.58930756
NaN NaN NaN
0.0555983604 0.354692711 -7.57745959
0.0758668458 0.346426143 -7.5858122
NaN NaN NaN
0.0555983604 0.354692711 -7.57745959
0.0347543558 0.369536761 -7.59680215
NaN NaN NaN
0.0555983604 0.354692711 -7.57745959
0.0653699334 0.36633799 -7.59847637
NaN NaN NaN
0.0555983604 0.354692711 -7.57745959
0.0562237478 0.351672527 -7.60754279
NaN NaN NaN
0.0661608033 0.554062556 -7.61557164
0.0487970305 0.536155248 -7.61475864
NaN NaN NaN
0.0661608033 0.554062556 -7.61557164
0.0639039918 0.571411481 -7.63474144
NaN NaN NaN
0.0661608033 0.554062556 -7.61557164
0.0472224843 0.553045951 -7.63368414
NaN NaN NaN
0.0299642392 0.470009838 -7.60075714
0.0291540668 0.460491455 -7.60842584
NaN NaN NaN
0.0299642392 0.470009838 -7.60075714
0.0296188783 0.484452516 -7.61575778
NaN NaN NaN
0.0357701442 0.503042542 -7.60702627
0.0355336004 0.517895216 -7.62187829
NaN NaN NaN
0.0357701442 0.503042542 -7.60702627
0.0296188783 0.484452516 -7.61575778
NaN NaN NaN
0.0357701442 0.503042542 -7.60702627
0.0292656703 0.499223351 -7.63109925
NaN NaN NaN
0.169024022 0.44543358 -7.5956447
0.164763761 0.422254614 -7.60327305
NaN NaN NaN
0.169024022 0.44543358 -7.5956447
0.168592591 0.462578107 -7.6134874
NaN NaN NaN
0.169024022 0.44543358 -7.5956447
0.16411246 0.439813685 -7.62146246
NaN NaN NaN
0.0 0.427254787 -7.59350172
0.0188447281 0.397032421 -7.61191269
NaN NaN NaN
0.0 0.427254787 -7.59350172
-0.0568482058 0.395888638 -7.63098168
NaN NaN NaN
0.0 0.427254787 -7.59350172
0.0 0.419408777 -7.63621888
NaN NaN NaN
0.0487970305 0.536155248 -7.61475864
0.0355336004 0.517895216 -7.62187829
NaN NaN NaN
0.0487970305 0.536155248 -7.61475864
0.0472224843 0.553045951 -7.63368414
NaN NaN NaN
0.0487970305 0.536155248 -7.61475864
0.0351491553 0.532906895 -7.63728474
NaN NaN NaN
0.12625643 0.559165974 -7.61872198
0.143616378 0.54461754 -7.61886061
NaN NaN NaN
0.12625643 0.559165974 -7.61872198
0.105436082 0.572819756 -7.62503585
NaN NaN NaN
0.12625643 0.559165974 -7.61872198
0.126544998 0.576057917 -7.63649023
NaN NaN NaN
0.12625643 0.559165974 -7.61872198
0.143686841 0.561584626 -7.63674138
NaN NaN NaN
0.155451788 0.379360576 -7.58607369
0.14153082 0.369694183 -7.59559738
NaN NaN NaN
0.155451788 0.379360576 -7.58607369
0.148493925 0.392508881 -7.60914664
NaN NaN NaN
0.143616378 0.54461754 -7.61886061
0.158449555 0.524793392 -7.62296451
NaN NaN NaN
0.143616378 0.54461754 -7.61886061
0.143686841 0.561584626 -7.63674138
NaN NaN NaN
0.143616378 0.54461754 -7.61886061
0.158365331 0.541893645 -7.64100829
NaN NaN NaN
0.0446770753 0.38245876 -7.58930756
0.0653699334 0.36633799 -7.59847637
NaN NaN NaN
0.0446770753 0.38245876 -7.58930756
0.0423055448 0.405184312 -7.60776768
NaN NaN NaN
0.0446770753 0.38245876 -7.58930756
0.0608140558 0.384352554 -7.61230656
NaN NaN NaN
0.306353276 0.144014122 -7.53798254
0.266629819 0.242256913 -7.58719021
NaN NaN NaN
0.306353276 0.144014122 -7.53798254
0.320505324 0.0801263311 -7.57196805
NaN NaN NaN
0.306353276 0.144014122 -7.53798254
0.287578522 0.154100951 -7.62456729
NaN NaN NaN
0.105436082 0.572819756 -7.62503585
0.0897644109 0.580285369 -7.6326839
NaN NaN NaN
0.105436082 0.572819756 -7.62503585
0.126544998 0.576057917 -7.63649023
NaN NaN NaN
0.105436082 0.572819756 -7.62503585
0.105768067 0.589914082 -7.64276174
NaN NaN NaN
0.177128015 0.35400252 -7.5842312
0.152367847 0.356517229 -7.59531801
NaN NaN NaN
0.177128015 0.35400252 -7.5842312
0.183731774 0.345273984 -7.61154111
NaN NaN NaN
0.177128015 0.35400252 -7.5842312
0.154580226 0.350725636 -7.63114746
NaN NaN NaN
0.0323427605 0.426783083 -7.60073604
0.0423055448 0.405184312 -7.60776768
NaN NaN NaN
0.0323427605 0.426783083 -7.60073604
0.0323770436 0.440455117 -7.61557542
NaN NaN NaN
0.0323427605 0.426783083 -7.60073604
0.0426882013 0.418887229 -7.62241164
NaN NaN NaN
0.1663209 0.489077286 -7.61172071
0.168592591 0.462578107 -7.6134874
NaN NaN NaN
0.1663209 0.489077286 -7.61172071
0.16605877 0.506601365 -7.63006459
NaN NaN NaN
0.1663209 0.489077286 -7.61172071
0.16816116 0.479722633 -7.6313301
NaN NaN NaN
0.0758668458 0.346426143 -7.5858122
0.0993295367 0.343487892 -7.58911787
NaN NaN NaN
0.0758668458 0.346426143 -7.5858122
0.0653699334 0.36633799 -7.59847637
NaN NaN NaN
0.0758668458 0.346426143 -7.5858122
0.0989702384 0.361429421 -7.60646046
NaN NaN NaN
0.0758668458 0.346426143 -7.5858122
0.0562237478 0.351672527 -7.60754279
NaN NaN NaN
0.0758668458 0.346426143 -7.5858122
0.0956059494 0.341632729 -7.61647912
NaN NaN NaN
0.126188039 0.347332897 -7.58598461
0.0993295367 0.343487892 -7.58911787
NaN NaN NaN
0.126188039 0.347332897 -7.58598461
0.14153082 0.369694183 -7.59559738
NaN NaN NaN
0.126188039 0.347332897 -7.58598461
0.152367847 0.356517229 -7.59531801
NaN NaN NaN
0.126188039 0.347332897 -7.58598461
0.0989702384 0.361429421 -7.60646046
NaN NaN NaN
0.126188039 0.347332897 -7.58598461
0.121031231 0.373336419 -7.61344072
NaN NaN NaN
0.126188039 0.347332897 -7.58598461
0.133837676 0.347730945 -7.62725686
NaN NaN NaN
0.0291540668 0.460491455 -7.60842584
0.0296188783 0.484452516 -7.61575778
NaN NaN NaN
0.0291540668 0.460491455 -7.60842584
0.0323770436 0.440455117 -7.61557542
NaN NaN NaN
0.0291540668 0.460491455 -7.60842584
0.0288975276 0.474774203 -7.62329235
NaN NaN NaN
0.0291540668 0.460491455 -7.60842584
0.0324227607 0.454457396 -7.63075012
NaN NaN NaN
-0.105952709 0.381749493 -7.59355701
-0.0568482058 0.395888638 -7.63098168
NaN NaN NaN
-0.105952709 0.381749493 -7.59355701
-0.160633087 0.350004747 -7.63885592
NaN NaN NaN
-0.105952709 0.381749493 -7.59355701
-0.107151347 0.371717034 -7.64530179
NaN NaN NaN
0.0897644109 0.580285369 -7.6326839
0.0639039918 0.571411481 -7.63474144
NaN NaN NaN
0.0897644109 0.580285369 -7.6326839
0.105768067 0.589914082 -7.64276174
NaN NaN NaN
0.0897644109 0.580285369 -7.6326839
0.0865242171 0.597546645 -7.65097641
NaN NaN NaN
0.0355336004 0.517895216 -7.62187829
0.0292656703 0.499223351 -7.63109925
NaN NaN NaN
0.0355336004 0.517895216 -7.62187829
0.0351491553 0.532906895 -7.63728474
NaN NaN NaN
0.0355336004 0.517895216 -7.62187829
0.0289046448 0.514321104 -7.64678027
NaN NaN NaN
0.0296188783 0.484452516 -7.61575778
0.0288975276 0.474774203 -7.62329235
NaN NaN NaN
0.0296188783 0.484452516 -7.61575778
0.0292656703 0.499223351 -7.63109925
NaN NaN NaN
0.164763761 0.422254614 -7.60327305
0.148493925 0.392508881 -7.60914664
NaN NaN NaN
0.164763761 0.422254614 -7.60327305
0.16411246 0.439813685 -7.62146246
NaN NaN NaN
0.164763761 0.422254614 -7.60327305
0.148521007 0.413871289 -7.62932314
NaN NaN NaN
0.0993295367 0.343487892 -7.58911787
0.0989702384 0.361429421 -7.60646046
NaN NaN NaN
0.0993295367 0.343487892 -7.58911787
0.0956059494 0.341632729 -7.61647912
NaN NaN NaN
0.0993295367 0.343487892 -7.58911787
0.133837676 0.347730945 -7.62725686
NaN NaN NaN
0.158449555 0.524793392 -7.62296451
0.16605877 0.506601365 -7.63006459
NaN NaN NaN
0.158449555 0.524793392 -7.62296451
0.158365331 0.541893645 -7.64100829
NaN NaN NaN
0.158449555 0.524793392 -7.62296451
0.16579713 0.524061199 -7.64834484
NaN NaN NaN
0.295189848 -0.0178230377 -7.51187623
0.262740814 -0.111595085 -7.50837719
NaN NaN NaN
0.295189848 -0.0178230377 -7.51187623
0.320505324 0.0801263311 -7.57196805
NaN NaN NaN
0.295189848 -0.0178230377 -7.51187623
0.253575451 -0.0895409283 -7.61969817
NaN NaN NaN
0.14153082 0.369694183 -7.59559738
0.148493925 0.392508881 -7.60914664
NaN NaN NaN
0.14153082 0.369694183 -7.59559738
0.121031231 0.373336419 -7.61344072
NaN NaN NaN
0.168592591 0.462578107 -7.6134874
0.16411246 0.439813685 -7.62146246
NaN NaN NaN
0.168592591 0.462578107 -7.6134874
0.16816116 0.479722633 -7.6313301
NaN NaN NaN
0.168592591 0.462578107 -7.6134874
0.163458508 0.457340293 -7.63961573
NaN NaN NaN
0.0347543558 0.369536761 -7.59680215
0.0188447281 0.397032421 -7.61191269
NaN NaN NaN
0.0347543558 0.369536761 -7.59680215
0.0562237478 0.351672527 -7.60754279
NaN NaN NaN
0.0347543558 0.369536761 -7.59680215
0.0348180613 0.365121416 -7.62952614
NaN NaN NaN
0.0639039918 0.571411481 -7.63474144
0.0472224843 0.553045951 -7.63368414
NaN NaN NaN
0.0639039918 0.571411481 -7.63474144
0.0865242171 0.597546645 -7.65097641
NaN NaN NaN
0.0639039918 0.571411481 -7.63474144
0.0642358354 0.596597902 -7.65996436
NaN NaN NaN
0.0639039918 0.571411481 -7.63474144
0.0440346144 0.573911295 -7.65905857
NaN NaN NaN
0.152367847 0.356517229 -7.59531801
0.133837676 0.347730945 -7.62725686
NaN NaN NaN
0.152367847 0.356517229 -7.59531801
0.154580226 0.350725636 -7.63114746
NaN NaN NaN
0.126544998 0.576057917 -7.63649023
0.143686841 0.561584626 -7.63674138
NaN NaN NaN
0.126544998 0.576057917 -7.63649023
0.105768067 0.589914082 -7.64276174
NaN NaN NaN
0.126544998 0.576057917 -7.63649023
0.126949177 0.592875546 -7.65426313
NaN NaN NaN
0.126544998 0.576057917 -7.63649023
0.143792181 0.578531073 -7.65464748
NaN NaN NaN
-0.240380276 0.325142558 -7.58840403
-0.262401548 0.257058183 -7.58605339
NaN NaN NaN
-0.240380276 0.325142558 -7.58840403
-0.160633087 0.350004747 -7.63885592
NaN NaN NaN
-0.240380276 0.325142558 -7.58840403
-0.227770021 0.31414703 -7.67752162
NaN NaN NaN
0.0653699334 0.36633799 -7.59847637
0.0989702384 0.361429421 -7.60646046
NaN NaN NaN
0.0653699334 0.36633799 -7.59847637
0.0608140558 0.384352554 -7.61230656
NaN NaN NaN
0.0653699334 0.36633799 -7.59847637
0.0792384414 0.374508605 -7.61484101
NaN NaN NaN
0.0472224843 0.553045951 -7.63368414
0.0351491553 0.532906895 -7.63728474
NaN NaN NaN
0.0472224843 0.553045951 -7.63368414
0.0346432413 0.548199355 -7.65329113
NaN NaN NaN
0.0472224843 0.553045951 -7.63368414
0.0440346144 0.573911295 -7.65905857
NaN NaN NaN
0.0423055448 0.405184312 -7.60776768
0.0608140558 0.384352554 -7.61230656
NaN NaN NaN
0.0423055448 0.405184312 -7.60776768
0.0426882013 0.418887229 -7.62241164
NaN NaN NaN
0.0423055448 0.405184312 -7.60776768
0.0593926768 0.399664819 -7.62608947
NaN NaN NaN
0.143686841 0.561584626 -7.63674138
0.158365331 0.541893645 -7.64100829
NaN NaN NaN
0.143686841 0.561584626 -7.63674138
0.143792181 0.578531073 -7.65464748
NaN NaN NaN
0.143686841 0.561584626 -7.63674138
0.158296303 0.558942747 -7.65904084
NaN NaN NaN
0.0323770436 0.440455117 -7.61557542
0.0426882013 0.418887229 -7.62241164
NaN NaN NaN
0.0323770436 0.440455117 -7.61557542
0.0324227607 0.454457396 -7.63075012
NaN NaN NaN
0.0323770436 0.440455117 -7.61557542
0.043088949 0.432915335 -7.63737202
NaN NaN NaN
0.105768067 0.589914082 -7.64276174
0.0865242171 0.597546645 -7.65097641
NaN NaN NaN
0.105768067 0.589914082 -7.64276174
0.126949177 0.592875546 -7.65426313
NaN NaN NaN
0.105768067 0.589914082 -7.64276174
0.106216636 0.606929441 -7.66043605
NaN NaN NaN
0.0288975276 0.474774203 -7.62329235
0.0292656703 0.499223351 -7.63109925
NaN NaN NaN
0.0288975276 0.474774203 -7.62329235
0.0324227607 0.454457396 -7.63075012
NaN NaN NaN
0.0288975276 0.474774203 -7.62329235
0.028635101 0.489384732 -7.63850004
NaN NaN NaN
0.0288975276 0.474774203 -7.62329235
0.0324803848 0.468788494 -7.64625689
NaN NaN NaN
0.16605877 0.506601365 -7.63006459
0.16816116 0.479722633 -7.6313301
NaN NaN NaN
0.16605877 0.506601365 -7.63006459
0.16579713 0.524061199 -7.64834484
NaN NaN NaN
0.16605877 0.506601365 -7.63006459
0.167729729 0.49686716 -7.6491728
NaN NaN NaN
0.148493925 0.392508881 -7.60914664
0.121031231 0.373336419 -7.61344072
NaN NaN NaN
0.148493925 0.392508881 -7.60914664
0.148521007 0.413871289 -7.62932314
NaN NaN NaN
0.148493925 0.392508881 -7.60914664
0.123892491 0.392359625 -7.63032159
NaN NaN NaN
0.0188447281 0.397032421 -7.61191269
0.0 0.419408777 -7.63621888
NaN NaN NaN
0.0188447281 0.397032421 -7.61191269
0.0348180613 0.365121416 -7.62952614
NaN NaN NaN
0.0188447281 0.397032421 -7.61191269
0.0136806576 0.3983937 -7.6445465
NaN NaN NaN
0.0292656703 0.499223351 -7.63109925
0.028635101 0.489384732 -7.63850004
NaN NaN NaN
0.0292656703 0.499223351 -7.63109925
0.0289046448 0.514321104 -7.64678027
NaN NaN NaN
0.0351491553 0.532906895 -7.63728474
0.0289046448 0.514321104 -7.64678027
NaN NaN NaN
0.0351491553 0.532906895 -7.63728474
0.0346432413 0.548199355 -7.65329113
NaN NaN NaN
0.0351491553 0.532906895 -7.63728474
0.0285358459 0.529743936 -7.66279893
NaN NaN NaN
0.0989702384 0.361429421 -7.60646046
0.121031231 0.373336419 -7.61344072
NaN NaN NaN
0.0989702384 0.361429421 -7.60646046
0.0792384414 0.374508605 -7.61484101
NaN NaN NaN
0.0989702384 0.361429421 -7.60646046
0.0986109401 0.379370951 -7.62380305
NaN NaN NaN
0.16411246 0.439813685 -7.62146246
0.148521007 0.413871289 -7.62932314
NaN NaN NaN
0.16411246 0.439813685 -7.62146246
0.163458508 0.457340293 -7.63961573
NaN NaN NaN
0.16411246 0.439813685 -7.62146246
0.147848164 0.43232596 -7.64769262
NaN NaN NaN
0.0865242171 0.597546645 -7.65097641
0.106216636 0.606929441 -7.66043605
NaN NaN NaN
0.0865242171 0.597546645 -7.65097641
0.0642358354 0.596597902 -7.65996436
NaN NaN NaN
0.0865242171 0.597546645 -7.65097641
0.0863310787 0.615096013 -7.66901626
NaN NaN NaN
0.0608140558 0.384352554 -7.61230656
0.0792384414 0.374508605 -7.61484101
NaN NaN NaN
0.0608140558 0.384352554 -7.61230656
0.0593926768 0.399664819 -7.62608947
NaN NaN NaN
0.0608140558 0.384352554 -7.61230656
0.0773298736 0.391112342 -7.63020018
NaN NaN NaN
0.158365331 0.541893645 -7.64100829
0.16579713 0.524061199 -7.64834484
NaN NaN NaN
0.158365331 0.541893645 -7.64100829
0.158296303 0.558942747 -7.65904084
NaN NaN NaN
0.158365331 0.541893645 -7.64100829
0.165535912 0.54145662 -7.66656117
NaN NaN NaN
-0.262401548 0.257058183 -7.58605339
-0.312628224 0.078157056 -7.61923066
NaN NaN NaN
-0.262401548 0.257058183 -7.58605339
-0.227770021 0.31414703 -7.67752162
NaN NaN NaN
-0.262401548 0.257058183 -7.58605339
-0.254116944 0.231099759 -7.67749963
NaN NaN NaN
0.0562237478 0.351672527 -7.60754279
0.0956059494 0.341632729 -7.61647912
NaN NaN NaN
0.0562237478 0.351672527 -7.60754279
0.0348180613 0.365121416 -7.62952614
NaN NaN NaN
0.0562237478 0.351672527 -7.60754279
0.0640642939 0.345838193 -7.63622013
NaN NaN NaN
0.16816116 0.479722633 -7.6313301
0.163458508 0.457340293 -7.63961573
NaN NaN NaN
0.16816116 0.479722633 -7.6313301
0.167729729 0.49686716 -7.6491728
NaN NaN NaN
0.16816116 0.479722633 -7.6313301
0.162801837 0.474833805 -7.65773215
NaN NaN NaN
0.246453193 -0.163193576 -7.49562953
0.262740814 -0.111595085 -7.50837719
NaN NaN NaN
0.246453193 -0.163193576 -7.49562953
0.0471957323 -0.201249212 -7.54812541
NaN NaN NaN
0.246453193 -0.163193576 -7.49562953
0.232169008 -0.15729559 -7.60308346
NaN NaN NaN
0.262740814 -0.111595085 -7.50837719
0.232169008 -0.15729559 -7.60308346
NaN NaN NaN
0.262740814 -0.111595085 -7.50837719
0.253575451 -0.0895409283 -7.61969817
NaN NaN NaN
0.0426882013 0.418887229 -7.62241164
0.0593926768 0.399664819 -7.62608947
NaN NaN NaN
0.0426882013 0.418887229 -7.62241164
0.043088949 0.432915335 -7.63737202
NaN NaN NaN
0.0426882013 0.418887229 -7.62241164
0.0677293515 0.411959183 -7.64509569
NaN NaN NaN
0.121031231 0.373336419 -7.61344072
0.0986109401 0.379370951 -7.62380305
NaN NaN NaN
0.121031231 0.373336419 -7.61344072
0.123892491 0.392359625 -7.63032159
NaN NaN NaN
0.126949177 0.592875546 -7.65426313
0.143792181 0.578531073 -7.65464748
NaN NaN NaN
0.126949177 0.592875546 -7.65426313
0.106216636 0.606929441 -7.66043605
NaN NaN NaN
0.126949177 0.592875546 -7.65426313
0.127453328 0.609612696 -7.67202967
NaN NaN NaN
0.126949177 0.592875546 -7.65426313
0.143949148 0.595440077 -7.67258398
NaN NaN NaN
0.0792384414 0.374508605 -7.61484101
0.0986109401 0.379370951 -7.62380305
NaN NaN NaN
0.0792384414 0.374508605 -7.61484101
0.0773298736 0.391112342 -7.63020018
NaN NaN NaN
0.0324227607 0.454457396 -7.63075012
0.043088949 0.432915335 -7.63737202
NaN NaN NaN
0.0324227607 0.454457396 -7.63075012
0.0324803848 0.468788494 -7.64625689
NaN NaN NaN
0.0324227607 0.454457396 -7.63075012
0.0435079004 0.447267263 -7.6526452
NaN NaN NaN
0.266629819 0.242256913 -7.58719021
0.235319236 0.320729578 -7.62417077
NaN NaN NaN
0.266629819 0.242256913 -7.58719021
0.287578522 0.154100951 -7.62456729
NaN NaN NaN
0.266629819 0.242256913 -7.58719021
0.254437089 0.242262358 -7.65482407
NaN NaN NaN
0.028635101 0.489384732 -7.63850004
0.0289046448 0.514321104 -7.64678027
NaN NaN NaN
0.028635101 0.489384732 -7.63850004
0.0324803848 0.468788494 -7.64625689
NaN NaN NaN
0.028635101 0.489384732 -7.63850004
0.0283668103 0.504321742 -7.65404756
NaN NaN NaN
0.028635101 0.489384732 -7.63850004
0.0325503538 0.483446276 -7.66209165
NaN NaN NaN
0.143792181 0.578531073 -7.65464748
0.158296303 0.558942747 -7.65904084
NaN NaN NaN
0.143792181 0.578531073 -7.65464748
0.143949148 0.595440077 -7.67258398
NaN NaN NaN
0.143792181 0.578531073 -7.65464748
0.158250793 0.575922384 -7.67706564
NaN NaN NaN
0.106216636 0.606929441 -7.66043605
0.0863310787 0.615096013 -7.66901626
NaN NaN NaN
0.106216636 0.606929441 -7.66043605
0.127453328 0.609612696 -7.67202967
NaN NaN NaN
0.106216636 0.606929441 -7.66043605
0.106716636 0.623814569 -7.67799777
NaN NaN NaN
0.183731774 0.345273984 -7.61154111
0.154580226 0.350725636 -7.63114746
NaN NaN NaN
0.183731774 0.345273984 -7.61154111
0.235319236 0.320729578 -7.62417077
NaN NaN NaN
0.183731774 0.345273984 -7.61154111
0.172739182 0.342206283 -7.65386807
NaN NaN NaN
0.0642358354 0.596597902 -7.65996436
0.0440346144 0.573911295 -7.65905857
NaN NaN NaN
0.0642358354 0.596597902 -7.65996436
0.0863310787 0.615096013 -7.66901626
NaN NaN NaN
0.0642358354 0.596597902 -7.65996436
0.0641172822 0.615906658 -7.67958261
NaN NaN NaN
0.0642358354 0.596597902 -7.65996436
0.0462725695 0.598335423 -7.6799007
NaN NaN NaN
0.0289046448 0.514321104 -7.64678027
0.0283668103 0.504321742 -7.65404756
NaN NaN NaN
0.0289046448 0.514321104 -7.64678027
0.0285358459 0.529743936 -7.66279893
NaN NaN NaN
0.0346432413 0.548199355 -7.65329113
0.0440346144 0.573911295 -7.65905857
NaN NaN NaN
0.0346432413 0.548199355 -7.65329113
0.0285358459 0.529743936 -7.66279893
NaN NaN NaN
0.0346432413 0.548199355 -7.65329113
0.0320375812 0.560578106 -7.67300735
NaN NaN NaN
0.0346432413 0.548199355 -7.65329113
0.0281593322 0.545489391 -7.67915267
NaN NaN NaN
0.16579713 0.524061199 -7.64834484
0.167729729 0.49686716 -7.6491728
NaN NaN NaN
0.16579713 0.524061199 -7.64834484
0.165535912 0.54145662 -7.66656117
NaN NaN NaN
0.16579713 0.524061199 -7.64834484
0.167298298 0.514011687 -7.6670155
NaN NaN NaN
0.0593926768 0.399664819 -7.62608947
0.0773298736 0.391112342 -7.63020018
NaN NaN NaN
0.0593926768 0.399664819 -7.62608947
0.0677293515 0.411959183 -7.64509569
NaN NaN NaN
0.0440346144 0.573911295 -7.65905857
0.0320375812 0.560578106 -7.67300735
NaN NaN NaN
0.0440346144 0.573911295 -7.65905857
0.0462725695 0.598335423 -7.6799007
NaN NaN NaN
0.0440346144 0.573911295 -7.65905857
0.0329305504 0.577923678 -7.68653037
NaN NaN NaN
0.148521007 0.413871289 -7.62932314
0.123892491 0.392359625 -7.63032159
NaN NaN NaN
0.148521007 0.413871289 -7.62932314
0.147848164 0.43232596 -7.64769262
NaN NaN NaN
0.148521007 0.413871289 -7.62932314
0.12380315 0.411225349 -7.64844207
NaN NaN NaN
0.0956059494 0.341632729 -7.61647912
0.133837676 0.347730945 -7.62725686
NaN NaN NaN
0.0956059494 0.341632729 -7.61647912
0.0640642939 0.345838193 -7.63622013
NaN NaN NaN
0.0956059494 0.341632729 -7.61647912
0.0914910265 0.339582595 -7.64671593
NaN NaN NaN
0.0956059494 0.341632729 -7.61647912
0.126312646 0.343842019 -7.65944726
NaN NaN NaN
0.0986109401 0.379370951 -7.62380305
0.0773298736 0.391112342 -7.63020018
NaN NaN NaN
0.0986109401 0.379370951 -7.62380305
0.123892491 0.392359625 -7.63032159
NaN NaN NaN
0.0986109401 0.379370951 -7.62380305
0.0982516419 0.397312481 -7.64114564
NaN NaN NaN
0.163458508 0.457340293 -7.63961573
0.147848164 0.43232596 -7.64769262
NaN NaN NaN
0.163458508 0.457340293 -7.63961573
0.162801837 0.474833805 -7.65773215
NaN NaN NaN
0.163458508 0.457340293 -7.63961573
0.147331789 0.45061857 -7.66570111
NaN NaN NaN
0.0863310787 0.615096013 -7.66901626
0.106716636 0.623814569 -7.67799777
NaN NaN NaN
0.0863310787 0.615096013 -7.66901626
0.0641172822 0.615906658 -7.67958261
NaN NaN NaN
0.0863310787 0.615096013 -7.66901626
0.0862950781 0.632838758 -7.68722508
NaN NaN NaN
0.158296303 0.558942747 -7.65904084
0.165535912 0.54145662 -7.66656117
NaN NaN NaN
0.158296303 0.558942747 -7.65904084
0.158250793 0.575922384 -7.67706564
NaN NaN NaN
0.158296303 0.558942747 -7.65904084
0.16527505 0.558787431 -7.68471322
NaN NaN NaN
0.043088949 0.432915335 -7.63737202
0.0677293515 0.411959183 -7.64509569
NaN NaN NaN
0.043088949 0.432915335 -7.63737202
0.0435079004 0.447267263 -7.6526452
NaN NaN NaN
0.043088949 0.432915335 -7.63737202
0.0569387502 0.431734967 -7.65538017
NaN NaN NaN
-0.0568482058 0.395888638 -7.63098168
0.0 0.419408777 -7.63621888
NaN NaN NaN
-0.0568482058 0.395888638 -7.63098168
-0.107151347 0.371717034 -7.64530179
NaN NaN NaN
-0.0568482058 0.395888638 -7.63098168
0.0 0.410990357 -7.6820525
NaN NaN NaN
-0.0568482058 0.395888638 -7.63098168
-0.0624824695 0.384578985 -7.67934587
NaN NaN NaN
0.167729729 0.49686716 -7.6491728
0.162801837 0.474833805 -7.65773215
NaN NaN NaN
0.167729729 0.49686716 -7.6491728
0.167298298 0.514011687 -7.6670155
NaN NaN NaN
0.167729729 0.49686716 -7.6491728
0.162142379 0.492293576 -7.675811
NaN NaN NaN
0.0773298736 0.391112342 -7.63020018
0.0982516419 0.397312481 -7.64114564
NaN NaN NaN
0.0773298736 0.391112342 -7.63020018
0.0677293515 0.411959183 -7.64509569
NaN NaN NaN
0.123892491 0.392359625 -7.63032159
0.0982516419 0.397312481 -7.64114564
NaN NaN NaN
0.123892491 0.392359625 -7.63032159
0.12380315 0.411225349 -7.64844207
NaN NaN NaN
0.0 0.419408777 -7.63621888
0.0136806576 0.3983937 -7.6445465
NaN NaN NaN
0.0 0.419408777 -7.63621888
0.0 0.410990357 -7.6820525
NaN NaN NaN
0.0324803848 0.468788494 -7.64625689
0.0435079004 0.447267263 -7.6526452
NaN NaN NaN
0.0324803848 0.468788494 -7.64625689
0.0325503538 0.483446276 -7.66209165
NaN NaN NaN
0.0324803848 0.468788494 -7.64625689
0.0439450855 0.461941025 -7.66822691
NaN NaN NaN
0.127453328 0.609612696 -7.67202967
0.143949148 0.595440077 -7.67258398
NaN NaN NaN
0.127453328 0.609612696 -7.67202967
0.106716636 0.623814569 -7.67799777
NaN NaN NaN
0.127453328 0.609612696 -7.67202967
0.127946161 0.626322422 -7.68977435
NaN NaN NaN
0.127453328 0.609612696 -7.67202967
0.144178771 0.612284162 -7.69055184
NaN NaN NaN
0.0283668103 0.504321742 -7.65404756
0.0285358459 0.529743936 -7.66279893
NaN NaN NaN
0.0283668103 0.504321742 -7.65404756
0.0325503538 0.483446276 -7.66209165
NaN NaN NaN
0.0283668103 0.504321742 -7.65404756
0.0280926898 0.519583321 -7.66993291
NaN NaN NaN
0.0283668103 0.504321742 -7.65404756
0.0325433537 0.498581321 -7.67807757
NaN NaN NaN
0.0348180613 0.365121416 -7.62952614
0.0136806576 0.3983937 -7.6445465
NaN NaN NaN
0.0348180613 0.365121416 -7.62952614
0.0640642939 0.345838193 -7.63622013
NaN NaN NaN
0.0348180613 0.365121416 -7.62952614
0.0437492065 0.35299685 -7.6693389
NaN NaN NaN
0.143949148 0.595440077 -7.67258398
0.158250793 0.575922384 -7.67706564
NaN NaN NaN
0.143949148 0.595440077 -7.67258398
0.144178771 0.612284162 -7.69055184
NaN NaN NaN
0.143949148 0.595440077 -7.67258398
0.158240317 0.592805314 -7.6950868
NaN NaN NaN
0.106716636 0.623814569 -7.67799777
0.0862950781 0.632838758 -7.68722508
NaN NaN NaN
0.106716636 0.623814569 -7.67799777
0.127946161 0.626322422 -7.68977435
NaN NaN NaN
0.106716636 0.623814569 -7.67799777
0.107078415 0.640546148 -7.69538393
NaN NaN NaN
0.133837676 0.347730945 -7.62725686
0.154580226 0.350725636 -7.63114746
NaN NaN NaN
0.133837676 0.347730945 -7.62725686
0.126312646 0.343842019 -7.65944726
NaN NaN NaN
0.0285358459 0.529743936 -7.66279893
0.0280926898 0.519583321 -7.66993291
NaN NaN NaN
0.0285358459 0.529743936 -7.66279893
0.0281593322 0.545489391 -7.67915267
NaN NaN NaN
0.0641172822 0.615906658 -7.67958261
0.0462725695 0.598335423 -7.6799007
NaN NaN NaN
0.0641172822 0.615906658 -7.67958261
0.0862950781 0.632838758 -7.68722508
NaN NaN NaN
0.0641172822 0.615906658 -7.67958261
0.0625183524 0.633241364 -7.69826068
NaN NaN NaN
0.0641172822 0.615906658 -7.67958261
0.0450458687 0.615526618 -7.69866502
NaN NaN NaN
0.320505324 0.0801263311 -7.57196805
0.287578522 0.154100951 -7.62456729
NaN NaN NaN
0.320505324 0.0801263311 -7.57196805
0.253575451 -0.0895409283 -7.61969817
NaN NaN NaN
0.320505324 0.0801263311 -7.57196805
0.304501126 0.0761252814 -7.66799325
NaN NaN NaN
0.165535912 0.54145662 -7.66656117
0.167298298 0.514011687 -7.6670155
NaN NaN NaN
0.165535912 0.54145662 -7.66656117
0.16527505 0.558787431 -7.68471322
NaN NaN NaN
0.165535912 0.54145662 -7.66656117
0.166866867 0.531156213 -7.6848582
NaN NaN NaN
0.154580226 0.350725636 -7.63114746
0.172739182 0.342206283 -7.65386807
NaN NaN NaN
0.154580226 0.350725636 -7.63114746
0.126312646 0.343842019 -7.65944726
NaN NaN NaN
0.154580226 0.350725636 -7.63114746
0.137254732 0.343944612 -7.6834211
NaN NaN NaN
0.235319236 0.320729578 -7.62417077
0.172739182 0.342206283 -7.65386807
NaN NaN NaN
0.235319236 0.320729578 -7.62417077
0.254437089 0.242262358 -7.65482407
NaN NaN NaN
0.235319236 0.320729578 -7.62417077
0.227056496 0.313524872 -7.68256415
NaN NaN NaN
0.0982516419 0.397312481 -7.64114564
0.0677293515 0.411959183 -7.64509569
NaN NaN NaN
0.0982516419 0.397312481 -7.64114564
0.12380315 0.411225349 -7.64844207
NaN NaN NaN
0.0982516419 0.397312481 -7.64114564
0.0978923436 0.415254011 -7.65848824
NaN NaN NaN
0.147848164 0.43232596 -7.64769262
0.12380315 0.411225349 -7.64844207
NaN NaN NaN
0.147848164 0.43232596 -7.64769262
0.147331789 0.45061857 -7.66570111
NaN NaN NaN
0.147848164 0.43232596 -7.64769262
0.123145737 0.429692513 -7.666472
NaN NaN NaN
0.0677293515 0.411959183 -7.64509569
0.0569387502 0.431734967 -7.65538017
NaN NaN NaN
0.0677293515 0.411959183 -7.64509569
0.0978923436 0.415254011 -7.65848824
NaN NaN NaN
0.0677293515 0.411959183 -7.64509569
0.0757028563 0.428960868 -7.66640541
NaN NaN NaN
0.0320375812 0.560578106 -7.67300735
0.0281593322 0.545489391 -7.67915267
NaN NaN NaN
0.0320375812 0.560578106 -7.67300735
0.0329305504 0.577923678 -7.68653037
NaN NaN NaN
0.0320375812 0.560578106 -7.67300735
0.0277751779 0.561554372 -7.69583829
NaN NaN NaN
0.0462725695 0.598335423 -7.6799007
0.0329305504 0.577923678 -7.68653037
NaN NaN NaN
0.0462725695 0.598335423 -7.6799007
0.0450458687 0.615526618 -7.69866502
NaN NaN NaN
0.0462725695 0.598335423 -7.6799007
0.033033045 0.596093697 -7.70350781
NaN NaN NaN
0.0435079004 0.447267263 -7.6526452
0.0569387502 0.431734967 -7.65538017
NaN NaN NaN
0.0435079004 0.447267263 -7.6526452
0.0439450855 0.461941025 -7.66822691
NaN NaN NaN
0.0435079004 0.447267263 -7.6526452
0.0614767583 0.44282411 -7.67063041
NaN NaN NaN
0.162801837 0.474833805 -7.65773215
0.147331789 0.45061857 -7.66570111
NaN NaN NaN
0.162801837 0.474833805 -7.65773215
0.162142379 0.492293576 -7.675811
NaN NaN NaN
0.162801837 0.474833805 -7.65773215
0.149077792 0.469895843 -7.68155856
NaN NaN NaN
0.0136806576 0.3983937 -7.6445465
0.0437492065 0.35299685 -7.6693389
NaN NaN NaN
0.0136806576 0.3983937 -7.6445465
0.0 0.410990357 -7.6820525
NaN NaN NaN
0.0136806576 0.3983937 -7.6445465
0.00747118382 0.400030553 -7.68378663
NaN NaN NaN
0.0862950781 0.632838758 -7.68722508
0.107078415 0.640546148 -7.69538393
NaN NaN NaN
0.0862950781 0.632838758 -7.68722508
0.0625183524 0.633241364 -7.69826068
NaN NaN NaN
0.0862950781 0.632838758 -7.68722508
0.0870786103 0.650685352 -7.70539854
NaN NaN NaN
0.158250793 0.575922384 -7.67706564
0.16527505 0.558787431 -7.68471322
NaN NaN NaN
0.158250793 0.575922384 -7.67706564
0.158240317 0.592805314 -7.6950868
NaN NaN NaN
0.158250793 0.575922384 -7.67706564
0.165014482 0.576053404 -7.70280063
NaN NaN NaN
0.0325503538 0.483446276 -7.66209165
0.0439450855 0.461941025 -7.66822691
NaN NaN NaN
0.0325503538 0.483446276 -7.66209165
0.0325433537 0.498581321 -7.67807757
NaN NaN NaN
0.0325503538 0.483446276 -7.66209165
0.0421683385 0.477232762 -7.68051941
NaN NaN NaN
0.167298298 0.514011687 -7.6670155
0.162142379 0.492293576 -7.675811
NaN NaN NaN
0.167298298 0.514011687 -7.6670155
0.166866867 0.531156213 -7.6848582
NaN NaN NaN
0.167298298 0.514011687 -7.6670155
0.161480061 0.509718946 -7.69385153
NaN NaN NaN
0.0640642939 0.345838193 -7.63622013
0.0914910265 0.339582595 -7.64671593
NaN NaN NaN
0.0640642939 0.345838193 -7.63622013
0.0437492065 0.35299685 -7.6693389
NaN NaN NaN
0.12380315 0.411225349 -7.64844207
0.0978923436 0.415254011 -7.65848824
NaN NaN NaN
0.12380315 0.411225349 -7.64844207
0.123145737 0.429692513 -7.666472
NaN NaN NaN
0.0280926898 0.519583321 -7.66993291
0.0281593322 0.545489391 -7.67915267
NaN NaN NaN
0.0280926898 0.519583321 -7.66993291
0.0325433537 0.498581321 -7.67807757
NaN NaN NaN
0.0280926898 0.519583321 -7.66993291
0.0278127854 0.535166923 -7.68615345
NaN NaN NaN
0.0280926898 0.519583321 -7.66993291
0.0324554574 0.514175859 -7.69422039
NaN NaN NaN
0.127946161 0.626322422 -7.68977435
0.107078415 0.640546148 -7.69538393
NaN NaN NaN
0.127946161 0.626322422 -7.68977435
0.144178771 0.612284162 -7.69055184
NaN NaN NaN
0.127946161 0.626322422 -7.68977435
0.128172098 0.6431648 -7.70748339
NaN NaN NaN
0.127946161 0.626322422 -7.68977435
0.144496378 0.62902048 -7.70853124
NaN NaN NaN
-0.160633087 0.350004747 -7.63885592
-0.107151347 0.371717034 -7.64530179
NaN NaN NaN
-0.160633087 0.350004747 -7.63885592
-0.227770021 0.31414703 -7.67752162
NaN NaN NaN
-0.160633087 0.350004747 -7.63885592
-0.108118428 0.362650049 -7.69233734
NaN NaN NaN
-0.160633087 0.350004747 -7.63885592
-0.157170031 0.338028566 -7.71201564
NaN NaN NaN
0.0569387502 0.431734967 -7.65538017
0.0757028563 0.428960868 -7.66640541
NaN NaN NaN
0.0569387502 0.431734967 -7.65538017
0.0614767583 0.44282411 -7.67063041
NaN NaN NaN
-0.107151347 0.371717034 -7.64530179
-0.0624824695 0.384578985 -7.67934587
NaN NaN NaN
-0.107151347 0.371717034 -7.64530179
-0.108118428 0.362650049 -7.69233734
NaN NaN NaN
0.107078415 0.640546148 -7.69538393
0.0870786103 0.650685352 -7.70539854
NaN NaN NaN
0.107078415 0.640546148 -7.69538393
0.128172098 0.6431648 -7.70748339
NaN NaN NaN
0.107078415 0.640546148 -7.69538393
0.107063053 0.65728692 -7.7127039
NaN NaN NaN
0.0281593322 0.545489391 -7.67915267
0.0278127854 0.535166923 -7.68615345
NaN NaN NaN
0.0281593322 0.545489391 -7.67915267
0.0277751779 0.561554372 -7.69583829
NaN NaN NaN
0.144178771 0.612284162 -7.69055184
0.158240317 0.592805314 -7.6950868
NaN NaN NaN
0.144178771 0.612284162 -7.69055184
0.144496378 0.62902048 -7.70853124
NaN NaN NaN
0.144178771 0.612284162 -7.69055184
0.158277348 0.60955599 -7.7131055
NaN NaN NaN
0.0329305504 0.577923678 -7.68653037
0.0277751779 0.561554372 -7.69583829
NaN NaN NaN
0.0329305504 0.577923678 -7.68653037
0.033033045 0.596093697 -7.70350781
NaN NaN NaN
0.0329305504 0.577923678 -7.68653037
0.0273834727 0.577935126 -7.71285187
NaN NaN NaN
0.0978923436 0.415254011 -7.65848824
0.0757028563 0.428960868 -7.66640541
NaN NaN NaN
0.0978923436 0.415254011 -7.65848824
0.123145737 0.429692513 -7.666472
NaN NaN NaN
0.0978923436 0.415254011 -7.65848824
0.0975330453 0.433195541 -7.67583083
NaN NaN NaN
0.0625183524 0.633241364 -7.69826068
0.0450458687 0.615526618 -7.69866502
NaN NaN NaN
0.0625183524 0.633241364 -7.69826068
0.0870786103 0.650685352 -7.70539854
NaN NaN NaN
0.0625183524 0.633241364 -7.69826068
0.0610922344 0.649934372 -7.71619186
NaN NaN NaN
0.0625183524 0.633241364 -7.69826068
0.0436351057 0.632377084 -7.71739656
NaN NaN NaN
0.16527505 0.558787431 -7.68471322
0.166866867 0.531156213 -7.6848582
NaN NaN NaN
0.16527505 0.558787431 -7.68471322
0.165014482 0.576053404 -7.70280063
NaN NaN NaN
0.16527505 0.558787431 -7.68471322
0.166435436 0.54830074 -7.7027009
NaN NaN NaN
0.0439450855 0.461941025 -7.66822691
0.0614767583 0.44282411 -7.67063041
NaN NaN NaN
0.0439450855 0.461941025 -7.66822691
0.0421683385 0.477232762 -7.68051941
NaN NaN NaN
0.0439450855 0.461941025 -7.66822691
0.0594467117 0.461522315 -7.68729409
NaN NaN NaN
0.147331789 0.45061857 -7.66570111
0.123145737 0.429692513 -7.666472
NaN NaN NaN
0.147331789 0.45061857 -7.66570111
0.149077792 0.469895843 -7.68155856
NaN NaN NaN
0.147331789 0.45061857 -7.66570111
0.119569404 0.446353532 -7.68411614
NaN NaN NaN
0.0914910265 0.339582595 -7.64671593
0.126312646 0.343842019 -7.65944726
NaN NaN NaN
0.0914910265 0.339582595 -7.64671593
0.0437492065 0.35299685 -7.6693389
NaN NaN NaN
0.0914910265 0.339582595 -7.64671593
0.086955913 0.337323114 -7.68004034
NaN NaN NaN
0.0450458687 0.615526618 -7.69866502
0.033033045 0.596093697 -7.70350781
NaN NaN NaN
0.0450458687 0.615526618 -7.69866502
0.0436351057 0.632377084 -7.71739656
NaN NaN NaN
0.0450458687 0.615526618 -7.69866502
0.0324859865 0.612794582 -7.72098283
NaN NaN NaN
0.162142379 0.492293576 -7.675811
0.149077792 0.469895843 -7.68155856
NaN NaN NaN
0.162142379 0.492293576 -7.675811
0.161480061 0.509718946 -7.69385153
NaN NaN NaN
0.162142379 0.492293576 -7.675811
0.145744207 0.485994055 -7.70128702
NaN NaN NaN
0.0325433537 0.498581321 -7.67807757
0.0421683385 0.477232762 -7.68051941
NaN NaN NaN
0.0325433537 0.498581321 -7.67807757
0.0324554574 0.514175859 -7.69422039
NaN NaN NaN
0.0325433537 0.498581321 -7.67807757
0.0519325956 0.48366118 -7.70140381
NaN NaN NaN
0.0870786103 0.650685352 -7.70539854
0.107063053 0.65728692 -7.7127039
NaN NaN NaN
0.0870786103 0.650685352 -7.70539854
0.0610922344 0.649934372 -7.71619186
NaN NaN NaN
0.0870786103 0.650685352 -7.70539854
0.0880454476 0.66832052 -7.72335749
NaN NaN NaN
0.158240317 0.592805314 -7.6950868
0.165014482 0.576053404 -7.70280063
NaN NaN NaN
0.158240317 0.592805314 -7.6950868
0.158277348 0.60955599 -7.7131055
NaN NaN NaN
0.158240317 0.592805314 -7.6950868
0.16475415 0.593254286 -7.72082301
NaN NaN NaN
0.0278127854 0.535166923 -7.68615345
0.0277751779 0.561554372 -7.69583829
NaN NaN NaN
0.0278127854 0.535166923 -7.68615345
0.0324554574 0.514175859 -7.69422039
NaN NaN NaN
0.0278127854 0.535166923 -7.68615345
0.0275271545 0.551069344 -7.70270583
NaN NaN NaN
0.0278127854 0.535166923 -7.68615345
0.0323692799 0.530077991 -7.71067938
NaN NaN NaN
0.0757028563 0.428960868 -7.66640541
0.0614767583 0.44282411 -7.67063041
NaN NaN NaN
0.0757028563 0.428960868 -7.66640541
0.0975330453 0.433195541 -7.67583083
NaN NaN NaN
0.0757028563 0.428960868 -7.66640541
0.081368093 0.446729107 -7.68606222
NaN NaN NaN
0.123145737 0.429692513 -7.666472
0.0975330453 0.433195541 -7.67583083
NaN NaN NaN
0.123145737 0.429692513 -7.666472
0.119569404 0.446353532 -7.68411614
NaN NaN NaN
0.166866867 0.531156213 -7.6848582
0.161480061 0.509718946 -7.69385153
NaN NaN NaN
0.166866867 0.531156213 -7.6848582
0.166435436 0.54830074 -7.7027009
NaN NaN NaN
0.166866867 0.531156213 -7.6848582
0.160814809 0.527109243 -7.71185299
NaN NaN NaN
0.0614767583 0.44282411 -7.67063041
0.0594467117 0.461522315 -7.68729409
NaN NaN NaN
0.0614767583 0.44282411 -7.67063041
0.081368093 0.446729107 -7.68606222
NaN NaN NaN
0.128172098 0.6431648 -7.70748339
0.107063053 0.65728692 -7.7127039
NaN NaN NaN
0.128172098 0.6431648 -7.70748339
0.144496378 0.62902048 -7.70853124
NaN NaN NaN
0.128172098 0.6431648 -7.70748339
0.127912538 0.66033252 -7.72519401
NaN NaN NaN
0.128172098 0.6431648 -7.70748339
0.144874823 0.645588132 -7.72642971
NaN NaN NaN
0.0277751779 0.561554372 -7.69583829
0.0275271545 0.551069344 -7.70270583
NaN NaN NaN
0.0277751779 0.561554372 -7.69583829
0.0273834727 0.577935126 -7.71285187
NaN NaN NaN
0.172739182 0.342206283 -7.65386807
0.137254732 0.343944612 -7.6834211
NaN NaN NaN
0.172739182 0.342206283 -7.65386807
0.227056496 0.313524872 -7.68256415
NaN NaN NaN
0.172739182 0.342206283 -7.65386807
0.162904483 0.339461716 -7.69173656
NaN NaN NaN
0.0421683385 0.477232762 -7.68051941
0.0594467117 0.461522315 -7.68729409
NaN NaN NaN
0.0421683385 0.477232762 -7.68051941
0.0519325956 0.48366118 -7.70140381
NaN NaN NaN
0.107063053 0.65728692 -7.7127039
0.0880454476 0.66832052 -7.72335749
NaN NaN NaN
0.107063053 0.65728692 -7.7127039
0.127912538 0.66033252 -7.72519401
NaN NaN NaN
0.107063053 0.65728692 -7.7127039
0.106601031 0.674370045 -7.73028069
NaN NaN NaN
0.144496378 0.62902048 -7.70853124
0.158277348 0.60955599 -7.7131055
NaN NaN NaN
0.144496378 0.62902048 -7.70853124
0.144874823 0.645588132 -7.72642971
NaN NaN NaN
0.144496378 0.62902048 -7.70853124
0.158365073 0.626143299 -7.73110751
NaN NaN NaN
0.033033045 0.596093697 -7.70350781
0.0273834727 0.577935126 -7.71285187
NaN NaN NaN
0.033033045 0.596093697 -7.70350781
0.0324859865 0.612794582 -7.72098283
NaN NaN NaN
0.033033045 0.596093697 -7.70350781
0.0269843224 0.594627226 -7.73018883
NaN NaN NaN
0.149077792 0.469895843 -7.68155856
0.119569404 0.446353532 -7.68411614
NaN NaN NaN
0.149077792 0.469895843 -7.68155856
0.145744207 0.485994055 -7.70128702
NaN NaN NaN
0.149077792 0.469895843 -7.68155856
0.121870585 0.465469676 -7.70139636
NaN NaN NaN
0.0975330453 0.433195541 -7.67583083
0.119569404 0.446353532 -7.68411614
NaN NaN NaN
0.0975330453 0.433195541 -7.67583083
0.081368093 0.446729107 -7.68606222
NaN NaN NaN
0.0975330453 0.433195541 -7.67583083
0.097173747 0.45113707 -7.69317342
NaN NaN NaN
0.126312646 0.343842019 -7.65944726
0.086955913 0.337323114 -7.68004034
NaN NaN NaN
0.126312646 0.343842019 -7.65944726
0.137254732 0.343944612 -7.6834211
NaN NaN NaN
0.0610922344 0.649934372 -7.71619186
0.0880454476 0.66832052 -7.72335749
NaN NaN NaN
0.0610922344 0.649934372 -7.71619186
0.0436351057 0.632377084 -7.71739656
NaN NaN NaN
0.0610922344 0.649934372 -7.71619186
0.0600758824 0.666787525 -7.73399039
NaN NaN NaN
0.0610922344 0.649934372 -7.71619186
0.0426331281 0.649315955 -7.73564109
NaN NaN NaN
0.165014482 0.576053404 -7.70280063
0.166435436 0.54830074 -7.7027009
NaN NaN NaN
0.165014482 0.576053404 -7.70280063
0.16475415 0.593254286 -7.72082301
NaN NaN NaN
0.165014482 0.576053404 -7.70280063
0.166004005 0.565445266 -7.72054361
NaN NaN NaN
0.0324554574 0.514175859 -7.69422039
0.0519325956 0.48366118 -7.70140381
NaN NaN NaN
0.0324554574 0.514175859 -7.69422039
0.0323692799 0.530077991 -7.71067938
NaN NaN NaN
0.0324554574 0.514175859 -7.69422039
0.0511054614 0.503307134 -7.71998459
NaN NaN NaN
0.161480061 0.509718946 -7.69385153
0.145744207 0.485994055 -7.70128702
NaN NaN NaN
0.161480061 0.509718946 -7.69385153
0.160814809 0.527109243 -7.71185299
NaN NaN NaN
0.161480061 0.509718946 -7.69385153
0.147247478 0.505121641 -7.71746469
NaN NaN NaN
0.0275271545 0.551069344 -7.70270583
0.0273834727 0.577935126 -7.71285187
NaN NaN NaN
0.0275271545 0.551069344 -7.70270583
0.0323692799 0.530077991 -7.71067938
NaN NaN NaN
0.0275271545 0.551069344 -7.70270583
0.0272358667 0.567286707 -7.71958603
NaN NaN NaN
0.0275271545 0.551069344 -7.70270583
0.0336916258 0.544009392 -7.72950147
NaN NaN NaN
0.0880454476 0.66832052 -7.72335749
0.106601031 0.674370045 -7.73028069
NaN NaN NaN
0.0880454476 0.66832052 -7.72335749
0.0600758824 0.666787525 -7.73399039
NaN NaN NaN
0.0880454476 0.66832052 -7.72335749
0.0881904358 0.685613819 -7.74110383
NaN NaN NaN
0.0436351057 0.632377084 -7.71739656
0.0324859865 0.612794582 -7.72098283
NaN NaN NaN
0.0436351057 0.632377084 -7.71739656
0.0426331281 0.649315955 -7.73564109
NaN NaN NaN
0.0436351057 0.632377084 -7.71739656
0.0319083586 0.62985014 -7.738887
NaN NaN NaN
0.158277348 0.60955599 -7.7131055
0.16475415 0.593254286 -7.72082301
NaN NaN NaN
0.158277348 0.60955599 -7.7131055
0.158365073 0.626143299 -7.73110751
NaN NaN NaN
0.158277348 0.60955599 -7.7131055
0.164493996 0.6103898 -7.73877992
NaN NaN NaN
0.0594467117 0.461522315 -7.68729409
0.081368093 0.446729107 -7.68606222
NaN NaN NaN
0.0594467117 0.461522315 -7.68729409
0.0519325956 0.48366118 -7.70140381
NaN NaN NaN
0.0594467117 0.461522315 -7.68729409
0.0792400967 0.464859375 -7.70295851
NaN NaN NaN
0.119569404 0.446353532 -7.68411614
0.097173747 0.45113707 -7.69317342
NaN NaN NaN
0.119569404 0.446353532 -7.68411614
0.121870585 0.465469676 -7.70139636
NaN NaN NaN
0.0471957323 -0.201249212 -7.54812541
0.0 -0.210427215 -7.55787342
NaN NaN NaN
0.0471957323 -0.201249212 -7.54812541
0.232169008 -0.15729559 -7.60308346
NaN NaN NaN
0.0471957323 -0.201249212 -7.54812541
0.0616547029 -0.18784564 -7.67224037
NaN NaN NaN
0.166435436 0.54830074 -7.7027009
0.160814809 0.527109243 -7.71185299
NaN NaN NaN
0.166435436 0.54830074 -7.7027009
0.166004005 0.565445266 -7.72054361
NaN NaN NaN
0.166435436 0.54830074 -7.7027009
0.160146547 0.544463784 -7.72981458
NaN NaN NaN
0.287578522 0.154100951 -7.62456729
0.254437089 0.242262358 -7.65482407
NaN NaN NaN
0.287578522 0.154100951 -7.62456729
0.304501126 0.0761252814 -7.66799325
NaN NaN NaN
0.287578522 0.154100951 -7.62456729
0.269868658 0.163615662 -7.70624101
NaN NaN NaN
-0.238322978 -0.159836584 -7.55678973
-0.191156564 -0.169912602 -7.55568303
NaN NaN NaN
-0.238322978 -0.159836584 -7.55678973
-0.289137566 0.0108694675 -7.61737734
NaN NaN NaN
-0.238322978 -0.159836584 -7.55678973
-0.221646934 -0.152950992 -7.68223662
NaN NaN NaN
0.081368093 0.446729107 -7.68606222
0.097173747 0.45113707 -7.69317342
NaN NaN NaN
0.081368093 0.446729107 -7.68606222
0.0792400967 0.464859375 -7.70295851
NaN NaN NaN
-0.191156564 -0.169912602 -7.55568303
0.0 -0.210427215 -7.55787342
NaN NaN NaN
-0.191156564 -0.169912602 -7.55568303
-0.221646934 -0.152950992 -7.68223662
NaN NaN NaN
-0.191156564 -0.169912602 -7.55568303
-0.159836894 -0.166158532 -7.6807472
NaN NaN NaN
0.0437492065 0.35299685 -7.6693389
0.00747118382 0.400030553 -7.68378663
NaN NaN NaN
0.0437492065 0.35299685 -7.6693389
0.086955913 0.337323114 -7.68004034
NaN NaN NaN
0.0437492065 0.35299685 -7.6693389
0.0377217651 0.352341943 -7.71555137
NaN NaN NaN
0.127912538 0.66033252 -7.72519401
0.106601031 0.674370045 -7.73028069
NaN NaN NaN
0.127912538 0.66033252 -7.72519401
0.144874823 0.645588132 -7.72642971
NaN NaN NaN
0.127912538 0.66033252 -7.72519401
0.127251298 0.677898396 -7.74304086
NaN NaN NaN
0.127912538 0.66033252 -7.72519401
0.145230151 0.661993434 -7.74414532
NaN NaN NaN
0.0 0.410990357 -7.6820525
-0.0624824695 0.384578985 -7.67934587
NaN NaN NaN
0.0 0.410990357 -7.6820525
0.00747118382 0.400030553 -7.68378663
NaN NaN NaN
0.0 0.410990357 -7.6820525
0.0 0.402 -7.731
NaN NaN NaN
0.0273834727 0.577935126 -7.71285187
0.0272358667 0.567286707 -7.71958603
NaN NaN NaN
0.0273834727 0.577935126 -7.71285187
0.0269843224 0.594627226 -7.73018883
NaN NaN NaN
0.106601031 0.674370045 -7.73028069
0.0881904358 0.685613819 -7.74110383
NaN NaN NaN
0.106601031 0.674370045 -7.73028069
0.127251298 0.677898396 -7.74304086
NaN NaN NaN
0.106601031 0.674370045 -7.73028069
0.109842267 0.691130624 -7.74845538
NaN NaN NaN
0.0324859865 0.612794582 -7.72098283
0.0269843224 0.594627226 -7.73018883
NaN NaN NaN
0.0324859865 0.612794582 -7.72098283
0.0319083586 0.62985014 -7.738887
NaN NaN NaN
0.0324859865 0.612794582 -7.72098283
0.0265778492 0.611625559 -7.74784386
NaN NaN NaN
-0.0624824695 0.384578985 -7.67934587
-0.108118428 0.362650049 -7.69233734
NaN NaN NaN
-0.0624824695 0.384578985 -7.67934587
-0.0675939798 0.374318654 -7.72322278
NaN NaN NaN
-0.0624824695 0.384578985 -7.67934587
0.0 0.402 -7.731
NaN NaN NaN
0.144874823 0.645588132 -7.72642971
0.158365073 0.626143299 -7.73110751
NaN NaN NaN
0.144874823 0.645588132 -7.72642971
0.145230151 0.661993434 -7.74414532
NaN NaN NaN
0.144874823 0.645588132 -7.72642971
0.158465288 0.6425918 -7.74902526
NaN NaN NaN
0.00747118382 0.400030553 -7.68378663
0.0377217651 0.352341943 -7.71555137
NaN NaN NaN
0.00747118382 0.400030553 -7.68378663
0.0 0.402 -7.731
NaN NaN NaN
0.097173747 0.45113707 -7.69317342
0.121870585 0.465469676 -7.70139636
NaN NaN NaN
0.097173747 0.45113707 -7.69317342
0.0792400967 0.464859375 -7.70295851
NaN NaN NaN
0.097173747 0.45113707 -7.69317342
0.0968144488 0.4690786 -7.71051601
NaN NaN NaN
0.0519325956 0.48366118 -7.70140381
0.0792400967 0.464859375 -7.70295851
NaN NaN NaN
0.0519325956 0.48366118 -7.70140381
0.0511054614 0.503307134 -7.71998459
NaN NaN NaN
0.0519325956 0.48366118 -7.70140381
0.0784647148 0.483011478 -7.72035775
NaN NaN NaN
0.145744207 0.485994055 -7.70128702
0.121870585 0.465469676 -7.70139636
NaN NaN NaN
0.145744207 0.485994055 -7.70128702
0.147247478 0.505121641 -7.71746469
NaN NaN NaN
0.145744207 0.485994055 -7.70128702
0.118845575 0.482629435 -7.71923258
NaN NaN NaN
0.0600758824 0.666787525 -7.73399039
0.0881904358 0.685613819 -7.74110383
NaN NaN NaN
0.0600758824 0.666787525 -7.73399039
0.0426331281 0.649315955 -7.73564109
NaN NaN NaN
0.0600758824 0.666787525 -7.73399039
0.0627926221 0.686439117 -7.75188923
NaN NaN NaN
0.0600758824 0.666787525 -7.73399039
0.0418957727 0.666366732 -7.75360354
NaN NaN NaN
0.16475415 0.593254286 -7.72082301
0.166004005 0.565445266 -7.72054361
NaN NaN NaN
0.16475415 0.593254286 -7.72082301
0.164493996 0.6103898 -7.73877992
NaN NaN NaN
0.16475415 0.593254286 -7.72082301
0.165572574 0.582589793 -7.73838631
NaN NaN NaN
0.0323692799 0.530077991 -7.71067938
0.0511054614 0.503307134 -7.71998459
NaN NaN NaN
0.0323692799 0.530077991 -7.71067938
0.0336916258 0.544009392 -7.72950147
NaN NaN NaN
0.0323692799 0.530077991 -7.71067938
0.051836022 0.519613176 -7.73708457
NaN NaN NaN
-0.312628224 0.078157056 -7.61923066
-0.289137566 0.0108694675 -7.61737734
NaN NaN NaN
-0.312628224 0.078157056 -7.61923066
-0.254116944 0.231099759 -7.67749963
NaN NaN NaN
-0.312628224 0.078157056 -7.61923066
-0.294710327 0.0736775819 -7.72673804
NaN NaN NaN
0.0 -0.210427215 -7.55787342
0.0616547029 -0.18784564 -7.67224037
NaN NaN NaN
0.0 -0.210427215 -7.55787342
-0.159836894 -0.166158532 -7.6807472
NaN NaN NaN
0.0 -0.210427215 -7.55787342
0.0 -0.199872558 -7.68452931
NaN NaN NaN
0.254437089 0.242262358 -7.65482407
0.227056496 0.313524872 -7.68256415
NaN NaN NaN
0.254437089 0.242262358 -7.65482407
0.240848709 0.256614511 -7.70520402
NaN NaN NaN
0.254437089 0.242262358 -7.65482407
0.269868658 0.163615662 -7.70624101
NaN NaN NaN
0.0272358667 0.567286707 -7.71958603
0.0269843224 0.594627226 -7.73018883
NaN NaN NaN
0.0272358667 0.567286707 -7.71958603
0.0336916258 0.544009392 -7.72950147
NaN NaN NaN
0.0272358667 0.567286707 -7.71958603
0.0269390042 0.583814444 -7.73678929
NaN NaN NaN
0.0272358667 0.567286707 -7.71958603
0.032203394 0.562784657 -7.74452395
NaN NaN NaN
0.160814809 0.527109243 -7.71185299
0.147247478 0.505121641 -7.71746469
NaN NaN NaN
0.160814809 0.527109243 -7.71185299
0.160146547 0.544463784 -7.72981458
NaN NaN NaN
0.160814809 0.527109243 -7.71185299
0.146326315 0.522652697 -7.73532068
NaN NaN NaN
0.121870585 0.465469676 -7.70139636
0.0968144488 0.4690786 -7.71051601
NaN NaN NaN
0.121870585 0.465469676 -7.70139636
0.118845575 0.482629435 -7.71923258
NaN NaN NaN
0.0881904358 0.685613819 -7.74110383
0.109842267 0.691130624 -7.74845538
NaN NaN NaN
0.0881904358 0.685613819 -7.74110383
0.0627926221 0.686439117 -7.75188923
NaN NaN NaN
0.0881904358 0.685613819 -7.74110383
0.0906941589 0.703553175 -7.75928882
NaN NaN NaN
0.0426331281 0.649315955 -7.73564109
0.0319083586 0.62985014 -7.738887
NaN NaN NaN
0.0426331281 0.649315955 -7.73564109
0.0418957727 0.666366732 -7.75360354
NaN NaN NaN
0.0426331281 0.649315955 -7.73564109
0.031327544 0.6469921 -7.75688672
NaN NaN NaN
0.158365073 0.626143299 -7.73110751
0.164493996 0.6103898 -7.73877992
NaN NaN NaN
0.158365073 0.626143299 -7.73110751
0.158465288 0.6425918 -7.74902526
NaN NaN NaN
0.158365073 0.626143299 -7.73110751
0.164233965 0.627459646 -7.75667093
NaN NaN NaN
0.0792400967 0.464859375 -7.70295851
0.0968144488 0.4690786 -7.71051601
NaN NaN NaN
0.0792400967 0.464859375 -7.70295851
0.0784647148 0.483011478 -7.72035775
NaN NaN NaN
0.166004005 0.565445266 -7.72054361
0.160146547 0.544463784 -7.72981458
NaN NaN NaN
0.166004005 0.565445266 -7.72054361
0.165572574 0.582589793 -7.73838631
NaN NaN NaN
0.166004005 0.565445266 -7.72054361
0.159475197 0.561781872 -7.74773553
NaN NaN NaN
0.086955913 0.337323114 -7.68004034
0.137254732 0.343944612 -7.6834211
NaN NaN NaN
0.086955913 0.337323114 -7.68004034
0.0377217651 0.352341943 -7.71555137
NaN NaN NaN
0.086955913 0.337323114 -7.68004034
0.0819725605 0.334840311 -7.71665845
NaN NaN NaN
0.086955913 0.337323114 -7.68004034
0.127070707 0.339979603 -7.7180037
NaN NaN NaN
0.127251298 0.677898396 -7.74304086
0.109842267 0.691130624 -7.74845538
NaN NaN NaN
0.127251298 0.677898396 -7.74304086
0.145230151 0.661993434 -7.74414532
NaN NaN NaN
0.127251298 0.677898396 -7.74304086
0.126862688 0.695615767 -7.76123607
NaN NaN NaN
0.127251298 0.677898396 -7.74304086
0.145465449 0.678328389 -7.76163782
NaN NaN NaN
0.0269843224 0.594627226 -7.73018883
0.0269390042 0.583814444 -7.73678929
NaN NaN NaN
0.0269843224 0.594627226 -7.73018883
0.0265778492 0.611625559 -7.74784386
NaN NaN NaN
0.137254732 0.343944612 -7.6834211
0.162904483 0.339461716 -7.69173656
NaN NaN NaN
0.137254732 0.343944612 -7.6834211
0.127070707 0.339979603 -7.7180037
NaN NaN NaN
-0.227770021 0.31414703 -7.67752162
-0.254116944 0.231099759 -7.67749963
NaN NaN NaN
-0.227770021 0.31414703 -7.67752162
-0.157170031 0.338028566 -7.71201564
NaN NaN NaN
-0.227770021 0.31414703 -7.67752162
-0.21604197 0.303920742 -7.76040461
NaN NaN NaN
0.109842267 0.691130624 -7.74845538
0.0906941589 0.703553175 -7.75928882
NaN NaN NaN
0.109842267 0.691130624 -7.74845538
0.126862688 0.695615767 -7.76123607
NaN NaN NaN
0.109842267 0.691130624 -7.74845538
0.110032674 0.709889537 -7.76794833
NaN NaN NaN
0.0319083586 0.62985014 -7.738887
0.0265778492 0.611625559 -7.74784386
NaN NaN NaN
0.0319083586 0.62985014 -7.738887
0.031327544 0.6469921 -7.75688672
NaN NaN NaN
0.0319083586 0.62985014 -7.738887
0.0261641922 0.628924314 -7.76581091
NaN NaN NaN
0.145230151 0.661993434 -7.74414532
0.158465288 0.6425918 -7.74902526
NaN NaN NaN
0.145230151 0.661993434 -7.74414532
0.145465449 0.678328389 -7.76163782
NaN NaN NaN
0.145230151 0.661993434 -7.74414532
0.158515205 0.658983521 -7.76676936
NaN NaN NaN
0.0968144488 0.4690786 -7.71051601
0.118845575 0.482629435 -7.71923258
NaN NaN NaN
0.0968144488 0.4690786 -7.71051601
0.0784647148 0.483011478 -7.72035775
NaN NaN NaN
0.0968144488 0.4690786 -7.71051601
0.0964551505 0.48702013 -7.7278586
NaN NaN NaN
0.147247478 0.505121641 -7.71746469
0.118845575 0.482629435 -7.71923258
NaN NaN NaN
0.147247478 0.505121641 -7.71746469
0.146326315 0.522652697 -7.73532068
NaN NaN NaN
0.147247478 0.505121641 -7.71746469
0.118485463 0.500708049 -7.73673441
NaN NaN NaN
-0.108118428 0.362650049 -7.69233734
-0.157170031 0.338028566 -7.71201564
NaN NaN NaN
-0.108118428 0.362650049 -7.69233734
-0.0675939798 0.374318654 -7.72322278
NaN NaN NaN
-0.108118428 0.362650049 -7.69233734
-0.10473874 0.356501112 -7.73362734
NaN NaN NaN
-0.289137566 0.0108694675 -7.61737734
-0.294710327 0.0736775819 -7.72673804
NaN NaN NaN
-0.289137566 0.0108694675 -7.61737734
-0.221646934 -0.152950992 -7.68223662
NaN NaN NaN
-0.289137566 0.0108694675 -7.61737734
-0.265907718 -0.00880758006 -7.72450794
NaN NaN NaN
0.0627926221 0.686439117 -7.75188923
0.0906941589 0.703553175 -7.75928882
NaN NaN NaN
0.0627926221 0.686439117 -7.75188923
0.0418957727 0.666366732 -7.75360354
NaN NaN NaN
0.0627926221 0.686439117 -7.75188923
0.0617414863 0.703161024 -7.76953961
NaN NaN NaN
0.0627926221 0.686439117 -7.75188923
0.04125656 0.683481842 -7.77148089
NaN NaN NaN
0.0511054614 0.503307134 -7.71998459
0.0784647148 0.483011478 -7.72035775
NaN NaN NaN
0.0511054614 0.503307134 -7.71998459
0.051836022 0.519613176 -7.73708457
NaN NaN NaN
0.0511054614 0.503307134 -7.71998459
0.0781185439 0.501106165 -7.73786672
NaN NaN NaN
0.227056496 0.313524872 -7.68256415
0.162904483 0.339461716 -7.69173656
NaN NaN NaN
0.227056496 0.313524872 -7.68256415
0.189629785 0.323188947 -7.71757919
NaN NaN NaN
0.227056496 0.313524872 -7.68256415
0.240848709 0.256614511 -7.70520402
NaN NaN NaN
0.227056496 0.313524872 -7.68256415
0.219481489 0.306919835 -7.73609728
NaN NaN NaN
0.164493996 0.6103898 -7.73877992
0.165572574 0.582589793 -7.73838631
NaN NaN NaN
0.164493996 0.6103898 -7.73877992
0.164233965 0.627459646 -7.75667093
NaN NaN NaN
0.164493996 0.6103898 -7.73877992
0.165141143 0.59973432 -7.75622901
NaN NaN NaN
0.0336916258 0.544009392 -7.72950147
0.032203394 0.562784657 -7.74452395
NaN NaN NaN
0.0336916258 0.544009392 -7.72950147
0.051836022 0.519613176 -7.73708457
NaN NaN NaN
0.0336916258 0.544009392 -7.72950147
0.0494960246 0.538007127 -7.75262741
NaN NaN NaN
0.0269390042 0.583814444 -7.73678929
0.0265778492 0.611625559 -7.74784386
NaN NaN NaN
0.0269390042 0.583814444 -7.73678929
0.032203394 0.562784657 -7.74452395
NaN NaN NaN
0.0269390042 0.583814444 -7.73678929
0.0266366616 0.600647285 -7.75431012
NaN NaN NaN
0.0269390042 0.583814444 -7.73678929
0.0321243855 0.579577137 -7.76189665
NaN NaN NaN
0.160146547 0.544463784 -7.72981458
0.146326315 0.522652697 -7.73532068
NaN NaN NaN
0.160146547 0.544463784 -7.72981458
0.159475197 0.561781872 -7.74773553
NaN NaN NaN
0.160146547 0.544463784 -7.72981458
0.145401094 0.540129157 -7.75311167
NaN NaN NaN
0.118845575 0.482629435 -7.71923258
0.0964551505 0.48702013 -7.7278586
NaN NaN NaN
0.118845575 0.482629435 -7.71923258
0.118485463 0.500708049 -7.73673441
NaN NaN NaN
0.162904483 0.339461716 -7.69173656
0.127070707 0.339979603 -7.7180037
NaN NaN NaN
0.162904483 0.339461716 -7.69173656
0.189629785 0.323188947 -7.71757919
NaN NaN NaN
0.162904483 0.339461716 -7.69173656
0.154128817 0.337012693 -7.72552725
NaN NaN NaN
0.0784647148 0.483011478 -7.72035775
0.0964551505 0.48702013 -7.7278586
NaN NaN NaN
0.0784647148 0.483011478 -7.72035775
0.0781185439 0.501106165 -7.73786672
NaN NaN NaN
0.0906941589 0.703553175 -7.75928882
0.110032674 0.709889537 -7.76794833
NaN NaN NaN
0.0906941589 0.703553175 -7.75928882
0.0617414863 0.703161024 -7.76953961
NaN NaN NaN
0.0906941589 0.703553175 -7.75928882
0.0884008601 0.718934487 -7.77532177
NaN NaN NaN
0.0418957727 0.666366732 -7.75360354
0.031327544 0.6469921 -7.75688672
NaN NaN NaN
0.0418957727 0.666366732 -7.75360354
0.04125656 0.683481842 -7.77148089
NaN NaN NaN
0.0418957727 0.666366732 -7.75360354
0.030755681 0.664134204 -7.77486375
NaN NaN NaN
0.165572574 0.582589793 -7.73838631
0.159475197 0.561781872 -7.74773553
NaN NaN NaN
0.165572574 0.582589793 -7.73838631
0.165141143 0.59973432 -7.75622901
NaN NaN NaN
0.165572574 0.582589793 -7.73838631
0.158800678 0.579062796 -7.76561501
NaN NaN NaN
0.158465288 0.6425918 -7.74902526
0.164233965 0.627459646 -7.75667093
NaN NaN NaN
0.158465288 0.6425918 -7.74902526
0.158515205 0.658983521 -7.76676936
NaN NaN NaN
0.158465288 0.6425918 -7.74902526
0.16397468 0.644419524 -7.77444945
NaN NaN NaN
0.126862688 0.695615767 -7.76123607
0.145465449 0.678328389 -7.76163782
NaN NaN NaN
0.126862688 0.695615767 -7.76123607
0.110032674 0.709889537 -7.76794833
NaN NaN NaN
0.126862688 0.695615767 -7.76123607
0.127501656 0.712962423 -7.7797589
NaN NaN NaN
0.126862688 0.695615767 -7.76123607
0.145491564 0.694696829 -7.77888159
NaN NaN NaN
0.0265778492 0.611625559 -7.74784386
0.0266366616 0.600647285 -7.75431012
NaN NaN NaN
0.0265778492 0.611625559 -7.74784386
0.0261641922 0.628924314 -7.76581091
NaN NaN NaN
0.0964551505 0.48702013 -7.7278586
0.118485463 0.500708049 -7.73673441
NaN NaN NaN
0.0964551505 0.48702013 -7.7278586
0.0781185439 0.501106165 -7.73786672
NaN NaN NaN
0.0964551505 0.48702013 -7.7278586
0.0960958522 0.50496166 -7.74520119
NaN NaN NaN
0.031327544 0.6469921 -7.75688672
0.0261641922 0.628924314 -7.76581091
NaN NaN NaN
0.031327544 0.6469921 -7.75688672
0.030755681 0.664134204 -7.77486375
NaN NaN NaN
0.031327544 0.6469921 -7.75688672
0.025752177 0.646154412 -7.78370666
NaN NaN NaN
0.145465449 0.678328389 -7.76163782
0.158515205 0.658983521 -7.76676936
NaN NaN NaN
0.145465449 0.678328389 -7.76163782
0.145491564 0.694696829 -7.77888159
NaN NaN NaN
0.145465449 0.678328389 -7.76163782
0.158464257 0.675417343 -7.78428434
NaN NaN NaN
-0.254116944 0.231099759 -7.67749963
-0.21604197 0.303920742 -7.76040461
NaN NaN NaN
-0.254116944 0.231099759 -7.67749963
-0.294710327 0.0736775819 -7.72673804
NaN NaN NaN
-0.254116944 0.231099759 -7.67749963
-0.246344074 0.206744765 -7.76329732
NaN NaN NaN
0.110032674 0.709889537 -7.76794833
0.0884008601 0.718934487 -7.77532177
NaN NaN NaN
0.110032674 0.709889537 -7.76794833
0.127501656 0.712962423 -7.7797589
NaN NaN NaN
0.110032674 0.709889537 -7.76794833
0.107039771 0.727980248 -7.78587144
NaN NaN NaN
0.146326315 0.522652697 -7.73532068
0.118485463 0.500708049 -7.73673441
NaN NaN NaN
0.146326315 0.522652697 -7.73532068
0.145401094 0.540129157 -7.75311167
NaN NaN NaN
0.146326315 0.522652697 -7.73532068
0.118126567 0.518746643 -7.75419824
NaN NaN NaN
0.032203394 0.562784657 -7.74452395
0.0494960246 0.538007127 -7.75262741
NaN NaN NaN
0.032203394 0.562784657 -7.74452395
0.0321243855 0.579577137 -7.76189665
NaN NaN NaN
0.032203394 0.562784657 -7.74452395
0.0451755845 0.558119245 -7.76698478
NaN NaN NaN
0.051836022 0.519613176 -7.73708457
0.0781185439 0.501106165 -7.73786672
NaN NaN NaN
0.051836022 0.519613176 -7.73708457
0.0494960246 0.538007127 -7.75262741
NaN NaN NaN
0.051836022 0.519613176 -7.73708457
0.0748818589 0.517477977 -7.75249168
NaN NaN NaN
0.0617414863 0.703161024 -7.76953961
0.0884008601 0.718934487 -7.77532177
NaN NaN NaN
0.0617414863 0.703161024 -7.76953961
0.04125656 0.683481842 -7.77148089
NaN NaN NaN
0.0617414863 0.703161024 -7.76953961
0.0576431804 0.718386703 -7.78798271
NaN NaN NaN
0.0617414863 0.703161024 -7.76953961
0.0405822254 0.700597286 -7.78941453
NaN NaN NaN
0.164233965 0.627459646 -7.75667093
0.165141143 0.59973432 -7.75622901
NaN NaN NaN
0.164233965 0.627459646 -7.75667093
0.16397468 0.644419524 -7.77444945
NaN NaN NaN
0.164233965 0.627459646 -7.75667093
0.164709712 0.616878846 -7.77407171
NaN NaN NaN
0.0266366616 0.600647285 -7.75431012
0.0261641922 0.628924314 -7.76581091
NaN NaN NaN
0.0266366616 0.600647285 -7.75431012
0.0321243855 0.579577137 -7.76189665
NaN NaN NaN
0.0266366616 0.600647285 -7.75431012
0.0263292286 0.617763533 -7.77212595
NaN NaN NaN
0.0266366616 0.600647285 -7.75431012
0.0320485294 0.596645189 -7.77955154
NaN NaN NaN
0.118485463 0.500708049 -7.73673441
0.0960958522 0.50496166 -7.74520119
NaN NaN NaN
0.118485463 0.500708049 -7.73673441
0.118126567 0.518746643 -7.75419824
NaN NaN NaN
0.0884008601 0.718934487 -7.77532177
0.107039771 0.727980248 -7.78587144
NaN NaN NaN
0.0884008601 0.718934487 -7.77532177
0.0576431804 0.718386703 -7.78798271
NaN NaN NaN
0.0884008601 0.718934487 -7.77532177
0.0879258178 0.736271256 -7.79319599
NaN NaN NaN
0.159475197 0.561781872 -7.74773553
0.145401094 0.540129157 -7.75311167
NaN NaN NaN
0.159475197 0.561781872 -7.74773553
0.158800678 0.579062796 -7.76561501
NaN NaN NaN
0.159475197 0.561781872 -7.74773553
0.139217518 0.554805581 -7.77413588
NaN NaN NaN
0.0781185439 0.501106165 -7.73786672
0.0960958522 0.50496166 -7.74520119
NaN NaN NaN
0.0781185439 0.501106165 -7.73786672
0.0748818589 0.517477977 -7.75249168
NaN NaN NaN
0.04125656 0.683481842 -7.77148089
0.030755681 0.664134204 -7.77486375
NaN NaN NaN
0.04125656 0.683481842 -7.77148089
0.0405822254 0.700597286 -7.78941453
NaN NaN NaN
0.04125656 0.683481842 -7.77148089
0.0301707498 0.681203998 -7.79281619
NaN NaN NaN
0.165141143 0.59973432 -7.75622901
0.158800678 0.579062796 -7.76561501
NaN NaN NaN
0.165141143 0.59973432 -7.75622901
0.164709712 0.616878846 -7.77407171
NaN NaN NaN
0.165141143 0.59973432 -7.75622901
0.158122906 0.596305832 -7.78345219
NaN NaN NaN
0.158515205 0.658983521 -7.76676936
0.16397468 0.644419524 -7.77444945
NaN NaN NaN
0.158515205 0.658983521 -7.76676936
0.158464257 0.675417343 -7.78428434
NaN NaN NaN
0.158515205 0.658983521 -7.76676936
0.16371705 0.661207357 -7.79205024
NaN NaN NaN
0.232169008 -0.15729559 -7.60308346
0.253575451 -0.0895409283 -7.61969817
NaN NaN NaN
0.232169008 -0.15729559 -7.60308346
0.0616547029 -0.18784564 -7.67224037
NaN NaN NaN
0.232169008 -0.15729559 -7.60308346
0.218367114 -0.151596744 -7.70690932
NaN NaN NaN
0.253575451 -0.0895409283 -7.61969817
0.304501126 0.0761252814 -7.66799325
NaN NaN NaN
0.253575451 -0.0895409283 -7.61969817
0.218367114 -0.151596744 -7.70690932
NaN NaN NaN
0.253575451 -0.0895409283 -7.61969817
0.244723925 -0.0682419444 -7.72720733
NaN NaN NaN
0.0261641922 0.628924314 -7.76581091
0.0263292286 0.617763533 -7.77212595
NaN NaN NaN
0.0261641922 0.628924314 -7.76581091
0.025752177 0.646154412 -7.78370666
NaN NaN NaN
0.127501656 0.712962423 -7.7797589
0.145491564 0.694696829 -7.77888159
NaN NaN NaN
0.127501656 0.712962423 -7.7797589
0.107039771 0.727980248 -7.78587144
NaN NaN NaN
0.127501656 0.712962423 -7.7797589
0.12841463 0.729933763 -7.79811323
NaN NaN NaN
0.127501656 0.712962423 -7.7797589
0.14522415 0.711237047 -7.79589443
NaN NaN NaN
0.0377217651 0.352341943 -7.71555137
0.0819725605 0.334840311 -7.71665845
NaN NaN NaN
0.0377217651 0.352341943 -7.71555137
0.0 0.402 -7.731
NaN NaN NaN
0.0377217651 0.352341943 -7.71555137
0.0401314523 0.346464999 -7.75270697
NaN NaN NaN
-0.157170031 0.338028566 -7.71201564
-0.10473874 0.356501112 -7.73362734
NaN NaN NaN
-0.157170031 0.338028566 -7.71201564
-0.21604197 0.303920742 -7.76040461
NaN NaN NaN
-0.157170031 0.338028566 -7.71201564
-0.125717942 0.340947713 -7.76934699
NaN NaN NaN
0.0960958522 0.50496166 -7.74520119
0.0748818589 0.517477977 -7.75249168
NaN NaN NaN
0.0960958522 0.50496166 -7.74520119
0.118126567 0.518746643 -7.75419824
NaN NaN NaN
0.0960958522 0.50496166 -7.74520119
0.0957365539 0.522903189 -7.76254378
NaN NaN NaN
0.145491564 0.694696829 -7.77888159
0.158464257 0.675417343 -7.78428434
NaN NaN NaN
0.145491564 0.694696829 -7.77888159
0.14522415 0.711237047 -7.79589443
NaN NaN NaN
0.145491564 0.694696829 -7.77888159
0.158262679 0.692016941 -7.80153527
NaN NaN NaN
0.0494960246 0.538007127 -7.75262741
0.0748818589 0.517477977 -7.75249168
NaN NaN NaN
0.0494960246 0.538007127 -7.75262741
0.0451755845 0.558119245 -7.76698478
NaN NaN NaN
0.0494960246 0.538007127 -7.75262741
0.0745327395 0.535438573 -7.7698757
NaN NaN NaN
0.030755681 0.664134204 -7.77486375
0.025752177 0.646154412 -7.78370666
NaN NaN NaN
0.030755681 0.664134204 -7.77486375
0.0301707498 0.681203998 -7.79281619
NaN NaN NaN
0.030755681 0.664134204 -7.77486375
0.0253432056 0.663257221 -7.80147019
NaN NaN NaN
0.145401094 0.540129157 -7.75311167
0.118126567 0.518746643 -7.75419824
NaN NaN NaN
0.145401094 0.540129157 -7.75311167
0.139217518 0.554805581 -7.77413588
NaN NaN NaN
0.145401094 0.540129157 -7.75311167
0.117768898 0.536744863 -7.77162374
NaN NaN NaN
0.107039771 0.727980248 -7.78587144
0.0879258178 0.736271256 -7.79319599
NaN NaN NaN
0.107039771 0.727980248 -7.78587144
0.12841463 0.729933763 -7.79811323
NaN NaN NaN
0.107039771 0.727980248 -7.78587144
0.107642724 0.744636043 -7.80327111
NaN NaN NaN
-0.0675939798 0.374318654 -7.72322278
0.0 0.402 -7.731
NaN NaN NaN
-0.0675939798 0.374318654 -7.72322278
-0.10473874 0.356501112 -7.73362734
NaN NaN NaN
-0.0675939798 0.374318654 -7.72322278
-0.0309546333 0.384960949 -7.75118922
NaN NaN NaN
-0.0675939798 0.374318654 -7.72322278
-0.072219899 0.36503305 -7.7629314
NaN NaN NaN
0.0321243855 0.579577137 -7.76189665
0.0451755845 0.558119245 -7.76698478
NaN NaN NaN
0.0321243855 0.579577137 -7.76189665
0.0320485294 0.596645189 -7.77955154
NaN NaN NaN
0.0321243855 0.579577137 -7.76189665
0.044864594 0.576708983 -7.7852099
NaN NaN NaN
0.0819725605 0.334840311 -7.71665845
0.127070707 0.339979603 -7.7180037
NaN NaN NaN
0.0819725605 0.334840311 -7.71665845
0.0401314523 0.346464999 -7.75270697
NaN NaN NaN
0.0819725605 0.334840311 -7.71665845
0.0765145437 0.332121022 -7.75676444
NaN NaN NaN
0.0819725605 0.334840311 -7.71665845
0.111518669 0.33512293 -7.76172679
NaN NaN NaN
0.127070707 0.339979603 -7.7180037
0.154128817 0.337012693 -7.72552725
NaN NaN NaN
0.127070707 0.339979603 -7.7180037
0.111518669 0.33512293 -7.76172679
NaN NaN NaN
0.127070707 0.339979603 -7.7180037
0.14452239 0.33433183 -7.76251678
NaN NaN NaN
0.0 0.402 -7.731
-0.0309546333 0.384960949 -7.75118922
NaN NaN NaN
0.0 0.402 -7.731
0.0401314523 0.346464999 -7.75270697
NaN NaN NaN
0.0 0.402 -7.731
0.0 0.392368271 -7.78343941
NaN NaN NaN
0.0 0.402 -7.731
0.025204055 0.354146515 -7.79091864
NaN NaN NaN
0.0748818589 0.517477977 -7.75249168
0.0957365539 0.522903189 -7.76254378
NaN NaN NaN
0.0748818589 0.517477977 -7.75249168
0.0745327395 0.535438573 -7.7698757
NaN NaN NaN
0.16397468 0.644419524 -7.77444945
0.164709712 0.616878846 -7.77407171
NaN NaN NaN
0.16397468 0.644419524 -7.77444945
0.16371705 0.661207357 -7.79205024
NaN NaN NaN
0.16397468 0.644419524 -7.77444945
0.164280518 0.633934514 -7.79182193
NaN NaN NaN
0.0576431804 0.718386703 -7.78798271
0.0879258178 0.736271256 -7.79319599
NaN NaN NaN
0.0576431804 0.718386703 -7.78798271
0.0405822254 0.700597286 -7.78941453
NaN NaN NaN
0.0576431804 0.718386703 -7.78798271
0.0566722747 0.73556813 -7.80609619
NaN NaN NaN
0.0576431804 0.718386703 -7.78798271
0.0397923535 0.717632697 -7.80745362
NaN NaN NaN
0.0263292286 0.617763533 -7.77212595
0.025752177 0.646154412 -7.78370666
NaN NaN NaN
0.0263292286 0.617763533 -7.77212595
0.0320485294 0.596645189 -7.77955154
NaN NaN NaN
0.0263292286 0.617763533 -7.77212595
0.0260240379 0.634754938 -7.78981183
NaN NaN NaN
0.0263292286 0.617763533 -7.77212595
0.031977056 0.613771531 -7.7972637
NaN NaN NaN
0.118126567 0.518746643 -7.75419824
0.0957365539 0.522903189 -7.76254378
NaN NaN NaN
0.118126567 0.518746643 -7.75419824
0.117768898 0.536744863 -7.77162374
NaN NaN NaN
0.189629785 0.323188947 -7.71757919
0.154128817 0.337012693 -7.72552725
NaN NaN NaN
0.189629785 0.323188947 -7.71757919
0.219481489 0.306919835 -7.73609728
NaN NaN NaN
0.189629785 0.323188947 -7.71757919
0.184577639 0.319025617 -7.75197071
NaN NaN NaN
0.158800678 0.579062796 -7.76561501
0.139217518 0.554805581 -7.77413588
NaN NaN NaN
0.158800678 0.579062796 -7.76561501
0.158122906 0.596305832 -7.78345219
NaN NaN NaN
0.158800678 0.579062796 -7.76561501
0.145988382 0.573281599 -7.78383281
NaN NaN NaN
0.0879258178 0.736271256 -7.79319599
0.107642724 0.744636043 -7.80327111
NaN NaN NaN
0.0879258178 0.736271256 -7.79319599
0.0566722747 0.73556813 -7.80609619
NaN NaN NaN
0.0879258178 0.736271256 -7.79319599
0.0868782479 0.753896099 -7.81143512
NaN NaN NaN
0.240848709 0.256614511 -7.70520402
0.269868658 0.163615662 -7.70624101
NaN NaN NaN
0.240848709 0.256614511 -7.70520402
0.219481489 0.306919835 -7.73609728
NaN NaN NaN
0.240848709 0.256614511 -7.70520402
0.237122724 0.240031476 -7.75476839
NaN NaN NaN
0.164709712 0.616878846 -7.77407171
0.158122906 0.596305832 -7.78345219
NaN NaN NaN
0.164709712 0.616878846 -7.77407171
0.164280518 0.633934514 -7.79182193
NaN NaN NaN
0.164709712 0.616878846 -7.77407171
0.157443567 0.613465711 -7.80120016
NaN NaN NaN
0.158464257 0.675417343 -7.78428434
0.16371705 0.661207357 -7.79205024
NaN NaN NaN
0.158464257 0.675417343 -7.78428434
0.158262679 0.692016941 -7.80153527
NaN NaN NaN
0.158464257 0.675417343 -7.78428434
0.163461341 0.677803818 -7.80945287
NaN NaN NaN
0.0405822254 0.700597286 -7.78941453
0.0301707498 0.681203998 -7.79281619
NaN NaN NaN
0.0405822254 0.700597286 -7.78941453
0.0397923535 0.717632697 -7.80745362
NaN NaN NaN
0.0405822254 0.700597286 -7.78941453
0.0295904629 0.698118241 -7.81061245
NaN NaN NaN
0.304501126 0.0761252814 -7.66799325
0.269868658 0.163615662 -7.70624101
NaN NaN NaN
0.304501126 0.0761252814 -7.66799325
0.244723925 -0.0682419444 -7.72720733
NaN NaN NaN
0.304501126 0.0761252814 -7.66799325
0.289268024 0.0723170059 -7.75939186
NaN NaN NaN
0.0451755845 0.558119245 -7.76698478
0.0745327395 0.535438573 -7.7698757
NaN NaN NaN
0.0451755845 0.558119245 -7.76698478
0.044864594 0.576708983 -7.7852099
NaN NaN NaN
0.0451755845 0.558119245 -7.76698478
0.0741837746 0.553375536 -7.78723754
NaN NaN NaN
0.154128817 0.337012693 -7.72552725
0.184577639 0.319025617 -7.75197071
NaN NaN NaN
0.154128817 0.337012693 -7.72552725
0.14452239 0.33433183 -7.76251678
NaN NaN NaN
0.025752177 0.646154412 -7.78370666
0.0260240379 0.634754938 -7.78981183
NaN NaN NaN
0.025752177 0.646154412 -7.78370666
0.0253432056 0.663257221 -7.80147019
NaN NaN NaN
0.0957365539 0.522903189 -7.76254378
0.0745327395 0.535438573 -7.7698757
NaN NaN NaN
0.0957365539 0.522903189 -7.76254378
0.117768898 0.536744863 -7.77162374
NaN NaN NaN
0.0957365539 0.522903189 -7.76254378
0.0953772557 0.540844719 -7.77988637
NaN NaN NaN
0.12841463 0.729933763 -7.79811323
0.14522415 0.711237047 -7.79589443
NaN NaN NaN
0.12841463 0.729933763 -7.79811323
0.107642724 0.744636043 -7.80327111
NaN NaN NaN
0.12841463 0.729933763 -7.79811323
0.128645711 0.746871453 -7.81594892
NaN NaN NaN
0.12841463 0.729933763 -7.79811323
0.144615206 0.728139296 -7.81281242
NaN NaN NaN
0.14522415 0.711237047 -7.79589443
0.158262679 0.692016941 -7.80153527
NaN NaN NaN
0.14522415 0.711237047 -7.79589443
0.144615206 0.728139296 -7.81281242
NaN NaN NaN
0.14522415 0.711237047 -7.79589443
0.157864274 0.708922723 -7.8185255
NaN NaN NaN
-0.10473874 0.356501112 -7.73362734
-0.072219899 0.36503305 -7.7629314
NaN NaN NaN
-0.10473874 0.356501112 -7.73362734
-0.125717942 0.340947713 -7.76934699
NaN NaN NaN
0.0301707498 0.681203998 -7.79281619
0.0253432056 0.663257221 -7.80147019
NaN NaN NaN
0.0301707498 0.681203998 -7.79281619
0.0295904629 0.698118241 -7.81061245
NaN NaN NaN
0.0301707498 0.681203998 -7.79281619
0.024937355 0.680229521 -7.81909818
NaN NaN NaN
0.107642724 0.744636043 -7.80327111
0.0868782479 0.753896099 -7.81143512
NaN NaN NaN
0.107642724 0.744636043 -7.80327111
0.128645711 0.746871453 -7.81594892
NaN NaN NaN
0.107642724 0.744636043 -7.80327111
0.1073238 0.760892935 -7.82002299
NaN NaN NaN
0.0320485294 0.596645189 -7.77955154
0.044864594 0.576708983 -7.7852099
NaN NaN NaN
0.0320485294 0.596645189 -7.77955154
0.031977056 0.613771531 -7.7972637
NaN NaN NaN
0.0320485294 0.596645189 -7.77955154
0.0475569058 0.591139937 -7.80328771
NaN NaN NaN
0.0745327395 0.535438573 -7.7698757
0.0953772557 0.540844719 -7.77988637
NaN NaN NaN
0.0745327395 0.535438573 -7.7698757
0.0741837746 0.553375536 -7.78723754
NaN NaN NaN
0.16371705 0.661207357 -7.79205024
0.164280518 0.633934514 -7.79182193
NaN NaN NaN
0.16371705 0.661207357 -7.79205024
0.163461341 0.677803818 -7.80945287
NaN NaN NaN
0.16371705 0.661207357 -7.79205024
0.1638545 0.650863904 -7.80944074
NaN NaN NaN
0.139217518 0.554805581 -7.77413588
0.117768898 0.536744863 -7.77162374
NaN NaN NaN
0.139217518 0.554805581 -7.77413588
0.145988382 0.573281599 -7.78383281
NaN NaN NaN
0.139217518 0.554805581 -7.77413588
0.117412467 0.55470235 -7.78901059
NaN NaN NaN
0.0566722747 0.73556813 -7.80609619
0.0868782479 0.753896099 -7.81143512
NaN NaN NaN
0.0566722747 0.73556813 -7.80609619
0.0397923535 0.717632697 -7.80745362
NaN NaN NaN
0.0566722747 0.73556813 -7.80609619
0.0556551863 0.75271505 -7.82421917
NaN NaN NaN
0.0566722747 0.73556813 -7.80609619
0.0389763643 0.734612327 -7.8254858
NaN NaN NaN
0.117768898 0.536744863 -7.77162374
0.0953772557 0.540844719 -7.77988637
NaN NaN NaN
0.117768898 0.536744863 -7.77162374
0.117412467 0.55470235 -7.78901059
NaN NaN NaN
0.0260240379 0.634754938 -7.78981183
0.0253432056 0.663257221 -7.80147019
NaN NaN NaN
0.0260240379 0.634754938 -7.78981183
0.031977056 0.613771531 -7.7972637
NaN NaN NaN
0.0260240379 0.634754938 -7.78981183
0.0257211398 0.651618702 -7.80736485
NaN NaN NaN
0.0260240379 0.634754938 -7.78981183
0.0319109292 0.630749407 -7.81481921
NaN NaN NaN
0.158122906 0.596305832 -7.78345219
0.145988382 0.573281599 -7.78383281
NaN NaN NaN
0.158122906 0.596305832 -7.78345219
0.157443567 0.613465711 -7.80120016
NaN NaN NaN
0.158122906 0.596305832 -7.78345219
0.143453599 0.590890454 -7.80379847
NaN NaN NaN
0.0868782479 0.753896099 -7.81143512
0.1073238 0.760892935 -7.82002299
NaN NaN NaN
0.0868782479 0.753896099 -7.81143512
0.0556551863 0.75271505 -7.82421917
NaN NaN NaN
0.0868782479 0.753896099 -7.81143512
0.0808812948 0.769176965 -7.82818861
NaN NaN NaN
0.158262679 0.692016941 -7.80153527
0.163461341 0.677803818 -7.80945287
NaN NaN NaN
0.158262679 0.692016941 -7.80153527
0.157864274 0.708922723 -7.8185255
NaN NaN NaN
0.158262679 0.692016941 -7.80153527
0.16320757 0.694206425 -7.82665453
NaN NaN NaN
0.164280518 0.633934514 -7.79182193
0.157443567 0.613465711 -7.80120016
NaN NaN NaN
0.164280518 0.633934514 -7.79182193
0.1638545 0.650863904 -7.80944074
NaN NaN NaN
0.164280518 0.633934514 -7.79182193
0.156765125 0.630478847 -7.81879311
NaN NaN NaN
0.0397923535 0.717632697 -7.80745362
0.0295904629 0.698118241 -7.81061245
NaN NaN NaN
0.0397923535 0.717632697 -7.80745362
0.0389763643 0.734612327 -7.8254858
NaN NaN NaN
0.0397923535 0.717632697 -7.80745362
0.0290237296 0.714972479 -7.82831454
NaN NaN NaN
0.145988382 0.573281599 -7.78383281
0.117412467 0.55470235 -7.78901059
NaN NaN NaN
0.145988382 0.573281599 -7.78383281
0.143453599 0.590890454 -7.80379847
NaN NaN NaN
0.145988382 0.573281599 -7.78383281
0.117057288 0.57261874 -7.80635846
NaN NaN NaN
0.044864594 0.576708983 -7.7852099
0.0741837746 0.553375536 -7.78723754
NaN NaN NaN
0.044864594 0.576708983 -7.7852099
0.0475569058 0.591139937 -7.80328771
NaN NaN NaN
0.044864594 0.576708983 -7.7852099
0.0738349645 0.57128861 -7.80457696
NaN NaN NaN
-0.0309546333 0.384960949 -7.75118922
-0.072219899 0.36503305 -7.7629314
NaN NaN NaN
-0.0309546333 0.384960949 -7.75118922
0.0 0.392368271 -7.78343941
NaN NaN NaN
-0.0309546333 0.384960949 -7.75118922
-0.0774613256 0.354511938 -7.8079235
NaN NaN NaN
0.0253432056 0.663257221 -7.80147019
0.0257211398 0.651618702 -7.80736485
NaN NaN NaN
0.0253432056 0.663257221 -7.80147019
0.024937355 0.680229521 -7.81909818
NaN NaN NaN
0.0953772557 0.540844719 -7.77988637
0.0741837746 0.553375536 -7.78723754
NaN NaN NaN
0.0953772557 0.540844719 -7.77988637
0.117412467 0.55470235 -7.78901059
NaN NaN NaN
0.0953772557 0.540844719 -7.77988637
0.0950179574 0.558786249 -7.79722896
NaN NaN NaN
0.128645711 0.746871453 -7.81594892
0.144615206 0.728139296 -7.81281242
NaN NaN NaN
0.128645711 0.746871453 -7.81594892
0.1073238 0.760892935 -7.82002299
NaN NaN NaN
0.128645711 0.746871453 -7.81594892
0.143738846 0.74561858 -7.82998358
NaN NaN NaN
0.128645711 0.746871453 -7.81594892
0.129295118 0.763612163 -7.8339083
NaN NaN NaN
0.144615206 0.728139296 -7.81281242
0.157864274 0.708922723 -7.8185255
NaN NaN NaN
0.144615206 0.728139296 -7.81281242
0.143738846 0.74561858 -7.82998358
NaN NaN NaN
0.144615206 0.728139296 -7.81281242
0.157257926 0.726243277 -7.83535865
NaN NaN NaN
0.269868658 0.163615662 -7.70624101
0.237122724 0.240031476 -7.75476839
NaN NaN NaN
0.269868658 0.163615662 -7.70624101
0.289268024 0.0723170059 -7.75939186
NaN NaN NaN
0.269868658 0.163615662 -7.70624101
0.252477819 0.172958976 -7.78644347
NaN NaN NaN
0.219481489 0.306919835 -7.73609728
0.184577639 0.319025617 -7.75197071
NaN NaN NaN
0.219481489 0.306919835 -7.73609728
0.237122724 0.240031476 -7.75476839
NaN NaN NaN
0.219481489 0.306919835 -7.73609728
0.212555566 0.300880768 -7.78504329
NaN NaN NaN
0.1073238 0.760892935 -7.82002299
0.0808812948 0.769176965 -7.82818861
NaN NaN NaN
0.1073238 0.760892935 -7.82002299
0.129295118 0.763612163 -7.8339083
NaN NaN NaN
0.1073238 0.760892935 -7.82002299
0.106726194 0.778705302 -7.83831336
NaN NaN NaN
0.0295904629 0.698118241 -7.81061245
0.024937355 0.680229521 -7.81909818
NaN NaN NaN
0.0295904629 0.698118241 -7.81061245
0.0290237296 0.714972479 -7.82831454
NaN NaN NaN
0.0295904629 0.698118241 -7.81061245
0.0245347105 0.697067745 -7.83658691
NaN NaN NaN
0.031977056 0.613771531 -7.7972637
0.0475569058 0.591139937 -7.80328771
NaN NaN NaN
0.031977056 0.613771531 -7.7972637
0.0319109292 0.630749407 -7.81481921
NaN NaN NaN
0.031977056 0.613771531 -7.7972637
0.0481950048 0.608082256 -7.8210028
NaN NaN NaN
0.0741837746 0.553375536 -7.78723754
0.0950179574 0.558786249 -7.79722896
NaN NaN NaN
0.0741837746 0.553375536 -7.78723754
0.0738349645 0.57128861 -7.80457696
NaN NaN NaN
0.163461341 0.677803818 -7.80945287
0.1638545 0.650863904 -7.80944074
NaN NaN NaN
0.163461341 0.677803818 -7.80945287
0.16320757 0.694206425 -7.82665453
NaN NaN NaN
0.163461341 0.677803818 -7.80945287
0.163431755 0.667663257 -7.82692421
NaN NaN NaN
0.117412467 0.55470235 -7.78901059
0.0950179574 0.558786249 -7.79722896
NaN NaN NaN
0.117412467 0.55470235 -7.78901059
0.117057288 0.57261874 -7.80635846
NaN NaN NaN
0.0257211398 0.651618702 -7.80736485
0.024937355 0.680229521 -7.81909818
NaN NaN NaN
0.0257211398 0.651618702 -7.80736485
0.0319109292 0.630749407 -7.81481921
NaN NaN NaN
0.0257211398 0.651618702 -7.80736485
0.0254205968 0.668351352 -7.8247814
NaN NaN NaN
0.0257211398 0.651618702 -7.80736485
0.0318501758 0.647575712 -7.83221484
NaN NaN NaN
0.0556551863 0.75271505 -7.82421917
0.0808812948 0.769176965 -7.82818861
NaN NaN NaN
0.0556551863 0.75271505 -7.82421917
0.0389763643 0.734612327 -7.8254858
NaN NaN NaN
0.0556551863 0.75271505 -7.82421917
0.0545827657 0.769810167 -7.84234415
NaN NaN NaN
0.0556551863 0.75271505 -7.82421917
0.0381300969 0.751519467 -7.84350366
NaN NaN NaN
0.0401314523 0.346464999 -7.75270697
0.0765145437 0.332121022 -7.75676444
NaN NaN NaN
0.0401314523 0.346464999 -7.75270697
0.025204055 0.354146515 -7.79091864
NaN NaN NaN
0.157443567 0.613465711 -7.80120016
0.143453599 0.590890454 -7.80379847
NaN NaN NaN
0.157443567 0.613465711 -7.80120016
0.156765125 0.630478847 -7.81879311
NaN NaN NaN
0.157443567 0.613465711 -7.80120016
0.140560492 0.610445171 -7.82575946
NaN NaN NaN
0.0808812948 0.769176965 -7.82818861
0.106726194 0.778705302 -7.83831336
NaN NaN NaN
0.0808812948 0.769176965 -7.82818861
0.0545827657 0.769810167 -7.84234415
NaN NaN NaN
0.0808812948 0.769176965 -7.82818861
0.0739597101 0.78405073 -7.84545723
NaN NaN NaN
0.157864274 0.708922723 -7.8185255
0.16320757 0.694206425 -7.82665453
NaN NaN NaN
0.157864274 0.708922723 -7.8185255
0.157257926 0.726243277 -7.83535865
NaN NaN NaN
0.157864274 0.708922723 -7.8185255
0.162955756 0.710412876 -7.84365265
NaN NaN NaN
0.1638545 0.650863904 -7.80944074
0.156765125 0.630478847 -7.81879311
NaN NaN NaN
0.1638545 0.650863904 -7.80944074
0.163431755 0.667663257 -7.82692421
NaN NaN NaN
0.1638545 0.650863904 -7.80944074
0.158594553 0.651145526 -7.83324215
NaN NaN NaN
0.0389763643 0.734612327 -7.8254858
0.0290237296 0.714972479 -7.82831454
NaN NaN NaN
0.0389763643 0.734612327 -7.8254858
0.0381300969 0.751519467 -7.84350366
NaN NaN NaN
0.0389763643 0.734612327 -7.8254858
0.0284608641 0.73172439 -7.84591232
NaN NaN NaN
0.0950179574 0.558786249 -7.79722896
0.0738349645 0.57128861 -7.80457696
NaN NaN NaN
0.0950179574 0.558786249 -7.79722896
0.117057288 0.57261874 -7.80635846
NaN NaN NaN
0.0950179574 0.558786249 -7.79722896
0.0946586591 0.576727779 -7.81457155
NaN NaN NaN
0.0475569058 0.591139937 -7.80328771
0.0738349645 0.57128861 -7.80457696
NaN NaN NaN
0.0475569058 0.591139937 -7.80328771
0.0481950048 0.608082256 -7.8210028
NaN NaN NaN
0.0475569058 0.591139937 -7.80328771
0.0734863089 0.589177539 -7.82189375
NaN NaN NaN
0.184577639 0.319025617 -7.75197071
0.14452239 0.33433183 -7.76251678
NaN NaN NaN
0.184577639 0.319025617 -7.75197071
0.212555566 0.300880768 -7.78504329
NaN NaN NaN
0.184577639 0.319025617 -7.75197071
0.172108433 0.315010834 -7.80288594
NaN NaN NaN
0.024937355 0.680229521 -7.81909818
0.0254205968 0.668351352 -7.8247814
NaN NaN NaN
0.024937355 0.680229521 -7.81909818
0.0245347105 0.697067745 -7.83658691
NaN NaN NaN
-0.072219899 0.36503305 -7.7629314
-0.125717942 0.340947713 -7.76934699
NaN NaN NaN
-0.072219899 0.36503305 -7.7629314
-0.0774613256 0.354511938 -7.8079235
NaN NaN NaN
0.143453599 0.590890454 -7.80379847
0.117057288 0.57261874 -7.80635846
NaN NaN NaN
0.143453599 0.590890454 -7.80379847
0.140560492 0.610445171 -7.82575946
NaN NaN NaN
0.143453599 0.590890454 -7.80379847
0.116703375 0.590493663 -7.823667
NaN NaN NaN
0.143738846 0.74561858 -7.82998358
0.129295118 0.763612163 -7.8339083
NaN NaN NaN
0.143738846 0.74561858 -7.82998358
0.157257926 0.726243277 -7.83535865
NaN NaN NaN
0.143738846 0.74561858 -7.82998358
0.146597205 0.7607452 -7.84999963
NaN NaN NaN
0.143738846 0.74561858 -7.82998358
0.156545238 0.743941038 -7.85232633
NaN NaN NaN
0.0765145437 0.332121022 -7.75676444
0.111518669 0.33512293 -7.76172679
NaN NaN NaN
0.0765145437 0.332121022 -7.75676444
0.025204055 0.354146515 -7.79091864
NaN NaN NaN
0.0765145437 0.332121022 -7.75676444
0.0705580122 0.329153363 -7.80053355
NaN NaN NaN
0.0765145437 0.332121022 -7.75676444
0.0956705734 0.330641675 -7.80602327
NaN NaN NaN
0.129295118 0.763612163 -7.8339083
0.106726194 0.778705302 -7.83831336
NaN NaN NaN
0.129295118 0.763612163 -7.8339083
0.146597205 0.7607452 -7.84999963
NaN NaN NaN
0.129295118 0.763612163 -7.8339083
0.137154745 0.78159586 -7.85985522
NaN NaN NaN
0.106726194 0.778705302 -7.83831336
0.0739597101 0.78405073 -7.84545723
NaN NaN NaN
0.106726194 0.778705302 -7.83831336
0.0943290598 0.795648606 -7.85406171
NaN NaN NaN
0.106726194 0.778705302 -7.83831336
0.137154745 0.78159586 -7.85985522
NaN NaN NaN
0.106726194 0.778705302 -7.83831336
0.114621797 0.8016503 -7.86479318
NaN NaN NaN
0.0290237296 0.714972479 -7.82831454
0.0245347105 0.697067745 -7.83658691
NaN NaN NaN
0.0290237296 0.714972479 -7.82831454
0.0284608641 0.73172439 -7.84591232
NaN NaN NaN
0.0290237296 0.714972479 -7.82831454
0.0241353542 0.713768459 -7.85393282
NaN NaN NaN
0.0319109292 0.630749407 -7.81481921
0.0481950048 0.608082256 -7.8210028
NaN NaN NaN
0.0319109292 0.630749407 -7.81481921
0.0318501758 0.647575712 -7.83221484
NaN NaN NaN
0.0319109292 0.630749407 -7.81481921
0.0454042297 0.625506718 -7.83492367
NaN NaN NaN
0.0738349645 0.57128861 -7.80457696
0.0946586591 0.576727779 -7.81457155
NaN NaN NaN
0.0738349645 0.57128861 -7.80457696
0.0734863089 0.589177539 -7.82189375
NaN NaN NaN
0.111518669 0.33512293 -7.76172679
0.14452239 0.33433183 -7.76251678
NaN NaN NaN
0.111518669 0.33512293 -7.76172679
0.0956705734 0.330641675 -7.80602327
NaN NaN NaN
0.111518669 0.33512293 -7.76172679
0.132874643 0.331081296 -7.80736641
NaN NaN NaN
0.16320757 0.694206425 -7.82665453
0.163431755 0.667663257 -7.82692421
NaN NaN NaN
0.16320757 0.694206425 -7.82665453
0.162955756 0.710412876 -7.84365265
NaN NaN NaN
0.16320757 0.694206425 -7.82665453
0.163012374 0.684328952 -7.84426858
NaN NaN NaN
0.117057288 0.57261874 -7.80635846
0.0946586591 0.576727779 -7.81457155
NaN NaN NaN
0.117057288 0.57261874 -7.80635846
0.116703375 0.590493663 -7.823667
NaN NaN NaN
0.14452239 0.33433183 -7.76251678
0.172108433 0.315010834 -7.80288594
NaN NaN NaN
0.14452239 0.33433183 -7.76251678
0.132874643 0.331081296 -7.80736641
NaN NaN NaN
0.0254205968 0.668351352 -7.8247814
0.0245347105 0.697067745 -7.83658691
NaN NaN NaN
0.0254205968 0.668351352 -7.8247814
0.0318501758 0.647575712 -7.83221484
NaN NaN NaN
0.0254205968 0.668351352 -7.8247814
0.0251224731 0.684949307 -7.84205774
NaN NaN NaN
0.0254205968 0.668351352 -7.8247814
0.0317948187 0.664246974 -7.84944699
NaN NaN NaN
0.0545827657 0.769810167 -7.84234415
0.0739597101 0.78405073 -7.84545723
NaN NaN NaN
0.0545827657 0.769810167 -7.84234415
0.0381300969 0.751519467 -7.84350366
NaN NaN NaN
0.0545827657 0.769810167 -7.84234415
0.0535220545 0.786768614 -7.86033097
NaN NaN NaN
0.0545827657 0.769810167 -7.84234415
0.0372465483 0.768324809 -7.86149305
NaN NaN NaN
0.156765125 0.630478847 -7.81879311
0.140560492 0.610445171 -7.82575946
NaN NaN NaN
0.156765125 0.630478847 -7.81879311
0.158594553 0.651145526 -7.83324215
NaN NaN NaN
0.156765125 0.630478847 -7.81879311
0.140018871 0.635229304 -7.84998681
NaN NaN NaN
0.157257926 0.726243277 -7.83535865
0.162955756 0.710412876 -7.84365265
NaN NaN NaN
0.157257926 0.726243277 -7.83535865
0.156545238 0.743941038 -7.85232633
NaN NaN NaN
0.157257926 0.726243277 -7.83535865
0.16270739 0.726399992 -7.86043419
NaN NaN NaN
0.0739597101 0.78405073 -7.84545723
0.0943290598 0.795648606 -7.85406171
NaN NaN NaN
0.0739597101 0.78405073 -7.84545723
0.0535220545 0.786768614 -7.86033097
NaN NaN NaN
0.0739597101 0.78405073 -7.84545723
0.0731109208 0.801690721 -7.86378615
NaN NaN NaN
0.163431755 0.667663257 -7.82692421
0.158594553 0.651145526 -7.83324215
NaN NaN NaN
0.163431755 0.667663257 -7.82692421
0.163012374 0.684328952 -7.84426858
NaN NaN NaN
0.163431755 0.667663257 -7.82692421
0.155413493 0.663999751 -7.85344646
NaN NaN NaN
-0.21604197 0.303920742 -7.76040461
-0.125717942 0.340947713 -7.76934699
NaN NaN NaN
-0.21604197 0.303920742 -7.76040461
-0.246344074 0.206744765 -7.76329732
NaN NaN NaN
-0.21604197 0.303920742 -7.76040461
-0.13287015 0.32678446 -7.82969002
NaN NaN NaN
-0.21604197 0.303920742 -7.76040461
-0.20301885 0.292565217 -7.85243996
NaN NaN NaN
-0.125717942 0.340947713 -7.76934699
-0.0774613256 0.354511938 -7.8079235
NaN NaN NaN
-0.125717942 0.340947713 -7.76934699
-0.13287015 0.32678446 -7.82969002
NaN NaN NaN
0.0381300969 0.751519467 -7.84350366
0.0284608641 0.73172439 -7.84591232
NaN NaN NaN
0.0381300969 0.751519467 -7.84350366
0.0372465483 0.768324809 -7.86149305
NaN NaN NaN
0.0381300969 0.751519467 -7.84350366
0.0279127581 0.748325492 -7.8633245
NaN NaN NaN
0.0946586591 0.576727779 -7.81457155
0.0734863089 0.589177539 -7.82189375
NaN NaN NaN
0.0946586591 0.576727779 -7.81457155
0.116703375 0.590493663 -7.823667
NaN NaN NaN
0.0946586591 0.576727779 -7.81457155
0.0942993608 0.594669309 -7.83191415
NaN NaN NaN
0.0481950048 0.608082256 -7.8210028
0.0734863089 0.589177539 -7.82189375
NaN NaN NaN
0.0481950048 0.608082256 -7.8210028
0.0454042297 0.625506718 -7.83492367
NaN NaN NaN
0.0481950048 0.608082256 -7.8210028
0.0731378072 0.607042059 -7.83918767
NaN NaN NaN
0.0245347105 0.697067745 -7.83658691
0.0251224731 0.684949307 -7.84205774
NaN NaN NaN
0.0245347105 0.697067745 -7.83658691
0.0241353542 0.713768459 -7.85393282
NaN NaN NaN
0.0 0.392368271 -7.78343941
0.025204055 0.354146515 -7.79091864
NaN NaN NaN
0.0 0.392368271 -7.78343941
-0.0774613256 0.354511938 -7.8079235
NaN NaN NaN
0.0 0.392368271 -7.78343941
0.0 0.382735017 -7.83588713
NaN NaN NaN
0.0943290598 0.795648606 -7.85406171
0.0731109208 0.801690721 -7.86378615
NaN NaN NaN
0.0943290598 0.795648606 -7.85406171
0.114621797 0.8016503 -7.86479318
NaN NaN NaN
0.0943290598 0.795648606 -7.85406171
0.0933037642 0.813407493 -7.87234628
NaN NaN NaN
0.0284608641 0.73172439 -7.84591232
0.0241353542 0.713768459 -7.85393282
NaN NaN NaN
0.0284608641 0.73172439 -7.84591232
0.0279127581 0.748325492 -7.8633245
NaN NaN NaN
0.0284608641 0.73172439 -7.84591232
0.0237393649 0.730328369 -7.87113248
NaN NaN NaN
0.146597205 0.7607452 -7.84999963
0.156545238 0.743941038 -7.85232633
NaN NaN NaN
0.146597205 0.7607452 -7.84999963
0.137154745 0.78159586 -7.85985522
NaN NaN NaN
0.146597205 0.7607452 -7.84999963
0.156140248 0.761506027 -7.87002638
NaN NaN NaN
0.0734863089 0.589177539 -7.82189375
0.0942993608 0.594669309 -7.83191415
NaN NaN NaN
0.0734863089 0.589177539 -7.82189375
0.0731378072 0.607042059 -7.83918767
NaN NaN NaN
0.0318501758 0.647575712 -7.83221484
0.0454042297 0.625506718 -7.83492367
NaN NaN NaN
0.0318501758 0.647575712 -7.83221484
0.0317948187 0.664246974 -7.84944699
NaN NaN NaN
0.0318501758 0.647575712 -7.83221484
0.0461633194 0.643238198 -7.85366202
NaN NaN NaN
0.237122724 0.240031476 -7.75476839
0.212555566 0.300880768 -7.78504329
NaN NaN NaN
0.237122724 0.240031476 -7.75476839
0.252477819 0.172958976 -7.78644347
NaN NaN NaN
0.237122724 0.240031476 -7.75476839
0.227952038 0.238175557 -7.80887954
NaN NaN NaN
0.140560492 0.610445171 -7.82575946
0.116703375 0.590493663 -7.823667
NaN NaN NaN
0.140560492 0.610445171 -7.82575946
0.116350741 0.608326744 -7.84093589
NaN NaN NaN
0.140560492 0.610445171 -7.82575946
0.140018871 0.635229304 -7.84998681
NaN NaN NaN
0.158594553 0.651145526 -7.83324215
0.155413493 0.663999751 -7.85344646
NaN NaN NaN
0.158594553 0.651145526 -7.83324215
0.140018871 0.635229304 -7.84998681
NaN NaN NaN
0.116703375 0.590493663 -7.823667
0.0942993608 0.594669309 -7.83191415
NaN NaN NaN
0.116703375 0.590493663 -7.823667
0.116350741 0.608326744 -7.84093589
NaN NaN NaN
0.162955756 0.710412876 -7.84365265
0.163012374 0.684328952 -7.84426858
NaN NaN NaN
0.162955756 0.710412876 -7.84365265
0.16270739 0.726399992 -7.86043419
NaN NaN NaN
0.162955756 0.710412876 -7.84365265
0.162596443 0.700857507 -7.86147022
NaN NaN NaN
0.0251224731 0.684949307 -7.84205774
0.0241353542 0.713768459 -7.85393282
NaN NaN NaN
0.0251224731 0.684949307 -7.84205774
0.0317948187 0.664246974 -7.84944699
NaN NaN NaN
0.0251224731 0.684949307 -7.84205774
0.0248268304 0.70140913 -7.85919031
NaN NaN NaN
0.0251224731 0.684949307 -7.84205774
0.0317448752 0.680759765 -7.8665121
NaN NaN NaN
0.156545238 0.743941038 -7.85232633
0.16270739 0.726399992 -7.86043419
NaN NaN NaN
0.156545238 0.743941038 -7.85232633
0.156140248 0.761506027 -7.87002638
NaN NaN NaN
0.156545238 0.743941038 -7.85232633
0.162459832 0.742203948 -7.87701695
NaN NaN NaN
0.0535220545 0.786768614 -7.86033097
0.0731109208 0.801690721 -7.86378615
NaN NaN NaN
0.0535220545 0.786768614 -7.86033097
0.0372465483 0.768324809 -7.86149305
NaN NaN NaN
0.0535220545 0.786768614 -7.86033097
0.0523954512 0.803834891 -7.87849368
NaN NaN NaN
0.0535220545 0.786768614 -7.86033097
0.0364211158 0.785106818 -7.87937348
NaN NaN NaN
0.137154745 0.78159586 -7.85985522
0.114621797 0.8016503 -7.86479318
NaN NaN NaN
0.137154745 0.78159586 -7.85985522
0.156140248 0.761506027 -7.87002638
NaN NaN NaN
0.137154745 0.78159586 -7.85985522
0.13301443 0.803942254 -7.8791577
NaN NaN NaN
0.137154745 0.78159586 -7.85985522
0.155410564 0.785515174 -7.8937519
NaN NaN NaN
0.0731109208 0.801690721 -7.86378615
0.0933037642 0.813407493 -7.87234628
NaN NaN NaN
0.0731109208 0.801690721 -7.86378615
0.0523954512 0.803834891 -7.87849368
NaN NaN NaN
0.0731109208 0.801690721 -7.86378615
0.0720862 0.819389245 -7.88224409
NaN NaN NaN
0.0454042297 0.625506718 -7.83492367
0.0731378072 0.607042059 -7.83918767
NaN NaN NaN
0.0454042297 0.625506718 -7.83492367
0.0461633194 0.643238198 -7.85366202
NaN NaN NaN
0.0454042297 0.625506718 -7.83492367
0.0727894578 0.624881903 -7.85645849
NaN NaN NaN
0.163012374 0.684328952 -7.84426858
0.155413493 0.663999751 -7.85344646
NaN NaN NaN
0.163012374 0.684328952 -7.84426858
0.162596443 0.700857507 -7.86147022
NaN NaN NaN
0.163012374 0.684328952 -7.84426858
0.154740581 0.680500673 -7.87049973
NaN NaN NaN
-0.294710327 0.0736775819 -7.72673804
-0.246344074 0.206744765 -7.76329732
NaN NaN NaN
-0.294710327 0.0736775819 -7.72673804
-0.265907718 -0.00880758006 -7.72450794
NaN NaN NaN
-0.294710327 0.0736775819 -7.72673804
-0.276778517 0.0691946292 -7.8343289
NaN NaN NaN
0.114621797 0.8016503 -7.86479318
0.0933037642 0.813407493 -7.87234628
NaN NaN NaN
0.114621797 0.8016503 -7.86479318
0.13301443 0.803942254 -7.8791577
NaN NaN NaN
0.114621797 0.8016503 -7.86479318
0.113518292 0.819694692 -7.88306538
NaN NaN NaN
0.0616547029 -0.18784564 -7.67224037
0.0 -0.199872558 -7.68452931
NaN NaN NaN
0.0616547029 -0.18784564 -7.67224037
0.218367114 -0.151596744 -7.70690932
NaN NaN NaN
0.0616547029 -0.18784564 -7.67224037
0.0754315351 -0.175074416 -7.79049989
NaN NaN NaN
0.0616547029 -0.18784564 -7.67224037
0.0 -0.189739495 -7.80612606
NaN NaN NaN
0.0942993608 0.594669309 -7.83191415
0.0731378072 0.607042059 -7.83918767
NaN NaN NaN
0.0942993608 0.594669309 -7.83191415
0.116350741 0.608326744 -7.84093589
NaN NaN NaN
0.0942993608 0.594669309 -7.83191415
0.0939400625 0.612610838 -7.84925674
NaN NaN NaN
0.0372465483 0.768324809 -7.86149305
0.0279127581 0.748325492 -7.8633245
NaN NaN NaN
0.0372465483 0.768324809 -7.86149305
0.0364211158 0.785106818 -7.87937348
NaN NaN NaN
0.0372465483 0.768324809 -7.86149305
0.0273548534 0.76494051 -7.88078626
NaN NaN NaN
0.0241353542 0.713768459 -7.85393282
0.0248268304 0.70140913 -7.85919031
NaN NaN NaN
0.0241353542 0.713768459 -7.85393282
0.0237393649 0.730328369 -7.87113248
NaN NaN NaN
0.025204055 0.354146515 -7.79091864
0.0705580122 0.329153363 -7.80053355
NaN NaN NaN
0.025204055 0.354146515 -7.79091864
0.0 0.382735017 -7.83588713
NaN NaN NaN
-0.221646934 -0.152950992 -7.68223662
-0.159836894 -0.166158532 -7.6807472
NaN NaN NaN
-0.221646934 -0.152950992 -7.68223662
-0.265907718 -0.00880758006 -7.72450794
NaN NaN NaN
-0.221646934 -0.152950992 -7.68223662
-0.205485159 -0.146277743 -7.80381487
NaN NaN NaN
-0.159836894 -0.166158532 -7.6807472
0.0 -0.199872558 -7.68452931
NaN NaN NaN
-0.159836894 -0.166158532 -7.6807472
-0.205485159 -0.146277743 -7.80381487
NaN NaN NaN
-0.159836894 -0.166158532 -7.6807472
-0.129283 -0.16249625 -7.8027535
NaN NaN NaN
0.0933037642 0.813407493 -7.87234628
0.0720862 0.819389245 -7.88224409
NaN NaN NaN
0.0933037642 0.813407493 -7.87234628
0.113518292 0.819694692 -7.88306538
NaN NaN NaN
0.0933037642 0.813407493 -7.87234628
0.0922355998 0.83111006 -7.89058016
NaN NaN NaN
0.0731378072 0.607042059 -7.83918767
0.0939400625 0.612610838 -7.84925674
NaN NaN NaN
0.0731378072 0.607042059 -7.83918767
0.0727894578 0.624881903 -7.85645849
NaN NaN NaN
0.0279127581 0.748325492 -7.8633245
0.0237393649 0.730328369 -7.87113248
NaN NaN NaN
0.0279127581 0.748325492 -7.8633245
0.0273548534 0.76494051 -7.88078626
NaN NaN NaN
0.0279127581 0.748325492 -7.8633245
0.0233468179 0.74674432 -7.88818262
NaN NaN NaN
0.0317948187 0.664246974 -7.84944699
0.0461633194 0.643238198 -7.85366202
NaN NaN NaN
0.0317948187 0.664246974 -7.84944699
0.0317448752 0.680759765 -7.8665121
NaN NaN NaN
0.0317948187 0.664246974 -7.84944699
0.0463784124 0.659882804 -7.87058337
NaN NaN NaN
-0.246344074 0.206744765 -7.76329732
-0.20301885 0.292565217 -7.85243996
NaN NaN NaN
-0.246344074 0.206744765 -7.76329732
-0.237828784 0.180063522 -7.8572899
NaN NaN NaN
-0.246344074 0.206744765 -7.76329732
-0.276778517 0.0691946292 -7.8343289
NaN NaN NaN
0.116350741 0.608326744 -7.84093589
0.140018871 0.635229304 -7.84998681
NaN NaN NaN
0.116350741 0.608326744 -7.84093589
0.0939400625 0.612610838 -7.84925674
NaN NaN NaN
0.116350741 0.608326744 -7.84093589
0.115999402 0.626117603 -7.85816478
NaN NaN NaN
0.16270739 0.726399992 -7.86043419
0.162596443 0.700857507 -7.86147022
NaN NaN NaN
0.16270739 0.726399992 -7.86043419
0.162459832 0.742203948 -7.87701695
NaN NaN NaN
0.16270739 0.726399992 -7.86043419
0.162184048 0.717245577 -7.87852566
NaN NaN NaN
0.212555566 0.300880768 -7.78504329
0.172108433 0.315010834 -7.80288594
NaN NaN NaN
0.212555566 0.300880768 -7.78504329
0.227952038 0.238175557 -7.80887954
NaN NaN NaN
0.212555566 0.300880768 -7.78504329
0.204345478 0.293721972 -7.84306458
NaN NaN NaN
0.0248268304 0.70140913 -7.85919031
0.0237393649 0.730328369 -7.87113248
NaN NaN NaN
0.0248268304 0.70140913 -7.85919031
0.0317448752 0.680759765 -7.8665121
NaN NaN NaN
0.0248268304 0.70140913 -7.85919031
0.024533728 0.717727522 -7.87617567
NaN NaN NaN
0.0248268304 0.70140913 -7.85919031
0.031700356 0.697110825 -7.88340676
NaN NaN NaN
0.155413493 0.663999751 -7.85344646
0.140018871 0.635229304 -7.84998681
NaN NaN NaN
0.155413493 0.663999751 -7.85344646
0.154740581 0.680500673 -7.87049973
NaN NaN NaN
0.155413493 0.663999751 -7.85344646
0.140009557 0.658126097 -7.87184853
NaN NaN NaN
0.156140248 0.761506027 -7.87002638
0.162459832 0.742203948 -7.87701695
NaN NaN NaN
0.156140248 0.761506027 -7.87002638
0.155410564 0.785515174 -7.8937519
NaN NaN NaN
0.156140248 0.761506027 -7.87002638
0.16225835 0.758886543 -7.8952372
NaN NaN NaN
0.140018871 0.635229304 -7.84998681
0.115999402 0.626117603 -7.85816478
NaN NaN NaN
0.140018871 0.635229304 -7.84998681
0.140009557 0.658126097 -7.87184853
NaN NaN NaN
0.140018871 0.635229304 -7.84998681
0.115649374 0.643865852 -7.87535332
NaN NaN NaN
0.0523954512 0.803834891 -7.87849368
0.0720862 0.819389245 -7.88224409
NaN NaN NaN
0.0523954512 0.803834891 -7.87849368
0.0364211158 0.785106818 -7.87937348
NaN NaN NaN
0.0523954512 0.803834891 -7.87849368
0.0512333928 0.820632838 -7.89643032
NaN NaN NaN
0.0523954512 0.803834891 -7.87849368
0.0354747177 0.801713188 -7.8972999
NaN NaN NaN
0.162596443 0.700857507 -7.86147022
0.154740581 0.680500673 -7.87049973
NaN NaN NaN
0.162596443 0.700857507 -7.86147022
0.162184048 0.717245577 -7.87852566
NaN NaN NaN
0.162596443 0.700857507 -7.86147022
0.154069788 0.696824324 -7.88736631
NaN NaN NaN
0.13301443 0.803942254 -7.8791577
0.113518292 0.819694692 -7.88306538
NaN NaN NaN
0.13301443 0.803942254 -7.8791577
0.130496371 0.822095343 -7.89591416
NaN NaN NaN
0.13301443 0.803942254 -7.8791577
0.155410564 0.785515174 -7.8937519
NaN NaN NaN
0.13301443 0.803942254 -7.8791577
0.145081084 0.811550916 -7.90119225
NaN NaN NaN
0.0720862 0.819389245 -7.88224409
0.0922355998 0.83111006 -7.89058016
NaN NaN NaN
0.0720862 0.819389245 -7.88224409
0.0512333928 0.820632838 -7.89643032
NaN NaN NaN
0.0720862 0.819389245 -7.88224409
0.0707783344 0.836446067 -7.9001645
NaN NaN NaN
0.0461633194 0.643238198 -7.85366202
0.0727894578 0.624881903 -7.85645849
NaN NaN NaN
0.0461633194 0.643238198 -7.85366202
0.0463784124 0.659882804 -7.87058337
NaN NaN NaN
0.0461633194 0.643238198 -7.85366202
0.0724412587 0.6426968 -7.87370597
NaN NaN NaN
-0.265907718 -0.00880758006 -7.72450794
-0.276778517 0.0691946292 -7.8343289
NaN NaN NaN
-0.265907718 -0.00880758006 -7.72450794
-0.205485159 -0.146277743 -7.80381487
NaN NaN NaN
-0.265907718 -0.00880758006 -7.72450794
-0.242430121 -0.0286944856 -7.83278109
NaN NaN NaN
0.113518292 0.819694692 -7.88306538
0.0922355998 0.83111006 -7.89058016
NaN NaN NaN
0.113518292 0.819694692 -7.88306538
0.130496371 0.822095343 -7.89591416
NaN NaN NaN
0.113518292 0.819694692 -7.88306538
0.116914012 0.84154262 -7.90728237
NaN NaN NaN
0.0 -0.199872558 -7.68452931
-0.129283 -0.16249625 -7.8027535
NaN NaN NaN
0.0 -0.199872558 -7.68452931
0.0 -0.189739495 -7.80612606
NaN NaN NaN
0.0939400625 0.612610838 -7.84925674
0.0727894578 0.624881903 -7.85645849
NaN NaN NaN
0.0939400625 0.612610838 -7.84925674
0.115999402 0.626117603 -7.85816478
NaN NaN NaN
0.0939400625 0.612610838 -7.84925674
0.0935807643 0.630552368 -7.86659933
NaN NaN NaN
0.0364211158 0.785106818 -7.87937348
0.0273548534 0.76494051 -7.88078626
NaN NaN NaN
0.0364211158 0.785106818 -7.87937348
0.0354747177 0.801713188 -7.8972999
NaN NaN NaN
0.0364211158 0.785106818 -7.87937348
0.0267999743 0.781299696 -7.89800301
NaN NaN NaN
0.0237393649 0.730328369 -7.87113248
0.024533728 0.717727522 -7.87617567
NaN NaN NaN
0.0237393649 0.730328369 -7.87113248
0.0233468179 0.74674432 -7.88818262
NaN NaN NaN
0.0705580122 0.329153363 -7.80053355
0.0956705734 0.330641675 -7.80602327
NaN NaN NaN
0.0705580122 0.329153363 -7.80053355
0.0 0.382735017 -7.83588713
NaN NaN NaN
0.0705580122 0.329153363 -7.80053355
0.0640827669 0.325927271 -7.84811422
NaN NaN NaN
0.0727894578 0.624881903 -7.85645849
0.0935807643 0.630552368 -7.86659933
NaN NaN NaN
0.0727894578 0.624881903 -7.85645849
0.0724412587 0.6426968 -7.87370597
NaN NaN NaN
0.0922355998 0.83111006 -7.89058016
0.0707783344 0.836446067 -7.9001645
NaN NaN NaN
0.0922355998 0.83111006 -7.89058016
0.116914012 0.84154262 -7.90728237
NaN NaN NaN
0.0922355998 0.83111006 -7.89058016
0.0906476064 0.848786568 -7.9088018
NaN NaN NaN
0.0317448752 0.680759765 -7.8665121
0.0463784124 0.659882804 -7.87058337
NaN NaN NaN
0.0317448752 0.680759765 -7.8665121
0.031700356 0.697110825 -7.88340676
NaN NaN NaN
0.0317448752 0.680759765 -7.8665121
0.0465986141 0.676360427 -7.88732534
NaN NaN NaN
-0.0774613256 0.354511938 -7.8079235
0.0 0.382735017 -7.83588713
NaN NaN NaN
-0.0774613256 0.354511938 -7.8079235
-0.13287015 0.32678446 -7.82969002
NaN NaN NaN
-0.0774613256 0.354511938 -7.8079235
-0.0837451326 0.341898456 -7.86186333
NaN NaN NaN
0.0273548534 0.76494051 -7.88078626
0.0233468179 0.74674432 -7.88818262
NaN NaN NaN
0.0273548534 0.76494051 -7.88078626
0.0267999743 0.781299696 -7.89800301
NaN NaN NaN
0.0273548534 0.76494051 -7.88078626
0.0229577855 0.763013299 -7.90508012
NaN NaN NaN
0.162459832 0.742203948 -7.87701695
0.162184048 0.717245577 -7.87852566
NaN NaN NaN
0.162459832 0.742203948 -7.87701695
0.16225835 0.758886543 -7.8952372
NaN NaN NaN
0.162459832 0.742203948 -7.87701695
0.161775269 0.733489964 -7.89543157
NaN NaN NaN
0.115999402 0.626117603 -7.85816478
0.0935807643 0.630552368 -7.86659933
NaN NaN NaN
0.115999402 0.626117603 -7.85816478
0.115649374 0.643865852 -7.87535332
NaN NaN NaN
0.0956705734 0.330641675 -7.80602327
0.132874643 0.331081296 -7.80736641
NaN NaN NaN
0.0956705734 0.330641675 -7.80602327
0.0640827669 0.325927271 -7.84811422
NaN NaN NaN
0.0956705734 0.330641675 -7.80602327
0.118829517 0.327161726 -7.86144714
NaN NaN NaN
0.024533728 0.717727522 -7.87617567
0.0233468179 0.74674432 -7.88818262
NaN NaN NaN
0.024533728 0.717727522 -7.87617567
0.031700356 0.697110825 -7.88340676
NaN NaN NaN
0.024533728 0.717727522 -7.87617567
0.0242432226 0.73390133 -7.89301054
NaN NaN NaN
0.024533728 0.717727522 -7.87617567
0.0316612654 0.713297062 -7.90012778
NaN NaN NaN
0.172108433 0.315010834 -7.80288594
0.132874643 0.331081296 -7.80736641
NaN NaN NaN
0.172108433 0.315010834 -7.80288594
0.204345478 0.293721972 -7.84306458
NaN NaN NaN
0.172108433 0.315010834 -7.80288594
0.118829517 0.327161726 -7.86144714
NaN NaN NaN
0.132874643 0.331081296 -7.80736641
0.118829517 0.327161726 -7.86144714
NaN NaN NaN
0.154740581 0.680500673 -7.87049973
0.140009557 0.658126097 -7.87184853
NaN NaN NaN
0.154740581 0.680500673 -7.87049973
0.154069788 0.696824324 -7.88736631
NaN NaN NaN
0.154740581 0.680500673 -7.87049973
0.137876137 0.679368935 -7.8943796
NaN NaN NaN
0.162184048 0.717245577 -7.87852566
0.154069788 0.696824324 -7.88736631
NaN NaN NaN
0.162184048 0.717245577 -7.87852566
0.161775269 0.733489964 -7.89543157
NaN NaN NaN
0.162184048 0.717245577 -7.87852566
0.155927941 0.716788494 -7.90187311
NaN NaN NaN
0.130496371 0.822095343 -7.89591416
0.145081084 0.811550916 -7.90119225
NaN NaN NaN
0.130496371 0.822095343 -7.89591416
0.116914012 0.84154262 -7.90728237
NaN NaN NaN
0.130496371 0.822095343 -7.89591416
0.141735422 0.829756071 -7.91569552
NaN NaN NaN
0.0512333928 0.820632838 -7.89643032
0.0707783344 0.836446067 -7.9001645
NaN NaN NaN
0.0512333928 0.820632838 -7.89643032
0.0354747177 0.801713188 -7.8972999
NaN NaN NaN
0.0512333928 0.820632838 -7.89643032
0.0500366405 0.837512565 -7.9144952
NaN NaN NaN
0.0512333928 0.820632838 -7.89643032
0.0345942356 0.818274714 -7.91508449
NaN NaN NaN
0.218367114 -0.151596744 -7.70690932
0.244723925 -0.0682419444 -7.72720733
NaN NaN NaN
0.218367114 -0.151596744 -7.70690932
0.0754315351 -0.175074416 -7.79049989
NaN NaN NaN
0.218367114 -0.151596744 -7.70690932
0.204289384 -0.145784004 -7.81281018
NaN NaN NaN
0.0463784124 0.659882804 -7.87058337
0.0724412587 0.6426968 -7.87370597
NaN NaN NaN
0.0463784124 0.659882804 -7.87058337
0.0465986141 0.676360427 -7.88732534
NaN NaN NaN
0.0463784124 0.659882804 -7.87058337
0.072093207 0.660486471 -7.89092986
NaN NaN NaN
0.0707783344 0.836446067 -7.9001645
0.0906476064 0.848786568 -7.9088018
NaN NaN NaN
0.0707783344 0.836446067 -7.9001645
0.0500366405 0.837512565 -7.9144952
NaN NaN NaN
0.0707783344 0.836446067 -7.9001645
0.069142712 0.854014904 -7.91875844
NaN NaN NaN
0.0935807643 0.630552368 -7.86659933
0.0724412587 0.6426968 -7.87370597
NaN NaN NaN
0.0935807643 0.630552368 -7.86659933
0.115649374 0.643865852 -7.87535332
NaN NaN NaN
0.0935807643 0.630552368 -7.86659933
0.093221466 0.648493898 -7.88394192
NaN NaN NaN
0.244723925 -0.0682419444 -7.72720733
0.289268024 0.0723170059 -7.75939186
NaN NaN NaN
0.244723925 -0.0682419444 -7.72720733
0.204289384 -0.145784004 -7.81281018
NaN NaN NaN
0.244723925 -0.0682419444 -7.72720733
0.23585532 -0.0469018642 -7.83492392
NaN NaN NaN
0.140009557 0.658126097 -7.87184853
0.115649374 0.643865852 -7.87535332
NaN NaN NaN
0.140009557 0.658126097 -7.87184853
0.137876137 0.679368935 -7.8943796
NaN NaN NaN
0.140009557 0.658126097 -7.87184853
0.115300675 0.661571102 -7.89250116
NaN NaN NaN
0.0233468179 0.74674432 -7.88818262
0.0242432226 0.73390133 -7.89301054
NaN NaN NaN
0.0233468179 0.74674432 -7.88818262
0.0229577855 0.763013299 -7.90508012
NaN NaN NaN
0.155410564 0.785515174 -7.8937519
0.145081084 0.811550916 -7.90119225
NaN NaN NaN
0.155410564 0.785515174 -7.8937519
0.16225835 0.758886543 -7.8952372
NaN NaN NaN
0.155410564 0.785515174 -7.8937519
0.156185396 0.806447651 -7.9183478
NaN NaN NaN
0.155410564 0.785515174 -7.8937519
0.1623307 0.77182285 -7.91398482
NaN NaN NaN
0.155410564 0.785515174 -7.8937519
0.16172935 0.788398622 -7.92549975
NaN NaN NaN
0.0354747177 0.801713188 -7.8972999
0.0267999743 0.781299696 -7.89800301
NaN NaN NaN
0.0354747177 0.801713188 -7.8972999
0.0345942356 0.818274714 -7.91508449
NaN NaN NaN
0.0354747177 0.801713188 -7.8972999
0.0262495957 0.797666078 -7.9152168
NaN NaN NaN
0.289268024 0.0723170059 -7.75939186
0.252477819 0.172958976 -7.78644347
NaN NaN NaN
0.289268024 0.0723170059 -7.75939186
0.273645724 0.068411431 -7.85312566
NaN NaN NaN
0.289268024 0.0723170059 -7.75939186
0.23585532 -0.0469018642 -7.83492392
NaN NaN NaN
0.0724412587 0.6426968 -7.87370597
0.093221466 0.648493898 -7.88394192
NaN NaN NaN
0.0724412587 0.6426968 -7.87370597
0.072093207 0.660486471 -7.89092986
NaN NaN NaN
0.145081084 0.811550916 -7.90119225
0.141735422 0.829756071 -7.91569552
NaN NaN NaN
0.145081084 0.811550916 -7.90119225
0.156185396 0.806447651 -7.9183478
NaN NaN NaN
0.031700356 0.697110825 -7.88340676
0.0465986141 0.676360427 -7.88732534
NaN NaN NaN
0.031700356 0.697110825 -7.88340676
0.0316612654 0.713297062 -7.90012778
NaN NaN NaN
0.031700356 0.697110825 -7.88340676
0.0468237437 0.69266866 -7.90388552
NaN NaN NaN
0.0267999743 0.781299696 -7.89800301
0.0229577855 0.763013299 -7.90508012
NaN NaN NaN
0.0267999743 0.781299696 -7.89800301
0.0262495957 0.797666078 -7.9152168
NaN NaN NaN
0.0267999743 0.781299696 -7.89800301
0.0225723363 0.779132432 -7.92182198
NaN NaN NaN
0.116914012 0.84154262 -7.90728237
0.0906476064 0.848786568 -7.9088018
NaN NaN NaN
0.116914012 0.84154262 -7.90728237
0.141735422 0.829756071 -7.91569552
NaN NaN NaN
0.116914012 0.84154262 -7.90728237
0.100178598 0.865678232 -7.92692886
NaN NaN NaN
0.116914012 0.84154262 -7.90728237
0.126960708 0.854068815 -7.92647812
NaN NaN NaN
0.0906476064 0.848786568 -7.9088018
0.069142712 0.854014904 -7.91875844
NaN NaN NaN
0.0906476064 0.848786568 -7.9088018
0.100178598 0.865678232 -7.92692886
NaN NaN NaN
0.115649374 0.643865852 -7.87535332
0.093221466 0.648493898 -7.88394192
NaN NaN NaN
0.115649374 0.643865852 -7.87535332
0.115300675 0.661571102 -7.89250116
NaN NaN NaN
0.252477819 0.172958976 -7.78644347
0.227952038 0.238175557 -7.80887954
NaN NaN NaN
0.252477819 0.172958976 -7.78644347
0.233258602 0.183284594 -7.87507798
NaN NaN NaN
0.252477819 0.172958976 -7.78644347
0.273645724 0.068411431 -7.85312566
NaN NaN NaN
0.16225835 0.758886543 -7.8952372
0.161775269 0.733489964 -7.89543157
NaN NaN NaN
0.16225835 0.758886543 -7.8952372
0.1623307 0.77182285 -7.91398482
NaN NaN NaN
0.16225835 0.758886543 -7.8952372
0.161370182 0.749587608 -7.91218475
NaN NaN NaN
0.0242432226 0.73390133 -7.89301054
0.0229577855 0.763013299 -7.90508012
NaN NaN NaN
0.0242432226 0.73390133 -7.89301054
0.0316612654 0.713297062 -7.90012778
NaN NaN NaN
0.0242432226 0.73390133 -7.89301054
0.0239553683 0.749927542 -7.90969177
NaN NaN NaN
0.0242432226 0.73390133 -7.89301054
0.0290966484 0.733204062 -7.91417885
NaN NaN NaN
0.154069788 0.696824324 -7.88736631
0.137876137 0.679368935 -7.8943796
NaN NaN NaN
0.154069788 0.696824324 -7.88736631
0.155927941 0.716788494 -7.90187311
NaN NaN NaN
0.154069788 0.696824324 -7.88736631
0.137495694 0.706583592 -7.92078438
NaN NaN NaN
0.161775269 0.733489964 -7.89543157
0.155927941 0.716788494 -7.90187311
NaN NaN NaN
0.161775269 0.733489964 -7.89543157
0.161370182 0.749587608 -7.91218475
NaN NaN NaN
0.161775269 0.733489964 -7.89543157
0.152735101 0.728928211 -7.92052732
NaN NaN NaN
0.0465986141 0.676360427 -7.88732534
0.072093207 0.660486471 -7.89092986
NaN NaN NaN
0.0465986141 0.676360427 -7.88732534
0.0468237437 0.69266866 -7.90388552
NaN NaN NaN
0.0465986141 0.676360427 -7.88732534
0.0717452993 0.678250636 -7.90812992
NaN NaN NaN
0.0 0.382735017 -7.83588713
0.0640827669 0.325927271 -7.84811422
NaN NaN NaN
0.0 0.382735017 -7.83588713
-0.0837451326 0.341898456 -7.86186333
NaN NaN NaN
0.0 0.382735017 -7.83588713
0.0 0.37310033 -7.88834265
NaN NaN NaN
0.0500366405 0.837512565 -7.9144952
0.069142712 0.854014904 -7.91875844
NaN NaN NaN
0.0500366405 0.837512565 -7.9144952
0.0345942356 0.818274714 -7.91508449
NaN NaN NaN
0.0500366405 0.837512565 -7.9144952
0.0484152861 0.854754919 -7.93334514
NaN NaN NaN
0.0500366405 0.837512565 -7.9144952
0.0336289593 0.83467885 -7.93288323
NaN NaN NaN
0.093221466 0.648493898 -7.88394192
0.072093207 0.660486471 -7.89092986
NaN NaN NaN
0.093221466 0.648493898 -7.88394192
0.115300675 0.661571102 -7.89250116
NaN NaN NaN
0.093221466 0.648493898 -7.88394192
0.0928621677 0.666435428 -7.90128451
NaN NaN NaN
0.069142712 0.854014904 -7.91875844
0.100178598 0.865678232 -7.92692886
NaN NaN NaN
0.069142712 0.854014904 -7.91875844
0.0776321594 0.870850434 -7.93316113
NaN NaN NaN
0.069142712 0.854014904 -7.91875844
0.0484152861 0.854754919 -7.93334514
NaN NaN NaN
0.0229577855 0.763013299 -7.90508012
0.0239553683 0.749927542 -7.90969177
NaN NaN NaN
0.0229577855 0.763013299 -7.90508012
0.0225723363 0.779132432 -7.92182198
NaN NaN NaN
0.0229577855 0.763013299 -7.90508012
0.0236702164 0.765803293 -7.9262164
NaN NaN NaN
0.227952038 0.238175557 -7.80887954
0.204345478 0.293721972 -7.84306458
NaN NaN NaN
0.227952038 0.238175557 -7.80887954
0.233258602 0.183284594 -7.87507798
NaN NaN NaN
0.141735422 0.829756071 -7.91569552
0.156185396 0.806447651 -7.9183478
NaN NaN NaN
0.141735422 0.829756071 -7.91569552
0.126960708 0.854068815 -7.92647812
NaN NaN NaN
0.141735422 0.829756071 -7.91569552
0.146013783 0.841849133 -7.93451268
NaN NaN NaN
0.141735422 0.829756071 -7.91569552
0.156162325 0.823301248 -7.93638821
NaN NaN NaN
0.0345942356 0.818274714 -7.91508449
0.0262495957 0.797666078 -7.9152168
NaN NaN NaN
0.0345942356 0.818274714 -7.91508449
0.0336289593 0.83467885 -7.93288323
NaN NaN NaN
0.0345942356 0.818274714 -7.91508449
0.0257091085 0.81382818 -7.93221058
NaN NaN NaN
-0.13287015 0.32678446 -7.82969002
-0.0837451326 0.341898456 -7.86186333
NaN NaN NaN
-0.13287015 0.32678446 -7.82969002
-0.20301885 0.292565217 -7.85243996
NaN NaN NaN
-0.13287015 0.32678446 -7.82969002
-0.0912356772 0.326862692 -7.92616173
NaN NaN NaN
0.072093207 0.660486471 -7.89092986
0.0928621677 0.666435428 -7.90128451
NaN NaN NaN
0.072093207 0.660486471 -7.89092986
0.0717452993 0.678250636 -7.90812992
NaN NaN NaN
0.0316612654 0.713297062 -7.90012778
0.0468237437 0.69266866 -7.90388552
NaN NaN NaN
0.0316612654 0.713297062 -7.90012778
0.0290966484 0.733204062 -7.91417885
NaN NaN NaN
0.0316612654 0.713297062 -7.90012778
0.0446349333 0.717478645 -7.92613337
NaN NaN NaN
0.137876137 0.679368935 -7.8943796
0.115300675 0.661571102 -7.89250116
NaN NaN NaN
0.137876137 0.679368935 -7.8943796
0.114953321 0.679232956 -7.90960794
NaN NaN NaN
0.137876137 0.679368935 -7.8943796
0.137495694 0.706583592 -7.92078438
NaN NaN NaN
0.0262495957 0.797666078 -7.9152168
0.0225723363 0.779132432 -7.92182198
NaN NaN NaN
0.0262495957 0.797666078 -7.9152168
0.0257091085 0.81382818 -7.93221058
NaN NaN NaN
0.0262495957 0.797666078 -7.9152168
0.0221905355 0.795098991 -7.93840537
NaN NaN NaN
0.115300675 0.661571102 -7.89250116
0.0928621677 0.666435428 -7.90128451
NaN NaN NaN
0.115300675 0.661571102 -7.89250116
0.114953321 0.679232956 -7.90960794
NaN NaN NaN
0.155927941 0.716788494 -7.90187311
0.152735101 0.728928211 -7.92052732
NaN NaN NaN
0.155927941 0.716788494 -7.90187311
0.137495694 0.706583592 -7.92078438
NaN NaN NaN
0.100178598 0.865678232 -7.92692886
0.126960708 0.854068815 -7.92647812
NaN NaN NaN
0.100178598 0.865678232 -7.92692886
0.0776321594 0.870850434 -7.93316113
NaN NaN NaN
0.100178598 0.865678232 -7.92692886
0.117466026 0.874373925 -7.94168522
NaN NaN NaN
0.100178598 0.865678232 -7.92692886
0.095181009 0.883416125 -7.94464977
NaN NaN NaN
0.0239553683 0.749927542 -7.90969177
0.0290966484 0.733204062 -7.91417885
NaN NaN NaN
0.0239553683 0.749927542 -7.90969177
0.0236702164 0.765803293 -7.9262164
NaN NaN NaN
0.0239553683 0.749927542 -7.90969177
0.0315993548 0.745163556 -7.9330369
NaN NaN NaN
0.156185396 0.806447651 -7.9183478
0.16172935 0.788398622 -7.92549975
NaN NaN NaN
0.156185396 0.806447651 -7.9183478
0.156162325 0.823301248 -7.93638821
NaN NaN NaN
0.156185396 0.806447651 -7.9183478
0.161489995 0.803386601 -7.94123364
NaN NaN NaN
0.126960708 0.854068815 -7.92647812
0.146013783 0.841849133 -7.93451268
NaN NaN NaN
0.126960708 0.854068815 -7.92647812
0.117466026 0.874373925 -7.94168522
NaN NaN NaN
0.126960708 0.854068815 -7.92647812
0.143655541 0.85883113 -7.94885257
NaN NaN NaN
0.1623307 0.77182285 -7.91398482
0.161370182 0.749587608 -7.91218475
NaN NaN NaN
0.1623307 0.77182285 -7.91398482
0.16172935 0.788398622 -7.92549975
NaN NaN NaN
0.1623307 0.77182285 -7.91398482
0.160968861 0.765535597 -7.92878219
NaN NaN NaN
0.161370182 0.749587608 -7.91218475
0.152735101 0.728928211 -7.92052732
NaN NaN NaN
0.161370182 0.749587608 -7.91218475
0.160968861 0.765535597 -7.92878219
NaN NaN NaN
0.161370182 0.749587608 -7.91218475
0.152071475 0.744703122 -7.93681622
NaN NaN NaN
0.0468237437 0.69266866 -7.90388552
0.0717452993 0.678250636 -7.90812992
NaN NaN NaN
0.0468237437 0.69266866 -7.90388552
0.0446349333 0.717478645 -7.92613337
NaN NaN NaN
0.0468237437 0.69266866 -7.90388552
0.0713975314 0.695989007 -7.9253059
NaN NaN NaN
0.0776321594 0.870850434 -7.93316113
0.0484152861 0.854754919 -7.93334514
NaN NaN NaN
0.0776321594 0.870850434 -7.93316113
0.095181009 0.883416125 -7.94464977
NaN NaN NaN
0.0776321594 0.870850434 -7.93316113
0.0498287325 0.87646335 -7.95385575
NaN NaN NaN
0.0776321594 0.870850434 -7.93316113
0.0731742145 0.893138054 -7.95723162
NaN NaN NaN
0.0928621677 0.666435428 -7.90128451
0.0717452993 0.678250636 -7.90812992
NaN NaN NaN
0.0928621677 0.666435428 -7.90128451
0.114953321 0.679232956 -7.90960794
NaN NaN NaN
0.0928621677 0.666435428 -7.90128451
0.0925028694 0.684376957 -7.9186271
NaN NaN NaN
0.0484152861 0.854754919 -7.93334514
0.0336289593 0.83467885 -7.93288323
NaN NaN NaN
0.0484152861 0.854754919 -7.93334514
0.0342005219 0.852638524 -7.94948028
NaN NaN NaN
0.0484152861 0.854754919 -7.93334514
0.0498287325 0.87646335 -7.95385575
NaN NaN NaN
0.0290966484 0.733204062 -7.91417885
0.0446349333 0.717478645 -7.92613337
NaN NaN NaN
0.0290966484 0.733204062 -7.91417885
0.0315993548 0.745163556 -7.9330369
NaN NaN NaN
0.0225723363 0.779132432 -7.92182198
0.0236702164 0.765803293 -7.9262164
NaN NaN NaN
0.0225723363 0.779132432 -7.92182198
0.0221905355 0.795098991 -7.93840537
NaN NaN NaN
0.0225723363 0.779132432 -7.92182198
0.0233878158 0.781525864 -7.94258158
NaN NaN NaN
0.0336289593 0.83467885 -7.93288323
0.0257091085 0.81382818 -7.93221058
NaN NaN NaN
0.0336289593 0.83467885 -7.93288323
0.0342005219 0.852638524 -7.94948028
NaN NaN NaN
0.0336289593 0.83467885 -7.93288323
0.0251679409 0.829837263 -7.94906958
NaN NaN NaN
0.0717452993 0.678250636 -7.90812992
0.0925028694 0.684376957 -7.9186271
NaN NaN NaN
0.0717452993 0.678250636 -7.90812992
0.0713975314 0.695989007 -7.9253059
NaN NaN NaN
0.16172935 0.788398622 -7.92549975
0.160968861 0.765535597 -7.92878219
NaN NaN NaN
0.16172935 0.788398622 -7.92549975
0.161489995 0.803386601 -7.94123364
NaN NaN NaN
0.16172935 0.788398622 -7.92549975
0.160571376 0.781331163 -7.945221
NaN NaN NaN
0.146013783 0.841849133 -7.93451268
0.156162325 0.823301248 -7.93638821
NaN NaN NaN
0.146013783 0.841849133 -7.93451268
0.143655541 0.85883113 -7.94885257
NaN NaN NaN
0.146013783 0.841849133 -7.93451268
0.157893712 0.833561443 -7.95336334
NaN NaN NaN
0.114953321 0.679232956 -7.90960794
0.137495694 0.706583592 -7.92078438
NaN NaN NaN
0.114953321 0.679232956 -7.90960794
0.0925028694 0.684376957 -7.9186271
NaN NaN NaN
0.114953321 0.679232956 -7.90960794
0.114607332 0.696851012 -7.9266733
NaN NaN NaN
0.0257091085 0.81382818 -7.93221058
0.0221905355 0.795098991 -7.93840537
NaN NaN NaN
0.0257091085 0.81382818 -7.93221058
0.0251679409 0.829837263 -7.94906958
NaN NaN NaN
0.0257091085 0.81382818 -7.93221058
0.021812445 0.810910387 -7.9548276
NaN NaN NaN
0.117466026 0.874373925 -7.94168522
0.095181009 0.883416125 -7.94464977
NaN NaN NaN
0.117466026 0.874373925 -7.94168522
0.143655541 0.85883113 -7.94885257
NaN NaN NaN
0.117466026 0.874373925 -7.94168522
0.113975288 0.890548137 -7.9568256
NaN NaN NaN
0.117466026 0.874373925 -7.94168522
0.133270563 0.880475648 -7.9593928
NaN NaN NaN
0.0640827669 0.325927271 -7.84811422
0.118829517 0.327161726 -7.86144714
NaN NaN NaN
0.0640827669 0.325927271 -7.84811422
0.0 0.37310033 -7.88834265
NaN NaN NaN
0.0640827669 0.325927271 -7.84811422
0.0570734373 0.322435088 -7.89961939
NaN NaN NaN
0.0236702164 0.765803293 -7.9262164
0.0315993548 0.745163556 -7.9330369
NaN NaN NaN
0.0236702164 0.765803293 -7.9262164
0.0233878158 0.781525864 -7.94258158
NaN NaN NaN
0.0236702164 0.765803293 -7.9262164
0.0315765107 0.760838485 -7.94921948
NaN NaN NaN
0.095181009 0.883416125 -7.94464977
0.0731742145 0.893138054 -7.95723162
NaN NaN NaN
0.095181009 0.883416125 -7.94464977
0.113975288 0.890548137 -7.9568256
NaN NaN NaN
0.095181009 0.883416125 -7.94464977
0.0957729216 0.897462263 -7.95920016
NaN NaN NaN
0.152735101 0.728928211 -7.92052732
0.137495694 0.706583592 -7.92078438
NaN NaN NaN
0.152735101 0.728928211 -7.92052732
0.152071475 0.744703122 -7.93681622
NaN NaN NaN
0.152735101 0.728928211 -7.92052732
0.135200326 0.724405298 -7.94005354
NaN NaN NaN
0.156162325 0.823301248 -7.93638821
0.161489995 0.803386601 -7.94123364
NaN NaN NaN
0.156162325 0.823301248 -7.93638821
0.157893712 0.833561443 -7.95336334
NaN NaN NaN
0.156162325 0.823301248 -7.93638821
0.161387976 0.816324133 -7.95654321
NaN NaN NaN
0.204345478 0.293721972 -7.84306458
0.118829517 0.327161726 -7.86144714
NaN NaN NaN
0.204345478 0.293721972 -7.84306458
0.233258602 0.183284594 -7.87507798
NaN NaN NaN
0.204345478 0.293721972 -7.84306458
0.19465327 0.285270839 -7.91156012
NaN NaN NaN
0.160968861 0.765535597 -7.92878219
0.152071475 0.744703122 -7.93681622
NaN NaN NaN
0.160968861 0.765535597 -7.92878219
0.160571376 0.781331163 -7.945221
NaN NaN NaN
0.160968861 0.765535597 -7.92878219
0.151428314 0.76030761 -7.95288992
NaN NaN NaN
0.137495694 0.706583592 -7.92078438
0.114607332 0.696851012 -7.9266733
NaN NaN NaN
0.137495694 0.706583592 -7.92078438
0.135200326 0.724405298 -7.94005354
NaN NaN NaN
0.137495694 0.706583592 -7.92078438
0.114262727 0.714424863 -7.94369686
NaN NaN NaN
0.0925028694 0.684376957 -7.9186271
0.0713975314 0.695989007 -7.9253059
NaN NaN NaN
0.0925028694 0.684376957 -7.9186271
0.114607332 0.696851012 -7.9266733
NaN NaN NaN
0.0925028694 0.684376957 -7.9186271
0.0921435712 0.702318487 -7.93596969
NaN NaN NaN
0.0221905355 0.795098991 -7.93840537
0.0233878158 0.781525864 -7.94258158
NaN NaN NaN
0.0221905355 0.795098991 -7.93840537
0.021812445 0.810910387 -7.9548276
NaN NaN NaN
0.0221905355 0.795098991 -7.93840537
0.0231082129 0.79709268 -7.95878465
NaN NaN NaN
0.0446349333 0.717478645 -7.92613337
0.0315993548 0.745163556 -7.9330369
NaN NaN NaN
0.0446349333 0.717478645 -7.92613337
0.0713975314 0.695989007 -7.9253059
NaN NaN NaN
0.0446349333 0.717478645 -7.92613337
0.0710498982 0.713701294 -7.94245755
NaN NaN NaN
0.0446349333 0.717478645 -7.92613337
0.0464799515 0.738941903 -7.94972422
NaN NaN NaN
0.143655541 0.85883113 -7.94885257
0.133270563 0.880475648 -7.9593928
NaN NaN NaN
0.143655541 0.85883113 -7.94885257
0.157893712 0.833561443 -7.95336334
NaN NaN NaN
0.143655541 0.85883113 -7.94885257
0.147321643 0.86917242 -7.96546183
NaN NaN NaN
0.143655541 0.85883113 -7.94885257
0.158012938 0.849742143 -7.97149329
NaN NaN NaN
0.0342005219 0.852638524 -7.94948028
0.0498287325 0.87646335 -7.95385575
NaN NaN NaN
0.0342005219 0.852638524 -7.94948028
0.0251679409 0.829837263 -7.94906958
NaN NaN NaN
0.0342005219 0.852638524 -7.94948028
0.0340271878 0.867218105 -7.96409264
NaN NaN NaN
0.0342005219 0.852638524 -7.94948028
0.0246352406 0.845766916 -7.96583012
NaN NaN NaN
0.161489995 0.803386601 -7.94123364
0.160571376 0.781331163 -7.945221
NaN NaN NaN
0.161489995 0.803386601 -7.94123364
0.161387976 0.816324133 -7.95654321
NaN NaN NaN
0.161489995 0.803386601 -7.94123364
0.160177792 0.796971681 -7.96149844
NaN NaN NaN
0.0315993548 0.745163556 -7.9330369
0.0315765107 0.760838485 -7.94921948
NaN NaN NaN
0.0315993548 0.745163556 -7.9330369
0.0464799515 0.738941903 -7.94972422
NaN NaN NaN
0.0498287325 0.87646335 -7.95385575
0.0731742145 0.893138054 -7.95723162
NaN NaN NaN
0.0498287325 0.87646335 -7.95385575
0.0340271878 0.867218105 -7.96409264
NaN NaN NaN
0.0498287325 0.87646335 -7.95385575
0.0553486852 0.900352383 -7.97355583
NaN NaN NaN
0.0498287325 0.87646335 -7.95385575
0.036742008 0.884671317 -7.97702662
NaN NaN NaN
-0.0837451326 0.341898456 -7.86186333
0.0 0.37310033 -7.88834265
NaN NaN NaN
-0.0837451326 0.341898456 -7.86186333
-0.0510088838 0.34703189 -7.91067092
NaN NaN NaN
-0.0837451326 0.341898456 -7.86186333
-0.0912356772 0.326862692 -7.92616173
NaN NaN NaN
0.0713975314 0.695989007 -7.9253059
0.0921435712 0.702318487 -7.93596969
NaN NaN NaN
0.0713975314 0.695989007 -7.9253059
0.0710498982 0.713701294 -7.94245755
NaN NaN NaN
0.0731742145 0.893138054 -7.95723162
0.0957729216 0.897462263 -7.95920016
NaN NaN NaN
0.0731742145 0.893138054 -7.95723162
0.0789295405 0.908949097 -7.97193027
NaN NaN NaN
0.0731742145 0.893138054 -7.95723162
0.0553486852 0.900352383 -7.97355583
NaN NaN NaN
0.113975288 0.890548137 -7.9568256
0.0957729216 0.897462263 -7.95920016
NaN NaN NaN
0.113975288 0.890548137 -7.9568256
0.133270563 0.880475648 -7.9593928
NaN NaN NaN
0.113975288 0.890548137 -7.9568256
0.104457743 0.908840734 -7.97248581
NaN NaN NaN
0.113975288 0.890548137 -7.9568256
0.127735488 0.900125553 -7.9751113
NaN NaN NaN
-0.20301885 0.292565217 -7.85243996
-0.237828784 0.180063522 -7.8572899
NaN NaN NaN
-0.20301885 0.292565217 -7.85243996
-0.0912356772 0.326862692 -7.92616173
NaN NaN NaN
-0.20301885 0.292565217 -7.85243996
-0.188636782 0.280024755 -7.95407908
NaN NaN NaN
0.114607332 0.696851012 -7.9266733
0.0921435712 0.702318487 -7.93596969
NaN NaN NaN
0.114607332 0.696851012 -7.9266733
0.114262727 0.714424863 -7.94369686
NaN NaN NaN
0.0251679409 0.829837263 -7.94906958
0.021812445 0.810910387 -7.9548276
NaN NaN NaN
0.0251679409 0.829837263 -7.94906958
0.0246352406 0.845766916 -7.96583012
NaN NaN NaN
0.0251679409 0.829837263 -7.94906958
0.0214381234 0.826564175 -7.97108614
NaN NaN NaN
0.0957729216 0.897462263 -7.95920016
0.0789295405 0.908949097 -7.97193027
NaN NaN NaN
0.0957729216 0.897462263 -7.95920016
0.104457743 0.908840734 -7.97248581
NaN NaN NaN
0.118829517 0.327161726 -7.86144714
0.0570734373 0.322435088 -7.89961939
NaN NaN NaN
0.118829517 0.327161726 -7.86144714
0.19465327 0.285270839 -7.91156012
NaN NaN NaN
0.118829517 0.327161726 -7.86144714
0.10200329 0.322466034 -7.9262365
NaN NaN NaN
0.0233878158 0.781525864 -7.94258158
0.0315765107 0.760838485 -7.94921948
NaN NaN NaN
0.0233878158 0.781525864 -7.94258158
0.0231082129 0.79709268 -7.95878465
NaN NaN NaN
0.0233878158 0.781525864 -7.94258158
0.0315590468 0.776337938 -7.96521734
NaN NaN NaN
0.152071475 0.744703122 -7.93681622
0.135200326 0.724405298 -7.94005354
NaN NaN NaN
0.152071475 0.744703122 -7.93681622
0.151428314 0.76030761 -7.95288992
NaN NaN NaN
0.152071475 0.744703122 -7.93681622
0.134305164 0.740113036 -7.955914
NaN NaN NaN
0.133270563 0.880475648 -7.9593928
0.147321643 0.86917242 -7.96546183
NaN NaN NaN
0.133270563 0.880475648 -7.9593928
0.127735488 0.900125553 -7.9751113
NaN NaN NaN
0.133270563 0.880475648 -7.9593928
0.145971212 0.88445897 -7.97934182
NaN NaN NaN
0.157893712 0.833561443 -7.95336334
0.161387976 0.816324133 -7.95654321
NaN NaN NaN
0.157893712 0.833561443 -7.95336334
0.158012938 0.849742143 -7.97149329
NaN NaN NaN
0.157893712 0.833561443 -7.95336334
0.161277004 0.83006661 -7.97533364
NaN NaN NaN
0.160571376 0.781331163 -7.945221
0.151428314 0.76030761 -7.95288992
NaN NaN NaN
0.160571376 0.781331163 -7.945221
0.160177792 0.796971681 -7.96149844
NaN NaN NaN
0.160571376 0.781331163 -7.945221
0.150908368 0.775840034 -7.96865313
NaN NaN NaN
0.0921435712 0.702318487 -7.93596969
0.0710498982 0.713701294 -7.94245755
NaN NaN NaN
0.0921435712 0.702318487 -7.93596969
0.114262727 0.714424863 -7.94369686
NaN NaN NaN
0.0921435712 0.702318487 -7.93596969
0.0917842729 0.720260017 -7.95331228
NaN NaN NaN
0.135200326 0.724405298 -7.94005354
0.114262727 0.714424863 -7.94369686
NaN NaN NaN
0.135200326 0.724405298 -7.94005354
0.134305164 0.740113036 -7.955914
NaN NaN NaN
0.135200326 0.724405298 -7.94005354
0.113919527 0.731954096 -7.96067827
NaN NaN NaN
0.021812445 0.810910387 -7.9548276
0.0231082129 0.79709268 -7.95878465
NaN NaN NaN
0.021812445 0.810910387 -7.9548276
0.0214381234 0.826564175 -7.97108614
NaN NaN NaN
0.021812445 0.810910387 -7.9548276
0.0228314511 0.812501314 -7.97482306
NaN NaN NaN
0.0340271878 0.867218105 -7.96409264
0.0246352406 0.845766916 -7.96583012
NaN NaN NaN
0.0340271878 0.867218105 -7.96409264
0.036742008 0.884671317 -7.97702662
NaN NaN NaN
0.0340271878 0.867218105 -7.96409264
0.0250351265 0.86430722 -7.98179201
NaN NaN NaN
0.161387976 0.816324133 -7.95654321
0.160177792 0.796971681 -7.96149844
NaN NaN NaN
0.161387976 0.816324133 -7.95654321
0.161277004 0.83006661 -7.97533364
NaN NaN NaN
0.161387976 0.816324133 -7.95654321
0.159788173 0.812454673 -7.97761195
NaN NaN NaN
0.0789295405 0.908949097 -7.97193027
0.104457743 0.908840734 -7.97248581
NaN NaN NaN
0.0789295405 0.908949097 -7.97193027
0.0553486852 0.900352383 -7.97355583
NaN NaN NaN
0.0789295405 0.908949097 -7.97193027
0.0673798657 0.910659372 -7.99115253
NaN NaN NaN
0.0789295405 0.908949097 -7.97193027
0.0917005155 0.91630747 -7.9974624
NaN NaN NaN
0.147321643 0.86917242 -7.96546183
0.158012938 0.849742143 -7.97149329
NaN NaN NaN
0.147321643 0.86917242 -7.96546183
0.145971212 0.88445897 -7.97934182
NaN NaN NaN
0.147321643 0.86917242 -7.96546183
0.1573284 0.86421649 -7.98455513
NaN NaN NaN
0.0315765107 0.760838485 -7.94921948
0.0464799515 0.738941903 -7.94972422
NaN NaN NaN
0.0315765107 0.760838485 -7.94921948
0.0315590468 0.776337938 -7.96521734
NaN NaN NaN
0.0315765107 0.760838485 -7.94921948
0.047769652 0.756166165 -7.96826724
NaN NaN NaN
0.104457743 0.908840734 -7.97248581
0.127735488 0.900125553 -7.9751113
NaN NaN NaN
0.104457743 0.908840734 -7.97248581
0.115158927 0.910879001 -7.99394281
NaN NaN NaN
0.104457743 0.908840734 -7.97248581
0.0917005155 0.91630747 -7.9974624
NaN NaN NaN
0.0710498982 0.713701294 -7.94245755
0.0464799515 0.738941903 -7.94972422
NaN NaN NaN
0.0710498982 0.713701294 -7.94245755
0.0917842729 0.720260017 -7.95331228
NaN NaN NaN
0.0710498982 0.713701294 -7.94245755
0.0707023941 0.7313872 -7.95958459
NaN NaN NaN
0.114262727 0.714424863 -7.94369686
0.0917842729 0.720260017 -7.95331228
NaN NaN NaN
0.114262727 0.714424863 -7.94369686
0.113919527 0.731954096 -7.96067827
NaN NaN NaN
0.0553486852 0.900352383 -7.97355583
0.036742008 0.884671317 -7.97702662
NaN NaN NaN
0.0553486852 0.900352383 -7.97355583
0.0673798657 0.910659372 -7.99115253
NaN NaN NaN
0.0553486852 0.900352383 -7.97355583
0.0447133143 0.899824994 -8.00182804
NaN NaN NaN
0.0246352406 0.845766916 -7.96583012
0.0214381234 0.826564175 -7.97108614
NaN NaN NaN
0.0246352406 0.845766916 -7.96583012
0.0250351265 0.86430722 -7.98179201
NaN NaN NaN
0.0246352406 0.845766916 -7.96583012
0.0210675748 0.842060176 -7.98718079
NaN NaN NaN
0.0231082129 0.79709268 -7.95878465
0.0315590468 0.776337938 -7.96521734
NaN NaN NaN
0.0231082129 0.79709268 -7.95878465
0.0228314511 0.812501314 -7.97482306
NaN NaN NaN
0.0231082129 0.79709268 -7.95878465
0.0315469349 0.79165968 -7.98102819
NaN NaN NaN
0.0464799515 0.738941903 -7.94972422
0.0707023941 0.7313872 -7.95958459
NaN NaN NaN
0.0464799515 0.738941903 -7.94972422
0.047769652 0.756166165 -7.96826724
NaN NaN NaN
0.151428314 0.76030761 -7.95288992
0.134305164 0.740113036 -7.955914
NaN NaN NaN
0.151428314 0.76030761 -7.95288992
0.150908368 0.775840034 -7.96865313
NaN NaN NaN
0.151428314 0.76030761 -7.95288992
0.133510633 0.75580252 -7.97165339
NaN NaN NaN
0.127735488 0.900125553 -7.9751113
0.145971212 0.88445897 -7.97934182
NaN NaN NaN
0.127735488 0.900125553 -7.9751113
0.115158927 0.910879001 -7.99394281
NaN NaN NaN
0.127735488 0.900125553 -7.9751113
0.13675933 0.899797973 -8.00343194
NaN NaN NaN
0.0 0.37310033 -7.88834265
0.0570734373 0.322435088 -7.89961939
NaN NaN NaN
0.0 0.37310033 -7.88834265
-0.0510088838 0.34703189 -7.91067092
NaN NaN NaN
0.0 0.37310033 -7.88834265
0.0 0.363464301 -7.94080547
NaN NaN NaN
0.160177792 0.796971681 -7.96149844
0.150908368 0.775840034 -7.96865313
NaN NaN NaN
0.160177792 0.796971681 -7.96149844
0.159788173 0.812454673 -7.97761195
NaN NaN NaN
0.160177792 0.796971681 -7.96149844
0.15039818 0.791187119 -7.98422135
NaN NaN NaN
0.036742008 0.884671317 -7.97702662
0.0250351265 0.86430722 -7.98179201
NaN NaN NaN
0.036742008 0.884671317 -7.97702662
0.0447133143 0.899824994 -8.00182804
NaN NaN NaN
0.036742008 0.884671317 -7.97702662
0.0257881599 0.874202968 -8.00769617
NaN NaN NaN
0.158012938 0.849742143 -7.97149329
0.161277004 0.83006661 -7.97533364
NaN NaN NaN
0.158012938 0.849742143 -7.97149329
0.1573284 0.86421649 -7.98455513
NaN NaN NaN
0.158012938 0.849742143 -7.97149329
0.161037548 0.842061896 -7.99008022
NaN NaN NaN
0.134305164 0.740113036 -7.955914
0.113919527 0.731954096 -7.96067827
NaN NaN NaN
0.134305164 0.740113036 -7.955914
0.133510633 0.75580252 -7.97165339
NaN NaN NaN
0.0917842729 0.720260017 -7.95331228
0.0707023941 0.7313872 -7.95958459
NaN NaN NaN
0.0917842729 0.720260017 -7.95331228
0.113919527 0.731954096 -7.96067827
NaN NaN NaN
0.0917842729 0.720260017 -7.95331228
0.0914249746 0.738201547 -7.97065487
NaN NaN NaN
0.0214381234 0.826564175 -7.97108614
0.0228314511 0.812501314 -7.97482306
NaN NaN NaN
0.0214381234 0.826564175 -7.97108614
0.0210675748 0.842060176 -7.98718079
NaN NaN NaN
0.0214381234 0.826564175 -7.97108614
0.0225570625 0.827777824 -7.99072396
NaN NaN NaN
0.145971212 0.88445897 -7.97934182
0.1573284 0.86421649 -7.98455513
NaN NaN NaN
0.145971212 0.88445897 -7.97934182
0.13675933 0.899797973 -8.00343194
NaN NaN NaN
0.145971212 0.88445897 -7.97934182
0.155520255 0.873925493 -8.00958625
NaN NaN NaN
0.0315590468 0.776337938 -7.96521734
0.047769652 0.756166165 -7.96826724
NaN NaN NaN
0.0315590468 0.776337938 -7.96521734
0.0315469349 0.79165968 -7.98102819
NaN NaN NaN
0.0315590468 0.776337938 -7.96521734
0.0475193077 0.772161389 -7.98395611
NaN NaN NaN
0.0707023941 0.7313872 -7.95958459
0.047769652 0.756166165 -7.96826724
NaN NaN NaN
0.0707023941 0.7313872 -7.95958459
0.0914249746 0.738201547 -7.97065487
NaN NaN NaN
0.0707023941 0.7313872 -7.95958459
0.0703550122 0.749046423 -7.97668678
NaN NaN NaN
-0.237828784 0.180063522 -7.8572899
-0.276778517 0.0691946292 -7.8343289
NaN NaN NaN
-0.237828784 0.180063522 -7.8572899
-0.188636782 0.280024755 -7.95407908
NaN NaN NaN
-0.237828784 0.180063522 -7.8572899
-0.228545732 0.150976626 -7.95975711
NaN NaN NaN
0.161277004 0.83006661 -7.97533364
0.159788173 0.812454673 -7.97761195
NaN NaN NaN
0.161277004 0.83006661 -7.97533364
0.161037548 0.842061896 -7.99008022
NaN NaN NaN
0.161277004 0.83006661 -7.97533364
0.159402576 0.827777806 -7.99355908
NaN NaN NaN
0.0250351265 0.86430722 -7.98179201
0.0210675748 0.842060176 -7.98718079
NaN NaN NaN
0.0250351265 0.86430722 -7.98179201
0.0257881599 0.874202968 -8.00769617
NaN NaN NaN
0.0250351265 0.86430722 -7.98179201
0.0206325001 0.847224524 -8.00818095
NaN NaN NaN
0.113919527 0.731954096 -7.96067827
0.133510633 0.75580252 -7.97165339
NaN NaN NaN
0.113919527 0.731954096 -7.96067827
0.0914249746 0.738201547 -7.97065487
NaN NaN NaN
0.113919527 0.731954096 -7.96067827
0.113577755 0.749438294 -7.97761714
NaN NaN NaN
-0.276778517 0.0691946292 -7.8343289
-0.242430121 -0.0286944856 -7.83278109
NaN NaN NaN
-0.276778517 0.0691946292 -7.8343289
-0.228545732 0.150976626 -7.95975711
NaN NaN NaN
-0.276778517 0.0691946292 -7.8343289
-0.257915715 0.0644789286 -7.94750571
NaN NaN NaN
0.0228314511 0.812501314 -7.97482306
0.0315469349 0.79165968 -7.98102819
NaN NaN NaN
0.0228314511 0.812501314 -7.97482306
0.0225570625 0.827777824 -7.99072396
NaN NaN NaN
0.0228314511 0.812501314 -7.97482306
0.030725576 0.807635805 -7.9958465
NaN NaN NaN
0.150908368 0.775840034 -7.96865313
0.133510633 0.75580252 -7.97165339
NaN NaN NaN
0.150908368 0.775840034 -7.96865313
0.15039818 0.791187119 -7.98422135
NaN NaN NaN
0.150908368 0.775840034 -7.96865313
0.131473471 0.769842039 -7.98683198
NaN NaN NaN
0.0673798657 0.910659372 -7.99115253
0.0917005155 0.91630747 -7.9974624
NaN NaN NaN
0.0673798657 0.910659372 -7.99115253
0.0447133143 0.899824994 -8.00182804
NaN NaN NaN
0.0673798657 0.910659372 -7.99115253
0.0677122804 0.91651678 -8.01380754
NaN NaN NaN
0.047769652 0.756166165 -7.96826724
0.0703550122 0.749046423 -7.97668678
NaN NaN NaN
0.047769652 0.756166165 -7.96826724
0.0475193077 0.772161389 -7.98395611
NaN NaN NaN
0.1573284 0.86421649 -7.98455513
0.161037548 0.842061896 -7.99008022
NaN NaN NaN
0.1573284 0.86421649 -7.98455513
0.155520255 0.873925493 -8.00958625
NaN NaN NaN
0.1573284 0.86421649 -7.98455513
0.160602487 0.847225884 -8.01107969
NaN NaN NaN
0.159788173 0.812454673 -7.97761195
0.15039818 0.791187119 -7.98422135
NaN NaN NaN
0.159788173 0.812454673 -7.97761195
0.159402576 0.827777806 -7.99355908
NaN NaN NaN
0.159788173 0.812454673 -7.97761195
0.151166094 0.807540572 -7.99836517
NaN NaN NaN
0.115158927 0.910879001 -7.99394281
0.0917005155 0.91630747 -7.9974624
NaN NaN NaN
0.115158927 0.910879001 -7.99394281
0.13675933 0.899797973 -8.00343194
NaN NaN NaN
0.115158927 0.910879001 -7.99394281
0.117938182 0.914901163 -8.01573629
NaN NaN NaN
0.133510633 0.75580252 -7.97165339
0.113577755 0.749438294 -7.97761714
NaN NaN NaN
0.133510633 0.75580252 -7.97165339
0.131473471 0.769842039 -7.98683198
NaN NaN NaN
0.0754315351 -0.175074416 -7.79049989
0.204289384 -0.145784004 -7.81281018
NaN NaN NaN
0.0754315351 -0.175074416 -7.79049989
0.0 -0.189739495 -7.80612606
NaN NaN NaN
0.0754315351 -0.175074416 -7.79049989
0.0897874698 -0.16176636 -7.9137304
NaN NaN NaN
0.0917005155 0.91630747 -7.9974624
0.0677122804 0.91651678 -8.01380754
NaN NaN NaN
0.0917005155 0.91630747 -7.9974624
0.117938182 0.914901163 -8.01573629
NaN NaN NaN
0.0917005155 0.91630747 -7.9974624
0.0952497007 0.923096295 -8.02587237
NaN NaN NaN
0.0210675748 0.842060176 -7.98718079
0.0225570625 0.827777824 -7.99072396
NaN NaN NaN
0.0210675748 0.842060176 -7.98718079
0.0206325001 0.847224524 -8.00818095
NaN NaN NaN
0.0914249746 0.738201547 -7.97065487
0.0703550122 0.749046423 -7.97668678
NaN NaN NaN
0.0914249746 0.738201547 -7.97065487
0.113577755 0.749438294 -7.97761714
NaN NaN NaN
0.0914249746 0.738201547 -7.97065487
0.0910656763 0.756143076 -7.98799746
NaN NaN NaN
0.0315469349 0.79165968 -7.98102819
0.0475193077 0.772161389 -7.98395611
NaN NaN NaN
0.0315469349 0.79165968 -7.98102819
0.030725576 0.807635805 -7.9958465
NaN NaN NaN
0.0315469349 0.79165968 -7.98102819
0.0460195324 0.790225113 -8.00044498
NaN NaN NaN
0.0570734373 0.322435088 -7.89961939
0.10200329 0.322466034 -7.9262365
NaN NaN NaN
0.0570734373 0.322435088 -7.89961939
0.0 0.363464301 -7.94080547
NaN NaN NaN
0.0570734373 0.322435088 -7.89961939
0.0495207192 0.318672178 -7.95511742
NaN NaN NaN
0.161037548 0.842061896 -7.99008022
0.159402576 0.827777806 -7.99355908
NaN NaN NaN
0.161037548 0.842061896 -7.99008022
0.160602487 0.847225884 -8.01107969
NaN NaN NaN
0.0703550122 0.749046423 -7.97668678
0.0475193077 0.772161389 -7.98395611
NaN NaN NaN
0.0703550122 0.749046423 -7.97668678
0.0910656763 0.756143076 -7.98799746
NaN NaN NaN
0.0703550122 0.749046423 -7.97668678
0.0668700943 0.778351539 -8.0037969
NaN NaN NaN
0.113577755 0.749438294 -7.97761714
0.131473471 0.769842039 -7.98683198
NaN NaN NaN
0.113577755 0.749438294 -7.97761714
0.0910656763 0.756143076 -7.98799746
NaN NaN NaN
0.113577755 0.749438294 -7.97761714
0.114653762 0.778180589 -8.00482891
NaN NaN NaN
0.0225570625 0.827777824 -7.99072396
0.030725576 0.807635805 -7.9958465
NaN NaN NaN
0.0225570625 0.827777824 -7.99072396
0.0206325001 0.847224524 -8.00818095
NaN NaN NaN
0.0225570625 0.827777824 -7.99072396
0.0245898304 0.825134343 -8.01740173
NaN NaN NaN
0.15039818 0.791187119 -7.98422135
0.131473471 0.769842039 -7.98683198
NaN NaN NaN
0.15039818 0.791187119 -7.98422135
0.151166094 0.807540572 -7.99836517
NaN NaN NaN
0.15039818 0.791187119 -7.98422135
0.135756885 0.789974917 -8.00236566
NaN NaN NaN
0.0447133143 0.899824994 -8.00182804
0.0677122804 0.91651678 -8.01380754
NaN NaN NaN
0.0447133143 0.899824994 -8.00182804
0.0257881599 0.874202968 -8.00769617
NaN NaN NaN
0.0447133143 0.899824994 -8.00182804
0.0330049552 0.891524985 -8.02064404
NaN NaN NaN
0.0447133143 0.899824994 -8.00182804
0.0469389968 0.908761015 -8.02857284
NaN NaN NaN
-0.205485159 -0.146277743 -7.80381487
-0.129283 -0.16249625 -7.8027535
NaN NaN NaN
-0.205485159 -0.146277743 -7.80381487
-0.242430121 -0.0286944856 -7.83278109
NaN NaN NaN
-0.205485159 -0.146277743 -7.80381487
-0.21776828 -0.0495845155 -7.9465157
NaN NaN NaN
-0.205485159 -0.146277743 -7.80381487
-0.188917595 -0.139436943 -7.9284457
NaN NaN NaN
0.233258602 0.183284594 -7.87507798
0.273645724 0.068411431 -7.85312566
NaN NaN NaN
0.233258602 0.183284594 -7.87507798
0.19465327 0.285270839 -7.91156012
NaN NaN NaN
0.233258602 0.183284594 -7.87507798
0.212130552 0.194635743 -7.97251557
NaN NaN NaN
0.233258602 0.183284594 -7.87507798
0.256565305 0.0641413264 -7.95560817
NaN NaN NaN
0.0475193077 0.772161389 -7.98395611
0.0460195324 0.790225113 -8.00044498
NaN NaN NaN
0.0475193077 0.772161389 -7.98395611
0.0668700943 0.778351539 -8.0037969
NaN NaN NaN
0.13675933 0.899797973 -8.00343194
0.117938182 0.914901163 -8.01573629
NaN NaN NaN
0.13675933 0.899797973 -8.00343194
0.155520255 0.873925493 -8.00958625
NaN NaN NaN
0.13675933 0.899797973 -8.00343194
0.147724462 0.891525281 -8.02301946
NaN NaN NaN
0.13675933 0.899797973 -8.00343194
0.134165961 0.908240737 -8.03058733
NaN NaN NaN
-0.129283 -0.16249625 -7.8027535
0.0 -0.189739495 -7.80612606
NaN NaN NaN
-0.129283 -0.16249625 -7.8027535
-0.188917595 -0.139436943 -7.9284457
NaN NaN NaN
-0.129283 -0.16249625 -7.8027535
-0.0979822818 -0.158744452 -7.92774198
NaN NaN NaN
-0.129283 -0.16249625 -7.8027535
0.0 -0.17937318 -7.93052185
NaN NaN NaN
-0.0510088838 0.34703189 -7.91067092
-0.0912356772 0.326862692 -7.92616173
NaN NaN NaN
-0.0510088838 0.34703189 -7.91067092
0.0 0.363464301 -7.94080547
NaN NaN NaN
-0.0510088838 0.34703189 -7.91067092
-0.0510155054 0.337392477 -7.96313664
NaN NaN NaN
0.159402576 0.827777806 -7.99355908
0.151166094 0.807540572 -7.99836517
NaN NaN NaN
0.159402576 0.827777806 -7.99355908
0.160602487 0.847225884 -8.01107969
NaN NaN NaN
0.159402576 0.827777806 -7.99355908
0.156247019 0.824945732 -8.02004385
NaN NaN NaN
-0.242430121 -0.0286944856 -7.83278109
-0.257915715 0.0644789286 -7.94750571
NaN NaN NaN
-0.242430121 -0.0286944856 -7.83278109
-0.21776828 -0.0495845155 -7.9465157
NaN NaN NaN
0.273645724 0.068411431 -7.85312566
0.23585532 -0.0469018642 -7.83492392
NaN NaN NaN
0.273645724 0.068411431 -7.85312566
0.256565305 0.0641413264 -7.95560817
NaN NaN NaN
0.273645724 0.068411431 -7.85312566
0.22653588 -0.0244769608 -7.94811629
NaN NaN NaN
0.131473471 0.769842039 -7.98683198
0.135756885 0.789974917 -8.00236566
NaN NaN NaN
0.131473471 0.769842039 -7.98683198
0.114653762 0.778180589 -8.00482891
NaN NaN NaN
0.030725576 0.807635805 -7.9958465
0.0460195324 0.790225113 -8.00044498
NaN NaN NaN
0.030725576 0.807635805 -7.9958465
0.0245898304 0.825134343 -8.01740173
NaN NaN NaN
0.030725576 0.807635805 -7.9958465
0.0371219931 0.803382825 -8.01867007
NaN NaN NaN
0.0910656763 0.756143076 -7.98799746
0.0668700943 0.778351539 -8.0037969
NaN NaN NaN
0.0910656763 0.756143076 -7.98799746
0.114653762 0.778180589 -8.00482891
NaN NaN NaN
0.0910656763 0.756143076 -7.98799746
0.0907063781 0.774084606 -8.00534005
NaN NaN NaN
0.0677122804 0.91651678 -8.01380754
0.0952497007 0.923096295 -8.02587237
NaN NaN NaN
0.0677122804 0.91651678 -8.01380754
0.0469389968 0.908761015 -8.02857284
NaN NaN NaN
0.0677122804 0.91651678 -8.01380754
0.0647173265 0.921682744 -8.03856597
NaN NaN NaN
0.0257881599 0.874202968 -8.00769617
0.0206325001 0.847224524 -8.00818095
NaN NaN NaN
0.0257881599 0.874202968 -8.00769617
0.0330049552 0.891524985 -8.02064404
NaN NaN NaN
0.0257881599 0.874202968 -8.00769617
0.0201844467 0.852542928 -8.02980757
NaN NaN NaN
0.0257881599 0.874202968 -8.00769617
0.0230465265 0.874938606 -8.03614583
NaN NaN NaN
0.204289384 -0.145784004 -7.81281018
0.23585532 -0.0469018642 -7.83492392
NaN NaN NaN
0.204289384 -0.145784004 -7.81281018
0.0897874698 -0.16176636 -7.9137304
NaN NaN NaN
0.204289384 -0.145784004 -7.81281018
0.189082017 -0.139504833 -7.92720883
NaN NaN NaN
0.23585532 -0.0469018642 -7.83492392
0.22653588 -0.0244769608 -7.94811629
NaN NaN NaN
0.23585532 -0.0469018642 -7.83492392
0.189082017 -0.139504833 -7.92720883
NaN NaN NaN
0.151166094 0.807540572 -7.99836517
0.135756885 0.789974917 -8.00236566
NaN NaN NaN
0.151166094 0.807540572 -7.99836517
0.156247019 0.824945732 -8.02004385
NaN NaN NaN
0.151166094 0.807540572 -7.99836517
0.143862419 0.803130062 -8.02065177
NaN NaN NaN
0.0 -0.189739495 -7.80612606
0.0897874698 -0.16176636 -7.9137304
NaN NaN NaN
0.0 -0.189739495 -7.80612606
0.0 -0.17937318 -7.93052185
NaN NaN NaN
0.117938182 0.914901163 -8.01573629
0.0952497007 0.923096295 -8.02587237
NaN NaN NaN
0.117938182 0.914901163 -8.01573629
0.134165961 0.908240737 -8.03058733
NaN NaN NaN
0.117938182 0.914901163 -8.01573629
0.115297691 0.921682169 -8.03961228
NaN NaN NaN
0.155520255 0.873925493 -8.00958625
0.160602487 0.847225884 -8.01107969
NaN NaN NaN
0.155520255 0.873925493 -8.00958625
0.147724462 0.891525281 -8.02301946
NaN NaN NaN
0.155520255 0.873925493 -8.00958625
0.160154443 0.852543988 -8.03270587
NaN NaN NaN
0.155520255 0.873925493 -8.00958625
0.157032304 0.874939178 -8.03892015
NaN NaN NaN
0.0206325001 0.847224524 -8.00818095
0.0245898304 0.825134343 -8.01740173
NaN NaN NaN
0.0206325001 0.847224524 -8.00818095
0.0201844467 0.852542928 -8.02980757
NaN NaN NaN
0.0460195324 0.790225113 -8.00044498
0.0668700943 0.778351539 -8.0037969
NaN NaN NaN
0.0460195324 0.790225113 -8.00044498
0.0371219931 0.803382825 -8.01867007
NaN NaN NaN
0.0460195324 0.790225113 -8.00044498
0.053696006 0.789536204 -8.02269783
NaN NaN NaN
0.19465327 0.285270839 -7.91156012
0.10200329 0.322466034 -7.9262365
NaN NaN NaN
0.19465327 0.285270839 -7.91156012
0.212130552 0.194635743 -7.97251557
NaN NaN NaN
0.19465327 0.285270839 -7.91156012
0.183287363 0.275360323 -7.99188382
NaN NaN NaN
0.135756885 0.789974917 -8.00236566
0.114653762 0.778180589 -8.00482891
NaN NaN NaN
0.135756885 0.789974917 -8.00236566
0.143862419 0.803130062 -8.02065177
NaN NaN NaN
0.135756885 0.789974917 -8.00236566
0.127198774 0.789294769 -8.0239947
NaN NaN NaN
0.160602487 0.847225884 -8.01107969
0.156247019 0.824945732 -8.02004385
NaN NaN NaN
0.160602487 0.847225884 -8.01107969
0.160154443 0.852543988 -8.03270587
NaN NaN NaN
0.0330049552 0.891524985 -8.02064404
0.0469389968 0.908761015 -8.02857284
NaN NaN NaN
0.0330049552 0.891524985 -8.02064404
0.0230465265 0.874938606 -8.03614583
NaN NaN NaN
0.0330049552 0.891524985 -8.02064404
0.0320165627 0.896774895 -8.04492673
NaN NaN NaN
0.0952497007 0.923096295 -8.02587237
0.0647173265 0.921682744 -8.03856597
NaN NaN NaN
0.0952497007 0.923096295 -8.02587237
0.115297691 0.921682169 -8.03961228
NaN NaN NaN
0.0952497007 0.923096295 -8.02587237
0.0947775654 0.929052978 -8.05010401
NaN NaN NaN
0.0668700943 0.778351539 -8.0037969
0.0907063781 0.774084606 -8.00534005
NaN NaN NaN
0.0668700943 0.778351539 -8.0037969
0.053696006 0.789536204 -8.02269783
NaN NaN NaN
0.0668700943 0.778351539 -8.0037969
0.0790452473 0.780041243 -8.02530798
NaN NaN NaN
0.114653762 0.778180589 -8.00482891
0.0907063781 0.774084606 -8.00534005
NaN NaN NaN
0.114653762 0.778180589 -8.00482891
0.127198774 0.789294769 -8.0239947
NaN NaN NaN
0.114653762 0.778180589 -8.00482891
0.101620925 0.780005512 -8.02578235
NaN NaN NaN
-0.0912356772 0.326862692 -7.92616173
-0.0510155054 0.337392477 -7.96313664
NaN NaN NaN
-0.0912356772 0.326862692 -7.92616173
-0.188636782 0.280024755 -7.95407908
NaN NaN NaN
-0.0912356772 0.326862692 -7.92616173
-0.100105749 0.309057803 -8.0023019
NaN NaN NaN
0.147724462 0.891525281 -8.02301946
0.134165961 0.908240737 -8.03058733
NaN NaN NaN
0.147724462 0.891525281 -8.02301946
0.157032304 0.874939178 -8.03892015
NaN NaN NaN
0.147724462 0.891525281 -8.02301946
0.14770635 0.896775003 -8.04732227
NaN NaN NaN
0.0907063781 0.774084606 -8.00534005
0.0790452473 0.780041243 -8.02530798
NaN NaN NaN
0.0907063781 0.774084606 -8.00534005
0.101620925 0.780005512 -8.02578235
NaN NaN NaN
0.10200329 0.322466034 -7.9262365
0.0495207192 0.318672178 -7.95511742
NaN NaN NaN
0.10200329 0.322466034 -7.9262365
0.183287363 0.275360323 -7.99188382
NaN NaN NaN
0.10200329 0.322466034 -7.9262365
0.0819986399 0.316883341 -8.00326437
NaN NaN NaN
0.0469389968 0.908761015 -8.02857284
0.0647173265 0.921682744 -8.03856597
NaN NaN NaN
0.0469389968 0.908761015 -8.02857284
0.0320165627 0.896774895 -8.04492673
NaN NaN NaN
0.0469389968 0.908761015 -8.02857284
0.0468740462 0.915502894 -8.054459
NaN NaN NaN
0.0245898304 0.825134343 -8.01740173
0.0371219931 0.803382825 -8.01867007
NaN NaN NaN
0.0245898304 0.825134343 -8.01740173
0.0201844467 0.852542928 -8.02980757
NaN NaN NaN
0.0245898304 0.825134343 -8.01740173
0.023018849 0.83466112 -8.04343454
NaN NaN NaN
0.0245898304 0.825134343 -8.01740173
0.0370340337 0.808064126 -8.03957326
NaN NaN NaN
0.134165961 0.908240737 -8.03058733
0.115297691 0.921682169 -8.03961228
NaN NaN NaN
0.134165961 0.908240737 -8.03058733
0.14770635 0.896775003 -8.04732227
NaN NaN NaN
0.134165961 0.908240737 -8.03058733
0.132466885 0.915502723 -8.05623114
NaN NaN NaN
0.0 0.363464301 -7.94080547
0.0495207192 0.318672178 -7.95511742
NaN NaN NaN
0.0 0.363464301 -7.94080547
-0.0510155054 0.337392477 -7.96313664
NaN NaN NaN
0.0 0.363464301 -7.94080547
0.0 0.353827022 -7.9932751
NaN NaN NaN
0.156247019 0.824945732 -8.02004385
0.143862419 0.803130062 -8.02065177
NaN NaN NaN
0.156247019 0.824945732 -8.02004385
0.160154443 0.852543988 -8.03270587
NaN NaN NaN
0.156247019 0.824945732 -8.02004385
0.142968116 0.807659961 -8.04134463
NaN NaN NaN
0.156247019 0.824945732 -8.02004385
0.156730071 0.834482429 -8.04608713
NaN NaN NaN
0.0371219931 0.803382825 -8.01867007
0.053696006 0.789536204 -8.02269783
NaN NaN NaN
0.0371219931 0.803382825 -8.01867007
0.0370340337 0.808064126 -8.03957326
NaN NaN NaN
0.0647173265 0.921682744 -8.03856597
0.0947775654 0.929052978 -8.05010401
NaN NaN NaN
0.0647173265 0.921682744 -8.03856597
0.0468740462 0.915502894 -8.054459
NaN NaN NaN
0.0647173265 0.921682744 -8.03856597
0.0681558974 0.928989391 -8.06253289
NaN NaN NaN
0.143862419 0.803130062 -8.02065177
0.127198774 0.789294769 -8.0239947
NaN NaN NaN
0.143862419 0.803130062 -8.02065177
0.142968116 0.807659961 -8.04134463
NaN NaN NaN
0.115297691 0.921682169 -8.03961228
0.0947775654 0.929052978 -8.05010401
NaN NaN NaN
0.115297691 0.921682169 -8.03961228
0.132466885 0.915502723 -8.05623114
NaN NaN NaN
0.115297691 0.921682169 -8.03961228
0.115079961 0.927359047 -8.06314262
NaN NaN NaN
0.0201844467 0.852542928 -8.02980757
0.0230465265 0.874938606 -8.03614583
NaN NaN NaN
0.0201844467 0.852542928 -8.02980757
0.023018849 0.83466112 -8.04343454
NaN NaN NaN
0.0201844467 0.852542928 -8.02980757
0.0197241061 0.858007183 -8.05202727
NaN NaN NaN
0.053696006 0.789536204 -8.02269783
0.0790452473 0.780041243 -8.02530798
NaN NaN NaN
0.053696006 0.789536204 -8.02269783
0.0370340337 0.808064126 -8.03957326
NaN NaN NaN
0.053696006 0.789536204 -8.02269783
0.0624769937 0.789936314 -8.04501865
NaN NaN NaN
0.0230465265 0.874938606 -8.03614583
0.0320165627 0.896774895 -8.04492673
NaN NaN NaN
0.0230465265 0.874938606 -8.03614583
0.0197241061 0.858007183 -8.05202727
NaN NaN NaN
0.0230465265 0.874938606 -8.03614583
0.0225804411 0.880471052 -8.05864282
NaN NaN NaN
0.160154443 0.852543988 -8.03270587
0.157032304 0.874939178 -8.03892015
NaN NaN NaN
0.160154443 0.852543988 -8.03270587
0.156730071 0.834482429 -8.04608713
NaN NaN NaN
0.160154443 0.852543988 -8.03270587
0.159694106 0.858007999 -8.05492538
NaN NaN NaN
0.127198774 0.789294769 -8.0239947
0.101620925 0.780005512 -8.02578235
NaN NaN NaN
0.127198774 0.789294769 -8.0239947
0.142968116 0.807659961 -8.04134463
NaN NaN NaN
0.127198774 0.789294769 -8.0239947
0.117591018 0.789766482 -8.04572697
NaN NaN NaN
0.157032304 0.874939178 -8.03892015
0.14770635 0.896775003 -8.04732227
NaN NaN NaN
0.157032304 0.874939178 -8.03892015
0.159694106 0.858007999 -8.05492538
NaN NaN NaN
0.157032304 0.874939178 -8.03892015
0.15656622 0.880471462 -8.06141707
NaN NaN NaN
0.0790452473 0.780041243 -8.02530798
0.101620925 0.780005512 -8.02578235
NaN NaN NaN
0.0790452473 0.780041243 -8.02530798
0.0624769937 0.789936314 -8.04501865
NaN NaN NaN
0.0790452473 0.780041243 -8.02530798
0.0904009071 0.785849849 -8.05318206
NaN NaN NaN
0.101620925 0.780005512 -8.02578235
0.117591018 0.789766482 -8.04572697
NaN NaN NaN
0.101620925 0.780005512 -8.02578235
0.0904009071 0.785849849 -8.05318206
NaN NaN NaN
0.0320165627 0.896774895 -8.04492673
0.0468740462 0.915502894 -8.054459
NaN NaN NaN
0.0320165627 0.896774895 -8.04492673
0.0225804411 0.880471052 -8.05864282
NaN NaN NaN
0.0320165627 0.896774895 -8.04492673
0.0307377868 0.901479726 -8.06894922
NaN NaN NaN
0.0947775654 0.929052978 -8.05010401
0.0681558974 0.928989391 -8.06253289
NaN NaN NaN
0.0947775654 0.929052978 -8.05010401
0.115079961 0.927359047 -8.06314262
NaN NaN NaN
0.0947775654 0.929052978 -8.05010401
0.094191418 0.93471471 -8.07309189
NaN NaN NaN
0.14770635 0.896775003 -8.04732227
0.132466885 0.915502723 -8.05623114
NaN NaN NaN
0.14770635 0.896775003 -8.04732227
0.15656622 0.880471462 -8.06141707
NaN NaN NaN
0.14770635 0.896775003 -8.04732227
0.14798913 0.901479663 -8.07137709
NaN NaN NaN
0.0468740462 0.915502894 -8.054459
0.0681558974 0.928989391 -8.06253289
NaN NaN NaN
0.0468740462 0.915502894 -8.054459
0.0307377868 0.901479726 -8.06894922
NaN NaN NaN
0.0468740462 0.915502894 -8.054459
0.0455227849 0.920529776 -8.07773984
NaN NaN NaN
0.023018849 0.83466112 -8.04343454
0.0370340337 0.808064126 -8.03957326
NaN NaN NaN
0.023018849 0.83466112 -8.04343454
0.0197241061 0.858007183 -8.05202727
NaN NaN NaN
0.023018849 0.83466112 -8.04343454
0.0316611951 0.820059811 -8.06186249
NaN NaN NaN
0.023018849 0.83466112 -8.04343454
0.0225466682 0.840111621 -8.06539064
NaN NaN NaN
0.0370340337 0.808064126 -8.03957326
0.0624769937 0.789936314 -8.04501865
NaN NaN NaN
0.0370340337 0.808064126 -8.03957326
0.0316611951 0.820059811 -8.06186249
NaN NaN NaN
0.0370340337 0.808064126 -8.03957326
0.0460133699 0.803557713 -8.0593535
NaN NaN NaN
0.132466885 0.915502723 -8.05623114
0.115079961 0.927359047 -8.06314262
NaN NaN NaN
0.132466885 0.915502723 -8.05623114
0.14798913 0.901479663 -8.07137709
NaN NaN NaN
0.132466885 0.915502723 -8.05623114
0.132852724 0.920529527 -8.07954769
NaN NaN NaN
0.0495207192 0.318672178 -7.95511742
0.0 0.353827022 -7.9932751
NaN NaN NaN
0.0495207192 0.318672178 -7.95511742
0.0819986399 0.316883341 -8.00326437
NaN NaN NaN
0.0495207192 0.318672178 -7.95511742
0.04108066 0.314467177 -8.01713572
NaN NaN NaN
0.142968116 0.807659961 -8.04134463
0.156730071 0.834482429 -8.04608713
NaN NaN NaN
0.142968116 0.807659961 -8.04134463
0.117591018 0.789766482 -8.04572697
NaN NaN NaN
0.142968116 0.807659961 -8.04134463
0.133286973 0.803218382 -8.06052771
NaN NaN NaN
0.142968116 0.807659961 -8.04134463
0.147358987 0.8196513 -8.06374542
NaN NaN NaN
0.156730071 0.834482429 -8.04608713
0.159694106 0.858007999 -8.05492538
NaN NaN NaN
0.156730071 0.834482429 -8.04608713
0.147358987 0.8196513 -8.06374542
NaN NaN NaN
0.156730071 0.834482429 -8.04608713
0.156297604 0.839944765 -8.06800524
NaN NaN NaN
0.0681558974 0.928989391 -8.06253289
0.094191418 0.93471471 -8.07309189
NaN NaN NaN
0.0681558974 0.928989391 -8.06253289
0.0455227849 0.920529776 -8.07773984
NaN NaN NaN
0.0681558974 0.928989391 -8.06253289
0.0639660767 0.933423053 -8.08593963
NaN NaN NaN
0.0197241061 0.858007183 -8.05202727
0.0225804411 0.880471052 -8.05864282
NaN NaN NaN
0.0197241061 0.858007183 -8.05202727
0.0225466682 0.840111621 -8.06539064
NaN NaN NaN
0.0197241061 0.858007183 -8.05202727
0.0192522759 0.86360782 -8.07480154
NaN NaN NaN
-0.0510155054 0.337392477 -7.96313664
0.0 0.353827022 -7.9932751
NaN NaN NaN
-0.0510155054 0.337392477 -7.96313664
-0.100105749 0.309057803 -8.0023019
NaN NaN NaN
-0.0510155054 0.337392477 -7.96313664
-0.0515028223 0.324107746 -8.03432201
NaN NaN NaN
0.115079961 0.927359047 -8.06314262
0.094191418 0.93471471 -8.07309189
NaN NaN NaN
0.115079961 0.927359047 -8.06314262
0.132852724 0.920529527 -8.07954769
NaN NaN NaN
0.115079961 0.927359047 -8.06314262
0.11408557 0.933422654 -8.08697621
NaN NaN NaN
0.0225804411 0.880471052 -8.05864282
0.0307377868 0.901479726 -8.06894922
NaN NaN NaN
0.0225804411 0.880471052 -8.05864282
0.0192522759 0.86360782 -8.07480154
NaN NaN NaN
0.0225804411 0.880471052 -8.05864282
0.0221036576 0.886130483 -8.08165618
NaN NaN NaN
0.0624769937 0.789936314 -8.04501865
0.0904009071 0.785849849 -8.05318206
NaN NaN NaN
0.0624769937 0.789936314 -8.04501865
0.0460133699 0.803557713 -8.0593535
NaN NaN NaN
0.0624769937 0.789936314 -8.04501865
0.0641258228 0.794961376 -8.06935656
NaN NaN NaN
0.159694106 0.858007999 -8.05492538
0.15656622 0.880471462 -8.06141707
NaN NaN NaN
0.159694106 0.858007999 -8.05492538
0.156297604 0.839944765 -8.06800524
NaN NaN NaN
0.159694106 0.858007999 -8.05492538
0.159222275 0.863608448 -8.07769972
NaN NaN NaN
-0.188636782 0.280024755 -7.95407908
-0.228545732 0.150976626 -7.95975711
NaN NaN NaN
-0.188636782 0.280024755 -7.95407908
-0.100105749 0.309057803 -8.0023019
NaN NaN NaN
-0.188636782 0.280024755 -7.95407908
-0.172849842 0.266259313 -8.06564654
NaN NaN NaN
0.117591018 0.789766482 -8.04572697
0.0904009071 0.785849849 -8.05318206
NaN NaN NaN
0.117591018 0.789766482 -8.04572697
0.133286973 0.803218382 -8.06052771
NaN NaN NaN
0.117591018 0.789766482 -8.04572697
0.114896761 0.794779981 -8.06984616
NaN NaN NaN
0.15656622 0.880471462 -8.06141707
0.14798913 0.901479663 -8.07137709
NaN NaN NaN
0.15656622 0.880471462 -8.06141707
0.159222275 0.863608448 -8.07769972
NaN NaN NaN
0.15656622 0.880471462 -8.06141707
0.156089432 0.886130793 -8.08443061
NaN NaN NaN
0.094191418 0.93471471 -8.07309189
0.0639660767 0.933423053 -8.08593963
NaN NaN NaN
0.094191418 0.93471471 -8.07309189
0.11408557 0.933422654 -8.08697621
NaN NaN NaN
0.094191418 0.93471471 -8.07309189
0.0933102092 0.940703347 -8.09732932
NaN NaN NaN
0.0307377868 0.901479726 -8.06894922
0.0455227849 0.920529776 -8.07773984
NaN NaN NaN
0.0307377868 0.901479726 -8.06894922
0.0221036576 0.886130483 -8.08165618
NaN NaN NaN
0.0307377868 0.901479726 -8.06894922
0.0297995474 0.906566265 -8.09254688
NaN NaN NaN
0.0904009071 0.785849849 -8.05318206
0.0641258228 0.794961376 -8.06935656
NaN NaN NaN
0.0904009071 0.785849849 -8.05318206
0.114896761 0.794779981 -8.06984616
NaN NaN NaN
0.0904009071 0.785849849 -8.05318206
0.0940990794 0.793400042 -8.08323703
NaN NaN NaN
0.14798913 0.901479663 -8.07137709
0.132852724 0.920529527 -8.07954769
NaN NaN NaN
0.14798913 0.901479663 -8.07137709
0.156089432 0.886130793 -8.08443061
NaN NaN NaN
0.14798913 0.901479663 -8.07137709
0.147949118 0.906566239 -8.09499331
NaN NaN NaN
0.0316611951 0.820059811 -8.06186249
0.0460133699 0.803557713 -8.0593535
NaN NaN NaN
0.0316611951 0.820059811 -8.06186249
0.0225466682 0.840111621 -8.06539064
NaN NaN NaN
0.0316611951 0.820059811 -8.06186249
0.0463157381 0.807954789 -8.0798208
NaN NaN NaN
0.0316611951 0.820059811 -8.06186249
0.0304146229 0.82689399 -8.08503706
NaN NaN NaN
0.0460133699 0.803557713 -8.0593535
0.0641258228 0.794961376 -8.06935656
NaN NaN NaN
0.0460133699 0.803557713 -8.0593535
0.0463157381 0.807954789 -8.0798208
NaN NaN NaN
0.0225466682 0.840111621 -8.06539064
0.0192522759 0.86360782 -8.07480154
NaN NaN NaN
0.0225466682 0.840111621 -8.06539064
0.0304146229 0.82689399 -8.08503706
NaN NaN NaN
0.0225466682 0.840111621 -8.06539064
0.0220568373 0.845765861 -8.08816745
NaN NaN NaN
0.0455227849 0.920529776 -8.07773984
0.0639660767 0.933423053 -8.08593963
NaN NaN NaN
0.0455227849 0.920529776 -8.07773984
0.0297995474 0.906566265 -8.09254688
NaN NaN NaN
0.0455227849 0.920529776 -8.07773984
0.0446262441 0.925829832 -8.10070092
NaN NaN NaN
0.133286973 0.803218382 -8.06052771
0.147358987 0.8196513 -8.06374542
NaN NaN NaN
0.133286973 0.803218382 -8.06052771
0.114896761 0.794779981 -8.06984616
NaN NaN NaN
0.133286973 0.803218382 -8.06052771
0.132125722 0.807618852 -8.08084994
NaN NaN NaN
0.147358987 0.8196513 -8.06374542
0.156297604 0.839944765 -8.06800524
NaN NaN NaN
0.147358987 0.8196513 -8.06374542
0.132125722 0.807618852 -8.08084994
NaN NaN NaN
0.147358987 0.8196513 -8.06374542
0.147642859 0.826516208 -8.08688558
NaN NaN NaN
0.132852724 0.920529527 -8.07954769
0.11408557 0.933422654 -8.08697621
NaN NaN NaN
0.132852724 0.920529527 -8.07954769
0.147949118 0.906566239 -8.09499331
NaN NaN NaN
0.132852724 0.920529527 -8.07954769
0.132797316 0.925829654 -8.10252602
NaN NaN NaN
0.156297604 0.839944765 -8.06800524
0.159222275 0.863608448 -8.07769972
NaN NaN NaN
0.156297604 0.839944765 -8.06800524
0.147642859 0.826516208 -8.08688558
NaN NaN NaN
0.156297604 0.839944765 -8.06800524
0.155848579 0.845616245 -8.09076255
NaN NaN NaN
0.0192522759 0.86360782 -8.07480154
0.0221036576 0.886130483 -8.08165618
NaN NaN NaN
0.0192522759 0.86360782 -8.07480154
0.0220568373 0.845765861 -8.08816745
NaN NaN NaN
0.0192522759 0.86360782 -8.07480154
0.0187705392 0.869326046 -8.09805398
NaN NaN NaN
0.0639660767 0.933423053 -8.08593963
0.0933102092 0.940703347 -8.09732932
NaN NaN NaN
0.0639660767 0.933423053 -8.08593963
0.0446262441 0.925829832 -8.10070092
NaN NaN NaN
0.0639660767 0.933423053 -8.08593963
0.0637015301 0.939462893 -8.11012701
NaN NaN NaN
0.11408557 0.933422654 -8.08697621
0.0933102092 0.940703347 -8.09732932
NaN NaN NaN
0.11408557 0.933422654 -8.08697621
0.132797316 0.925829654 -8.10252602
NaN NaN NaN
0.11408557 0.933422654 -8.08697621
0.113347846 0.939462577 -8.11115377
NaN NaN NaN
0.0221036576 0.886130483 -8.08165618
0.0297995474 0.906566265 -8.09254688
NaN NaN NaN
0.0221036576 0.886130483 -8.08165618
0.0187705392 0.869326046 -8.09805398
NaN NaN NaN
0.0221036576 0.886130483 -8.08165618
0.021621921 0.891848709 -8.10490862
NaN NaN NaN
0.159222275 0.863608448 -8.07769972
0.156089432 0.886130793 -8.08443061
NaN NaN NaN
0.159222275 0.863608448 -8.07769972
0.155848579 0.845616245 -8.09076255
NaN NaN NaN
0.159222275 0.863608448 -8.07769972
0.158740531 0.869326548 -8.1009525
NaN NaN NaN
0.0641258228 0.794961376 -8.06935656
0.0463157381 0.807954789 -8.0798208
NaN NaN NaN
0.0641258228 0.794961376 -8.06935656
0.0940990794 0.793400042 -8.08323703
NaN NaN NaN
0.0641258228 0.794961376 -8.06935656
0.0633784001 0.800803097 -8.09277596
NaN NaN NaN
0.0 0.353827022 -7.9932751
0.04108066 0.314467177 -8.01713572
NaN NaN NaN
0.0 0.353827022 -7.9932751
-0.0515028223 0.324107746 -8.03432201
NaN NaN NaN
0.0 0.353827022 -7.9932751
0.0 0.344188582 -8.04575105
NaN NaN NaN
0.114896761 0.794779981 -8.06984616
0.132125722 0.807618852 -8.08084994
NaN NaN NaN
0.114896761 0.794779981 -8.06984616
0.0940990794 0.793400042 -8.08323703
NaN NaN NaN
0.114896761 0.794779981 -8.06984616
0.114628816 0.800608597 -8.09319626
NaN NaN NaN
0.156089432 0.886130793 -8.08443061
0.147949118 0.906566239 -8.09499331
NaN NaN NaN
0.156089432 0.886130793 -8.08443061
0.158740531 0.869326548 -8.1009525
NaN NaN NaN
0.156089432 0.886130793 -8.08443061
0.155607689 0.89184895 -8.10768337
NaN NaN NaN
0.0297995474 0.906566265 -8.09254688
0.0446262441 0.925829832 -8.10070092
NaN NaN NaN
0.0297995474 0.906566265 -8.09254688
0.021621921 0.891848709 -8.10490862
NaN NaN NaN
0.0297995474 0.906566265 -8.09254688
0.0291757468 0.912076094 -8.11587839
NaN NaN NaN
0.0933102092 0.940703347 -8.09732932
0.0637015301 0.939462893 -8.11012701
NaN NaN NaN
0.0933102092 0.940703347 -8.09732932
0.113347846 0.939462577 -8.11115377
NaN NaN NaN
0.0933102092 0.940703347 -8.09732932
0.0836148495 0.946823668 -8.12207165
NaN NaN NaN
0.0463157381 0.807954789 -8.0798208
0.0304146229 0.82689399 -8.08503706
NaN NaN NaN
0.0463157381 0.807954789 -8.0798208
0.0633784001 0.800803097 -8.09277596
NaN NaN NaN
0.0463157381 0.807954789 -8.0798208
0.0449920543 0.814225235 -8.10268723
NaN NaN NaN
-0.228545732 0.150976626 -7.95975711
-0.257915715 0.0644789286 -7.94750571
NaN NaN NaN
-0.228545732 0.150976626 -7.95975711
-0.172849842 0.266259313 -8.06564654
NaN NaN NaN
-0.228545732 0.150976626 -7.95975711
-0.21847958 0.119436017 -8.07086826
NaN NaN NaN
-0.228545732 0.150976626 -7.95975711
-0.238142438 0.0595356095 -8.06614537
NaN NaN NaN
0.147949118 0.906566239 -8.09499331
0.132797316 0.925829654 -8.10252602
NaN NaN NaN
0.147949118 0.906566239 -8.09499331
0.155607689 0.89184895 -8.10768337
NaN NaN NaN
0.147949118 0.906566239 -8.09499331
0.147605875 0.912076251 -8.1183306
NaN NaN NaN
0.132125722 0.807618852 -8.08084994
0.147642859 0.826516208 -8.08688558
NaN NaN NaN
0.132125722 0.807618852 -8.08084994
0.114628816 0.800608597 -8.09319626
NaN NaN NaN
0.132125722 0.807618852 -8.08084994
0.132470515 0.813899606 -8.10370139
NaN NaN NaN
0.0304146229 0.82689399 -8.08503706
0.0220568373 0.845765861 -8.08816745
NaN NaN NaN
0.0304146229 0.82689399 -8.08503706
0.0449920543 0.814225235 -8.10268723
NaN NaN NaN
0.0304146229 0.82689399 -8.08503706
0.0294942092 0.833262578 -8.10826111
NaN NaN NaN
0.0220568373 0.845765861 -8.08816745
0.0187705392 0.869326046 -8.09805398
NaN NaN NaN
0.0220568373 0.845765861 -8.08816745
0.0294942092 0.833262578 -8.10826111
NaN NaN NaN
0.0220568373 0.845765861 -8.08816745
0.0215547702 0.851561346 -8.11151324
NaN NaN NaN
0.0446262441 0.925829832 -8.10070092
0.0637015301 0.939462893 -8.11012701
NaN NaN NaN
0.0446262441 0.925829832 -8.10070092
0.0291757468 0.912076094 -8.11587839
NaN NaN NaN
0.0446262441 0.925829832 -8.10070092
0.0440252421 0.931409053 -8.12380216
NaN NaN NaN
0.212130552 0.194635743 -7.97251557
0.183287363 0.275360323 -7.99188382
NaN NaN NaN
0.212130552 0.194635743 -7.97251557
0.256565305 0.0641413264 -7.95560817
NaN NaN NaN
0.212130552 0.194635743 -7.97251557
0.189038327 0.207042153 -8.07901148
NaN NaN NaN
0.212130552 0.194635743 -7.97251557
0.237988488 0.0594971221 -8.06706907
NaN NaN NaN
0.147642859 0.826516208 -8.08688558
0.155848579 0.845616245 -8.09076255
NaN NaN NaN
0.147642859 0.826516208 -8.08688558
0.132470515 0.813899606 -8.10370139
NaN NaN NaN
0.147642859 0.826516208 -8.08688558
0.147601367 0.832931413 -8.1101241
NaN NaN NaN
0.132797316 0.925829654 -8.10252602
0.113347846 0.939462577 -8.11115377
NaN NaN NaN
0.132797316 0.925829654 -8.10252602
0.147605875 0.912076251 -8.1183306
NaN NaN NaN
0.132797316 0.925829654 -8.10252602
0.132440765 0.931409043 -8.12563238
NaN NaN NaN
0.155848579 0.845616245 -8.09076255
0.158740531 0.869326548 -8.1009525
NaN NaN NaN
0.155848579 0.845616245 -8.09076255
0.147601367 0.832931413 -8.1101241
NaN NaN NaN
0.155848579 0.845616245 -8.09076255
0.155387924 0.851434618 -8.11410928
NaN NaN NaN
0.0940990794 0.793400042 -8.08323703
0.0633784001 0.800803097 -8.09277596
NaN NaN NaN
0.0940990794 0.793400042 -8.08323703
0.114628816 0.800608597 -8.09319626
NaN NaN NaN
0.0940990794 0.793400042 -8.08323703
0.0934933447 0.799043047 -8.1062193
NaN NaN NaN
-0.257915715 0.0644789286 -7.94750571
-0.21776828 -0.0495845155 -7.9465157
NaN NaN NaN
-0.257915715 0.0644789286 -7.94750571
-0.238142438 0.0595356095 -8.06614537
NaN NaN NaN
0.183287363 0.275360323 -7.99188382
0.0819986399 0.316883341 -8.00326437
NaN NaN NaN
0.183287363 0.275360323 -7.99188382
0.170062324 0.263828734 -8.08534614
NaN NaN NaN
0.183287363 0.275360323 -7.99188382
0.189038327 0.207042153 -8.07901148
NaN NaN NaN
0.0187705392 0.869326046 -8.09805398
0.021621921 0.891848709 -8.10490862
NaN NaN NaN
0.0187705392 0.869326046 -8.09805398
0.0215547702 0.851561346 -8.11151324
NaN NaN NaN
0.0187705392 0.869326046 -8.09805398
0.0182888025 0.875044272 -8.12130643
NaN NaN NaN
0.0819986399 0.316883341 -8.00326437
0.04108066 0.314467177 -8.01713572
NaN NaN NaN
0.0819986399 0.316883341 -8.00326437
0.0584298238 0.310305997 -8.09401606
NaN NaN NaN
0.0819986399 0.316883341 -8.00326437
0.170062324 0.263828734 -8.08534614
NaN NaN NaN
-0.100105749 0.309057803 -8.0023019
-0.0515028223 0.324107746 -8.03432201
NaN NaN NaN
-0.100105749 0.309057803 -8.0023019
-0.172849842 0.266259313 -8.06564654
NaN NaN NaN
-0.100105749 0.309057803 -8.0023019
-0.110527458 0.288138314 -8.09176125
NaN NaN NaN
0.0637015301 0.939462893 -8.11012701
0.0836148495 0.946823668 -8.12207165
NaN NaN NaN
0.0637015301 0.939462893 -8.11012701
0.0440252421 0.931409053 -8.12380216
NaN NaN NaN
0.0637015301 0.939462893 -8.11012701
0.0626666689 0.945215278 -8.13436383
NaN NaN NaN
0.113347846 0.939462577 -8.11115377
0.0836148495 0.946823668 -8.12207165
NaN NaN NaN
0.113347846 0.939462577 -8.11115377
0.132440765 0.931409043 -8.12563238
NaN NaN NaN
0.113347846 0.939462577 -8.11115377
0.113377672 0.945215074 -8.13541263
NaN NaN NaN
0.021621921 0.891848709 -8.10490862
0.0291757468 0.912076094 -8.11587839
NaN NaN NaN
0.021621921 0.891848709 -8.10490862
0.0182888025 0.875044272 -8.12130643
NaN NaN NaN
0.021621921 0.891848709 -8.10490862
0.0211401843 0.897566936 -8.12816106
NaN NaN NaN
0.158740531 0.869326548 -8.1009525
0.155607689 0.89184895 -8.10768337
NaN NaN NaN
0.158740531 0.869326548 -8.1009525
0.155387924 0.851434618 -8.11410928
NaN NaN NaN
0.158740531 0.869326548 -8.1009525
0.158258787 0.875044649 -8.12420527
NaN NaN NaN
0.0633784001 0.800803097 -8.09277596
0.0449920543 0.814225235 -8.10268723
NaN NaN NaN
0.0633784001 0.800803097 -8.09277596
0.0934933447 0.799043047 -8.1062193
NaN NaN NaN
0.0633784001 0.800803097 -8.09277596
0.0633877997 0.806460721 -8.11673279
NaN NaN NaN
0.256565305 0.0641413264 -7.95560817
0.22653588 -0.0244769608 -7.94811629
NaN NaN NaN
0.256565305 0.0641413264 -7.95560817
0.237988488 0.0594971221 -8.06706907
NaN NaN NaN
0.256565305 0.0641413264 -7.95560817
0.216775692 -0.000991508249 -8.06666191
NaN NaN NaN
0.114628816 0.800608597 -8.09319626
0.132470515 0.813899606 -8.10370139
NaN NaN NaN
0.114628816 0.800608597 -8.09319626
0.0934933447 0.799043047 -8.1062193
NaN NaN NaN
0.114628816 0.800608597 -8.09319626
0.11358059 0.806276136 -8.11713404
NaN NaN NaN
0.155607689 0.89184895 -8.10768337
0.147605875 0.912076251 -8.1183306
NaN NaN NaN
0.155607689 0.89184895 -8.10768337
0.158258787 0.875044649 -8.12420527
NaN NaN NaN
0.155607689 0.89184895 -8.10768337
0.155125946 0.897567108 -8.13093613
NaN NaN NaN
0.0897874698 -0.16176636 -7.9137304
0.189082017 -0.139504833 -7.92720883
NaN NaN NaN
0.0897874698 -0.16176636 -7.9137304
0.0 -0.17937318 -7.93052185
NaN NaN NaN
0.0897874698 -0.16176636 -7.9137304
0.104854553 -0.147799064 -8.04306536
NaN NaN NaN
0.0291757468 0.912076094 -8.11587839
0.0440252421 0.931409053 -8.12380216
NaN NaN NaN
0.0291757468 0.912076094 -8.11587839
0.0211401843 0.897566936 -8.12816106
NaN NaN NaN
0.0291757468 0.912076094 -8.11587839
0.0286664292 0.917746591 -8.13912098
NaN NaN NaN
0.0836148495 0.946823668 -8.12207165
0.0626666689 0.945215278 -8.13436383
NaN NaN NaN
0.0836148495 0.946823668 -8.12207165
0.113377672 0.945215074 -8.13541263
NaN NaN NaN
0.0836148495 0.946823668 -8.12207165
0.0879212852 0.955052734 -8.15498674
NaN NaN NaN
0.0449920543 0.814225235 -8.10268723
0.0294942092 0.833262578 -8.10826111
NaN NaN NaN
0.0449920543 0.814225235 -8.10268723
0.0633877997 0.806460721 -8.11673279
NaN NaN NaN
0.0449920543 0.814225235 -8.10268723
0.0441166801 0.820131613 -8.12553512
NaN NaN NaN
0.04108066 0.314467177 -8.01713572
0.0 0.344188582 -8.04575105
NaN NaN NaN
0.04108066 0.314467177 -8.01713572
0.0584298238 0.310305997 -8.09401606
NaN NaN NaN
0.04108066 0.314467177 -8.01713572
0.030348059 0.309119989 -8.09599981
NaN NaN NaN
0.147605875 0.912076251 -8.1183306
0.132440765 0.931409043 -8.12563238
NaN NaN NaN
0.147605875 0.912076251 -8.1183306
0.155125946 0.897567108 -8.13093613
NaN NaN NaN
0.147605875 0.912076251 -8.1183306
0.147151949 0.917746917 -8.1415744
NaN NaN NaN
0.132470515 0.813899606 -8.10370139
0.147601367 0.832931413 -8.1101241
NaN NaN NaN
0.132470515 0.813899606 -8.10370139
0.11358059 0.806276136 -8.11713404
NaN NaN NaN
0.132470515 0.813899606 -8.10370139
0.132372099 0.819841362 -8.12659946
NaN NaN NaN
0.0294942092 0.833262578 -8.10826111
0.0215547702 0.851561346 -8.11151324
NaN NaN NaN
0.0294942092 0.833262578 -8.10826111
0.0441166801 0.820131613 -8.12553512
NaN NaN NaN
0.0294942092 0.833262578 -8.10826111
0.0288739 0.839204219 -8.13170483
NaN NaN NaN
0.0215547702 0.851561346 -8.11151324
0.0182888025 0.875044272 -8.12130643
NaN NaN NaN
0.0215547702 0.851561346 -8.11151324
0.0288739 0.839204219 -8.13170483
NaN NaN NaN
0.0215547702 0.851561346 -8.11151324
0.0210453617 0.857441575 -8.1352004
NaN NaN NaN
0.22653588 -0.0244769608 -7.94811629
0.189082017 -0.139504833 -7.92720883
NaN NaN NaN
0.22653588 -0.0244769608 -7.94811629
0.216775692 -0.000991508249 -8.06666191
NaN NaN NaN
0.22653588 -0.0244769608 -7.94811629
0.172747638 -0.132760315 -8.05008551
NaN NaN NaN
0.0440252421 0.931409053 -8.12380216
0.0626666689 0.945215278 -8.13436383
NaN NaN NaN
0.0440252421 0.931409053 -8.12380216
0.0286664292 0.917746591 -8.13912098
NaN NaN NaN
0.0440252421 0.931409053 -8.12380216
0.0425798758 0.939129823 -8.15774946
NaN NaN NaN
0.147601367 0.832931413 -8.1101241
0.155387924 0.851434618 -8.11410928
NaN NaN NaN
0.147601367 0.832931413 -8.1101241
0.132372099 0.819841362 -8.12659946
NaN NaN NaN
0.147601367 0.832931413 -8.1101241
0.147251955 0.838934008 -8.13362747
NaN NaN NaN
0.132440765 0.931409043 -8.12563238
0.113377672 0.945215074 -8.13541263
NaN NaN NaN
0.132440765 0.931409043 -8.12563238
0.147151949 0.917746917 -8.1415744
NaN NaN NaN
0.132440765 0.931409043 -8.12563238
0.132479155 0.939129865 -8.15961196
NaN NaN NaN
0.0934933447 0.799043047 -8.1062193
0.0633877997 0.806460721 -8.11673279
NaN NaN NaN
0.0934933447 0.799043047 -8.1062193
0.11358059 0.806276136 -8.11713404
NaN NaN NaN
0.0934933447 0.799043047 -8.1062193
0.092591158 0.804983594 -8.13047952
NaN NaN NaN
0.155387924 0.851434618 -8.11410928
0.158258787 0.875044649 -8.12420527
NaN NaN NaN
0.155387924 0.851434618 -8.11410928
0.147251955 0.838934008 -8.13362747
NaN NaN NaN
0.155387924 0.851434618 -8.11410928
0.154920108 0.857343441 -8.13781895
NaN NaN NaN
-0.21776828 -0.0495845155 -7.9465157
-0.188917595 -0.139436943 -7.9284457
NaN NaN NaN
-0.21776828 -0.0495845155 -7.9465157
-0.238142438 0.0595356095 -8.06614537
NaN NaN NaN
-0.21776828 -0.0495845155 -7.9465157
-0.191947665 -0.0714560955 -8.0655943
NaN NaN NaN
0.189082017 -0.139504833 -7.92720883
0.104854553 -0.147799064 -8.04306536
NaN NaN NaN
0.189082017 -0.139504833 -7.92720883
0.172747638 -0.132760315 -8.05008551
NaN NaN NaN
-0.188917595 -0.139436943 -7.9284457
-0.0979822818 -0.158744452 -7.92774198
NaN NaN NaN
-0.188917595 -0.139436943 -7.9284457
-0.191947665 -0.0714560955 -8.0655943
NaN NaN NaN
-0.188917595 -0.139436943 -7.9284457
-0.171964906 -0.132437123 -8.05597367
NaN NaN NaN
0.0182888025 0.875044272 -8.12130643
0.0211401843 0.897566936 -8.12816106
NaN NaN NaN
0.0182888025 0.875044272 -8.12130643
0.0210453617 0.857441575 -8.1352004
NaN NaN NaN
0.0182888025 0.875044272 -8.12130643
0.0178070659 0.880762498 -8.14455887
NaN NaN NaN
-0.0979822818 -0.158744452 -7.92774198
0.0 -0.17937318 -7.93052185
NaN NaN NaN
-0.0979822818 -0.158744452 -7.92774198
-0.171964906 -0.132437123 -8.05597367
NaN NaN NaN
-0.0979822818 -0.158744452 -7.92774198
-0.0659724831 -0.154907661 -8.05556193
NaN NaN NaN
0.0626666689 0.945215278 -8.13436383
0.0879212852 0.955052734 -8.15498674
NaN NaN NaN
0.0626666689 0.945215278 -8.13436383
0.0638081777 0.952033781 -8.15952012
NaN NaN NaN
0.0626666689 0.945215278 -8.13436383
0.0425798758 0.939129823 -8.15774946
NaN NaN NaN
0.0211401843 0.897566936 -8.12816106
0.0286664292 0.917746591 -8.13912098
NaN NaN NaN
0.0211401843 0.897566936 -8.12816106
0.0178070659 0.880762498 -8.14455887
NaN NaN NaN
0.0211401843 0.897566936 -8.12816106
0.0206584476 0.903285162 -8.1514135
NaN NaN NaN
0.158258787 0.875044649 -8.12420527
0.155125946 0.897567108 -8.13093613
NaN NaN NaN
0.158258787 0.875044649 -8.12420527
0.154920108 0.857343441 -8.13781895
NaN NaN NaN
0.158258787 0.875044649 -8.12420527
0.157777044 0.880762749 -8.14745805
NaN NaN NaN
0.113377672 0.945215074 -8.13541263
0.0879212852 0.955052734 -8.15498674
NaN NaN NaN
0.113377672 0.945215074 -8.13541263
0.111327583 0.9519874 -8.16051564
NaN NaN NaN
0.113377672 0.945215074 -8.13541263
0.132479155 0.939129865 -8.15961196
NaN NaN NaN
0.0633877997 0.806460721 -8.11673279
0.0441166801 0.820131613 -8.12553512
NaN NaN NaN
0.0633877997 0.806460721 -8.11673279
0.092591158 0.804983594 -8.13047952
NaN NaN NaN
0.0633877997 0.806460721 -8.11673279
0.0631265173 0.812306117 -8.1410036
NaN NaN NaN
0.11358059 0.806276136 -8.11713404
0.132372099 0.819841362 -8.12659946
NaN NaN NaN
0.11358059 0.806276136 -8.11713404
0.092591158 0.804983594 -8.13047952
NaN NaN NaN
0.11358059 0.806276136 -8.11713404
0.112787148 0.812146982 -8.14146533
NaN NaN NaN
0.155125946 0.897567108 -8.13093613
0.147151949 0.917746917 -8.1415744
NaN NaN NaN
0.155125946 0.897567108 -8.13093613
0.157777044 0.880762749 -8.14745805
NaN NaN NaN
0.155125946 0.897567108 -8.13093613
0.154644202 0.903285265 -8.1541889
NaN NaN NaN
-0.0515028223 0.324107746 -8.03432201
0.0 0.344188582 -8.04575105
NaN NaN NaN
-0.0515028223 0.324107746 -8.03432201
-0.110527458 0.288138314 -8.09176125
NaN NaN NaN
-0.0515028223 0.324107746 -8.03432201
-0.0473682214 0.312042276 -8.10970614
NaN NaN NaN
0.0 -0.17937318 -7.93052185
0.104854553 -0.147799064 -8.04306536
NaN NaN NaN
0.0 -0.17937318 -7.93052185
-0.0659724831 -0.154907661 -8.05556193
NaN NaN NaN
0.0 -0.17937318 -7.93052185
0.0 -0.168785061 -8.05757927
NaN NaN NaN
0.0286664292 0.917746591 -8.13912098
0.0206584476 0.903285162 -8.1514135
NaN NaN NaN
0.0286664292 0.917746591 -8.13912098
0.0425798758 0.939129823 -8.15774946
NaN NaN NaN
0.0286664292 0.917746591 -8.13912098
0.0278491412 0.922996276 -8.16267524
NaN NaN NaN
0.0441166801 0.820131613 -8.12553512
0.0288739 0.839204219 -8.13170483
NaN NaN NaN
0.0441166801 0.820131613 -8.12553512
0.0631265173 0.812306117 -8.1410036
NaN NaN NaN
0.0441166801 0.820131613 -8.12553512
0.0435304524 0.825884474 -8.14877015
NaN NaN NaN
0.132372099 0.819841362 -8.12659946
0.147251955 0.838934008 -8.13362747
NaN NaN NaN
0.132372099 0.819841362 -8.12659946
0.112787148 0.812146982 -8.14146533
NaN NaN NaN
0.132372099 0.819841362 -8.12659946
0.131969314 0.825653367 -8.14995839
NaN NaN NaN
0.147151949 0.917746917 -8.1415744
0.132479155 0.939129865 -8.15961196
NaN NaN NaN
0.147151949 0.917746917 -8.1415744
0.154644202 0.903285265 -8.1541889
NaN NaN NaN
0.147151949 0.917746917 -8.1415744
0.146993186 0.922996366 -8.16514327
NaN NaN NaN
0.0 0.344188582 -8.04575105
0.030348059 0.309119989 -8.09599981
NaN NaN NaN
0.0 0.344188582 -8.04575105
0.0 0.332285437 -8.11055707
NaN NaN NaN
0.0 0.344188582 -8.04575105
-0.0473682214 0.312042276 -8.10970614
NaN NaN NaN
0.0288739 0.839204219 -8.13170483
0.0210453617 0.857441575 -8.1352004
NaN NaN NaN
0.0288739 0.839204219 -8.13170483
0.0435304524 0.825884474 -8.14877015
NaN NaN NaN
0.0288739 0.839204219 -8.13170483
0.0283591271 0.845025675 -8.15538835
NaN NaN NaN
0.0210453617 0.857441575 -8.1352004
0.0178070659 0.880762498 -8.14455887
NaN NaN NaN
0.0210453617 0.857441575 -8.1352004
0.0283591271 0.845025675 -8.15538835
NaN NaN NaN
0.0210453617 0.857441575 -8.1352004
0.0205284497 0.863408421 -8.15923648
NaN NaN NaN
0.147251955 0.838934008 -8.13362747
0.154920108 0.857343441 -8.13781895
NaN NaN NaN
0.147251955 0.838934008 -8.13362747
0.131969314 0.825653367 -8.14995839
NaN NaN NaN
0.147251955 0.838934008 -8.13362747
0.146786485 0.844832731 -8.15743076
NaN NaN NaN
0.154920108 0.857343441 -8.13781895
0.157777044 0.880762749 -8.14745805
NaN NaN NaN
0.154920108 0.857343441 -8.13781895
0.146786485 0.844832731 -8.15743076
NaN NaN NaN
0.154920108 0.857343441 -8.13781895
0.154444962 0.863344838 -8.16190008
NaN NaN NaN
0.092591158 0.804983594 -8.13047952
0.0631265173 0.812306117 -8.1410036
NaN NaN NaN
0.092591158 0.804983594 -8.13047952
0.112787148 0.812146982 -8.14146533
NaN NaN NaN
0.092591158 0.804983594 -8.13047952
0.0922188924 0.811124424 -8.15541409
NaN NaN NaN
0.0879212852 0.955052734 -8.15498674
0.0638081777 0.952033781 -8.15952012
NaN NaN NaN
0.0879212852 0.955052734 -8.15498674
0.111327583 0.9519874 -8.16051564
NaN NaN NaN
0.0879212852 0.955052734 -8.15498674
0.0750167295 0.959141819 -8.17580641
NaN NaN NaN
0.0879212852 0.955052734 -8.15498674
0.0993222587 0.959141819 -8.17630997
NaN NaN NaN
0.0178070659 0.880762498 -8.14455887
0.0206584476 0.903285162 -8.1514135
NaN NaN NaN
0.0178070659 0.880762498 -8.14455887
0.0205284497 0.863408421 -8.15923648
NaN NaN NaN
0.0178070659 0.880762498 -8.14455887
0.0173253292 0.886480724 -8.16781131
NaN NaN NaN
0.0206584476 0.903285162 -8.1514135
0.0278491412 0.922996276 -8.16267524
NaN NaN NaN
0.0206584476 0.903285162 -8.1514135
0.0173253292 0.886480724 -8.16781131
NaN NaN NaN
0.0206584476 0.903285162 -8.1514135
0.0211826035 0.915447965 -8.18543626
NaN NaN NaN
0.157777044 0.880762749 -8.14745805
0.154644202 0.903285265 -8.1541889
NaN NaN NaN
0.157777044 0.880762749 -8.14745805
0.154444962 0.863344838 -8.16190008
NaN NaN NaN
0.157777044 0.880762749 -8.14745805
0.1572953 0.88648085 -8.17071083
NaN NaN NaN
0.0638081777 0.952033781 -8.15952012
0.0425798758 0.939129823 -8.15774946
NaN NaN NaN
0.0638081777 0.952033781 -8.15952012
0.0750167295 0.959141819 -8.17580641
NaN NaN NaN
0.0638081777 0.952033781 -8.15952012
0.0521358832 0.951067521 -8.177318
NaN NaN NaN
0.0425798758 0.939129823 -8.15774946
0.0278491412 0.922996276 -8.16267524
NaN NaN NaN
0.0425798758 0.939129823 -8.15774946
0.0521358832 0.951067521 -8.177318
NaN NaN NaN
0.0425798758 0.939129823 -8.15774946
0.0334394874 0.935892805 -8.18066241
NaN NaN NaN
0.111327583 0.9519874 -8.16051564
0.132479155 0.939129865 -8.15961196
NaN NaN NaN
0.111327583 0.9519874 -8.16051564
0.0993222587 0.959141819 -8.17630997
NaN NaN NaN
0.111327583 0.9519874 -8.16051564
0.122120865 0.951067521 -8.17876793
NaN NaN NaN
0.132479155 0.939129865 -8.15961196
0.146993186 0.922996366 -8.16514327
NaN NaN NaN
0.132479155 0.939129865 -8.15961196
0.122120865 0.951067521 -8.17876793
NaN NaN NaN
0.132479155 0.939129865 -8.15961196
0.140662701 0.935892805 -8.18288383
NaN NaN NaN
0.0631265173 0.812306117 -8.1410036
0.0435304524 0.825884474 -8.14877015
NaN NaN NaN
0.0631265173 0.812306117 -8.1410036
0.0922188924 0.811124424 -8.15541409
NaN NaN NaN
0.0631265173 0.812306117 -8.1410036
0.0621022827 0.818442685 -8.16520856
NaN NaN NaN
0.154644202 0.903285265 -8.1541889
0.146993186 0.922996366 -8.16514327
NaN NaN NaN
0.154644202 0.903285265 -8.1541889
0.1572953 0.88648085 -8.17071083
NaN NaN NaN
0.154644202 0.903285265 -8.1541889
0.152711346 0.915447965 -8.18816123
NaN NaN NaN
0.112787148 0.812146982 -8.14146533
0.131969314 0.825653367 -8.14995839
NaN NaN NaN
0.112787148 0.812146982 -8.14146533
0.0922188924 0.811124424 -8.15541409
NaN NaN NaN
0.112787148 0.812146982 -8.14146533
0.112756753 0.818323166 -8.16582624
NaN NaN NaN
0.0278491412 0.922996276 -8.16267524
0.0334394874 0.935892805 -8.18066241
NaN NaN NaN
0.0278491412 0.922996276 -8.16267524
0.0211826035 0.915447965 -8.18543626
NaN NaN NaN
0.0435304524 0.825884474 -8.14877015
0.0283591271 0.845025675 -8.15538835
NaN NaN NaN
0.0435304524 0.825884474 -8.14877015
0.0621022827 0.818442685 -8.16520856
NaN NaN NaN
0.0435304524 0.825884474 -8.14877015
0.0420463816 0.834876953 -8.18293158
NaN NaN NaN
0.131969314 0.825653367 -8.14995839
0.146786485 0.844832731 -8.15743076
NaN NaN NaN
0.131969314 0.825653367 -8.14995839
0.112756753 0.818323166 -8.16582624
NaN NaN NaN
0.131969314 0.825653367 -8.14995839
0.131995665 0.83477295 -8.1844889
NaN NaN NaN
0.146993186 0.922996366 -8.16514327
0.140662701 0.935892805 -8.18288383
NaN NaN NaN
0.146993186 0.922996366 -8.16514327
0.152711346 0.915447965 -8.18816123
NaN NaN NaN
0.0283591271 0.845025675 -8.15538835
0.0205284497 0.863408421 -8.15923648
NaN NaN NaN
0.0283591271 0.845025675 -8.15538835
0.0275096603 0.851471959 -8.17940915
NaN NaN NaN
0.0283591271 0.845025675 -8.15538835
0.0420463816 0.834876953 -8.18293158
NaN NaN NaN
0.0205284497 0.863408421 -8.15923648
0.0173253292 0.886480724 -8.16781131
NaN NaN NaN
0.0205284497 0.863408421 -8.15923648
0.0275096603 0.851471959 -8.17940915
NaN NaN NaN
0.0205284497 0.863408421 -8.15923648
0.0209458033 0.868949936 -8.19686612
NaN NaN NaN
0.146786485 0.844832731 -8.15743076
0.154444962 0.863344838 -8.16190008
NaN NaN NaN
0.146786485 0.844832731 -8.15743076
0.146639564 0.851376053 -8.18166187
NaN NaN NaN
0.146786485 0.844832731 -8.15743076
0.131995665 0.83477295 -8.1844889
NaN NaN NaN
0.0750167295 0.959141819 -8.17580641
0.0993222587 0.959141819 -8.17630997
NaN NaN NaN
0.0750167295 0.959141819 -8.17580641
0.0521358832 0.951067521 -8.177318
NaN NaN NaN
0.0750167295 0.959141819 -8.17580641
0.0708790569 0.935348113 -8.18157202
NaN NaN NaN
0.0993222587 0.959141819 -8.17630997
0.122120865 0.951067521 -8.17876793
NaN NaN NaN
0.0993222587 0.959141819 -8.17630997
0.0708790569 0.935348113 -8.18157202
NaN NaN NaN
0.0993222587 0.959141819 -8.17630997
0.102819675 0.929818243 -8.18359366
NaN NaN NaN
0.154444962 0.863344838 -8.16190008
0.1572953 0.88648085 -8.17071083
NaN NaN NaN
0.154444962 0.863344838 -8.16190008
0.146639564 0.851376053 -8.18166187
NaN NaN NaN
0.154444962 0.863344838 -8.16190008
0.152474546 0.868949936 -8.19959109
NaN NaN NaN
0.0922188924 0.811124424 -8.15541409
0.0621022827 0.818442685 -8.16520856
NaN NaN NaN
0.0922188924 0.811124424 -8.15541409
0.112756753 0.818323166 -8.16582624
NaN NaN NaN
0.0922188924 0.811124424 -8.15541409
0.0866093909 0.819106493 -8.18840675
NaN NaN NaN
0.0173253292 0.886480724 -8.16781131
0.0211826035 0.915447965 -8.18543626
NaN NaN NaN
0.0173253292 0.886480724 -8.16781131
0.0168435925 0.892198951 -8.19106375
NaN NaN NaN
0.0173253292 0.886480724 -8.16781131
0.0209458033 0.868949936 -8.19686612
NaN NaN NaN
0.0521358832 0.951067521 -8.177318
0.0334394874 0.935892805 -8.18066241
NaN NaN NaN
0.0521358832 0.951067521 -8.177318
0.0708790569 0.935348113 -8.18157202
NaN NaN NaN
0.0521358832 0.951067521 -8.177318
0.0460034872 0.91515814 -8.18602176
NaN NaN NaN
0.122120865 0.951067521 -8.17876793
0.140662701 0.935892805 -8.18288383
NaN NaN NaN
0.122120865 0.951067521 -8.17876793
0.102819675 0.929818243 -8.18359366
NaN NaN NaN
0.122120865 0.951067521 -8.17876793
0.12788751 0.91515814 -8.18771821
NaN NaN NaN
0.1572953 0.88648085 -8.17071083
0.152711346 0.915447965 -8.18816123
NaN NaN NaN
0.1572953 0.88648085 -8.17071083
0.156813557 0.892198951 -8.1939636
NaN NaN NaN
0.1572953 0.88648085 -8.17071083
0.152474546 0.868949936 -8.19959109
NaN NaN NaN
0.0334394874 0.935892805 -8.18066241
0.0211826035 0.915447965 -8.18543626
NaN NaN NaN
0.0334394874 0.935892805 -8.18066241
0.0460034872 0.91515814 -8.18602176
NaN NaN NaN
-0.172849842 0.266259313 -8.06564654
-0.110527458 0.288138314 -8.09176125
NaN NaN NaN
-0.172849842 0.266259313 -8.06564654
-0.21847958 0.119436017 -8.07086826
NaN NaN NaN
-0.172849842 0.266259313 -8.06564654
-0.155635497 0.251249244 -8.18730158
NaN NaN NaN
0.0708790569 0.935348113 -8.18157202
0.102819675 0.929818243 -8.18359366
NaN NaN NaN
0.0708790569 0.935348113 -8.18157202
0.0460034872 0.91515814 -8.18602176
NaN NaN NaN
0.0708790569 0.935348113 -8.18157202
0.0869412488 0.914323623 -8.18707512
NaN NaN NaN
0.0708790569 0.935348113 -8.18157202
0.0644155045 0.89604086 -8.19110453
NaN NaN NaN
0.0621022827 0.818442685 -8.16520856
0.0420463816 0.834876953 -8.18293158
NaN NaN NaN
0.0621022827 0.818442685 -8.16520856
0.0866093909 0.819106493 -8.18840675
NaN NaN NaN
0.0621022827 0.818442685 -8.16520856
0.063044389 0.824140944 -8.19084157
NaN NaN NaN
0.140662701 0.935892805 -8.18288383
0.12788751 0.91515814 -8.18771821
NaN NaN NaN
0.140662701 0.935892805 -8.18288383
0.152711346 0.915447965 -8.18816123
NaN NaN NaN
0.112756753 0.818323166 -8.16582624
0.131995665 0.83477295 -8.1844889
NaN NaN NaN
0.112756753 0.818323166 -8.16582624
0.0866093909 0.819106493 -8.18840675
NaN NaN NaN
0.112756753 0.818323166 -8.16582624
0.110553752 0.824038995 -8.19164879
NaN NaN NaN
0.102819675 0.929818243 -8.18359366
0.0869412488 0.914323623 -8.18707512
NaN NaN NaN
0.102819675 0.929818243 -8.18359366
0.12788751 0.91515814 -8.18771821
NaN NaN NaN
0.102819675 0.929818243 -8.18359366
0.109767109 0.903870241 -8.19011871
NaN NaN NaN
0.0211826035 0.915447965 -8.18543626
0.0460034872 0.91515814 -8.18602176
NaN NaN NaN
0.0211826035 0.915447965 -8.18543626
0.0168435925 0.892198951 -8.19106375
NaN NaN NaN
0.0460034872 0.91515814 -8.18602176
0.0644155045 0.89604086 -8.19110453
NaN NaN NaN
0.0460034872 0.91515814 -8.18602176
0.0168435925 0.892198951 -8.19106375
NaN NaN NaN
0.0460034872 0.91515814 -8.18602176
0.0458983887 0.88361873 -8.19377574
NaN NaN NaN
0.0869412488 0.914323623 -8.18707512
0.109767109 0.903870241 -8.19011871
NaN NaN NaN
0.0869412488 0.914323623 -8.18707512
0.0644155045 0.89604086 -8.19110453
NaN NaN NaN
0.0869412488 0.914323623 -8.18707512
0.0895101295 0.889076548 -8.19333709
NaN NaN NaN
0.12788751 0.91515814 -8.18771821
0.152711346 0.915447965 -8.18816123
NaN NaN NaN
0.12788751 0.91515814 -8.18771821
0.109767109 0.903870241 -8.19011871
NaN NaN NaN
0.12788751 0.91515814 -8.18771821
0.156813557 0.892198951 -8.1939636
NaN NaN NaN
0.12788751 0.91515814 -8.18771821
0.128352935 0.886403473 -8.19479918
NaN NaN NaN
0.152711346 0.915447965 -8.18816123
0.156813557 0.892198951 -8.1939636
NaN NaN NaN
0.0275096603 0.851471959 -8.17940915
0.0420463816 0.834876953 -8.18293158
NaN NaN NaN
0.0275096603 0.851471959 -8.17940915
0.0209458033 0.868949936 -8.19686612
NaN NaN NaN
0.0275096603 0.851471959 -8.17940915
0.0329944486 0.848505096 -8.20214352
NaN NaN NaN
0.146639564 0.851376053 -8.18166187
0.131995665 0.83477295 -8.1844889
NaN NaN NaN
0.146639564 0.851376053 -8.18166187
0.152474546 0.868949936 -8.19959109
NaN NaN NaN
0.146639564 0.851376053 -8.18166187
0.140217662 0.848505096 -8.20436494
NaN NaN NaN
0.109767109 0.903870241 -8.19011871
0.0895101295 0.889076548 -8.19333709
NaN NaN NaN
0.109767109 0.903870241 -8.19011871
0.128352935 0.886403473 -8.19479918
NaN NaN NaN
0.109767109 0.903870241 -8.19011871
0.106499166 0.881136614 -8.19564165
NaN NaN NaN
0.0644155045 0.89604086 -8.19110453
0.0895101295 0.889076548 -8.19333709
NaN NaN NaN
0.0644155045 0.89604086 -8.19110453
0.0458983887 0.88361873 -8.19377574
NaN NaN NaN
0.0644155045 0.89604086 -8.19110453
0.0727987357 0.873535298 -8.19681276
NaN NaN NaN
0.0168435925 0.892198951 -8.19106375
0.0458983887 0.88361873 -8.19377574
NaN NaN NaN
0.0168435925 0.892198951 -8.19106375
0.0209458033 0.868949936 -8.19686612
NaN NaN NaN
0.0420463816 0.834876953 -8.18293158
0.063044389 0.824140944 -8.19084157
NaN NaN NaN
0.0420463816 0.834876953 -8.18293158
0.0329944486 0.848505096 -8.20214352
NaN NaN NaN
0.0420463816 0.834876953 -8.18293158
0.051536284 0.83333038 -8.20625942
NaN NaN NaN
0.0584298238 0.310305997 -8.09401606
0.170062324 0.263828734 -8.08534614
NaN NaN NaN
0.0584298238 0.310305997 -8.09401606
0.030348059 0.309119989 -8.09599981
NaN NaN NaN
0.0584298238 0.310305997 -8.09401606
0.0309564063 0.302638997 -8.19980241
NaN NaN NaN
0.0584298238 0.310305997 -8.09401606
0.154812905 0.250531984 -8.1931149
NaN NaN NaN
0.131995665 0.83477295 -8.1844889
0.110553752 0.824038995 -8.19164879
NaN NaN NaN
0.131995665 0.83477295 -8.1844889
0.140217662 0.848505096 -8.20436494
NaN NaN NaN
0.131995665 0.83477295 -8.1844889
0.121521266 0.83333038 -8.20770935
NaN NaN NaN
0.0895101295 0.889076548 -8.19333709
0.106499166 0.881136614 -8.19564165
NaN NaN NaN
0.0895101295 0.889076548 -8.19333709
0.0727987357 0.873535298 -8.19681276
NaN NaN NaN
0.0895101295 0.889076548 -8.19333709
0.0941125032 0.869171646 -8.19832744
NaN NaN NaN
0.170062324 0.263828734 -8.08534614
0.189038327 0.207042153 -8.07901148
NaN NaN NaN
0.170062324 0.263828734 -8.08534614
0.154812905 0.250531984 -8.1931149
NaN NaN NaN
0.170062324 0.263828734 -8.08534614
0.163958614 0.220516353 -8.19467322
NaN NaN NaN
0.156813557 0.892198951 -8.1939636
0.128352935 0.886403473 -8.19479918
NaN NaN NaN
0.156813557 0.892198951 -8.1939636
0.152474546 0.868949936 -8.19959109
NaN NaN NaN
0.0458983887 0.88361873 -8.19377574
0.0727987357 0.873535298 -8.19681276
NaN NaN NaN
0.0458983887 0.88361873 -8.19377574
0.0209458033 0.868949936 -8.19686612
NaN NaN NaN
0.0458983887 0.88361873 -8.19377574
0.0562611619 0.857023431 -8.20053073
NaN NaN NaN
0.030348059 0.309119989 -8.09599981
0.0 0.332285437 -8.11055707
NaN NaN NaN
0.030348059 0.309119989 -8.09599981
0.0169370448 0.302438363 -8.19454511
NaN NaN NaN
0.030348059 0.309119989 -8.09599981
0.0309564063 0.302638997 -8.19980241
NaN NaN NaN
-0.110527458 0.288138314 -8.09176125
-0.0473682214 0.312042276 -8.10970614
NaN NaN NaN
-0.110527458 0.288138314 -8.09176125
-0.155635497 0.251249244 -8.18730158
NaN NaN NaN
-0.110527458 0.288138314 -8.09176125
-0.122660227 0.263784217 -8.19590822
NaN NaN NaN
0.128352935 0.886403473 -8.19479918
0.106499166 0.881136614 -8.19564165
NaN NaN NaN
0.128352935 0.886403473 -8.19479918
0.152474546 0.868949936 -8.19959109
NaN NaN NaN
0.128352935 0.886403473 -8.19479918
0.116051653 0.857379225 -8.20168196
NaN NaN NaN
0.106499166 0.881136614 -8.19564165
0.0941125032 0.869171646 -8.19832744
NaN NaN NaN
0.106499166 0.881136614 -8.19564165
0.116051653 0.857379225 -8.20168196
NaN NaN NaN
0.189038327 0.207042153 -8.07901148
0.237988488 0.0594971221 -8.06706907
NaN NaN NaN
0.189038327 0.207042153 -8.07901148
0.163958614 0.220516353 -8.19467322
NaN NaN NaN
0.189038327 0.207042153 -8.07901148
0.217899181 0.0544747952 -8.18760492
NaN NaN NaN
0.0866093909 0.819106493 -8.18840675
0.063044389 0.824140944 -8.19084157
NaN NaN NaN
0.0866093909 0.819106493 -8.18840675
0.110553752 0.824038995 -8.19164879
NaN NaN NaN
0.0866093909 0.819106493 -8.18840675
0.0743348905 0.825256082 -8.20871738
NaN NaN NaN
0.0866093909 0.819106493 -8.18840675
0.0986404197 0.825256082 -8.20922094
NaN NaN NaN
0.0727987357 0.873535298 -8.19681276
0.0941125032 0.869171646 -8.19832744
NaN NaN NaN
0.0727987357 0.873535298 -8.19681276
0.0562611619 0.857023431 -8.20053073
NaN NaN NaN
0.0727987357 0.873535298 -8.19681276
0.0865947264 0.846280572 -8.20380105
NaN NaN NaN
0.0209458033 0.868949936 -8.19686612
0.0562611619 0.857023431 -8.20053073
NaN NaN NaN
0.0209458033 0.868949936 -8.19686612
0.0329944486 0.848505096 -8.20214352
NaN NaN NaN
0.063044389 0.824140944 -8.19084157
0.051536284 0.83333038 -8.20625942
NaN NaN NaN
0.063044389 0.824140944 -8.19084157
0.0743348905 0.825256082 -8.20871738
NaN NaN NaN
0.0941125032 0.869171646 -8.19832744
0.116051653 0.857379225 -8.20168196
NaN NaN NaN
0.0941125032 0.869171646 -8.19832744
0.0865947264 0.846280572 -8.20380105
NaN NaN NaN
0.110553752 0.824038995 -8.19164879
0.121521266 0.83333038 -8.20770935
NaN NaN NaN
0.110553752 0.824038995 -8.19164879
0.0986404197 0.825256082 -8.20922094
NaN NaN NaN
0.152474546 0.868949936 -8.19959109
0.116051653 0.857379225 -8.20168196
NaN NaN NaN
0.152474546 0.868949936 -8.19959109
0.140217662 0.848505096 -8.20436494
NaN NaN NaN
0.0 0.332285437 -8.11055707
-0.0473682214 0.312042276 -8.10970614
NaN NaN NaN
0.0 0.332285437 -8.11055707
0.0169370448 0.302438363 -8.19454511
NaN NaN NaN
0.0 0.332285437 -8.11055707
0.0 0.31610505 -8.19865029
NaN NaN NaN
0.0562611619 0.857023431 -8.20053073
0.0329944486 0.848505096 -8.20214352
NaN NaN NaN
0.0562611619 0.857023431 -8.20053073
0.0865947264 0.846280572 -8.20380105
NaN NaN NaN
0.0562611619 0.857023431 -8.20053073
0.051536284 0.83333038 -8.20625942
NaN NaN NaN
0.0562611619 0.857023431 -8.20053073
0.0743348905 0.825256082 -8.20871738
NaN NaN NaN
0.116051653 0.857379225 -8.20168196
0.0865947264 0.846280572 -8.20380105
NaN NaN NaN
0.116051653 0.857379225 -8.20168196
0.140217662 0.848505096 -8.20436494
NaN NaN NaN
0.116051653 0.857379225 -8.20168196
0.121521266 0.83333038 -8.20770935
NaN NaN NaN
0.116051653 0.857379225 -8.20168196
0.0986404197 0.825256082 -8.20922094
NaN NaN NaN
-0.0473682214 0.312042276 -8.10970614
0.0 0.31610505 -8.19865029
NaN NaN NaN
-0.0473682214 0.312042276 -8.10970614
-0.122660227 0.263784217 -8.19590822
NaN NaN NaN
0.0329944486 0.848505096 -8.20214352
0.051536284 0.83333038 -8.20625942
NaN NaN NaN
-0.21847958 0.119436017 -8.07086826
-0.238142438 0.0595356095 -8.06614537
NaN NaN NaN
-0.21847958 0.119436017 -8.07086826
-0.155635497 0.251249244 -8.18730158
NaN NaN NaN
-0.21847958 0.119436017 -8.07086826
-0.207627236 0.0854320049 -8.19065747
NaN NaN NaN
0.0865947264 0.846280572 -8.20380105
0.0743348905 0.825256082 -8.20871738
NaN NaN NaN
0.0865947264 0.846280572 -8.20380105
0.0986404197 0.825256082 -8.20922094
NaN NaN NaN
0.140217662 0.848505096 -8.20436494
0.121521266 0.83333038 -8.20770935
NaN NaN NaN
0.051536284 0.83333038 -8.20625942
0.0743348905 0.825256082 -8.20871738
NaN NaN NaN
-0.238142438 0.0595356095 -8.06614537
-0.191947665 -0.0714560955 -8.0655943
NaN NaN NaN
-0.238142438 0.0595356095 -8.06614537
-0.207627236 0.0854320049 -8.19065747
NaN NaN NaN
-0.238142438 0.0595356095 -8.06614537
-0.217489868 0.0543724671 -8.19006079
NaN NaN NaN
0.121521266 0.83333038 -8.20770935
0.0986404197 0.825256082 -8.20922094
NaN NaN NaN
0.237988488 0.0594971221 -8.06706907
0.216775692 -0.000991508249 -8.06666191
NaN NaN NaN
0.237988488 0.0594971221 -8.06706907
0.217899181 0.0544747952 -8.18760492
NaN NaN NaN
0.237988488 0.0594971221 -8.06706907
0.206590117 0.0235175308 -8.1903742
NaN NaN NaN
0.0743348905 0.825256082 -8.20871738
0.0986404197 0.825256082 -8.20922094
NaN NaN NaN
0.216775692 -0.000991508249 -8.06666191
0.172747638 -0.132760315 -8.05008551
NaN NaN NaN
0.216775692 -0.000991508249 -8.06666191
0.206590117 0.0235175308 -8.1903742
NaN NaN NaN
0.216775692 -0.000991508249 -8.06666191
0.155308859 -0.125559787 -8.18127013
NaN NaN NaN
0.104854553 -0.147799064 -8.04306536
0.172747638 -0.132760315 -8.05008551
NaN NaN NaN
0.104854553 -0.147799064 -8.04306536
0.0 -0.168785061 -8.05757927
NaN NaN NaN
0.104854553 -0.147799064 -8.04306536
0.120604751 -0.133198515 -8.17826414
NaN NaN NaN
0.172747638 -0.132760315 -8.05008551
0.120604751 -0.133198515 -8.17826414
NaN NaN NaN
0.172747638 -0.132760315 -8.05008551
0.155308859 -0.125559787 -8.18127013
NaN NaN NaN
-0.191947665 -0.0714560955 -8.0655943
-0.171964906 -0.132437123 -8.05597367
NaN NaN NaN
-0.191947665 -0.0714560955 -8.0655943
-0.217489868 0.0543724671 -8.19006079
NaN NaN NaN
-0.191947665 -0.0714560955 -8.0655943
-0.165007237 -0.0942762229 -8.18983721
NaN NaN NaN
-0.191947665 -0.0714560955 -8.0655943
-0.154650408 -0.12528791 -8.18622338
NaN NaN NaN
-0.171964906 -0.132437123 -8.05597367
-0.0659724831 -0.154907661 -8.05556193
NaN NaN NaN
-0.171964906 -0.132437123 -8.05597367
-0.154650408 -0.12528791 -8.18622338
NaN NaN NaN
-0.0659724831 -0.154907661 -8.05556193
0.0 -0.168785061 -8.05757927
NaN NaN NaN
-0.0659724831 -0.154907661 -8.05556193
-0.154650408 -0.12528791 -8.18622338
NaN NaN NaN
-0.0659724831 -0.154907661 -8.05556193
-0.0332960509 -0.150990965 -8.18604385
NaN NaN NaN
0.0 -0.168785061 -8.05757927
0.120604751 -0.133198515 -8.17826414
NaN NaN NaN
0.0 -0.168785061 -8.05757927
-0.0332960509 -0.150990965 -8.18604385
NaN NaN NaN
0.0 -0.168785061 -8.05757927
0.0 -0.157988991 -8.18713211
NaN NaN NaN
0.0169370448 0.302438363 -8.19454511
0.0 0.31610505 -8.19865029
NaN NaN NaN
0.0169370448 0.302438363 -8.19454511
0.0309564063 0.302638997 -8.19980241
NaN NaN NaN
0.0169370448 0.302438363 -8.19454511
0.0 0.294 -8.319
NaN NaN NaN
0.0 0.31610505 -8.19865029
-0.122660227 0.263784217 -8.19590822
NaN NaN NaN
0.0 0.31610505 -8.19865029
0.0 0.294 -8.319
NaN NaN NaN
-0.155635497 0.251249244 -8.18730158
-0.122660227 0.263784217 -8.19590822
NaN NaN NaN
-0.155635497 0.251249244 -8.18730158
-0.207627236 0.0854320049 -8.19065747
NaN NaN NaN
-0.155635497 0.251249244 -8.18730158
-0.137 0.235 -8.319
NaN NaN NaN
0.0309564063 0.302638997 -8.19980241
0.154812905 0.250531984 -8.1931149
NaN NaN NaN
0.0309564063 0.302638997 -8.19980241
0.0 0.294 -8.319
NaN NaN NaN
0.0309564063 0.302638997 -8.19980241
0.137 0.235 -8.319
NaN NaN NaN
-0.122660227 0.263784217 -8.19590822
0.0 0.294 -8.319
NaN NaN NaN
-0.122660227 0.263784217 -8.19590822
-0.137 0.235 -8.319
NaN NaN NaN
0.154812905 0.250531984 -8.1931149
0.163958614 0.220516353 -8.19467322
NaN NaN NaN
0.154812905 0.250531984 -8.1931149
0.137 0.235 -8.319
NaN NaN NaN
0.163958614 0.220516353 -8.19467322
0.217899181 0.0544747952 -8.18760492
NaN NaN NaN
0.163958614 0.220516353 -8.19467322
0.137 0.235 -8.319
NaN NaN NaN
0.163958614 0.220516353 -8.19467322
0.196 0.049 -8.319
NaN NaN NaN
-0.207627236 0.0854320049 -8.19065747
-0.217489868 0.0543724671 -8.19006079
NaN NaN NaN
-0.207627236 0.0854320049 -8.19065747
-0.137 0.235 -8.319
NaN NaN NaN
-0.207627236 0.0854320049 -8.19065747
-0.196 0.049 -8.319
NaN NaN NaN
0.217899181 0.0544747952 -8.18760492
0.206590117 0.0235175308 -8.1903742
NaN NaN NaN
0.217899181 0.0544747952 -8.18760492
0.196 0.049 -8.319
NaN NaN NaN
-0.217489868 0.0543724671 -8.19006079
-0.165007237 -0.0942762229 -8.18983721
NaN NaN NaN
-0.217489868 0.0543724671 -8.19006079
-0.196 0.049 -8.319
NaN NaN NaN
0.206590117 0.0235175308 -8.1903742
0.155308859 -0.125559787 -8.18127013
NaN NaN NaN
0.206590117 0.0235175308 -8.1903742
0.196 0.049 -8.319
NaN NaN NaN
0.206590117 0.0235175308 -8.1903742
0.137 -0.118 -8.319
NaN NaN NaN
0.120604751 -0.133198515 -8.17826414
0.155308859 -0.125559787 -8.18127013
NaN NaN NaN
0.120604751 -0.133198515 -8.17826414
0.0 -0.157988991 -8.18713211
NaN NaN NaN
0.120604751 -0.133198515 -8.17826414
0.137 -0.118 -8.319
NaN NaN NaN
0.120604751 -0.133198515 -8.17826414
0.0 -0.147 -8.319
NaN NaN NaN
0.155308859 -0.125559787 -8.18127013
0.137 -0.118 -8.319
NaN NaN NaN
-0.165007237 -0.0942762229 -8.18983721
-0.154650408 -0.12528791 -8.18622338
NaN NaN NaN
-0.165007237 -0.0942762229 -8.18983721
-0.196 0.049 -8.319
NaN NaN NaN
-0.165007237 -0.0942762229 -8.18983721
-0.137 -0.118 -8.319
NaN NaN NaN
-0.154650408 -0.12528791 -8.18622338
-0.0332960509 -0.150990965 -8.18604385
NaN NaN NaN
-0.154650408 -0.12528791 -8.18622338
-0.137 -0.118 -8.319
NaN NaN NaN
-0.0332960509 -0.150990965 -8.18604385
0.0 -0.157988991 -8.18713211
NaN NaN NaN
-0.0332960509 -0.150990965 -8.18604385
-0.137 -0.118 -8.319
NaN NaN NaN
-0.0332960509 -0.150990965 -8.18604385
0.0 -0.147 -8.319
NaN NaN NaN
0.0 -0.157988991 -8.18713211
0.0 -0.147 -8.319
NaN NaN NaN
0.0 0.294 -8.319
0.137 0.235 -8.319
NaN NaN NaN
0.0 0.294 -8.319
-0.137 0.235 -8.319
NaN NaN NaN
0.0 0.294 -8.319
0.0 0.241290477 -8.45955873
NaN NaN NaN
0.0 0.294 -8.319
0.112497436 0.192970054 -8.45921905
NaN NaN NaN
0.0 0.294 -8.319
-0.112497436 0.192970054 -8.45921905
NaN NaN NaN
0.137 0.235 -8.319
0.196 0.049 -8.319
NaN NaN NaN
0.137 0.235 -8.319
0.112497436 0.192970054 -8.45921905
NaN NaN NaN
-0.137 0.235 -8.319
-0.196 0.049 -8.319
NaN NaN NaN
-0.137 0.235 -8.319
-0.112497436 0.192970054 -8.45921905
NaN NaN NaN
0.196 0.049 -8.319
0.137 -0.118 -8.319
NaN NaN NaN
0.196 0.049 -8.319
0.112497436 0.192970054 -8.45921905
NaN NaN NaN
0.196 0.049 -8.319
0.161180464 0.040295116 -8.45827814
NaN NaN NaN
-0.196 0.049 -8.319
-0.137 -0.118 -8.319
NaN NaN NaN
-0.196 0.049 -8.319
-0.112497436 0.192970054 -8.45921905
NaN NaN NaN
-0.196 0.049 -8.319
-0.161180464 0.040295116 -8.45827814
NaN NaN NaN
-0.196 0.049 -8.319
-0.11270355 -0.0970731304 -8.45803954
NaN NaN NaN
0.137 -0.118 -8.319
0.0 -0.147 -8.319
NaN NaN NaN
0.137 -0.118 -8.319
0.161180464 0.040295116 -8.45827814
NaN NaN NaN
0.137 -0.118 -8.319
0.112047977 -0.0965084767 -8.46179114
NaN NaN NaN
-0.137 -0.118 -8.319
0.0 -0.147 -8.319
NaN NaN NaN
-0.137 -0.118 -8.319
-0.11270355 -0.0970731304 -8.45803954
NaN NaN NaN
0.0 -0.147 -8.319
-0.11270355 -0.0970731304 -8.45803954
NaN NaN NaN
0.0 -0.147 -8.319
0.112047977 -0.0965084767 -8.46179114
NaN NaN NaN
0.0 -0.147 -8.319
0.0 -0.121131395 -8.45696589
NaN NaN NaN
0.0 0.241290477 -8.45955873
0.112497436 0.192970054 -8.45921905
NaN NaN NaN
0.0 0.241290477 -8.45955873
-0.112497436 0.192970054 -8.45921905
NaN NaN NaN
0.0 0.241290477 -8.45955873
0.0 0.188580955 -8.60011745
NaN NaN NaN
0.0 0.241290477 -8.45955873
0.0879948712 0.150940108 -8.59943811
NaN NaN NaN
0.112497436 0.192970054 -8.45921905
0.161180464 0.040295116 -8.45827814
NaN NaN NaN
0.112497436 0.192970054 -8.45921905
0.0879948712 0.150940108 -8.59943811
NaN NaN NaN
0.112497436 0.192970054 -8.45921905
0.126360928 0.0315902321 -8.59755629
NaN NaN NaN
-0.112497436 0.192970054 -8.45921905
-0.161180464 0.040295116 -8.45827814
NaN NaN NaN
-0.112497436 0.192970054 -8.45921905
0.0 0.188580955 -8.60011745
NaN NaN NaN
-0.112497436 0.192970054 -8.45921905
-0.0879948712 0.150940108 -8.59943811
NaN NaN NaN
0.161180464 0.040295116 -8.45827814
0.112047977 -0.0965084767 -8.46179114
NaN NaN NaN
0.161180464 0.040295116 -8.45827814
0.126360928 0.0315902321 -8.59755629
NaN NaN NaN
-0.161180464 0.040295116 -8.45827814
-0.11270355 -0.0970731304 -8.45803954
NaN NaN NaN
-0.161180464 0.040295116 -8.45827814
-0.0879948712 0.150940108 -8.59943811
NaN NaN NaN
-0.161180464 0.040295116 -8.45827814
-0.126360928 0.0315902321 -8.59755629
NaN NaN NaN
-0.11270355 -0.0970731304 -8.45803954
0.0 -0.121131395 -8.45696589
NaN NaN NaN
-0.11270355 -0.0970731304 -8.45803954
-0.126360928 0.0315902321 -8.59755629
NaN NaN NaN
-0.11270355 -0.0970731304 -8.45803954
-0.0884070993 -0.0761462607 -8.59707908
NaN NaN NaN
-0.11270355 -0.0970731304 -8.45803954
0.0 -0.0951441887 -8.59556433
NaN NaN NaN
0.112047977 -0.0965084767 -8.46179114
0.0 -0.121131395 -8.45696589
NaN NaN NaN
0.112047977 -0.0965084767 -8.46179114
0.126360928 0.0315902321 -8.59755629
NaN NaN NaN
0.112047977 -0.0965084767 -8.46179114
0.0 -0.0951441887 -8.59556433
NaN NaN NaN
0.112047977 -0.0965084767 -8.46179114
0.0875059243 -0.0753700662 -8.60223617
NaN NaN NaN
0.0 -0.121131395 -8.45696589
0.0 -0.0951441887 -8.59556433
NaN NaN NaN
0.0 0.188580955 -8.60011745
0.0879948712 0.150940108 -8.59943811
NaN NaN NaN
0.0 0.188580955 -8.60011745
-0.0879948712 0.150940108 -8.59943811
NaN NaN NaN
0.0 0.188580955 -8.60011745
0.0 0.135871432 -8.74067618
NaN NaN NaN
0.0 0.188580955 -8.60011745
0.0634923068 0.108910161 -8.73965716
NaN NaN NaN
0.0 0.188580955 -8.60011745
-0.0634923068 0.108910161 -8.73965716
NaN NaN NaN
0.0879948712 0.150940108 -8.59943811
0.126360928 0.0315902321 -8.59755629
NaN NaN NaN
0.0879948712 0.150940108 -8.59943811
0.0634923068 0.108910161 -8.73965716
NaN NaN NaN
0.0879948712 0.150940108 -8.59943811
0.0915413926 0.0228853481 -8.73683443
NaN NaN NaN
-0.0879948712 0.150940108 -8.59943811
-0.126360928 0.0315902321 -8.59755629
NaN NaN NaN
-0.0879948712 0.150940108 -8.59943811
-0.0634923068 0.108910161 -8.73965716
NaN NaN NaN
-0.0879948712 0.150940108 -8.59943811
-0.0915413926 0.0228853481 -8.73683443
NaN NaN NaN
0.126360928 0.0315902321 -8.59755629
0.0875059243 -0.0753700662 -8.60223617
NaN NaN NaN
0.126360928 0.0315902321 -8.59755629
0.0915413926 0.0228853481 -8.73683443
NaN NaN NaN
0.126360928 0.0315902321 -8.59755629
0.0634278546 -0.0546312908 -8.740026
NaN NaN NaN
-0.126360928 0.0315902321 -8.59755629
-0.0884070993 -0.0761462607 -8.59707908
NaN NaN NaN
-0.126360928 0.0315902321 -8.59755629
-0.0915413926 0.0228853481 -8.73683443
NaN NaN NaN
-0.126360928 0.0315902321 -8.59755629
-0.064110649 -0.0552193911 -8.73611862
NaN NaN NaN
-0.0884070993 -0.0761462607 -8.59707908
0.0 -0.0951441887 -8.59556433
NaN NaN NaN
-0.0884070993 -0.0761462607 -8.59707908
-0.064110649 -0.0552193911 -8.73611862
NaN NaN NaN
0.0 -0.0951441887 -8.59556433
0.0875059243 -0.0753700662 -8.60223617
NaN NaN NaN
0.0 -0.0951441887 -8.59556433
-0.064110649 -0.0552193911 -8.73611862
NaN NaN NaN
0.0 -0.0951441887 -8.59556433
0.0 -0.069052937 -8.73471767
NaN NaN NaN
0.0 -0.0951441887 -8.59556433
0.0634278546 -0.0546312908 -8.740026
NaN NaN NaN
0.0875059243 -0.0753700662 -8.60223617
0.0634278546 -0.0546312908 -8.740026
NaN NaN NaN
0.0 0.135871432 -8.74067618
0.0634923068 0.108910161 -8.73965716
NaN NaN NaN
0.0 0.135871432 -8.74067618
-0.0634923068 0.108910161 -8.73965716
NaN NaN NaN
0.0 0.135871432 -8.74067618
0.0 0.077692459 -8.89582011
NaN NaN NaN
0.0634923068 0.108910161 -8.73965716
0.0915413926 0.0228853481 -8.73683443
NaN NaN NaN
0.0634923068 0.108910161 -8.73965716
0.0 0.077692459 -8.89582011
NaN NaN NaN
0.0634923068 0.108910161 -8.73965716
0.0362298567 0.0621461046 -8.89567002
NaN NaN NaN
-0.0634923068 0.108910161 -8.73965716
-0.0915413926 0.0228853481 -8.73683443
NaN NaN NaN
-0.0634923068 0.108910161 -8.73965716
0.0 0.077692459 -8.89582011
NaN NaN NaN
-0.0634923068 0.108910161 -8.73965716
-0.0362298567 0.0621461046 -8.89567002
NaN NaN NaN
0.0915413926 0.0228853481 -8.73683443
0.0634278546 -0.0546312908 -8.740026
NaN NaN NaN
0.0915413926 0.0228853481 -8.73683443
0.0362298567 0.0621461046 -8.89567002
NaN NaN NaN
0.0915413926 0.0228853481 -8.73683443
0.0519377266 0.0129844316 -8.89524909
NaN NaN NaN
-0.0915413926 0.0228853481 -8.73683443
-0.064110649 -0.0552193911 -8.73611862
NaN NaN NaN
-0.0915413926 0.0228853481 -8.73683443
-0.0362298567 0.0621461046 -8.89567002
NaN NaN NaN
-0.0915413926 0.0228853481 -8.73683443
-0.0519377266 0.0129844316 -8.89524909
NaN NaN NaN
-0.064110649 -0.0552193911 -8.73611862
0.0 -0.069052937 -8.73471767
NaN NaN NaN
-0.064110649 -0.0552193911 -8.73611862
-0.0519377266 0.0129844316 -8.89524909
NaN NaN NaN
-0.064110649 -0.0552193911 -8.73611862
-0.0363222753 -0.0312848795 -8.89514114
NaN NaN NaN
0.0 -0.069052937 -8.73471767
0.0634278546 -0.0546312908 -8.740026
NaN NaN NaN
0.0 -0.069052937 -8.73471767
-0.0363222753 -0.0312848795 -8.89514114
NaN NaN NaN
0.0 -0.069052937 -8.73471767
0.0 -0.0388819003 -8.89562987
NaN NaN NaN
0.0634278546 -0.0546312908 -8.740026
0.0519377266 0.0129844316 -8.89524909
NaN NaN NaN
0.0634278546 -0.0546312908 -8.740026
0.0 -0.0388819003 -8.89562987
NaN NaN NaN
0.0634278546 -0.0546312908 -8.740026
0.0349504541 -0.0301033108 -8.90299156
NaN NaN NaN
0.0 0.077692459 -8.89582011
0.0362298567 0.0621461046 -8.89567002
NaN NaN NaN
0.0 0.077692459 -8.89582011
-0.0362298567 0.0621461046 -8.89567002
NaN NaN NaN
0.0 0.077692459 -8.89582011
0.0 0.0 -9.103
NaN NaN NaN
0.0362298567 0.0621461046 -8.89567002
0.0519377266 0.0129844316 -8.89524909
NaN NaN NaN
0.0362298567 0.0621461046 -8.89567002
0.0 0.0 -9.103
NaN NaN NaN
-0.0362298567 0.0621461046 -8.89567002
-0.0519377266 0.0129844316 -8.89524909
NaN NaN NaN
-0.0362298567 0.0621461046 -8.89567002
0.0 0.0 -9.103
NaN NaN NaN
0.0519377266 0.0129844316 -8.89524909
0.0349504541 -0.0301033108 -8.90299156
NaN NaN NaN
0.0519377266 0.0129844316 -8.89524909
0.0 0.0 -9.103
NaN NaN NaN
-0.0519377266 0.0129844316 -8.89524909
-0.0363222753 -0.0312848795 -8.89514114
NaN NaN NaN
-0.0519377266 0.0129844316 -8.89524909
0.0 0.0 -9.103
NaN NaN NaN
-0.0363222753 -0.0312848795 -8.89514114
0.0 -0.0388819003 -8.89562987
NaN NaN NaN
-0.0363222753 -0.0312848795 -8.89514114
0.0 0.0 -9.103
NaN NaN NaN
0.0 -0.0388819003 -8.89562987
0.0349504541 -0.0301033108 -8.90299156
NaN NaN NaN
0.0 -0.0388819003 -8.89562987
0.0 0.0 -9.103
NaN NaN NaN
0.0349504541 -0.0301033108 -8.90299156
0.0 0.0 -9.103
NaN NaN NaN
