x y z
0.105004558 0.469862693 -7.51860618
0.123638924 0.475454852 -7.53013652
NaN NaN NaN
0.105004558 0.469862693 -7.51860618
0.0963281185 0.487382907 -7.53647701
NaN NaN NaN
0.123638924 0.475454852 -7.53013652
0.0963281185 0.487382907 -7.53647701
NaN NaN NaN
0.123638924 0.475454852 -7.53013652
0.125801464 0.491285587 -7.54779585
NaN NaN NaN
0.123638924 0.475454852 -7.53013652
0.143512721 0.476691507 -7.54752129
NaN NaN NaN
0.0684934755 0.47242061 -7.53132398
0.0963281185 0.487382907 -7.53647701
NaN NaN NaN
0.0684934755 0.47242061 -7.53132398
0.0474849661 0.453474106 -7.53484664
NaN NaN NaN
0.0684934755 0.47242061 -7.53132398
0.0681935289 0.494314165 -7.55369059
NaN NaN NaN
0.0684934755 0.47242061 -7.53132398
0.0495847392 0.475410671 -7.55342557
NaN NaN NaN
0.0963281185 0.487382907 -7.53647701
0.125801464 0.491285587 -7.54779585
NaN NaN NaN
0.0963281185 0.487382907 -7.53647701
0.108034254 0.504730702 -7.55507899
NaN NaN NaN
0.0963281185 0.487382907 -7.53647701
0.0681935289 0.494314165 -7.55369059
NaN NaN NaN
0.0963281185 0.487382907 -7.53647701
0.0880223012 0.508563161 -7.55940753
NaN NaN NaN
0.0474849661 0.453474106 -7.53484664
0.0495847392 0.475410671 -7.55342557
NaN NaN NaN
0.0474849661 0.453474106 -7.53484664
0.0352355841 0.443646191 -7.55212641
NaN NaN NaN
0.0474849661 0.453474106 -7.53484664
0.0363773049 0.460470597 -7.56466013
NaN NaN NaN
0.125801464 0.491285587 -7.54779585
0.143512721 0.476691507 -7.54752129
NaN NaN NaN
0.125801464 0.491285587 -7.54779585
0.108034254 0.504730702 -7.55507899
NaN NaN NaN
0.125801464 0.491285587 -7.54779585
0.125853216 0.508270088 -7.56550099
NaN NaN NaN
0.125801464 0.491285587 -7.54779585
0.143520911 0.493674002 -7.56533238
NaN NaN NaN
0.143512721 0.476691507 -7.54752129
0.158857987 0.456055548 -7.55064615
NaN NaN NaN
0.143512721 0.476691507 -7.54752129
0.143520911 0.493674002 -7.56533238
NaN NaN NaN
0.143512721 0.476691507 -7.54752129
0.158749266 0.473281133 -7.56874831
NaN NaN NaN
0.108034254 0.504730702 -7.55507899
0.0880223012 0.508563161 -7.55940753
NaN NaN NaN
0.108034254 0.504730702 -7.55507899
0.125853216 0.508270088 -7.56550099
NaN NaN NaN
0.108034254 0.504730702 -7.55507899
0.105011681 0.521367675 -7.57180609
NaN NaN NaN
0.0681935289 0.494314165 -7.55369059
0.0495847392 0.475410671 -7.55342557
NaN NaN NaN
0.0681935289 0.494314165 -7.55369059
0.0880223012 0.508563161 -7.55940753
NaN NaN NaN
0.0681935289 0.494314165 -7.55369059
0.0661234711 0.511124878 -7.57216681
NaN NaN NaN
0.0681935289 0.494314165 -7.55369059
0.0494054226 0.492628168 -7.5707442
NaN NaN NaN
0.0495847392 0.475410671 -7.55342557
0.0363773049 0.460470597 -7.56466013
NaN NaN NaN
0.0495847392 0.475410671 -7.55342557
0.0494054226 0.492628168 -7.5707442
NaN NaN NaN
0.0495847392 0.475410671 -7.55342557
0.0361781522 0.474303598 -7.57842986
NaN NaN NaN
0.0880223012 0.508563161 -7.55940753
0.105011681 0.521367675 -7.57180609
NaN NaN NaN
0.0880223012 0.508563161 -7.55940753
0.0661234711 0.511124878 -7.57216681
NaN NaN NaN
0.0880223012 0.508563161 -7.55940753
0.0836810995 0.528238977 -7.580693
NaN NaN NaN
0.158857987 0.456055548 -7.55064615
0.167110929 0.436120747 -7.55630983
NaN NaN NaN
0.158857987 0.456055548 -7.55064615
0.158749266 0.473281133 -7.56874831
NaN NaN NaN
0.158857987 0.456055548 -7.55064615
0.166846906 0.453836896 -7.57484312
NaN NaN NaN
0.0352355841 0.443646191 -7.55212641
0.0363773049 0.460470597 -7.56466013
NaN NaN NaN
0.0352355841 0.443646191 -7.55212641
0.0306313696 0.44211106 -7.57178056
NaN NaN NaN
0.125853216 0.508270088 -7.56550099
0.143520911 0.493674002 -7.56533238
NaN NaN NaN
0.125853216 0.508270088 -7.56550099
0.105011681 0.521367675 -7.57180609
NaN NaN NaN
0.125853216 0.508270088 -7.56550099
0.125935175 0.525252722 -7.5832244
NaN NaN NaN
0.125853216 0.508270088 -7.56550099
0.143539035 0.510657495 -7.58315853
NaN NaN NaN
0.143520911 0.493674002 -7.56533238
0.158749266 0.473281133 -7.56874831
NaN NaN NaN
0.143520911 0.493674002 -7.56533238
0.143539035 0.510657495 -7.58315853
NaN NaN NaN
0.143520911 0.493674002 -7.56533238
0.158644115 0.490481376 -7.58683533
NaN NaN NaN
0.105011681 0.521367675 -7.57180609
0.0836810995 0.528238977 -7.580693
NaN NaN NaN
0.105011681 0.521367675 -7.57180609
0.125935175 0.525252722 -7.5832244
NaN NaN NaN
0.105011681 0.521367675 -7.57180609
0.105083603 0.538530129 -7.58954745
NaN NaN NaN
0.167110929 0.436120747 -7.55630983
0.166846906 0.453836896 -7.57484312
NaN NaN NaN
0.167110929 0.436120747 -7.55630983
0.169455453 0.428289053 -7.577802
NaN NaN NaN
0.0661234711 0.511124878 -7.57216681
0.0494054226 0.492628168 -7.5707442
NaN NaN NaN
0.0661234711 0.511124878 -7.57216681
0.0836810995 0.528238977 -7.580693
NaN NaN NaN
0.0661234711 0.511124878 -7.57216681
0.0457780352 0.503890861 -7.58726061
NaN NaN NaN
0.0661234711 0.511124878 -7.57216681
0.0678144433 0.536975007 -7.59714548
NaN NaN NaN
0.0661234711 0.511124878 -7.57216681
0.049106718 0.521216536 -7.599513
NaN NaN NaN
0.0363773049 0.460470597 -7.56466013
0.0306313696 0.44211106 -7.57178056
NaN NaN NaN
0.0363773049 0.460470597 -7.56466013
0.0361781522 0.474303598 -7.57842986
NaN NaN NaN
0.0363773049 0.460470597 -7.56466013
0.0303017372 0.455895981 -7.58609803
NaN NaN NaN
0.0494054226 0.492628168 -7.5707442
0.0361781522 0.474303598 -7.57842986
NaN NaN NaN
0.0494054226 0.492628168 -7.5707442
0.0457780352 0.503890861 -7.58726061
NaN NaN NaN
0.0494054226 0.492628168 -7.5707442
0.0359784055 0.488471641 -7.59252281
NaN NaN NaN
0.158749266 0.473281133 -7.56874831
0.166846906 0.453836896 -7.57484312
NaN NaN NaN
0.158749266 0.473281133 -7.56874831
0.158644115 0.490481376 -7.58683533
NaN NaN NaN
0.158749266 0.473281133 -7.56874831
0.166583587 0.471489097 -7.59331348
NaN NaN NaN
0.0836810995 0.528238977 -7.580693
0.105083603 0.538530129 -7.58954745
NaN NaN NaN
0.0836810995 0.528238977 -7.580693
0.0863282059 0.545448002 -7.59760485
NaN NaN NaN
0.0836810995 0.528238977 -7.580693
0.0678144433 0.536975007 -7.59714548
NaN NaN NaN
0.125935175 0.525252722 -7.5832244
0.143539035 0.510657495 -7.58315853
NaN NaN NaN
0.125935175 0.525252722 -7.5832244
0.105083603 0.538530129 -7.58954745
NaN NaN NaN
0.125935175 0.525252722 -7.5832244
0.126062232 0.542223406 -7.60096537
NaN NaN NaN
0.125935175 0.525252722 -7.5832244
0.143569463 0.527639851 -7.60100067
NaN NaN NaN
0.0298882828 0.419614183 -7.56587783
0.0306313696 0.44211106 -7.57178056
NaN NaN NaN
0.0298882828 0.419614183 -7.56587783
0.0296494421 0.432911571 -7.57971871
NaN NaN NaN
0.143539035 0.510657495 -7.58315853
0.158644115 0.490481376 -7.58683533
NaN NaN NaN
0.143539035 0.510657495 -7.58315853
0.143569463 0.527639851 -7.60100067
NaN NaN NaN
0.143539035 0.510657495 -7.58315853
0.158543577 0.507653586 -7.60490725
NaN NaN NaN
0.0306313696 0.44211106 -7.57178056
0.0296494421 0.432911571 -7.57971871
NaN NaN NaN
0.0306313696 0.44211106 -7.57178056
0.0303017372 0.455895981 -7.58609803
NaN NaN NaN
0.105083603 0.538530129 -7.58954745
0.0863282059 0.545448002 -7.59760485
NaN NaN NaN
0.105083603 0.538530129 -7.58954745
0.126062232 0.542223406 -7.60096537
NaN NaN NaN
0.105083603 0.538530129 -7.58954745
0.105216531 0.555684456 -7.60729257
NaN NaN NaN
0.0361781522 0.474303598 -7.57842986
0.0303017372 0.455895981 -7.58609803
NaN NaN NaN
0.0361781522 0.474303598 -7.57842986
0.0359784055 0.488471641 -7.59252281
NaN NaN NaN
0.0361781522 0.474303598 -7.57842986
0.0299642392 0.470009838 -7.60075714
NaN NaN NaN
0.166846906 0.453836896 -7.57484312
0.169455453 0.428289053 -7.577802
NaN NaN NaN
0.166846906 0.453836896 -7.57484312
0.166583587 0.471489097 -7.59331348
NaN NaN NaN
0.166846906 0.453836896 -7.57484312
0.169024022 0.44543358 -7.5956447
NaN NaN NaN
0.0457780352 0.503890861 -7.58726061
0.0359784055 0.488471641 -7.59252281
NaN NaN NaN
0.0457780352 0.503890861 -7.58726061
0.049106718 0.521216536 -7.599513
NaN NaN NaN
0.0457780352 0.503890861 -7.58726061
0.0357701442 0.503042542 -7.60702627
NaN NaN NaN
0.158644115 0.490481376 -7.58683533
0.166583587 0.471489097 -7.59331348
NaN NaN NaN
0.158644115 0.490481376 -7.58683533
0.158543577 0.507653586 -7.60490725
NaN NaN NaN
0.158644115 0.490481376 -7.58683533
0.1663209 0.489077286 -7.61172071
NaN NaN NaN
0.0863282059 0.545448002 -7.59760485
0.0678144433 0.536975007 -7.59714548
NaN NaN NaN
0.0863282059 0.545448002 -7.59760485
0.105216531 0.555684456 -7.60729257
NaN NaN NaN
0.0863282059 0.545448002 -7.59760485
0.086431426 0.562766822 -7.61533308
NaN NaN NaN
0.0863282059 0.545448002 -7.59760485
0.0661608033 0.554062556 -7.61557164
NaN NaN NaN
0.0678144433 0.536975007 -7.59714548
0.049106718 0.521216536 -7.599513
NaN NaN NaN
0.0678144433 0.536975007 -7.59714548
0.0661608033 0.554062556 -7.61557164
NaN NaN NaN
0.0678144433 0.536975007 -7.59714548
0.0487970305 0.536155248 -7.61475864
NaN NaN NaN
0.169455453 0.428289053 -7.577802
0.169024022 0.44543358 -7.5956447
NaN NaN NaN
0.169455453 0.428289053 -7.577802
0.164763761 0.422254614 -7.60327305
NaN NaN NaN
0.0296494421 0.432911571 -7.57971871
0.0303017372 0.455895981 -7.58609803
NaN NaN NaN
0.0296494421 0.432911571 -7.57971871
0.0323194096 0.413442043 -7.58623449
NaN NaN NaN
0.0296494421 0.432911571 -7.57971871
0.0294047058 0.446537197 -7.59390124
NaN NaN NaN
0.0296494421 0.432911571 -7.57971871
0.0323427605 0.426783083 -7.60073604
NaN NaN NaN
0.126062232 0.542223406 -7.60096537
0.143569463 0.527639851 -7.60100067
NaN NaN NaN
0.126062232 0.542223406 -7.60096537
0.105216531 0.555684456 -7.60729257
NaN NaN NaN
0.126062232 0.542223406 -7.60096537
0.12625643 0.559165974 -7.61872198
NaN NaN NaN
0.126062232 0.542223406 -7.60096537
0.143616378 0.54461754 -7.61886061
NaN NaN NaN
0.0303017372 0.455895981 -7.58609803
0.0294047058 0.446537197 -7.59390124
NaN NaN NaN
0.0303017372 0.455895981 -7.58609803
0.0299642392 0.470009838 -7.60075714
NaN NaN NaN
0.0359784055 0.488471641 -7.59252281
0.0299642392 0.470009838 -7.60075714
NaN NaN NaN
0.0359784055 0.488471641 -7.59252281
0.0357701442 0.503042542 -7.60702627
NaN NaN NaN
0.0359784055 0.488471641 -7.59252281
0.0296188783 0.484452516 -7.61575778
NaN NaN NaN
0.049106718 0.521216536 -7.599513
0.0357701442 0.503042542 -7.60702627
NaN NaN NaN
0.049106718 0.521216536 -7.599513
0.0487970305 0.536155248 -7.61475864
NaN NaN NaN
0.049106718 0.521216536 -7.599513
0.0355336004 0.517895216 -7.62187829
NaN NaN NaN
0.143569463 0.527639851 -7.60100067
0.158543577 0.507653586 -7.60490725
NaN NaN NaN
0.143569463 0.527639851 -7.60100067
0.143616378 0.54461754 -7.61886061
NaN NaN NaN
0.143569463 0.527639851 -7.60100067
0.158449555 0.524793392 -7.62296451
NaN NaN NaN
0.105216531 0.555684456 -7.60729257
0.086431426 0.562766822 -7.61533308
NaN NaN NaN
0.105216531 0.555684456 -7.60729257
0.12625643 0.559165974 -7.61872198
NaN NaN NaN
0.105216531 0.555684456 -7.60729257
0.105436082 0.572819756 -7.62503585
NaN NaN NaN
0.166583587 0.471489097 -7.59331348
0.169024022 0.44543358 -7.5956447
NaN NaN NaN
0.166583587 0.471489097 -7.59331348
0.1663209 0.489077286 -7.61172071
NaN NaN NaN
0.166583587 0.471489097 -7.59331348
0.168592591 0.462578107 -7.6134874
NaN NaN NaN
0.0323194096 0.413442043 -7.58623449
0.0323427605 0.426783083 -7.60073604
NaN NaN NaN
0.0323194096 0.413442043 -7.58623449
0.0423055448 0.405184312 -7.60776768
NaN NaN NaN
0.0294047058 0.446537197 -7.59390124
0.0299642392 0.470009838 -7.60075714
NaN NaN NaN
0.0294047058 0.446537197 -7.59390124
0.0323427605 0.426783083 -7.60073604
NaN NaN NaN
0.0294047058 0.446537197 -7.59390124
0.0291540668 0.460491455 -7.60842584
NaN NaN NaN
0.0294047058 0.446537197 -7.59390124
0.0323770436 0.440455117 -7.61557542
NaN NaN NaN
0.086431426 0.562766822 -7.61533308
0.0661608033 0.554062556 -7.61557164
NaN NaN NaN
0.086431426 0.562766822 -7.61533308
0.105436082 0.572819756 -7.62503585
NaN NaN NaN
0.086431426 0.562766822 -7.61533308
0.0897644109 0.580285369 -7.6326839
NaN NaN NaN
0.086431426 0.562766822 -7.61533308
0.0639039918 0.571411481 -7.63474144
NaN NaN NaN
0.158543577 0.507653586 -7.60490725
0.1663209 0.489077286 -7.61172071
NaN NaN NaN
0.158543577 0.507653586 -7.60490725
0.158449555 0.524793392 -7.62296451
NaN NaN NaN
0.158543577 0.507653586 -7.60490725
0.16605877 0.506601365 -7.63006459
NaN NaN NaN
0.0661608033 0.554062556 -7.61557164
0.0487970305 0.536155248 -7.61475864
NaN NaN NaN
0.0661608033 0.554062556 -7.61557164
0.0639039918 0.571411481 -7.63474144
NaN NaN NaN
0.0661608033 0.554062556 -7.61557164
0.0472224843 0.553045951 -7.63368414
NaN NaN NaN
0.0299642392 0.470009838 -7.60075714
0.0291540668 0.460491455 -7.60842584
NaN NaN NaN
0.0299642392 0.470009838 -7.60075714
0.0296188783 0.484452516 -7.61575778
NaN NaN NaN
0.0357701442 0.503042542 -7.60702627
0.0355336004 0.517895216 -7.62187829
NaN NaN NaN
0.0357701442 0.503042542 -7.60702627
0.0296188783 0.484452516 -7.61575778
NaN NaN NaN
0.0357701442 0.503042542 -7.60702627
0.0292656703 0.499223351 -7.63109925
NaN NaN NaN
0.169024022 0.44543358 -7.5956447
0.164763761 0.422254614 -7.60327305
NaN NaN NaN
0.169024022 0.44543358 -7.5956447
0.168592591 0.462578107 -7.6134874
NaN NaN NaN
0.169024022 0.44543358 -7.5956447
0.16411246 0.439813685 -7.62146246
NaN NaN NaN
0.0 0.427254787 -7.59350172
0.0188447281 0.397032421 -7.61191269
NaN NaN NaN
0.0 0.427254787 -7.59350172
-0.0568482058 0.395888638 -7.63098168
NaN NaN NaN
0.0 0.427254787 -7.59350172
0.0 0.419408777 -7.63621888
NaN NaN NaN
0.0487970305 0.536155248 -7.61475864
0.0355336004 0.517895216 -7.62187829
NaN NaN NaN
0.0487970305 0.536155248 -7.61475864
0.0472224843 0.553045951 -7.63368414
NaN NaN NaN
0.0487970305 0.536155248 -7.61475864
0.0351491553 0.532906895 -7.63728474
NaN NaN NaN
0.12625643 0.559165974 -7.61872198
0.143616378 0.54461754 -7.61886061
NaN NaN NaN
0.12625643 0.559165974 -7.61872198
0.105436082 0.572819756 -7.62503585
NaN NaN NaN
0.12625643 0.559165974 -7.61872198
0.126544998 0.576057917 -7.63649023
NaN NaN NaN
0.12625643 0.559165974 -7.61872198
0.143686841 0.561584626 -7.63674138
NaN NaN NaN
0.143616378 0.54461754 -7.61886061
0.158449555 0.524793392 -7.62296451
NaN NaN NaN
0.143616378 0.54461754 -7.61886061
0.143686841 0.561584626 -7.63674138
NaN NaN NaN
0.143616378 0.54461754 -7.61886061
0.158365331 0.541893645 -7.64100829
NaN NaN NaN
0.105436082 0.572819756 -7.62503585
0.0897644109 0.580285369 -7.6326839
NaN NaN NaN
0.105436082 0.572819756 -7.62503585
0.126544998 0.576057917 -7.63649023
NaN NaN NaN
0.105436082 0.572819756 -7.62503585
0.105768067 0.589914082 -7.64276174
NaN NaN NaN
0.0323427605 0.426783083 -7.60073604
0.0423055448 0.405184312 -7.60776768
NaN NaN NaN
0.0323427605 0.426783083 -7.60073604
0.0323770436 0.440455117 -7.61557542
NaN NaN NaN
0.0323427605 0.426783083 -7.60073604
0.0426882013 0.418887229 -7.62241164
NaN NaN NaN
0.1663209 0.489077286 -7.61172071
0.168592591 0.462578107 -7.6134874
NaN NaN NaN
0.1663209 0.489077286 -7.61172071
0.16605877 0.506601365 -7.63006459
NaN NaN NaN
0.1663209 0.489077286 -7.61172071
0.16816116 0.479722633 -7.6313301
NaN NaN NaN
0.0291540668 0.460491455 -7.60842584
0.0296188783 0.484452516 -7.61575778
NaN NaN NaN
0.0291540668 0.460491455 -7.60842584
0.0323770436 0.440455117 -7.61557542
NaN NaN NaN
0.0291540668 0.460491455 -7.60842584
0.0288975276 0.474774203 -7.62329235
NaN NaN NaN
0.0291540668 0.460491455 -7.60842584
0.0324227607 0.454457396 -7.63075012
NaN NaN NaN
0.0897644109 0.580285369 -7.6326839
0.0639039918 0.571411481 -7.63474144
NaN NaN NaN
0.0897644109 0.580285369 -7.6326839
0.105768067 0.589914082 -7.64276174
NaN NaN NaN
0.0897644109 0.580285369 -7.6326839
0.0865242171 0.597546645 -7.65097641
NaN NaN NaN
0.0355336004 0.517895216 -7.62187829
0.0292656703 0.499223351 -7.63109925
NaN NaN NaN
0.0355336004 0.517895216 -7.62187829
0.0351491553 0.532906895 -7.63728474
NaN NaN NaN
0.0355336004 0.517895216 -7.62187829
0.0289046448 0.514321104 -7.64678027
NaN NaN NaN
0.0296188783 0.484452516 -7.61575778
0.0288975276 0.474774203 -7.62329235
NaN NaN NaN
0.0296188783 0.484452516 -7.61575778
0.0292656703 0.499223351 -7.63109925
NaN NaN NaN
0.164763761 0.422254614 -7.60327305
0.148493925 0.392508881 -7.60914664
NaN NaN NaN
0.164763761 0.422254614 -7.60327305
0.16411246 0.439813685 -7.62146246
NaN NaN NaN
0.164763761 0.422254614 -7.60327305
0.148521007 0.413871289 -7.62932314
NaN NaN NaN
0.158449555 0.524793392 -7.62296451
0.16605877 0.506601365 -7.63006459
NaN NaN NaN
0.158449555 0.524793392 -7.62296451
0.158365331 0.541893645 -7.64100829
NaN NaN NaN
0.158449555 0.524793392 -7.62296451
0.16579713 0.524061199 -7.64834484
NaN NaN NaN
0.168592591 0.462578107 -7.6134874
0.16411246 0.439813685 -7.62146246
NaN NaN NaN
0.168592591 0.462578107 -7.6134874
0.16816116 0.479722633 -7.6313301
NaN NaN NaN
0.168592591 0.462578107 -7.6134874
0.163458508 0.457340293 -7.63961573
NaN NaN NaN
0.0639039918 0.571411481 -7.63474144
0.0472224843 0.553045951 -7.63368414
NaN NaN NaN
0.0639039918 0.571411481 -7.63474144
0.0865242171 0.597546645 -7.65097641
NaN NaN NaN
0.0639039918 0.571411481 -7.63474144
0.0642358354 0.596597902 -7.65996436
NaN NaN NaN
0.0639039918 0.571411481 -7.63474144
0.0440346144 0.573911295 -7.65905857
NaN NaN NaN
0.126544998 0.576057917 -7.63649023
0.143686841 0.561584626 -7.63674138
NaN NaN NaN
0.126544998 0.576057917 -7.63649023
0.105768067 0.589914082 -7.64276174
NaN NaN NaN
0.126544998 0.576057917 -7.63649023
0.126949177 0.592875546 -7.65426313
NaN NaN NaN
0.126544998 0.576057917 -7.63649023
0.143792181 0.578531073 -7.65464748
NaN NaN NaN
0.0472224843 0.553045951 -7.63368414
0.0351491553 0.532906895 -7.63728474
NaN NaN NaN
0.0472224843 0.553045951 -7.63368414
0.0346432413 0.548199355 -7.65329113
NaN NaN NaN
0.0472224843 0.553045951 -7.63368414
0.0440346144 0.573911295 -7.65905857
NaN NaN NaN
0.0423055448 0.405184312 -7.60776768
0.0608140558 0.384352554 -7.61230656
NaN NaN NaN
0.0423055448 0.405184312 -7.60776768
0.0426882013 0.418887229 -7.62241164
NaN NaN NaN
0.0423055448 0.405184312 -7.60776768
0.0593926768 0.399664819 -7.62608947
NaN NaN NaN
0.143686841 0.561584626 -7.63674138
0.158365331 0.541893645 -7.64100829
NaN NaN NaN
0.143686841 0.561584626 -7.63674138
0.143792181 0.578531073 -7.65464748
NaN NaN NaN
0.143686841 0.561584626 -7.63674138
0.158296303 0.558942747 -7.65904084
NaN NaN NaN
0.0323770436 0.440455117 -7.61557542
0.0426882013 0.418887229 -7.62241164
NaN NaN NaN
0.0323770436 0.440455117 -7.61557542
0.0324227607 0.454457396 -7.63075012
NaN NaN NaN
0.0323770436 0.440455117 -7.61557542
0.043088949 0.432915335 -7.63737202
NaN NaN NaN
0.105768067 0.589914082 -7.64276174
0.0865242171 0.597546645 -7.65097641
NaN NaN NaN
0.105768067 0.589914082 -7.64276174
0.126949177 0.592875546 -7.65426313
NaN NaN NaN
0.105768067 0.589914082 -7.64276174
0.106216636 0.606929441 -7.66043605
NaN NaN NaN
0.0288975276 0.474774203 -7.62329235
0.0292656703 0.499223351 -7.63109925
NaN NaN NaN
0.0288975276 0.474774203 -7.62329235
0.0324227607 0.454457396 -7.63075012
NaN NaN NaN
0.0288975276 0.474774203 -7.62329235
0.028635101 0.489384732 -7.63850004
NaN NaN NaN
0.0288975276 0.474774203 -7.62329235
0.0324803848 0.468788494 -7.64625689
NaN NaN NaN
0.16605877 0.506601365 -7.63006459
0.16816116 0.479722633 -7.6313301
NaN NaN NaN
0.16605877 0.506601365 -7.63006459
0.16579713 0.524061199 -7.64834484
NaN NaN NaN
0.16605877 0.506601365 -7.63006459
0.167729729 0.49686716 -7.6491728
NaN NaN NaN
0.148493925 0.392508881 -7.60914664
0.148521007 0.413871289 -7.62932314
NaN NaN NaN
0.148493925 0.392508881 -7.60914664
0.123892491 0.392359625 -7.63032159
NaN NaN NaN
0.0188447281 0.397032421 -7.61191269
0.0 0.419408777 -7.63621888
NaN NaN NaN
0.0188447281 0.397032421 -7.61191269
0.0348180613 0.365121416 -7.62952614
NaN NaN NaN
0.0188447281 0.397032421 -7.61191269
0.0136806576 0.3983937 -7.6445465
NaN NaN NaN
0.0292656703 0.499223351 -7.63109925
0.028635101 0.489384732 -7.63850004
NaN NaN NaN
0.0292656703 0.499223351 -7.63109925
0.0289046448 0.514321104 -7.64678027
NaN NaN NaN
0.0351491553 0.532906895 -7.63728474
0.0289046448 0.514321104 -7.64678027
NaN NaN NaN
0.0351491553 0.532906895 -7.63728474
0.0346432413 0.548199355 -7.65329113
NaN NaN NaN
0.0351491553 0.532906895 -7.63728474
0.0285358459 0.529743936 -7.66279893
NaN NaN NaN
0.16411246 0.439813685 -7.62146246
0.148521007 0.413871289 -7.62932314
NaN NaN NaN
0.16411246 0.439813685 -7.62146246
0.163458508 0.457340293 -7.63961573
NaN NaN NaN
0.16411246 0.439813685 -7.62146246
0.147848164 0.43232596 -7.64769262
NaN NaN NaN
0.0865242171 0.597546645 -7.65097641
0.106216636 0.606929441 -7.66043605
NaN NaN NaN
0.0865242171 0.597546645 -7.65097641
0.0642358354 0.596597902 -7.65996436
NaN NaN NaN
0.0865242171 0.597546645 -7.65097641
0.0863310787 0.615096013 -7.66901626
NaN NaN NaN
0.0608140558 0.384352554 -7.61230656
0.0593926768 0.399664819 -7.62608947
NaN NaN NaN
0.0608140558 0.384352554 -7.61230656
0.0773298736 0.391112342 -7.63020018
NaN NaN NaN
0.158365331 0.541893645 -7.64100829
0.16579713 0.524061199 -7.64834484
NaN NaN NaN
0.158365331 0.541893645 -7.64100829
0.158296303 0.558942747 -7.65904084
NaN NaN NaN
0.158365331 0.541893645 -7.64100829
0.165535912 0.54145662 -7.66656117
NaN NaN NaN
0.16816116 0.479722633 -7.6313301
0.163458508 0.457340293 -7.63961573
NaN NaN NaN
0.16816116 0.479722633 -7.6313301
0.167729729 0.49686716 -7.6491728
NaN NaN NaN
0.16816116 0.479722633 -7.6313301
0.162801837 0.474833805 -7.65773215
NaN NaN NaN
0.0426882013 0.418887229 -7.62241164
0.0593926768 0.399664819 -7.62608947
NaN NaN NaN
0.0426882013 0.418887229 -7.62241164
0.043088949 0.432915335 -7.63737202
NaN NaN NaN
0.0426882013 0.418887229 -7.62241164
0.0677293515 0.411959183 -7.64509569
NaN NaN NaN
0.126949177 0.592875546 -7.65426313
0.143792181 0.578531073 -7.65464748
NaN NaN NaN
0.126949177 0.592875546 -7.65426313
0.106216636 0.606929441 -7.66043605
NaN NaN NaN
0.126949177 0.592875546 -7.65426313
0.127453328 0.609612696 -7.67202967
NaN NaN NaN
0.126949177 0.592875546 -7.65426313
0.143949148 0.595440077 -7.67258398
NaN NaN NaN
0.0792384414 0.374508605 -7.61484101
0.0986109401 0.379370951 -7.62380305
NaN NaN NaN
0.0792384414 0.374508605 -7.61484101
0.0773298736 0.391112342 -7.63020018
NaN NaN NaN
0.0324227607 0.454457396 -7.63075012
0.043088949 0.432915335 -7.63737202
NaN NaN NaN
0.0324227607 0.454457396 -7.63075012
0.0324803848 0.468788494 -7.64625689
NaN NaN NaN
0.0324227607 0.454457396 -7.63075012
0.0435079004 0.447267263 -7.6526452
NaN NaN NaN
0.028635101 0.489384732 -7.63850004
0.0289046448 0.514321104 -7.64678027
NaN NaN NaN
0.028635101 0.489384732 -7.63850004
0.0324803848 0.468788494 -7.64625689
NaN NaN NaN
0.028635101 0.489384732 -7.63850004
0.0283668103 0.504321742 -7.65404756
NaN NaN NaN
0.028635101 0.489384732 -7.63850004
0.0325503538 0.483446276 -7.66209165
NaN NaN NaN
0.143792181 0.578531073 -7.65464748
0.158296303 0.558942747 -7.65904084
NaN NaN NaN
0.143792181 0.578531073 -7.65464748
0.143949148 0.595440077 -7.67258398
NaN NaN NaN
0.143792181 0.578531073 -7.65464748
0.158250793 0.575922384 -7.67706564
NaN NaN NaN
0.106216636 0.606929441 -7.66043605
0.0863310787 0.615096013 -7.66901626
NaN NaN NaN
0.106216636 0.606929441 -7.66043605
0.127453328 0.609612696 -7.67202967
NaN NaN NaN
0.106216636 0.606929441 -7.66043605
0.106716636 0.623814569 -7.67799777
NaN NaN NaN
0.0642358354 0.596597902 -7.65996436
0.0440346144 0.573911295 -7.65905857
NaN NaN NaN
0.0642358354 0.596597902 -7.65996436
0.0863310787 0.615096013 -7.66901626
NaN NaN NaN
0.0642358354 0.596597902 -7.65996436
0.0641172822 0.615906658 -7.67958261
NaN NaN NaN
0.0642358354 0.596597902 -7.65996436
0.0462725695 0.598335423 -7.6799007
NaN NaN NaN
0.0289046448 0.514321104 -7.64678027
0.0283668103 0.504321742 -7.65404756
NaN NaN NaN
0.0289046448 0.514321104 -7.64678027
0.0285358459 0.529743936 -7.66279893
NaN NaN NaN
0.0346432413 0.548199355 -7.65329113
0.0440346144 0.573911295 -7.65905857
NaN NaN NaN
0.0346432413 0.548199355 -7.65329113
0.0285358459 0.529743936 -7.66279893
NaN NaN NaN
0.0346432413 0.548199355 -7.65329113
0.0320375812 0.560578106 -7.67300735
NaN NaN NaN
0.0346432413 0.548199355 -7.65329113
0.0281593322 0.545489391 -7.67915267
NaN NaN NaN
0.16579713 0.524061199 -7.64834484
0.167729729 0.49686716 -7.6491728
NaN NaN NaN
0.16579713 0.524061199 -7.64834484
0.165535912 0.54145662 -7.66656117
NaN NaN NaN
0.16579713 0.524061199 -7.64834484
0.167298298 0.514011687 -7.6670155
NaN NaN NaN
0.0593926768 0.399664819 -7.62608947
0.0773298736 0.391112342 -7.63020018
NaN NaN NaN
0.0593926768 0.399664819 -7.62608947
0.0677293515 0.411959183 -7.64509569
NaN NaN NaN
0.0440346144 0.573911295 -7.65905857
0.0320375812 0.560578106 -7.67300735
NaN NaN NaN
0.0440346144 0.573911295 -7.65905857
0.0462725695 0.598335423 -7.6799007
NaN NaN NaN
0.0440346144 0.573911295 -7.65905857
0.0329305504 0.577923678 -7.68653037
NaN NaN NaN
0.148521007 0.413871289 -7.62932314
0.123892491 0.392359625 -7.63032159
NaN NaN NaN
0.148521007 0.413871289 -7.62932314
0.147848164 0.43232596 -7.64769262
NaN NaN NaN
0.148521007 0.413871289 -7.62932314
0.12380315 0.411225349 -7.64844207
NaN NaN NaN
0.0986109401 0.379370951 -7.62380305
0.0773298736 0.391112342 -7.63020018
NaN NaN NaN
0.0986109401 0.379370951 -7.62380305
0.123892491 0.392359625 -7.63032159
NaN NaN NaN
0.0986109401 0.379370951 -7.62380305
0.0982516419 0.397312481 -7.64114564
NaN NaN NaN
0.163458508 0.457340293 -7.63961573
0.147848164 0.43232596 -7.64769262
NaN NaN NaN
0.163458508 0.457340293 -7.63961573
0.162801837 0.474833805 -7.65773215
NaN NaN NaN
0.163458508 0.457340293 -7.63961573
0.147331789 0.45061857 -7.66570111
NaN NaN NaN
0.0863310787 0.615096013 -7.66901626
0.106716636 0.623814569 -7.67799777
NaN NaN NaN
0.0863310787 0.615096013 -7.66901626
0.0641172822 0.615906658 -7.67958261
NaN NaN NaN
0.0863310787 0.615096013 -7.66901626
0.0862950781 0.632838758 -7.68722508
NaN NaN NaN
0.158296303 0.558942747 -7.65904084
0.165535912 0.54145662 -7.66656117
NaN NaN NaN
0.158296303 0.558942747 -7.65904084
0.158250793 0.575922384 -7.67706564
NaN NaN NaN
0.158296303 0.558942747 -7.65904084
0.16527505 0.558787431 -7.68471322
NaN NaN NaN
0.043088949 0.432915335 -7.63737202
0.0677293515 0.411959183 -7.64509569
NaN NaN NaN
0.043088949 0.432915335 -7.63737202
0.0435079004 0.447267263 -7.6526452
NaN NaN NaN
0.043088949 0.432915335 -7.63737202
0.0569387502 0.431734967 -7.65538017
NaN NaN NaN
-0.0568482058 0.395888638 -7.63098168
0.0 0.419408777 -7.63621888
NaN NaN NaN
-0.0568482058 0.395888638 -7.63098168
0.0 0.410990357 -7.6820525
NaN NaN NaN
-0.0568482058 0.395888638 -7.63098168
-0.0624824695 0.384578985 -7.67934587
NaN NaN NaN
0.167729729 0.49686716 -7.6491728
0.162801837 0.474833805 -7.65773215
NaN NaN NaN
0.167729729 0.49686716 -7.6491728
0.167298298 0.514011687 -7.6670155
NaN NaN NaN
0.167729729 0.49686716 -7.6491728
0.162142379 0.492293576 -7.675811
NaN NaN NaN
0.0773298736 0.391112342 -7.63020018
0.0982516419 0.397312481 -7.64114564
NaN NaN NaN
0.0773298736 0.391112342 -7.63020018
0.0677293515 0.411959183 -7.64509569
NaN NaN NaN
0.123892491 0.392359625 -7.63032159
0.0982516419 0.397312481 -7.64114564
NaN NaN NaN
0.123892491 0.392359625 -7.63032159
0.12380315 0.411225349 -7.64844207
NaN NaN NaN
0.0 0.419408777 -7.63621888
0.0136806576 0.3983937 -7.6445465
NaN NaN NaN
0.0 0.419408777 -7.63621888
0.0 0.410990357 -7.6820525
NaN NaN NaN
0.0324803848 0.468788494 -7.64625689
0.0435079004 0.447267263 -7.6526452
NaN NaN NaN
0.0324803848 0.468788494 -7.64625689
0.0325503538 0.483446276 -7.66209165
NaN NaN NaN
0.0324803848 0.468788494 -7.64625689
0.0439450855 0.461941025 -7.66822691
NaN NaN NaN
0.127453328 0.609612696 -7.67202967
0.143949148 0.595440077 -7.67258398
NaN NaN NaN
0.127453328 0.609612696 -7.67202967
0.106716636 0.623814569 -7.67799777
NaN NaN NaN
0.127453328 0.609612696 -7.67202967
0.127946161 0.626322422 -7.68977435
NaN NaN NaN
0.127453328 0.609612696 -7.67202967
0.144178771 0.612284162 -7.69055184
NaN NaN NaN
0.0283668103 0.504321742 -7.65404756
0.0285358459 0.529743936 -7.66279893
NaN NaN NaN
0.0283668103 0.504321742 -7.65404756
0.0325503538 0.483446276 -7.66209165
NaN NaN NaN
0.0283668103 0.504321742 -7.65404756
0.0280926898 0.519583321 -7.66993291
NaN NaN NaN
0.0283668103 0.504321742 -7.65404756
0.0325433537 0.498581321 -7.67807757
NaN NaN NaN
0.0348180613 0.365121416 -7.62952614
0.0136806576 0.3983937 -7.6445465
NaN NaN NaN
0.0348180613 0.365121416 -7.62952614
0.0437492065 0.35299685 -7.6693389
NaN NaN NaN
0.143949148 0.595440077 -7.67258398
0.158250793 0.575922384 -7.67706564
NaN NaN NaN
0.143949148 0.595440077 -7.67258398
0.144178771 0.612284162 -7.69055184
NaN NaN NaN
0.143949148 0.595440077 -7.67258398
0.158240317 0.592805314 -7.6950868
NaN NaN NaN
0.106716636 0.623814569 -7.67799777
0.0862950781 0.632838758 -7.68722508
NaN NaN NaN
0.106716636 0.623814569 -7.67799777
0.127946161 0.626322422 -7.68977435
NaN NaN NaN
0.106716636 0.623814569 -7.67799777
0.107078415 0.640546148 -7.69538393
NaN NaN NaN
0.0285358459 0.529743936 -7.66279893
0.0280926898 0.519583321 -7.66993291
NaN NaN NaN
0.0285358459 0.529743936 -7.66279893
0.0281593322 0.545489391 -7.67915267
NaN NaN NaN
0.0641172822 0.615906658 -7.67958261
0.0462725695 0.598335423 -7.6799007
NaN NaN NaN
0.0641172822 0.615906658 -7.67958261
0.0862950781 0.632838758 -7.68722508
NaN NaN NaN
0.0641172822 0.615906658 -7.67958261
0.0625183524 0.633241364 -7.69826068
NaN NaN NaN
0.0641172822 0.615906658 -7.67958261
0.0450458687 0.615526618 -7.69866502
NaN NaN NaN
0.165535912 0.54145662 -7.66656117
0.167298298 0.514011687 -7.6670155
NaN NaN NaN
0.165535912 0.54145662 -7.66656117
0.16527505 0.558787431 -7.68471322
NaN NaN NaN
0.165535912 0.54145662 -7.66656117
0.166866867 0.531156213 -7.6848582
NaN NaN NaN
0.0982516419 0.397312481 -7.64114564
0.0677293515 0.411959183 -7.64509569
NaN NaN NaN
0.0982516419 0.397312481 -7.64114564
0.12380315 0.411225349 -7.64844207
NaN NaN NaN
0.0982516419 0.397312481 -7.64114564
0.0978923436 0.415254011 -7.65848824
NaN NaN NaN
0.147848164 0.43232596 -7.64769262
0.12380315 0.411225349 -7.64844207
NaN NaN NaN
0.147848164 0.43232596 -7.64769262
0.147331789 0.45061857 -7.66570111
NaN NaN NaN
0.147848164 0.43232596 -7.64769262
0.123145737 0.429692513 -7.666472
NaN NaN NaN
0.0677293515 0.411959183 -7.64509569
0.0569387502 0.431734967 -7.65538017
NaN NaN NaN
0.0677293515 0.411959183 -7.64509569
0.0978923436 0.415254011 -7.65848824
NaN NaN NaN
0.0677293515 0.411959183 -7.64509569
0.0757028563 0.428960868 -7.66640541
NaN NaN NaN
0.0320375812 0.560578106 -7.67300735
0.0281593322 0.545489391 -7.67915267
NaN NaN NaN
0.0320375812 0.560578106 -7.67300735
0.0329305504 0.577923678 -7.68653037
NaN NaN NaN
0.0320375812 0.560578106 -7.67300735
0.0277751779 0.561554372 -7.69583829
NaN NaN NaN
0.0462725695 0.598335423 -7.6799007
0.0329305504 0.577923678 -7.68653037
NaN NaN NaN
0.0462725695 0.598335423 -7.6799007
0.0450458687 0.615526618 -7.69866502
NaN NaN NaN
0.0462725695 0.598335423 -7.6799007
0.033033045 0.596093697 -7.70350781
NaN NaN NaN
0.0435079004 0.447267263 -7.6526452
0.0569387502 0.431734967 -7.65538017
NaN NaN NaN
0.0435079004 0.447267263 -7.6526452
0.0439450855 0.461941025 -7.66822691
NaN NaN NaN
0.0435079004 0.447267263 -7.6526452
0.0614767583 0.44282411 -7.67063041
NaN NaN NaN
0.162801837 0.474833805 -7.65773215
0.147331789 0.45061857 -7.66570111
NaN NaN NaN
0.162801837 0.474833805 -7.65773215
0.162142379 0.492293576 -7.675811
NaN NaN NaN
0.162801837 0.474833805 -7.65773215
0.149077792 0.469895843 -7.68155856
NaN NaN NaN
0.0136806576 0.3983937 -7.6445465
0.0437492065 0.35299685 -7.6693389
NaN NaN NaN
0.0136806576 0.3983937 -7.6445465
0.0 0.410990357 -7.6820525
NaN NaN NaN
0.0136806576 0.3983937 -7.6445465
0.00747118382 0.400030553 -7.68378663
NaN NaN NaN
0.0862950781 0.632838758 -7.68722508
0.107078415 0.640546148 -7.69538393
NaN NaN NaN
0.0862950781 0.632838758 -7.68722508
0.0625183524 0.633241364 -7.69826068
NaN NaN NaN
0.0862950781 0.632838758 -7.68722508
0.0870786103 0.650685352 -7.70539854
NaN NaN NaN
0.158250793 0.575922384 -7.67706564
0.16527505 0.558787431 -7.68471322
NaN NaN NaN
0.158250793 0.575922384 -7.67706564
0.158240317 0.592805314 -7.6950868
NaN NaN NaN
0.158250793 0.575922384 -7.67706564
0.165014482 0.576053404 -7.70280063
NaN NaN NaN
0.0325503538 0.483446276 -7.66209165
0.0439450855 0.461941025 -7.66822691
NaN NaN NaN
0.0325503538 0.483446276 -7.66209165
0.0325433537 0.498581321 -7.67807757
NaN NaN NaN
0.0325503538 0.483446276 -7.66209165
0.0421683385 0.477232762 -7.68051941
NaN NaN NaN
0.167298298 0.514011687 -7.6670155
0.162142379 0.492293576 -7.675811
NaN NaN NaN
0.167298298 0.514011687 -7.6670155
0.166866867 0.531156213 -7.6848582
NaN NaN NaN
0.167298298 0.514011687 -7.6670155
0.161480061 0.509718946 -7.69385153
NaN NaN NaN
0.12380315 0.411225349 -7.64844207
0.0978923436 0.415254011 -7.65848824
NaN NaN NaN
0.12380315 0.411225349 -7.64844207
0.123145737 0.429692513 -7.666472
NaN NaN NaN
0.0280926898 0.519583321 -7.66993291
0.0281593322 0.545489391 -7.67915267
NaN NaN NaN
0.0280926898 0.519583321 -7.66993291
0.0325433537 0.498581321 -7.67807757
NaN NaN NaN
0.0280926898 0.519583321 -7.66993291
0.0278127854 0.535166923 -7.68615345
NaN NaN NaN
0.0280926898 0.519583321 -7.66993291
0.0324554574 0.514175859 -7.69422039
NaN NaN NaN
0.127946161 0.626322422 -7.68977435
0.107078415 0.640546148 -7.69538393
NaN NaN NaN
0.127946161 0.626322422 -7.68977435
0.144178771 0.612284162 -7.69055184
NaN NaN NaN
0.127946161 0.626322422 -7.68977435
0.128172098 0.6431648 -7.70748339
NaN NaN NaN
0.127946161 0.626322422 -7.68977435
0.144496378 0.62902048 -7.70853124
NaN NaN NaN
0.0569387502 0.431734967 -7.65538017
0.0757028563 0.428960868 -7.66640541
NaN NaN NaN
0.0569387502 0.431734967 -7.65538017
0.0614767583 0.44282411 -7.67063041
NaN NaN NaN
0.107078415 0.640546148 -7.69538393
0.0870786103 0.650685352 -7.70539854
NaN NaN NaN
0.107078415 0.640546148 -7.69538393
0.128172098 0.6431648 -7.70748339
NaN NaN NaN
0.107078415 0.640546148 -7.69538393
0.107063053 0.65728692 -7.7127039
NaN NaN NaN
0.0281593322 0.545489391 -7.67915267
0.0278127854 0.535166923 -7.68615345
NaN NaN NaN
0.0281593322 0.545489391 -7.67915267
0.0277751779 0.561554372 -7.69583829
NaN NaN NaN
0.144178771 0.612284162 -7.69055184
0.158240317 0.592805314 -7.6950868
NaN NaN NaN
0.144178771 0.612284162 -7.69055184
0.144496378 0.62902048 -7.70853124
NaN NaN NaN
0.144178771 0.612284162 -7.69055184
0.158277348 0.60955599 -7.7131055
NaN NaN NaN
0.0329305504 0.577923678 -7.68653037
0.0277751779 0.561554372 -7.69583829
NaN NaN NaN
0.0329305504 0.577923678 -7.68653037
0.033033045 0.596093697 -7.70350781
NaN NaN NaN
0.0329305504 0.577923678 -7.68653037
0.0273834727 0.577935126 -7.71285187
NaN NaN NaN
0.0978923436 0.415254011 -7.65848824
0.0757028563 0.428960868 -7.66640541
NaN NaN NaN
0.0978923436 0.415254011 -7.65848824
0.123145737 0.429692513 -7.666472
NaN NaN NaN
0.0978923436 0.415254011 -7.65848824
0.0975330453 0.433195541 -7.67583083
NaN NaN NaN
0.0625183524 0.633241364 -7.69826068
0.0450458687 0.615526618 -7.69866502
NaN NaN NaN
0.0625183524 0.633241364 -7.69826068
0.0870786103 0.650685352 -7.70539854
NaN NaN NaN
0.0625183524 0.633241364 -7.69826068
0.0610922344 0.649934372 -7.71619186
NaN NaN NaN
0.0625183524 0.633241364 -7.69826068
0.0436351057 0.632377084 -7.71739656
NaN NaN NaN
0.16527505 0.558787431 -7.68471322
0.166866867 0.531156213 -7.6848582
NaN NaN NaN
0.16527505 0.558787431 -7.68471322
0.165014482 0.576053404 -7.70280063
NaN NaN NaN
0.16527505 0.558787431 -7.68471322
0.166435436 0.54830074 -7.7027009
NaN NaN NaN
0.0439450855 0.461941025 -7.66822691
0.0614767583 0.44282411 -7.67063041
NaN NaN NaN
0.0439450855 0.461941025 -7.66822691
0.0421683385 0.477232762 -7.68051941
NaN NaN NaN
0.0439450855 0.461941025 -7.66822691
0.0594467117 0.461522315 -7.68729409
NaN NaN NaN
0.147331789 0.45061857 -7.66570111
0.123145737 0.429692513 -7.666472
NaN NaN NaN
0.147331789 0.45061857 -7.66570111
0.149077792 0.469895843 -7.68155856
NaN NaN NaN
0.147331789 0.45061857 -7.66570111
0.119569404 0.446353532 -7.68411614
NaN NaN NaN
0.0450458687 0.615526618 -7.69866502
0.033033045 0.596093697 -7.70350781
NaN NaN NaN
0.0450458687 0.615526618 -7.69866502
0.0436351057 0.632377084 -7.71739656
NaN NaN NaN
0.0450458687 0.615526618 -7.69866502
0.0324859865 0.612794582 -7.72098283
NaN NaN NaN
0.162142379 0.492293576 -7.675811
0.149077792 0.469895843 -7.68155856
NaN NaN NaN
0.162142379 0.492293576 -7.675811
0.161480061 0.509718946 -7.69385153
NaN NaN NaN
0.162142379 0.492293576 -7.675811
0.145744207 0.485994055 -7.70128702
NaN NaN NaN
0.0325433537 0.498581321 -7.67807757
0.0421683385 0.477232762 -7.68051941
NaN NaN NaN
0.0325433537 0.498581321 -7.67807757
0.0324554574 0.514175859 -7.69422039
NaN NaN NaN
0.0325433537 0.498581321 -7.67807757
0.0519325956 0.48366118 -7.70140381
NaN NaN NaN
0.0870786103 0.650685352 -7.70539854
0.107063053 0.65728692 -7.7127039
NaN NaN NaN
0.0870786103 0.650685352 -7.70539854
0.0610922344 0.649934372 -7.71619186
NaN NaN NaN
0.0870786103 0.650685352 -7.70539854
0.0880454476 0.66832052 -7.72335749
NaN NaN NaN
0.158240317 0.592805314 -7.6950868
0.165014482 0.576053404 -7.70280063
NaN NaN NaN
0.158240317 0.592805314 -7.6950868
0.158277348 0.60955599 -7.7131055
NaN NaN NaN
0.158240317 0.592805314 -7.6950868
0.16475415 0.593254286 -7.72082301
NaN NaN NaN
0.0278127854 0.535166923 -7.68615345
0.0277751779 0.561554372 -7.69583829
NaN NaN NaN
0.0278127854 0.535166923 -7.68615345
0.0324554574 0.514175859 -7.69422039
NaN NaN NaN
0.0278127854 0.535166923 -7.68615345
0.0275271545 0.551069344 -7.70270583
NaN NaN NaN
0.0278127854 0.535166923 -7.68615345
0.0323692799 0.530077991 -7.71067938
NaN NaN NaN
0.0757028563 0.428960868 -7.66640541
0.0614767583 0.44282411 -7.67063041
NaN NaN NaN
0.0757028563 0.428960868 -7.66640541
0.0975330453 0.433195541 -7.67583083
NaN NaN NaN
0.0757028563 0.428960868 -7.66640541
0.081368093 0.446729107 -7.68606222
NaN NaN NaN
0.123145737 0.429692513 -7.666472
0.0975330453 0.433195541 -7.67583083
NaN NaN NaN
0.123145737 0.429692513 -7.666472
0.119569404 0.446353532 -7.68411614
NaN NaN NaN
0.166866867 0.531156213 -7.6848582
0.161480061 0.509718946 -7.69385153
NaN NaN NaN
0.166866867 0.531156213 -7.6848582
0.166435436 0.54830074 -7.7027009
NaN NaN NaN
0.166866867 0.531156213 -7.6848582
0.160814809 0.527109243 -7.71185299
NaN NaN NaN
0.0614767583 0.44282411 -7.67063041
0.0594467117 0.461522315 -7.68729409
NaN NaN NaN
0.0614767583 0.44282411 -7.67063041
0.081368093 0.446729107 -7.68606222
NaN NaN NaN
0.128172098 0.6431648 -7.70748339
0.107063053 0.65728692 -7.7127039
NaN NaN NaN
0.128172098 0.6431648 -7.70748339
0.144496378 0.62902048 -7.70853124
NaN NaN NaN
0.128172098 0.6431648 -7.70748339
0.127912538 0.66033252 -7.72519401
NaN NaN NaN
0.128172098 0.6431648 -7.70748339
0.144874823 0.645588132 -7.72642971
NaN NaN NaN
0.0277751779 0.561554372 -7.69583829
0.0275271545 0.551069344 -7.70270583
NaN NaN NaN
0.0277751779 0.561554372 -7.69583829
0.0273834727 0.577935126 -7.71285187
NaN NaN NaN
0.0421683385 0.477232762 -7.68051941
0.0594467117 0.461522315 -7.68729409
NaN NaN NaN
0.0421683385 0.477232762 -7.68051941
0.0519325956 0.48366118 -7.70140381
NaN NaN NaN
0.107063053 0.65728692 -7.7127039
0.0880454476 0.66832052 -7.72335749
NaN NaN NaN
0.107063053 0.65728692 -7.7127039
0.127912538 0.66033252 -7.72519401
NaN NaN NaN
0.107063053 0.65728692 -7.7127039
0.106601031 0.674370045 -7.73028069
NaN NaN NaN
0.144496378 0.62902048 -7.70853124
0.158277348 0.60955599 -7.7131055
NaN NaN NaN
0.144496378 0.62902048 -7.70853124
0.144874823 0.645588132 -7.72642971
NaN NaN NaN
0.144496378 0.62902048 -7.70853124
0.158365073 0.626143299 -7.73110751
NaN NaN NaN
0.033033045 0.596093697 -7.70350781
0.0273834727 0.577935126 -7.71285187
NaN NaN NaN
0.033033045 0.596093697 -7.70350781
0.0324859865 0.612794582 -7.72098283
NaN NaN NaN
0.033033045 0.596093697 -7.70350781
0.0269843224 0.594627226 -7.73018883
NaN NaN NaN
0.149077792 0.469895843 -7.68155856
0.119569404 0.446353532 -7.68411614
NaN NaN NaN
0.149077792 0.469895843 -7.68155856
0.145744207 0.485994055 -7.70128702
NaN NaN NaN
0.149077792 0.469895843 -7.68155856
0.121870585 0.465469676 -7.70139636
NaN NaN NaN
0.0975330453 0.433195541 -7.67583083
0.119569404 0.446353532 -7.68411614
NaN NaN NaN
0.0975330453 0.433195541 -7.67583083
0.081368093 0.446729107 -7.68606222
NaN NaN NaN
0.0975330453 0.433195541 -7.67583083
0.097173747 0.45113707 -7.69317342
NaN NaN NaN
0.0610922344 0.649934372 -7.71619186
0.0880454476 0.66832052 -7.72335749
NaN NaN NaN
0.0610922344 0.649934372 -7.71619186
0.0436351057 0.632377084 -7.71739656
NaN NaN NaN
0.0610922344 0.649934372 -7.71619186
0.0600758824 0.666787525 -7.73399039
NaN NaN NaN
0.0610922344 0.649934372 -7.71619186
0.0426331281 0.649315955 -7.73564109
NaN NaN NaN
0.165014482 0.576053404 -7.70280063
0.166435436 0.54830074 -7.7027009
NaN NaN NaN
0.165014482 0.576053404 -7.70280063
0.16475415 0.593254286 -7.72082301
NaN NaN NaN
0.165014482 0.576053404 -7.70280063
0.166004005 0.565445266 -7.72054361
NaN NaN NaN
0.0324554574 0.514175859 -7.69422039
0.0519325956 0.48366118 -7.70140381
NaN NaN NaN
0.0324554574 0.514175859 -7.69422039
0.0323692799 0.530077991 -7.71067938
NaN NaN NaN
0.0324554574 0.514175859 -7.69422039
0.0511054614 0.503307134 -7.71998459
NaN NaN NaN
0.161480061 0.509718946 -7.69385153
0.145744207 0.485994055 -7.70128702
NaN NaN NaN
0.161480061 0.509718946 -7.69385153
0.160814809 0.527109243 -7.71185299
NaN NaN NaN
0.161480061 0.509718946 -7.69385153
0.147247478 0.505121641 -7.71746469
NaN NaN NaN
0.0275271545 0.551069344 -7.70270583
0.0273834727 0.577935126 -7.71285187
NaN NaN NaN
0.0275271545 0.551069344 -7.70270583
0.0323692799 0.530077991 -7.71067938
NaN NaN NaN
0.0275271545 0.551069344 -7.70270583
0.0272358667 0.567286707 -7.71958603
NaN NaN NaN
0.0275271545 0.551069344 -7.70270583
0.0336916258 0.544009392 -7.72950147
NaN NaN NaN
0.0880454476 0.66832052 -7.72335749
0.106601031 0.674370045 -7.73028069
NaN NaN NaN
0.0880454476 0.66832052 -7.72335749
0.0600758824 0.666787525 -7.73399039
NaN NaN NaN
0.0880454476 0.66832052 -7.72335749
0.0881904358 0.685613819 -7.74110383
NaN NaN NaN
0.0436351057 0.632377084 -7.71739656
0.0324859865 0.612794582 -7.72098283
NaN NaN NaN
0.0436351057 0.632377084 -7.71739656
0.0426331281 0.649315955 -7.73564109
NaN NaN NaN
0.0436351057 0.632377084 -7.71739656
0.0319083586 0.62985014 -7.738887
NaN NaN NaN
0.158277348 0.60955599 -7.7131055
0.16475415 0.593254286 -7.72082301
NaN NaN NaN
0.158277348 0.60955599 -7.7131055
0.158365073 0.626143299 -7.73110751
NaN NaN NaN
0.158277348 0.60955599 -7.7131055
0.164493996 0.6103898 -7.73877992
NaN NaN NaN
0.0594467117 0.461522315 -7.68729409
0.081368093 0.446729107 -7.68606222
NaN NaN NaN
0.0594467117 0.461522315 -7.68729409
0.0519325956 0.48366118 -7.70140381
NaN NaN NaN
0.0594467117 0.461522315 -7.68729409
0.0792400967 0.464859375 -7.70295851
NaN NaN NaN
0.119569404 0.446353532 -7.68411614
0.097173747 0.45113707 -7.69317342
NaN NaN NaN
0.119569404 0.446353532 -7.68411614
0.121870585 0.465469676 -7.70139636
NaN NaN NaN
0.166435436 0.54830074 -7.7027009
0.160814809 0.527109243 -7.71185299
NaN NaN NaN
0.166435436 0.54830074 -7.7027009
0.166004005 0.565445266 -7.72054361
NaN NaN NaN
0.166435436 0.54830074 -7.7027009
0.160146547 0.544463784 -7.72981458
NaN NaN NaN
0.081368093 0.446729107 -7.68606222
0.097173747 0.45113707 -7.69317342
NaN NaN NaN
0.081368093 0.446729107 -7.68606222
0.0792400967 0.464859375 -7.70295851
NaN NaN NaN
0.0437492065 0.35299685 -7.6693389
0.00747118382 0.400030553 -7.68378663
NaN NaN NaN
0.0437492065 0.35299685 -7.6693389
0.086955913 0.337323114 -7.68004034
NaN NaN NaN
0.0437492065 0.35299685 -7.6693389
0.0377217651 0.352341943 -7.71555137
NaN NaN NaN
0.127912538 0.66033252 -7.72519401
0.106601031 0.674370045 -7.73028069
NaN NaN NaN
0.127912538 0.66033252 -7.72519401
0.144874823 0.645588132 -7.72642971
NaN NaN NaN
0.127912538 0.66033252 -7.72519401
0.127251298 0.677898396 -7.74304086
NaN NaN NaN
0.127912538 0.66033252 -7.72519401
0.145230151 0.661993434 -7.74414532
NaN NaN NaN
0.0 0.410990357 -7.6820525
-0.0624824695 0.384578985 -7.67934587
NaN NaN NaN
0.0 0.410990357 -7.6820525
0.00747118382 0.400030553 -7.68378663
NaN NaN NaN
0.0 0.410990357 -7.6820525
0.0 0.402 -7.731
NaN NaN NaN
0.0273834727 0.577935126 -7.71285187
0.0272358667 0.567286707 -7.71958603
NaN NaN NaN
0.0273834727 0.577935126 -7.71285187
0.0269843224 0.594627226 -7.73018883
NaN NaN NaN
0.106601031 0.674370045 -7.73028069
0.0881904358 0.685613819 -7.74110383
NaN NaN NaN
0.106601031 0.674370045 -7.73028069
0.127251298 0.677898396 -7.74304086
NaN NaN NaN
0.106601031 0.674370045 -7.73028069
0.109842267 0.691130624 -7.74845538
NaN NaN NaN
0.0324859865 0.612794582 -7.72098283
0.0269843224 0.594627226 -7.73018883
NaN NaN NaN
0.0324859865 0.612794582 -7.72098283
0.0319083586 0.62985014 -7.738887
NaN NaN NaN
0.0324859865 0.612794582 -7.72098283
0.0265778492 0.611625559 -7.74784386
NaN NaN NaN
-0.0624824695 0.384578985 -7.67934587
-0.108118428 0.362650049 -7.69233734
NaN NaN NaN
-0.0624824695 0.384578985 -7.67934587
-0.0675939798 0.374318654 -7.72322278
NaN NaN NaN
-0.0624824695 0.384578985 -7.67934587
0.0 0.402 -7.731
NaN NaN NaN
0.144874823 0.645588132 -7.72642971
0.158365073 0.626143299 -7.73110751
NaN NaN NaN
0.144874823 0.645588132 -7.72642971
0.145230151 0.661993434 -7.74414532
NaN NaN NaN
0.144874823 0.645588132 -7.72642971
0.158465288 0.6425918 -7.74902526
NaN NaN NaN
0.00747118382 0.400030553 -7.68378663
0.0377217651 0.352341943 -7.71555137
NaN NaN NaN
0.00747118382 0.400030553 -7.68378663
0.0 0.402 -7.731
NaN NaN NaN
0.097173747 0.45113707 -7.69317342
0.121870585 0.465469676 -7.70139636
NaN NaN NaN
0.097173747 0.45113707 -7.69317342
0.0792400967 0.464859375 -7.70295851
NaN NaN NaN
0.097173747 0.45113707 -7.69317342
0.0968144488 0.4690786 -7.71051601
NaN NaN NaN
0.0519325956 0.48366118 -7.70140381
0.0792400967 0.464859375 -7.70295851
NaN NaN NaN
0.0519325956 0.48366118 -7.70140381
0.0511054614 0.503307134 -7.71998459
NaN NaN NaN
0.0519325956 0.48366118 -7.70140381
0.0784647148 0.483011478 -7.72035775
NaN NaN NaN
0.145744207 0.485994055 -7.70128702
0.121870585 0.465469676 -7.70139636
NaN NaN NaN
0.145744207 0.485994055 -7.70128702
0.147247478 0.505121641 -7.71746469
NaN NaN NaN
0.145744207 0.485994055 -7.70128702
0.118845575 0.482629435 -7.71923258
NaN NaN NaN
0.0600758824 0.666787525 -7.73399039
0.0881904358 0.685613819 -7.74110383
NaN NaN NaN
0.0600758824 0.666787525 -7.73399039
0.0426331281 0.649315955 -7.73564109
NaN NaN NaN
0.0600758824 0.666787525 -7.73399039
0.0627926221 0.686439117 -7.75188923
NaN NaN NaN
0.0600758824 0.666787525 -7.73399039
0.0418957727 0.666366732 -7.75360354
NaN NaN NaN
0.16475415 0.593254286 -7.72082301
0.166004005 0.565445266 -7.72054361
NaN NaN NaN
0.16475415 0.593254286 -7.72082301
0.164493996 0.6103898 -7.73877992
NaN NaN NaN
0.16475415 0.593254286 -7.72082301
0.165572574 0.582589793 -7.73838631
NaN NaN NaN
0.0323692799 0.530077991 -7.71067938
0.0511054614 0.503307134 -7.71998459
NaN NaN NaN
0.0323692799 0.530077991 -7.71067938
0.0336916258 0.544009392 -7.72950147
NaN NaN NaN
0.0323692799 0.530077991 -7.71067938
0.051836022 0.519613176 -7.73708457
NaN NaN NaN
0.0272358667 0.567286707 -7.71958603
0.0269843224 0.594627226 -7.73018883
NaN NaN NaN
0.0272358667 0.567286707 -7.71958603
0.0336916258 0.544009392 -7.72950147
NaN NaN NaN
0.0272358667 0.567286707 -7.71958603
0.0269390042 0.583814444 -7.73678929
NaN NaN NaN
0.0272358667 0.567286707 -7.71958603
0.032203394 0.562784657 -7.74452395
NaN NaN NaN
0.160814809 0.527109243 -7.71185299
0.147247478 0.505121641 -7.71746469
NaN NaN NaN
0.160814809 0.527109243 -7.71185299
0.160146547 0.544463784 -7.72981458
NaN NaN NaN
0.160814809 0.527109243 -7.71185299
0.146326315 0.522652697 -7.73532068
NaN NaN NaN
0.121870585 0.465469676 -7.70139636
0.0968144488 0.4690786 -7.71051601
NaN NaN NaN
0.121870585 0.465469676 -7.70139636
0.118845575 0.482629435 -7.71923258
NaN NaN NaN
0.0881904358 0.685613819 -7.74110383
0.109842267 0.691130624 -7.74845538
NaN NaN NaN
0.0881904358 0.685613819 -7.74110383
0.0627926221 0.686439117 -7.75188923
NaN NaN NaN
0.0881904358 0.685613819 -7.74110383
0.0906941589 0.703553175 -7.75928882
NaN NaN NaN
0.0426331281 0.649315955 -7.73564109
0.0319083586 0.62985014 -7.738887
NaN NaN NaN
0.0426331281 0.649315955 -7.73564109
0.0418957727 0.666366732 -7.75360354
NaN NaN NaN
0.0426331281 0.649315955 -7.73564109
0.031327544 0.6469921 -7.75688672
NaN NaN NaN
0.158365073 0.626143299 -7.73110751
0.164493996 0.6103898 -7.73877992
NaN NaN NaN
0.158365073 0.626143299 -7.73110751
0.158465288 0.6425918 -7.74902526
NaN NaN NaN
0.158365073 0.626143299 -7.73110751
0.164233965 0.627459646 -7.75667093
NaN NaN NaN
0.0792400967 0.464859375 -7.70295851
0.0968144488 0.4690786 -7.71051601
NaN NaN NaN
0.0792400967 0.464859375 -7.70295851
0.0784647148 0.483011478 -7.72035775
NaN NaN NaN
0.166004005 0.565445266 -7.72054361
0.160146547 0.544463784 -7.72981458
NaN NaN NaN
0.166004005 0.565445266 -7.72054361
0.165572574 0.582589793 -7.73838631
NaN NaN NaN
0.166004005 0.565445266 -7.72054361
0.159475197 0.561781872 -7.74773553
NaN NaN NaN
0.086955913 0.337323114 -7.68004034
0.137254732 0.343944612 -7.6834211
NaN NaN NaN
0.086955913 0.337323114 -7.68004034
0.0377217651 0.352341943 -7.71555137
NaN NaN NaN
0.086955913 0.337323114 -7.68004034
0.0819725605 0.334840311 -7.71665845
NaN NaN NaN
0.086955913 0.337323114 -7.68004034
0.127070707 0.339979603 -7.7180037
NaN NaN NaN
0.127251298 0.677898396 -7.74304086
0.109842267 0.691130624 -7.74845538
NaN NaN NaN
0.127251298 0.677898396 -7.74304086
0.145230151 0.661993434 -7.74414532
NaN NaN NaN
0.127251298 0.677898396 -7.74304086
0.126862688 0.695615767 -7.76123607
NaN NaN NaN
0.127251298 0.677898396 -7.74304086
0.145465449 0.678328389 -7.76163782
NaN NaN NaN
0.0269843224 0.594627226 -7.73018883
0.0269390042 0.583814444 -7.73678929
NaN NaN NaN
0.0269843224 0.594627226 -7.73018883
0.0265778492 0.611625559 -7.74784386
NaN NaN NaN
0.137254732 0.343944612 -7.6834211
0.162904483 0.339461716 -7.69173656
NaN NaN NaN
0.137254732 0.343944612 -7.6834211
0.127070707 0.339979603 -7.7180037
NaN NaN NaN
0.109842267 0.691130624 -7.74845538
0.0906941589 0.703553175 -7.75928882
NaN NaN NaN
0.109842267 0.691130624 -7.74845538
0.126862688 0.695615767 -7.76123607
NaN NaN NaN
0.109842267 0.691130624 -7.74845538
0.110032674 0.709889537 -7.76794833
NaN NaN NaN
0.0319083586 0.62985014 -7.738887
0.0265778492 0.611625559 -7.74784386
NaN NaN NaN
0.0319083586 0.62985014 -7.738887
0.031327544 0.6469921 -7.75688672
NaN NaN NaN
0.0319083586 0.62985014 -7.738887
0.0261641922 0.628924314 -7.76581091
NaN NaN NaN
0.145230151 0.661993434 -7.74414532
0.158465288 0.6425918 -7.74902526
NaN NaN NaN
0.145230151 0.661993434 -7.74414532
0.145465449 0.678328389 -7.76163782
NaN NaN NaN
0.145230151 0.661993434 -7.74414532
0.158515205 0.658983521 -7.76676936
NaN NaN NaN
0.0968144488 0.4690786 -7.71051601
0.118845575 0.482629435 -7.71923258
NaN NaN NaN
0.0968144488 0.4690786 -7.71051601
0.0784647148 0.483011478 -7.72035775
NaN NaN NaN
0.0968144488 0.4690786 -7.71051601
0.0964551505 0.48702013 -7.7278586
NaN NaN NaN
0.147247478 0.505121641 -7.71746469
0.118845575 0.482629435 -7.71923258
NaN NaN NaN
0.147247478 0.505121641 -7.71746469
0.146326315 0.522652697 -7.73532068
NaN NaN NaN
0.147247478 0.505121641 -7.71746469
0.118485463 0.500708049 -7.73673441
NaN NaN NaN
-0.108118428 0.362650049 -7.69233734
-0.0675939798 0.374318654 -7.72322278
NaN NaN NaN
0.0627926221 0.686439117 -7.75188923
0.0906941589 0.703553175 -7.75928882
NaN NaN NaN
0.0627926221 0.686439117 -7.75188923
0.0418957727 0.666366732 -7.75360354
NaN NaN NaN
0.0627926221 0.686439117 -7.75188923
0.0617414863 0.703161024 -7.76953961
NaN NaN NaN
0.0627926221 0.686439117 -7.75188923
0.04125656 0.683481842 -7.77148089
NaN NaN NaN
0.0511054614 0.503307134 -7.71998459
0.0784647148 0.483011478 -7.72035775
NaN NaN NaN
0.0511054614 0.503307134 -7.71998459
0.051836022 0.519613176 -7.73708457
NaN NaN NaN
0.0511054614 0.503307134 -7.71998459
0.0781185439 0.501106165 -7.73786672
NaN NaN NaN
0.164493996 0.6103898 -7.73877992
0.165572574 0.582589793 -7.73838631
NaN NaN NaN
0.164493996 0.6103898 -7.73877992
0.164233965 0.627459646 -7.75667093
NaN NaN NaN
0.164493996 0.6103898 -7.73877992
0.165141143 0.59973432 -7.75622901
NaN NaN NaN
0.0336916258 0.544009392 -7.72950147
0.032203394 0.562784657 -7.74452395
NaN NaN NaN
0.0336916258 0.544009392 -7.72950147
0.051836022 0.519613176 -7.73708457
NaN NaN NaN
0.0336916258 0.544009392 -7.72950147
0.0494960246 0.538007127 -7.75262741
NaN NaN NaN
0.0269390042 0.583814444 -7.73678929
0.0265778492 0.611625559 -7.74784386
NaN NaN NaN
0.0269390042 0.583814444 -7.73678929
0.032203394 0.562784657 -7.74452395
NaN NaN NaN
0.0269390042 0.583814444 -7.73678929
0.0266366616 0.600647285 -7.75431012
NaN NaN NaN
0.0269390042 0.583814444 -7.73678929
0.0321243855 0.579577137 -7.76189665
NaN NaN NaN
0.160146547 0.544463784 -7.72981458
0.146326315 0.522652697 -7.73532068
NaN NaN NaN
0.160146547 0.544463784 -7.72981458
0.159475197 0.561781872 -7.74773553
NaN NaN NaN
0.160146547 0.544463784 -7.72981458
0.145401094 0.540129157 -7.75311167
NaN NaN NaN
0.118845575 0.482629435 -7.71923258
0.0964551505 0.48702013 -7.7278586
NaN NaN NaN
0.118845575 0.482629435 -7.71923258
0.118485463 0.500708049 -7.73673441
NaN NaN NaN
0.162904483 0.339461716 -7.69173656
0.127070707 0.339979603 -7.7180037
NaN NaN NaN
0.162904483 0.339461716 -7.69173656
0.154128817 0.337012693 -7.72552725
NaN NaN NaN
0.0784647148 0.483011478 -7.72035775
0.0964551505 0.48702013 -7.7278586
NaN NaN NaN
0.0784647148 0.483011478 -7.72035775
0.0781185439 0.501106165 -7.73786672
NaN NaN NaN
0.0906941589 0.703553175 -7.75928882
0.110032674 0.709889537 -7.76794833
NaN NaN NaN
0.0906941589 0.703553175 -7.75928882
0.0617414863 0.703161024 -7.76953961
NaN NaN NaN
0.0906941589 0.703553175 -7.75928882
0.0884008601 0.718934487 -7.77532177
NaN NaN NaN
0.0418957727 0.666366732 -7.75360354
0.031327544 0.6469921 -7.75688672
NaN NaN NaN
0.0418957727 0.666366732 -7.75360354
0.04125656 0.683481842 -7.77148089
NaN NaN NaN
0.0418957727 0.666366732 -7.75360354
0.030755681 0.664134204 -7.77486375
NaN NaN NaN
0.165572574 0.582589793 -7.73838631
0.159475197 0.561781872 -7.74773553
NaN NaN NaN
0.165572574 0.582589793 -7.73838631
0.165141143 0.59973432 -7.75622901
NaN NaN NaN
0.165572574 0.582589793 -7.73838631
0.158800678 0.579062796 -7.76561501
NaN NaN NaN
0.158465288 0.6425918 -7.74902526
0.164233965 0.627459646 -7.75667093
NaN NaN NaN
0.158465288 0.6425918 -7.74902526
0.158515205 0.658983521 -7.76676936
NaN NaN NaN
0.158465288 0.6425918 -7.74902526
0.16397468 0.644419524 -7.77444945
NaN NaN NaN
0.126862688 0.695615767 -7.76123607
0.145465449 0.678328389 -7.76163782
NaN NaN NaN
0.126862688 0.695615767 -7.76123607
0.110032674 0.709889537 -7.76794833
NaN NaN NaN
0.126862688 0.695615767 -7.76123607
0.127501656 0.712962423 -7.7797589
NaN NaN NaN
0.126862688 0.695615767 -7.76123607
0.145491564 0.694696829 -7.77888159
NaN NaN NaN
0.0265778492 0.611625559 -7.74784386
0.0266366616 0.600647285 -7.75431012
NaN NaN NaN
0.0265778492 0.611625559 -7.74784386
0.0261641922 0.628924314 -7.76581091
NaN NaN NaN
0.0964551505 0.48702013 -7.7278586
0.118485463 0.500708049 -7.73673441
NaN NaN NaN
0.0964551505 0.48702013 -7.7278586
0.0781185439 0.501106165 -7.73786672
NaN NaN NaN
0.0964551505 0.48702013 -7.7278586
0.0960958522 0.50496166 -7.74520119
NaN NaN NaN
0.031327544 0.6469921 -7.75688672
0.0261641922 0.628924314 -7.76581091
NaN NaN NaN
0.031327544 0.6469921 -7.75688672
0.030755681 0.664134204 -7.77486375
NaN NaN NaN
0.031327544 0.6469921 -7.75688672
0.025752177 0.646154412 -7.78370666
NaN NaN NaN
0.145465449 0.678328389 -7.76163782
0.158515205 0.658983521 -7.76676936
NaN NaN NaN
0.145465449 0.678328389 -7.76163782
0.145491564 0.694696829 -7.77888159
NaN NaN NaN
0.145465449 0.678328389 -7.76163782
0.158464257 0.675417343 -7.78428434
NaN NaN NaN
0.110032674 0.709889537 -7.76794833
0.0884008601 0.718934487 -7.77532177
NaN NaN NaN
0.110032674 0.709889537 -7.76794833
0.127501656 0.712962423 -7.7797589
NaN NaN NaN
0.110032674 0.709889537 -7.76794833
0.107039771 0.727980248 -7.78587144
NaN NaN NaN
0.146326315 0.522652697 -7.73532068
0.118485463 0.500708049 -7.73673441
NaN NaN NaN
0.146326315 0.522652697 -7.73532068
0.145401094 0.540129157 -7.75311167
NaN NaN NaN
0.146326315 0.522652697 -7.73532068
0.118126567 0.518746643 -7.75419824
NaN NaN NaN
0.032203394 0.562784657 -7.74452395
0.0494960246 0.538007127 -7.75262741
NaN NaN NaN
0.032203394 0.562784657 -7.74452395
0.0321243855 0.579577137 -7.76189665
NaN NaN NaN
0.032203394 0.562784657 -7.74452395
0.0451755845 0.558119245 -7.76698478
NaN NaN NaN
0.051836022 0.519613176 -7.73708457
0.0781185439 0.501106165 -7.73786672
NaN NaN NaN
0.051836022 0.519613176 -7.73708457
0.0494960246 0.538007127 -7.75262741
NaN NaN NaN
0.051836022 0.519613176 -7.73708457
0.0748818589 0.517477977 -7.75249168
NaN NaN NaN
0.0617414863 0.703161024 -7.76953961
0.0884008601 0.718934487 -7.77532177
NaN NaN NaN
0.0617414863 0.703161024 -7.76953961
0.04125656 0.683481842 -7.77148089
NaN NaN NaN
0.0617414863 0.703161024 -7.76953961
0.0576431804 0.718386703 -7.78798271
NaN NaN NaN
0.0617414863 0.703161024 -7.76953961
0.0405822254 0.700597286 -7.78941453
NaN NaN NaN
0.164233965 0.627459646 -7.75667093
0.165141143 0.59973432 -7.75622901
NaN NaN NaN
0.164233965 0.627459646 -7.75667093
0.16397468 0.644419524 -7.77444945
NaN NaN NaN
0.164233965 0.627459646 -7.75667093
0.164709712 0.616878846 -7.77407171
NaN NaN NaN
0.0266366616 0.600647285 -7.75431012
0.0261641922 0.628924314 -7.76581091
NaN NaN NaN
0.0266366616 0.600647285 -7.75431012
0.0321243855 0.579577137 -7.76189665
NaN NaN NaN
0.0266366616 0.600647285 -7.75431012
0.0263292286 0.617763533 -7.77212595
NaN NaN NaN
0.0266366616 0.600647285 -7.75431012
0.0320485294 0.596645189 -7.77955154
NaN NaN NaN
0.118485463 0.500708049 -7.73673441
0.0960958522 0.50496166 -7.74520119
NaN NaN NaN
0.118485463 0.500708049 -7.73673441
0.118126567 0.518746643 -7.75419824
NaN NaN NaN
0.0884008601 0.718934487 -7.77532177
0.107039771 0.727980248 -7.78587144
NaN NaN NaN
0.0884008601 0.718934487 -7.77532177
0.0576431804 0.718386703 -7.78798271
NaN NaN NaN
0.0884008601 0.718934487 -7.77532177
0.0879258178 0.736271256 -7.79319599
NaN NaN NaN
0.159475197 0.561781872 -7.74773553
0.145401094 0.540129157 -7.75311167
NaN NaN NaN
0.159475197 0.561781872 -7.74773553
0.158800678 0.579062796 -7.76561501
NaN NaN NaN
0.159475197 0.561781872 -7.74773553
0.139217518 0.554805581 -7.77413588
NaN NaN NaN
0.0781185439 0.501106165 -7.73786672
0.0960958522 0.50496166 -7.74520119
NaN NaN NaN
0.0781185439 0.501106165 -7.73786672
0.0748818589 0.517477977 -7.75249168
NaN NaN NaN
0.04125656 0.683481842 -7.77148089
0.030755681 0.664134204 -7.77486375
NaN NaN NaN
0.04125656 0.683481842 -7.77148089
0.0405822254 0.700597286 -7.78941453
NaN NaN NaN
0.04125656 0.683481842 -7.77148089
0.0301707498 0.681203998 -7.79281619
NaN NaN NaN
0.165141143 0.59973432 -7.75622901
0.158800678 0.579062796 -7.76561501
NaN NaN NaN
0.165141143 0.59973432 -7.75622901
0.164709712 0.616878846 -7.77407171
NaN NaN NaN
0.165141143 0.59973432 -7.75622901
0.158122906 0.596305832 -7.78345219
NaN NaN NaN
0.158515205 0.658983521 -7.76676936
0.16397468 0.644419524 -7.77444945
NaN NaN NaN
0.158515205 0.658983521 -7.76676936
0.158464257 0.675417343 -7.78428434
NaN NaN NaN
0.158515205 0.658983521 -7.76676936
0.16371705 0.661207357 -7.79205024
NaN NaN NaN
0.0261641922 0.628924314 -7.76581091
0.0263292286 0.617763533 -7.77212595
NaN NaN NaN
0.0261641922 0.628924314 -7.76581091
0.025752177 0.646154412 -7.78370666
NaN NaN NaN
0.127501656 0.712962423 -7.7797589
0.145491564 0.694696829 -7.77888159
NaN NaN NaN
0.127501656 0.712962423 -7.7797589
0.107039771 0.727980248 -7.78587144
NaN NaN NaN
0.127501656 0.712962423 -7.7797589
0.12841463 0.729933763 -7.79811323
NaN NaN NaN
0.127501656 0.712962423 -7.7797589
0.14522415 0.711237047 -7.79589443
NaN NaN NaN
0.0377217651 0.352341943 -7.71555137
0.0819725605 0.334840311 -7.71665845
NaN NaN NaN
0.0377217651 0.352341943 -7.71555137
0.0 0.402 -7.731
NaN NaN NaN
0.0377217651 0.352341943 -7.71555137
0.0401314523 0.346464999 -7.75270697
NaN NaN NaN
0.0960958522 0.50496166 -7.74520119
0.0748818589 0.517477977 -7.75249168
NaN NaN NaN
0.0960958522 0.50496166 -7.74520119
0.118126567 0.518746643 -7.75419824
NaN NaN NaN
0.0960958522 0.50496166 -7.74520119
0.0957365539 0.522903189 -7.76254378
NaN NaN NaN
0.145491564 0.694696829 -7.77888159
0.158464257 0.675417343 -7.78428434
NaN NaN NaN
0.145491564 0.694696829 -7.77888159
0.14522415 0.711237047 -7.79589443
NaN NaN NaN
0.145491564 0.694696829 -7.77888159
0.158262679 0.692016941 -7.80153527
NaN NaN NaN
0.0494960246 0.538007127 -7.75262741
0.0748818589 0.517477977 -7.75249168
NaN NaN NaN
0.0494960246 0.538007127 -7.75262741
0.0451755845 0.558119245 -7.76698478
NaN NaN NaN
0.0494960246 0.538007127 -7.75262741
0.0745327395 0.535438573 -7.7698757
NaN NaN NaN
0.030755681 0.664134204 -7.77486375
0.025752177 0.646154412 -7.78370666
NaN NaN NaN
0.030755681 0.664134204 -7.77486375
0.0301707498 0.681203998 -7.79281619
NaN NaN NaN
0.030755681 0.664134204 -7.77486375
0.0253432056 0.663257221 -7.80147019
NaN NaN NaN
0.145401094 0.540129157 -7.75311167
0.118126567 0.518746643 -7.75419824
NaN NaN NaN
0.145401094 0.540129157 -7.75311167
0.139217518 0.554805581 -7.77413588
NaN NaN NaN
0.145401094 0.540129157 -7.75311167
0.117768898 0.536744863 -7.77162374
NaN NaN NaN
0.107039771 0.727980248 -7.78587144
0.0879258178 0.736271256 -7.79319599
NaN NaN NaN
0.107039771 0.727980248 -7.78587144
0.12841463 0.729933763 -7.79811323
NaN NaN NaN
0.107039771 0.727980248 -7.78587144
0.107642724 0.744636043 -7.80327111
NaN NaN NaN
-0.0675939798 0.374318654 -7.72322278
0.0 0.402 -7.731
NaN NaN NaN
-0.0675939798 0.374318654 -7.72322278
-0.10473874 0.356501112 -7.73362734
NaN NaN NaN
-0.0675939798 0.374318654 -7.72322278
-0.0309546333 0.384960949 -7.75118922
NaN NaN NaN
-0.0675939798 0.374318654 -7.72322278
-0.072219899 0.36503305 -7.7629314
NaN NaN NaN
0.0321243855 0.579577137 -7.76189665
0.0451755845 0.558119245 -7.76698478
NaN NaN NaN
0.0321243855 0.579577137 -7.76189665
0.0320485294 0.596645189 -7.77955154
NaN NaN NaN
0.0321243855 0.579577137 -7.76189665
0.044864594 0.576708983 -7.7852099
NaN NaN NaN
0.0819725605 0.334840311 -7.71665845
0.127070707 0.339979603 -7.7180037
NaN NaN NaN
0.0819725605 0.334840311 -7.71665845
0.0401314523 0.346464999 -7.75270697
NaN NaN NaN
0.0819725605 0.334840311 -7.71665845
0.0765145437 0.332121022 -7.75676444
NaN NaN NaN
0.0819725605 0.334840311 -7.71665845
0.111518669 0.33512293 -7.76172679
NaN NaN NaN
0.127070707 0.339979603 -7.7180037
0.154128817 0.337012693 -7.72552725
NaN NaN NaN
0.127070707 0.339979603 -7.7180037
0.111518669 0.33512293 -7.76172679
NaN NaN NaN
0.127070707 0.339979603 -7.7180037
0.14452239 0.33433183 -7.76251678
NaN NaN NaN
0.0 0.402 -7.731
-0.0309546333 0.384960949 -7.75118922
NaN NaN NaN
0.0 0.402 -7.731
0.0401314523 0.346464999 -7.75270697
NaN NaN NaN
0.0 0.402 -7.731
0.0 0.392368271 -7.78343941
NaN NaN NaN
0.0 0.402 -7.731
0.025204055 0.354146515 -7.79091864
NaN NaN NaN
0.0748818589 0.517477977 -7.75249168
0.0957365539 0.522903189 -7.76254378
NaN NaN NaN
0.0748818589 0.517477977 -7.75249168
0.0745327395 0.535438573 -7.7698757
NaN NaN NaN
0.16397468 0.644419524 -7.77444945
0.164709712 0.616878846 -7.77407171
NaN NaN NaN
0.16397468 0.644419524 -7.77444945
0.16371705 0.661207357 -7.79205024
NaN NaN NaN
0.16397468 0.644419524 -7.77444945
0.164280518 0.633934514 -7.79182193
NaN NaN NaN
0.0576431804 0.718386703 -7.78798271
0.0879258178 0.736271256 -7.79319599
NaN NaN NaN
0.0576431804 0.718386703 -7.78798271
0.0405822254 0.700597286 -7.78941453
NaN NaN NaN
0.0576431804 0.718386703 -7.78798271
0.0566722747 0.73556813 -7.80609619
NaN NaN NaN
0.0576431804 0.718386703 -7.78798271
0.0397923535 0.717632697 -7.80745362
NaN NaN NaN
0.0263292286 0.617763533 -7.77212595
0.025752177 0.646154412 -7.78370666
NaN NaN NaN
0.0263292286 0.617763533 -7.77212595
0.0320485294 0.596645189 -7.77955154
NaN NaN NaN
0.0263292286 0.617763533 -7.77212595
0.0260240379 0.634754938 -7.78981183
NaN NaN NaN
0.0263292286 0.617763533 -7.77212595
0.031977056 0.613771531 -7.7972637
NaN NaN NaN
0.118126567 0.518746643 -7.75419824
0.0957365539 0.522903189 -7.76254378
NaN NaN NaN
0.118126567 0.518746643 -7.75419824
0.117768898 0.536744863 -7.77162374
NaN NaN NaN
0.158800678 0.579062796 -7.76561501
0.139217518 0.554805581 -7.77413588
NaN NaN NaN
0.158800678 0.579062796 -7.76561501
0.158122906 0.596305832 -7.78345219
NaN NaN NaN
0.158800678 0.579062796 -7.76561501
0.145988382 0.573281599 -7.78383281
NaN NaN NaN
0.0879258178 0.736271256 -7.79319599
0.107642724 0.744636043 -7.80327111
NaN NaN NaN
0.0879258178 0.736271256 -7.79319599
0.0566722747 0.73556813 -7.80609619
NaN NaN NaN
0.0879258178 0.736271256 -7.79319599
0.0868782479 0.753896099 -7.81143512
NaN NaN NaN
0.164709712 0.616878846 -7.77407171
0.158122906 0.596305832 -7.78345219
NaN NaN NaN
0.164709712 0.616878846 -7.77407171
0.164280518 0.633934514 -7.79182193
NaN NaN NaN
0.164709712 0.616878846 -7.77407171
0.157443567 0.613465711 -7.80120016
NaN NaN NaN
0.158464257 0.675417343 -7.78428434
0.16371705 0.661207357 -7.79205024
NaN NaN NaN
0.158464257 0.675417343 -7.78428434
0.158262679 0.692016941 -7.80153527
NaN NaN NaN
0.158464257 0.675417343 -7.78428434
0.163461341 0.677803818 -7.80945287
NaN NaN NaN
0.0405822254 0.700597286 -7.78941453
0.0301707498 0.681203998 -7.79281619
NaN NaN NaN
0.0405822254 0.700597286 -7.78941453
0.0397923535 0.717632697 -7.80745362
NaN NaN NaN
0.0405822254 0.700597286 -7.78941453
0.0295904629 0.698118241 -7.81061245
NaN NaN NaN
0.0451755845 0.558119245 -7.76698478
0.0745327395 0.535438573 -7.7698757
NaN NaN NaN
0.0451755845 0.558119245 -7.76698478
0.044864594 0.576708983 -7.7852099
NaN NaN NaN
0.0451755845 0.558119245 -7.76698478
0.0741837746 0.553375536 -7.78723754
NaN NaN NaN
0.154128817 0.337012693 -7.72552725
0.184577639 0.319025617 -7.75197071
NaN NaN NaN
0.154128817 0.337012693 -7.72552725
0.14452239 0.33433183 -7.76251678
NaN NaN NaN
0.025752177 0.646154412 -7.78370666
0.0260240379 0.634754938 -7.78981183
NaN NaN NaN
0.025752177 0.646154412 -7.78370666
0.0253432056 0.663257221 -7.80147019
NaN NaN NaN
0.0957365539 0.522903189 -7.76254378
0.0745327395 0.535438573 -7.7698757
NaN NaN NaN
0.0957365539 0.522903189 -7.76254378
0.117768898 0.536744863 -7.77162374
NaN NaN NaN
0.0957365539 0.522903189 -7.76254378
0.0953772557 0.540844719 -7.77988637
NaN NaN NaN
0.12841463 0.729933763 -7.79811323
0.14522415 0.711237047 -7.79589443
NaN NaN NaN
0.12841463 0.729933763 -7.79811323
0.107642724 0.744636043 -7.80327111
NaN NaN NaN
0.12841463 0.729933763 -7.79811323
0.128645711 0.746871453 -7.81594892
NaN NaN NaN
0.12841463 0.729933763 -7.79811323
0.144615206 0.728139296 -7.81281242
NaN NaN NaN
0.14522415 0.711237047 -7.79589443
0.158262679 0.692016941 -7.80153527
NaN NaN NaN
0.14522415 0.711237047 -7.79589443
0.144615206 0.728139296 -7.81281242
NaN NaN NaN
0.14522415 0.711237047 -7.79589443
0.157864274 0.708922723 -7.8185255
NaN NaN NaN
-0.10473874 0.356501112 -7.73362734
-0.072219899 0.36503305 -7.7629314
NaN NaN NaN
-0.10473874 0.356501112 -7.73362734
-0.125717942 0.340947713 -7.76934699
NaN NaN NaN
0.0301707498 0.681203998 -7.79281619
0.0253432056 0.663257221 -7.80147019
NaN NaN NaN
0.0301707498 0.681203998 -7.79281619
0.0295904629 0.698118241 -7.81061245
NaN NaN NaN
0.0301707498 0.681203998 -7.79281619
0.024937355 0.680229521 -7.81909818
NaN NaN NaN
0.107642724 0.744636043 -7.80327111
0.0868782479 0.753896099 -7.81143512
NaN NaN NaN
0.107642724 0.744636043 -7.80327111
0.128645711 0.746871453 -7.81594892
NaN NaN NaN
0.107642724 0.744636043 -7.80327111
0.1073238 0.760892935 -7.82002299
NaN NaN NaN
0.0320485294 0.596645189 -7.77955154
0.044864594 0.576708983 -7.7852099
NaN NaN NaN
0.0320485294 0.596645189 -7.77955154
0.031977056 0.613771531 -7.7972637
NaN NaN NaN
0.0320485294 0.596645189 -7.77955154
0.0475569058 0.591139937 -7.80328771
NaN NaN NaN
0.0745327395 0.535438573 -7.7698757
0.0953772557 0.540844719 -7.77988637
NaN NaN NaN
0.0745327395 0.535438573 -7.7698757
0.0741837746 0.553375536 -7.78723754
NaN NaN NaN
0.16371705 0.661207357 -7.79205024
0.164280518 0.633934514 -7.79182193
NaN NaN NaN
0.16371705 0.661207357 -7.79205024
0.163461341 0.677803818 -7.80945287
NaN NaN NaN
0.16371705 0.661207357 -7.79205024
0.1638545 0.650863904 -7.80944074
NaN NaN NaN
0.139217518 0.554805581 -7.77413588
0.117768898 0.536744863 -7.77162374
NaN NaN NaN
0.139217518 0.554805581 -7.77413588
0.145988382 0.573281599 -7.78383281
NaN NaN NaN
0.139217518 0.554805581 -7.77413588
0.117412467 0.55470235 -7.78901059
NaN NaN NaN
0.0566722747 0.73556813 -7.80609619
0.0868782479 0.753896099 -7.81143512
NaN NaN NaN
0.0566722747 0.73556813 -7.80609619
0.0397923535 0.717632697 -7.80745362
NaN NaN NaN
0.0566722747 0.73556813 -7.80609619
0.0556551863 0.75271505 -7.82421917
NaN NaN NaN
0.0566722747 0.73556813 -7.80609619
0.0389763643 0.734612327 -7.8254858
NaN NaN NaN
0.117768898 0.536744863 -7.77162374
0.0953772557 0.540844719 -7.77988637
NaN NaN NaN
0.117768898 0.536744863 -7.77162374
0.117412467 0.55470235 -7.78901059
NaN NaN NaN
0.0260240379 0.634754938 -7.78981183
0.0253432056 0.663257221 -7.80147019
NaN NaN NaN
0.0260240379 0.634754938 -7.78981183
0.031977056 0.613771531 -7.7972637
NaN NaN NaN
0.0260240379 0.634754938 -7.78981183
0.0257211398 0.651618702 -7.80736485
NaN NaN NaN
0.0260240379 0.634754938 -7.78981183
0.0319109292 0.630749407 -7.81481921
NaN NaN NaN
0.158122906 0.596305832 -7.78345219
0.145988382 0.573281599 -7.78383281
NaN NaN NaN
0.158122906 0.596305832 -7.78345219
0.157443567 0.613465711 -7.80120016
NaN NaN NaN
0.158122906 0.596305832 -7.78345219
0.143453599 0.590890454 -7.80379847
NaN NaN NaN
0.0868782479 0.753896099 -7.81143512
0.1073238 0.760892935 -7.82002299
NaN NaN NaN
0.0868782479 0.753896099 -7.81143512
0.0556551863 0.75271505 -7.82421917
NaN NaN NaN
0.0868782479 0.753896099 -7.81143512
0.0808812948 0.769176965 -7.82818861
NaN NaN NaN
0.158262679 0.692016941 -7.80153527
0.163461341 0.677803818 -7.80945287
NaN NaN NaN
0.158262679 0.692016941 -7.80153527
0.157864274 0.708922723 -7.8185255
NaN NaN NaN
0.158262679 0.692016941 -7.80153527
0.16320757 0.694206425 -7.82665453
NaN NaN NaN
0.164280518 0.633934514 -7.79182193
0.157443567 0.613465711 -7.80120016
NaN NaN NaN
0.164280518 0.633934514 -7.79182193
0.1638545 0.650863904 -7.80944074
NaN NaN NaN
0.164280518 0.633934514 -7.79182193
0.156765125 0.630478847 -7.81879311
NaN NaN NaN
0.0397923535 0.717632697 -7.80745362
0.0295904629 0.698118241 -7.81061245
NaN NaN NaN
0.0397923535 0.717632697 -7.80745362
0.0389763643 0.734612327 -7.8254858
NaN NaN NaN
0.0397923535 0.717632697 -7.80745362
0.0290237296 0.714972479 -7.82831454
NaN NaN NaN
0.145988382 0.573281599 -7.78383281
0.117412467 0.55470235 -7.78901059
NaN NaN NaN
0.145988382 0.573281599 -7.78383281
0.143453599 0.590890454 -7.80379847
NaN NaN NaN
0.145988382 0.573281599 -7.78383281
0.117057288 0.57261874 -7.80635846
NaN NaN NaN
0.044864594 0.576708983 -7.7852099
0.0741837746 0.553375536 -7.78723754
NaN NaN NaN
0.044864594 0.576708983 -7.7852099
0.0475569058 0.591139937 -7.80328771
NaN NaN NaN
0.044864594 0.576708983 -7.7852099
0.0738349645 0.57128861 -7.80457696
NaN NaN NaN
-0.0309546333 0.384960949 -7.75118922
-0.072219899 0.36503305 -7.7629314
NaN NaN NaN
-0.0309546333 0.384960949 -7.75118922
0.0 0.392368271 -7.78343941
NaN NaN NaN
-0.0309546333 0.384960949 -7.75118922
-0.0774613256 0.354511938 -7.8079235
NaN NaN NaN
0.0253432056 0.663257221 -7.80147019
0.0257211398 0.651618702 -7.80736485
NaN NaN NaN
0.0253432056 0.663257221 -7.80147019
0.024937355 0.680229521 -7.81909818
NaN NaN NaN
0.0953772557 0.540844719 -7.77988637
0.0741837746 0.553375536 -7.78723754
NaN NaN NaN
0.0953772557 0.540844719 -7.77988637
0.117412467 0.55470235 -7.78901059
NaN NaN NaN
0.0953772557 0.540844719 -7.77988637
0.0950179574 0.558786249 -7.79722896
NaN NaN NaN
0.128645711 0.746871453 -7.81594892
0.144615206 0.728139296 -7.81281242
NaN NaN NaN
0.128645711 0.746871453 -7.81594892
0.1073238 0.760892935 -7.82002299
NaN NaN NaN
0.128645711 0.746871453 -7.81594892
0.143738846 0.74561858 -7.82998358
NaN NaN NaN
0.128645711 0.746871453 -7.81594892
0.129295118 0.763612163 -7.8339083
NaN NaN NaN
0.144615206 0.728139296 -7.81281242
0.157864274 0.708922723 -7.8185255
NaN NaN NaN
0.144615206 0.728139296 -7.81281242
0.143738846 0.74561858 -7.82998358
NaN NaN NaN
0.144615206 0.728139296 -7.81281242
0.157257926 0.726243277 -7.83535865
NaN NaN NaN
0.1073238 0.760892935 -7.82002299
0.0808812948 0.769176965 -7.82818861
NaN NaN NaN
0.1073238 0.760892935 -7.82002299
0.129295118 0.763612163 -7.8339083
NaN NaN NaN
0.1073238 0.760892935 -7.82002299
0.106726194 0.778705302 -7.83831336
NaN NaN NaN
0.0295904629 0.698118241 -7.81061245
0.024937355 0.680229521 -7.81909818
NaN NaN NaN
0.0295904629 0.698118241 -7.81061245
0.0290237296 0.714972479 -7.82831454
NaN NaN NaN
0.0295904629 0.698118241 -7.81061245
0.0245347105 0.697067745 -7.83658691
NaN NaN NaN
0.031977056 0.613771531 -7.7972637
0.0475569058 0.591139937 -7.80328771
NaN NaN NaN
0.031977056 0.613771531 -7.7972637
0.0319109292 0.630749407 -7.81481921
NaN NaN NaN
0.031977056 0.613771531 -7.7972637
0.0481950048 0.608082256 -7.8210028
NaN NaN NaN
0.0741837746 0.553375536 -7.78723754
0.0950179574 0.558786249 -7.79722896
NaN NaN NaN
0.0741837746 0.553375536 -7.78723754
0.0738349645 0.57128861 -7.80457696
NaN NaN NaN
0.163461341 0.677803818 -7.80945287
0.1638545 0.650863904 -7.80944074
NaN NaN NaN
0.163461341 0.677803818 -7.80945287
0.16320757 0.694206425 -7.82665453
NaN NaN NaN
0.163461341 0.677803818 -7.80945287
0.163431755 0.667663257 -7.82692421
NaN NaN NaN
0.117412467 0.55470235 -7.78901059
0.0950179574 0.558786249 -7.79722896
NaN NaN NaN
0.117412467 0.55470235 -7.78901059
0.117057288 0.57261874 -7.80635846
NaN NaN NaN
0.0257211398 0.651618702 -7.80736485
0.024937355 0.680229521 -7.81909818
NaN NaN NaN
0.0257211398 0.651618702 -7.80736485
0.0319109292 0.630749407 -7.81481921
NaN NaN NaN
0.0257211398 0.651618702 -7.80736485
0.0254205968 0.668351352 -7.8247814
NaN NaN NaN
0.0257211398 0.651618702 -7.80736485
0.0318501758 0.647575712 -7.83221484
NaN NaN NaN
0.0556551863 0.75271505 -7.82421917
0.0808812948 0.769176965 -7.82818861
NaN NaN NaN
0.0556551863 0.75271505 -7.82421917
0.0389763643 0.734612327 -7.8254858
NaN NaN NaN
0.0556551863 0.75271505 -7.82421917
0.0545827657 0.769810167 -7.84234415
NaN NaN NaN
0.0556551863 0.75271505 -7.82421917
0.0381300969 0.751519467 -7.84350366
NaN NaN NaN
0.0401314523 0.346464999 -7.75270697
0.0765145437 0.332121022 -7.75676444
NaN NaN NaN
0.0401314523 0.346464999 -7.75270697
0.025204055 0.354146515 -7.79091864
NaN NaN NaN
0.157443567 0.613465711 -7.80120016
0.143453599 0.590890454 -7.80379847
NaN NaN NaN
0.157443567 0.613465711 -7.80120016
0.156765125 0.630478847 -7.81879311
NaN NaN NaN
0.157443567 0.613465711 -7.80120016
0.140560492 0.610445171 -7.82575946
NaN NaN NaN
0.0808812948 0.769176965 -7.82818861
0.106726194 0.778705302 -7.83831336
NaN NaN NaN
0.0808812948 0.769176965 -7.82818861
0.0545827657 0.769810167 -7.84234415
NaN NaN NaN
0.0808812948 0.769176965 -7.82818861
0.0739597101 0.78405073 -7.84545723
NaN NaN NaN
0.157864274 0.708922723 -7.8185255
0.16320757 0.694206425 -7.82665453
NaN NaN NaN
0.157864274 0.708922723 -7.8185255
0.157257926 0.726243277 -7.83535865
NaN NaN NaN
0.157864274 0.708922723 -7.8185255
0.162955756 0.710412876 -7.84365265
NaN NaN NaN
0.1638545 0.650863904 -7.80944074
0.156765125 0.630478847 -7.81879311
NaN NaN NaN
0.1638545 0.650863904 -7.80944074
0.163431755 0.667663257 -7.82692421
NaN NaN NaN
0.1638545 0.650863904 -7.80944074
0.158594553 0.651145526 -7.83324215
NaN NaN NaN
0.0389763643 0.734612327 -7.8254858
0.0290237296 0.714972479 -7.82831454
NaN NaN NaN
0.0389763643 0.734612327 -7.8254858
0.0381300969 0.751519467 -7.84350366
NaN NaN NaN
0.0389763643 0.734612327 -7.8254858
0.0284608641 0.73172439 -7.84591232
NaN NaN NaN
0.0950179574 0.558786249 -7.79722896
0.0738349645 0.57128861 -7.80457696
NaN NaN NaN
0.0950179574 0.558786249 -7.79722896
0.117057288 0.57261874 -7.80635846
NaN NaN NaN
0.0950179574 0.558786249 -7.79722896
0.0946586591 0.576727779 -7.81457155
NaN NaN NaN
0.0475569058 0.591139937 -7.80328771
0.0738349645 0.57128861 -7.80457696
NaN NaN NaN
0.0475569058 0.591139937 -7.80328771
0.0481950048 0.608082256 -7.8210028
NaN NaN NaN
0.0475569058 0.591139937 -7.80328771
0.0734863089 0.589177539 -7.82189375
NaN NaN NaN
0.184577639 0.319025617 -7.75197071
0.14452239 0.33433183 -7.76251678
NaN NaN NaN
0.184577639 0.319025617 -7.75197071
0.172108433 0.315010834 -7.80288594
NaN NaN NaN
0.024937355 0.680229521 -7.81909818
0.0254205968 0.668351352 -7.8247814
NaN NaN NaN
0.024937355 0.680229521 -7.81909818
0.0245347105 0.697067745 -7.83658691
NaN NaN NaN
-0.072219899 0.36503305 -7.7629314
-0.125717942 0.340947713 -7.76934699
NaN NaN NaN
-0.072219899 0.36503305 -7.7629314
-0.0774613256 0.354511938 -7.8079235
NaN NaN NaN
0.143453599 0.590890454 -7.80379847
0.117057288 0.57261874 -7.80635846
NaN NaN NaN
0.143453599 0.590890454 -7.80379847
0.140560492 0.610445171 -7.82575946
NaN NaN NaN
0.143453599 0.590890454 -7.80379847
0.116703375 0.590493663 -7.823667
NaN NaN NaN
0.143738846 0.74561858 -7.82998358
0.129295118 0.763612163 -7.8339083
NaN NaN NaN
0.143738846 0.74561858 -7.82998358
0.157257926 0.726243277 -7.83535865
NaN NaN NaN
0.143738846 0.74561858 -7.82998358
0.146597205 0.7607452 -7.84999963
NaN NaN NaN
0.143738846 0.74561858 -7.82998358
0.156545238 0.743941038 -7.85232633
NaN NaN NaN
0.0765145437 0.332121022 -7.75676444
0.111518669 0.33512293 -7.76172679
NaN NaN NaN
0.0765145437 0.332121022 -7.75676444
0.025204055 0.354146515 -7.79091864
NaN NaN NaN
0.0765145437 0.332121022 -7.75676444
0.0705580122 0.329153363 -7.80053355
NaN NaN NaN
0.0765145437 0.332121022 -7.75676444
0.0956705734 0.330641675 -7.80602327
NaN NaN NaN
0.129295118 0.763612163 -7.8339083
0.106726194 0.778705302 -7.83831336
NaN NaN NaN
0.129295118 0.763612163 -7.8339083
0.146597205 0.7607452 -7.84999963
NaN NaN NaN
0.129295118 0.763612163 -7.8339083
0.137154745 0.78159586 -7.85985522
NaN NaN NaN
0.106726194 0.778705302 -7.83831336
0.0739597101 0.78405073 -7.84545723
NaN NaN NaN
0.106726194 0.778705302 -7.83831336
0.0943290598 0.795648606 -7.85406171
NaN NaN NaN
0.106726194 0.778705302 -7.83831336
0.137154745 0.78159586 -7.85985522
NaN NaN NaN
0.106726194 0.778705302 -7.83831336
0.114621797 0.8016503 -7.86479318
NaN NaN NaN
0.0290237296 0.714972479 -7.82831454
0.0245347105 0.697067745 -7.83658691
NaN NaN NaN
0.0290237296 0.714972479 -7.82831454
0.0284608641 0.73172439 -7.84591232
NaN NaN NaN
0.0290237296 0.714972479 -7.82831454
0.0241353542 0.713768459 -7.85393282
NaN NaN NaN
0.0319109292 0.630749407 -7.81481921
0.0481950048 0.608082256 -7.8210028
NaN NaN NaN
0.0319109292 0.630749407 -7.81481921
0.0318501758 0.647575712 -7.83221484
NaN NaN NaN
0.0319109292 0.630749407 -7.81481921
0.0454042297 0.625506718 -7.83492367
NaN NaN NaN
0.0738349645 0.57128861 -7.80457696
0.0946586591 0.576727779 -7.81457155
NaN NaN NaN
0.0738349645 0.57128861 -7.80457696
0.0734863089 0.589177539 -7.82189375
NaN NaN NaN
0.111518669 0.33512293 -7.76172679
0.14452239 0.33433183 -7.76251678
NaN NaN NaN
0.111518669 0.33512293 -7.76172679
0.0956705734 0.330641675 -7.80602327
NaN NaN NaN
0.111518669 0.33512293 -7.76172679
0.132874643 0.331081296 -7.80736641
NaN NaN NaN
0.16320757 0.694206425 -7.82665453
0.163431755 0.667663257 -7.82692421
NaN NaN NaN
0.16320757 0.694206425 -7.82665453
0.162955756 0.710412876 -7.84365265
NaN NaN NaN
0.16320757 0.694206425 -7.82665453
0.163012374 0.684328952 -7.84426858
NaN NaN NaN
0.117057288 0.57261874 -7.80635846
0.0946586591 0.576727779 -7.81457155
NaN NaN NaN
0.117057288 0.57261874 -7.80635846
0.116703375 0.590493663 -7.823667
NaN NaN NaN
0.14452239 0.33433183 -7.76251678
0.172108433 0.315010834 -7.80288594
NaN NaN NaN
0.14452239 0.33433183 -7.76251678
0.132874643 0.331081296 -7.80736641
NaN NaN NaN
0.0254205968 0.668351352 -7.8247814
0.0245347105 0.697067745 -7.83658691
NaN NaN NaN
0.0254205968 0.668351352 -7.8247814
0.0318501758 0.647575712 -7.83221484
NaN NaN NaN
0.0254205968 0.668351352 -7.8247814
0.0251224731 0.684949307 -7.84205774
NaN NaN NaN
0.0254205968 0.668351352 -7.8247814
0.0317948187 0.664246974 -7.84944699
NaN NaN NaN
0.0545827657 0.769810167 -7.84234415
0.0739597101 0.78405073 -7.84545723
NaN NaN NaN
0.0545827657 0.769810167 -7.84234415
0.0381300969 0.751519467 -7.84350366
NaN NaN NaN
0.0545827657 0.769810167 -7.84234415
0.0535220545 0.786768614 -7.86033097
NaN NaN NaN
0.0545827657 0.769810167 -7.84234415
0.0372465483 0.768324809 -7.86149305
NaN NaN NaN
0.156765125 0.630478847 -7.81879311
0.140560492 0.610445171 -7.82575946
NaN NaN NaN
0.156765125 0.630478847 -7.81879311
0.158594553 0.651145526 -7.83324215
NaN NaN NaN
0.156765125 0.630478847 -7.81879311
0.140018871 0.635229304 -7.84998681
NaN NaN NaN
0.157257926 0.726243277 -7.83535865
0.162955756 0.710412876 -7.84365265
NaN NaN NaN
0.157257926 0.726243277 -7.83535865
0.156545238 0.743941038 -7.85232633
NaN NaN NaN
0.157257926 0.726243277 -7.83535865
0.16270739 0.726399992 -7.86043419
NaN NaN NaN
0.0739597101 0.78405073 -7.84545723
0.0943290598 0.795648606 -7.85406171
NaN NaN NaN
0.0739597101 0.78405073 -7.84545723
0.0535220545 0.786768614 -7.86033097
NaN NaN NaN
0.0739597101 0.78405073 -7.84545723
0.0731109208 0.801690721 -7.86378615
NaN NaN NaN
0.163431755 0.667663257 -7.82692421
0.158594553 0.651145526 -7.83324215
NaN NaN NaN
0.163431755 0.667663257 -7.82692421
0.163012374 0.684328952 -7.84426858
NaN NaN NaN
0.163431755 0.667663257 -7.82692421
0.155413493 0.663999751 -7.85344646
NaN NaN NaN
-0.125717942 0.340947713 -7.76934699
-0.0774613256 0.354511938 -7.8079235
NaN NaN NaN
0.0381300969 0.751519467 -7.84350366
0.0284608641 0.73172439 -7.84591232
NaN NaN NaN
0.0381300969 0.751519467 -7.84350366
0.0372465483 0.768324809 -7.86149305
NaN NaN NaN
0.0381300969 0.751519467 -7.84350366
0.0279127581 0.748325492 -7.8633245
NaN NaN NaN
0.0946586591 0.576727779 -7.81457155
0.0734863089 0.589177539 -7.82189375
NaN NaN NaN
0.0946586591 0.576727779 -7.81457155
0.116703375 0.590493663 -7.823667
NaN NaN NaN
0.0946586591 0.576727779 -7.81457155
0.0942993608 0.594669309 -7.83191415
NaN NaN NaN
0.0481950048 0.608082256 -7.8210028
0.0734863089 0.589177539 -7.82189375
NaN NaN NaN
0.0481950048 0.608082256 -7.8210028
0.0454042297 0.625506718 -7.83492367
NaN NaN NaN
0.0481950048 0.608082256 -7.8210028
0.0731378072 0.607042059 -7.83918767
NaN NaN NaN
0.0245347105 0.697067745 -7.83658691
0.0251224731 0.684949307 -7.84205774
NaN NaN NaN
0.0245347105 0.697067745 -7.83658691
0.0241353542 0.713768459 -7.85393282
NaN NaN NaN
0.0 0.392368271 -7.78343941
0.025204055 0.354146515 -7.79091864
NaN NaN NaN
0.0 0.392368271 -7.78343941
-0.0774613256 0.354511938 -7.8079235
NaN NaN NaN
0.0 0.392368271 -7.78343941
0.0 0.382735017 -7.83588713
NaN NaN NaN
0.0943290598 0.795648606 -7.85406171
0.0731109208 0.801690721 -7.86378615
NaN NaN NaN
0.0943290598 0.795648606 -7.85406171
0.114621797 0.8016503 -7.86479318
NaN NaN NaN
0.0943290598 0.795648606 -7.85406171
0.0933037642 0.813407493 -7.87234628
NaN NaN NaN
0.0284608641 0.73172439 -7.84591232
0.0241353542 0.713768459 -7.85393282
NaN NaN NaN
0.0284608641 0.73172439 -7.84591232
0.0279127581 0.748325492 -7.8633245
NaN NaN NaN
0.0284608641 0.73172439 -7.84591232
0.0237393649 0.730328369 -7.87113248
NaN NaN NaN
0.146597205 0.7607452 -7.84999963
0.156545238 0.743941038 -7.85232633
NaN NaN NaN
0.146597205 0.7607452 -7.84999963
0.137154745 0.78159586 -7.85985522
NaN NaN NaN
0.146597205 0.7607452 -7.84999963
0.156140248 0.761506027 -7.87002638
NaN NaN NaN
0.0734863089 0.589177539 -7.82189375
0.0942993608 0.594669309 -7.83191415
NaN NaN NaN
0.0734863089 0.589177539 -7.82189375
0.0731378072 0.607042059 -7.83918767
NaN NaN NaN
0.0318501758 0.647575712 -7.83221484
0.0454042297 0.625506718 -7.83492367
NaN NaN NaN
0.0318501758 0.647575712 -7.83221484
0.0317948187 0.664246974 -7.84944699
NaN NaN NaN
0.0318501758 0.647575712 -7.83221484
0.0461633194 0.643238198 -7.85366202
NaN NaN NaN
0.140560492 0.610445171 -7.82575946
0.116703375 0.590493663 -7.823667
NaN NaN NaN
0.140560492 0.610445171 -7.82575946
0.116350741 0.608326744 -7.84093589
NaN NaN NaN
0.140560492 0.610445171 -7.82575946
0.140018871 0.635229304 -7.84998681
NaN NaN NaN
0.158594553 0.651145526 -7.83324215
0.155413493 0.663999751 -7.85344646
NaN NaN NaN
0.158594553 0.651145526 -7.83324215
0.140018871 0.635229304 -7.84998681
NaN NaN NaN
0.116703375 0.590493663 -7.823667
0.0942993608 0.594669309 -7.83191415
NaN NaN NaN
0.116703375 0.590493663 -7.823667
0.116350741 0.608326744 -7.84093589
NaN NaN NaN
0.162955756 0.710412876 -7.84365265
0.163012374 0.684328952 -7.84426858
NaN NaN NaN
0.162955756 0.710412876 -7.84365265
0.16270739 0.726399992 -7.86043419
NaN NaN NaN
0.162955756 0.710412876 -7.84365265
0.162596443 0.700857507 -7.86147022
NaN NaN NaN
0.0251224731 0.684949307 -7.84205774
0.0241353542 0.713768459 -7.85393282
NaN NaN NaN
0.0251224731 0.684949307 -7.84205774
0.0317948187 0.664246974 -7.84944699
NaN NaN NaN
0.0251224731 0.684949307 -7.84205774
0.0248268304 0.70140913 -7.85919031
NaN NaN NaN
0.0251224731 0.684949307 -7.84205774
0.0317448752 0.680759765 -7.8665121
NaN NaN NaN
0.156545238 0.743941038 -7.85232633
0.16270739 0.726399992 -7.86043419
NaN NaN NaN
0.156545238 0.743941038 -7.85232633
0.156140248 0.761506027 -7.87002638
NaN NaN NaN
0.156545238 0.743941038 -7.85232633
0.162459832 0.742203948 -7.87701695
NaN NaN NaN
0.0535220545 0.786768614 -7.86033097
0.0731109208 0.801690721 -7.86378615
NaN NaN NaN
0.0535220545 0.786768614 -7.86033097
0.0372465483 0.768324809 -7.86149305
NaN NaN NaN
0.0535220545 0.786768614 -7.86033097
0.0523954512 0.803834891 -7.87849368
NaN NaN NaN
0.0535220545 0.786768614 -7.86033097
0.0364211158 0.785106818 -7.87937348
NaN NaN NaN
0.137154745 0.78159586 -7.85985522
0.114621797 0.8016503 -7.86479318
NaN NaN NaN
0.137154745 0.78159586 -7.85985522
0.156140248 0.761506027 -7.87002638
NaN NaN NaN
0.137154745 0.78159586 -7.85985522
0.13301443 0.803942254 -7.8791577
NaN NaN NaN
0.137154745 0.78159586 -7.85985522
0.155410564 0.785515174 -7.8937519
NaN NaN NaN
0.0731109208 0.801690721 -7.86378615
0.0933037642 0.813407493 -7.87234628
NaN NaN NaN
0.0731109208 0.801690721 -7.86378615
0.0523954512 0.803834891 -7.87849368
NaN NaN NaN
0.0731109208 0.801690721 -7.86378615
0.0720862 0.819389245 -7.88224409
NaN NaN NaN
0.0454042297 0.625506718 -7.83492367
0.0731378072 0.607042059 -7.83918767
NaN NaN NaN
0.0454042297 0.625506718 -7.83492367
0.0461633194 0.643238198 -7.85366202
NaN NaN NaN
0.0454042297 0.625506718 -7.83492367
0.0727894578 0.624881903 -7.85645849
NaN NaN NaN
0.163012374 0.684328952 -7.84426858
0.155413493 0.663999751 -7.85344646
NaN NaN NaN
0.163012374 0.684328952 -7.84426858
0.162596443 0.700857507 -7.86147022
NaN NaN NaN
0.163012374 0.684328952 -7.84426858
0.154740581 0.680500673 -7.87049973
NaN NaN NaN
0.114621797 0.8016503 -7.86479318
0.0933037642 0.813407493 -7.87234628
NaN NaN NaN
0.114621797 0.8016503 -7.86479318
0.13301443 0.803942254 -7.8791577
NaN NaN NaN
0.114621797 0.8016503 -7.86479318
0.113518292 0.819694692 -7.88306538
NaN NaN NaN
0.0942993608 0.594669309 -7.83191415
0.0731378072 0.607042059 -7.83918767
NaN NaN NaN
0.0942993608 0.594669309 -7.83191415
0.116350741 0.608326744 -7.84093589
NaN NaN NaN
0.0942993608 0.594669309 -7.83191415
0.0939400625 0.612610838 -7.84925674
NaN NaN NaN
0.0372465483 0.768324809 -7.86149305
0.0279127581 0.748325492 -7.8633245
NaN NaN NaN
0.0372465483 0.768324809 -7.86149305
0.0364211158 0.785106818 -7.87937348
NaN NaN NaN
0.0372465483 0.768324809 -7.86149305
0.0273548534 0.76494051 -7.88078626
NaN NaN NaN
0.0241353542 0.713768459 -7.85393282
0.0248268304 0.70140913 -7.85919031
NaN NaN NaN
0.0241353542 0.713768459 -7.85393282
0.0237393649 0.730328369 -7.87113248
NaN NaN NaN
0.025204055 0.354146515 -7.79091864
0.0705580122 0.329153363 -7.80053355
NaN NaN NaN
0.025204055 0.354146515 -7.79091864
0.0 0.382735017 -7.83588713
NaN NaN NaN
0.0933037642 0.813407493 -7.87234628
0.0720862 0.819389245 -7.88224409
NaN NaN NaN
0.0933037642 0.813407493 -7.87234628
0.113518292 0.819694692 -7.88306538
NaN NaN NaN
0.0933037642 0.813407493 -7.87234628
0.0922355998 0.83111006 -7.89058016
NaN NaN NaN
0.0731378072 0.607042059 -7.83918767
0.0939400625 0.612610838 -7.84925674
NaN NaN NaN
0.0731378072 0.607042059 -7.83918767
0.0727894578 0.624881903 -7.85645849
NaN NaN NaN
0.0279127581 0.748325492 -7.8633245
0.0237393649 0.730328369 -7.87113248
NaN NaN NaN
0.0279127581 0.748325492 -7.8633245
0.0273548534 0.76494051 -7.88078626
NaN NaN NaN
0.0279127581 0.748325492 -7.8633245
0.0233468179 0.74674432 -7.88818262
NaN NaN NaN
0.0317948187 0.664246974 -7.84944699
0.0461633194 0.643238198 -7.85366202
NaN NaN NaN
0.0317948187 0.664246974 -7.84944699
0.0317448752 0.680759765 -7.8665121
NaN NaN NaN
0.0317948187 0.664246974 -7.84944699
0.0463784124 0.659882804 -7.87058337
NaN NaN NaN
0.116350741 0.608326744 -7.84093589
0.140018871 0.635229304 -7.84998681
NaN NaN NaN
0.116350741 0.608326744 -7.84093589
0.0939400625 0.612610838 -7.84925674
NaN NaN NaN
0.116350741 0.608326744 -7.84093589
0.115999402 0.626117603 -7.85816478
NaN NaN NaN
0.16270739 0.726399992 -7.86043419
0.162596443 0.700857507 -7.86147022
NaN NaN NaN
0.16270739 0.726399992 -7.86043419
0.162459832 0.742203948 -7.87701695
NaN NaN NaN
0.16270739 0.726399992 -7.86043419
0.162184048 0.717245577 -7.87852566
NaN NaN NaN
0.0248268304 0.70140913 -7.85919031
0.0237393649 0.730328369 -7.87113248
NaN NaN NaN
0.0248268304 0.70140913 -7.85919031
0.0317448752 0.680759765 -7.8665121
NaN NaN NaN
0.0248268304 0.70140913 -7.85919031
0.024533728 0.717727522 -7.87617567
NaN NaN NaN
0.0248268304 0.70140913 -7.85919031
0.031700356 0.697110825 -7.88340676
NaN NaN NaN
0.155413493 0.663999751 -7.85344646
0.140018871 0.635229304 -7.84998681
NaN NaN NaN
0.155413493 0.663999751 -7.85344646
0.154740581 0.680500673 -7.87049973
NaN NaN NaN
0.155413493 0.663999751 -7.85344646
0.140009557 0.658126097 -7.87184853
NaN NaN NaN
0.156140248 0.761506027 -7.87002638
0.162459832 0.742203948 -7.87701695
NaN NaN NaN
0.156140248 0.761506027 -7.87002638
0.155410564 0.785515174 -7.8937519
NaN NaN NaN
0.156140248 0.761506027 -7.87002638
0.16225835 0.758886543 -7.8952372
NaN NaN NaN
0.140018871 0.635229304 -7.84998681
0.115999402 0.626117603 -7.85816478
NaN NaN NaN
0.140018871 0.635229304 -7.84998681
0.140009557 0.658126097 -7.87184853
NaN NaN NaN
0.140018871 0.635229304 -7.84998681
0.115649374 0.643865852 -7.87535332
NaN NaN NaN
0.0523954512 0.803834891 -7.87849368
0.0720862 0.819389245 -7.88224409
NaN NaN NaN
0.0523954512 0.803834891 -7.87849368
0.0364211158 0.785106818 -7.87937348
NaN NaN NaN
0.0523954512 0.803834891 -7.87849368
0.0512333928 0.820632838 -7.89643032
NaN NaN NaN
0.0523954512 0.803834891 -7.87849368
0.0354747177 0.801713188 -7.8972999
NaN NaN NaN
0.162596443 0.700857507 -7.86147022
0.154740581 0.680500673 -7.87049973
NaN NaN NaN
0.162596443 0.700857507 -7.86147022
0.162184048 0.717245577 -7.87852566
NaN NaN NaN
0.162596443 0.700857507 -7.86147022
0.154069788 0.696824324 -7.88736631
NaN NaN NaN
0.13301443 0.803942254 -7.8791577
0.113518292 0.819694692 -7.88306538
NaN NaN NaN
0.13301443 0.803942254 -7.8791577
0.130496371 0.822095343 -7.89591416
NaN NaN NaN
0.13301443 0.803942254 -7.8791577
0.155410564 0.785515174 -7.8937519
NaN NaN NaN
0.13301443 0.803942254 -7.8791577
0.145081084 0.811550916 -7.90119225
NaN NaN NaN
0.0720862 0.819389245 -7.88224409
0.0922355998 0.83111006 -7.89058016
NaN NaN NaN
0.0720862 0.819389245 -7.88224409
0.0512333928 0.820632838 -7.89643032
NaN NaN NaN
0.0720862 0.819389245 -7.88224409
0.0707783344 0.836446067 -7.9001645
NaN NaN NaN
0.0461633194 0.643238198 -7.85366202
0.0727894578 0.624881903 -7.85645849
NaN NaN NaN
0.0461633194 0.643238198 -7.85366202
0.0463784124 0.659882804 -7.87058337
NaN NaN NaN
0.0461633194 0.643238198 -7.85366202
0.0724412587 0.6426968 -7.87370597
NaN NaN NaN
0.113518292 0.819694692 -7.88306538
0.0922355998 0.83111006 -7.89058016
NaN NaN NaN
0.113518292 0.819694692 -7.88306538
0.130496371 0.822095343 -7.89591416
NaN NaN NaN
0.113518292 0.819694692 -7.88306538
0.116914012 0.84154262 -7.90728237
NaN NaN NaN
0.0939400625 0.612610838 -7.84925674
0.0727894578 0.624881903 -7.85645849
NaN NaN NaN
0.0939400625 0.612610838 -7.84925674
0.115999402 0.626117603 -7.85816478
NaN NaN NaN
0.0939400625 0.612610838 -7.84925674
0.0935807643 0.630552368 -7.86659933
NaN NaN NaN
0.0364211158 0.785106818 -7.87937348
0.0273548534 0.76494051 -7.88078626
NaN NaN NaN
0.0364211158 0.785106818 -7.87937348
0.0354747177 0.801713188 -7.8972999
NaN NaN NaN
0.0364211158 0.785106818 -7.87937348
0.0267999743 0.781299696 -7.89800301
NaN NaN NaN
0.0237393649 0.730328369 -7.87113248
0.024533728 0.717727522 -7.87617567
NaN NaN NaN
0.0237393649 0.730328369 -7.87113248
0.0233468179 0.74674432 -7.88818262
NaN NaN NaN
0.0705580122 0.329153363 -7.80053355
0.0956705734 0.330641675 -7.80602327
NaN NaN NaN
0.0705580122 0.329153363 -7.80053355
0.0 0.382735017 -7.83588713
NaN NaN NaN
0.0705580122 0.329153363 -7.80053355
0.0640827669 0.325927271 -7.84811422
NaN NaN NaN
0.0727894578 0.624881903 -7.85645849
0.0935807643 0.630552368 -7.86659933
NaN NaN NaN
0.0727894578 0.624881903 -7.85645849
0.0724412587 0.6426968 -7.87370597
NaN NaN NaN
0.0922355998 0.83111006 -7.89058016
0.0707783344 0.836446067 -7.9001645
NaN NaN NaN
0.0922355998 0.83111006 -7.89058016
0.116914012 0.84154262 -7.90728237
NaN NaN NaN
0.0922355998 0.83111006 -7.89058016
0.0906476064 0.848786568 -7.9088018
NaN NaN NaN
0.0317448752 0.680759765 -7.8665121
0.0463784124 0.659882804 -7.87058337
NaN NaN NaN
0.0317448752 0.680759765 -7.8665121
0.031700356 0.697110825 -7.88340676
NaN NaN NaN
0.0317448752 0.680759765 -7.8665121
0.0465986141 0.676360427 -7.88732534
NaN NaN NaN
-0.0774613256 0.354511938 -7.8079235
0.0 0.382735017 -7.83588713
NaN NaN NaN
-0.0774613256 0.354511938 -7.8079235
-0.13287015 0.32678446 -7.82969002
NaN NaN NaN
-0.0774613256 0.354511938 -7.8079235
-0.0837451326 0.341898456 -7.86186333
NaN NaN NaN
0.0273548534 0.76494051 -7.88078626
0.0233468179 0.74674432 -7.88818262
NaN NaN NaN
0.0273548534 0.76494051 -7.88078626
0.0267999743 0.781299696 -7.89800301
NaN NaN NaN
0.0273548534 0.76494051 -7.88078626
0.0229577855 0.763013299 -7.90508012
NaN NaN NaN
0.162459832 0.742203948 -7.87701695
0.162184048 0.717245577 -7.87852566
NaN NaN NaN
0.162459832 0.742203948 -7.87701695
0.16225835 0.758886543 -7.8952372
NaN NaN NaN
0.162459832 0.742203948 -7.87701695
0.161775269 0.733489964 -7.89543157
NaN NaN NaN
0.115999402 0.626117603 -7.85816478
0.0935807643 0.630552368 -7.86659933
NaN NaN NaN
0.115999402 0.626117603 -7.85816478
0.115649374 0.643865852 -7.87535332
NaN NaN NaN
0.0956705734 0.330641675 -7.80602327
0.132874643 0.331081296 -7.80736641
NaN NaN NaN
0.0956705734 0.330641675 -7.80602327
0.0640827669 0.325927271 -7.84811422
NaN NaN NaN
0.0956705734 0.330641675 -7.80602327
0.118829517 0.327161726 -7.86144714
NaN NaN NaN
0.024533728 0.717727522 -7.87617567
0.0233468179 0.74674432 -7.88818262
NaN NaN NaN
0.024533728 0.717727522 -7.87617567
0.031700356 0.697110825 -7.88340676
NaN NaN NaN
0.024533728 0.717727522 -7.87617567
0.0242432226 0.73390133 -7.89301054
NaN NaN NaN
0.024533728 0.717727522 -7.87617567
0.0316612654 0.713297062 -7.90012778
NaN NaN NaN
0.172108433 0.315010834 -7.80288594
0.132874643 0.331081296 -7.80736641
NaN NaN NaN
0.172108433 0.315010834 -7.80288594
0.204345478 0.293721972 -7.84306458
NaN NaN NaN
0.172108433 0.315010834 -7.80288594
0.118829517 0.327161726 -7.86144714
NaN NaN NaN
0.132874643 0.331081296 -7.80736641
0.118829517 0.327161726 -7.86144714
NaN NaN NaN
0.154740581 0.680500673 -7.87049973
0.140009557 0.658126097 -7.87184853
NaN NaN NaN
0.154740581 0.680500673 -7.87049973
0.154069788 0.696824324 -7.88736631
NaN NaN NaN
0.154740581 0.680500673 -7.87049973
0.137876137 0.679368935 -7.8943796
NaN NaN NaN
0.162184048 0.717245577 -7.87852566
0.154069788 0.696824324 -7.88736631
NaN NaN NaN
0.162184048 0.717245577 -7.87852566
0.161775269 0.733489964 -7.89543157
NaN NaN NaN
0.162184048 0.717245577 -7.87852566
0.155927941 0.716788494 -7.90187311
NaN NaN NaN
0.130496371 0.822095343 -7.89591416
0.145081084 0.811550916 -7.90119225
NaN NaN NaN
0.130496371 0.822095343 -7.89591416
0.116914012 0.84154262 -7.90728237
NaN NaN NaN
0.130496371 0.822095343 -7.89591416
0.141735422 0.829756071 -7.91569552
NaN NaN NaN
0.0512333928 0.820632838 -7.89643032
0.0707783344 0.836446067 -7.9001645
NaN NaN NaN
0.0512333928 0.820632838 -7.89643032
0.0354747177 0.801713188 -7.8972999
NaN NaN NaN
0.0512333928 0.820632838 -7.89643032
0.0500366405 0.837512565 -7.9144952
NaN NaN NaN
0.0512333928 0.820632838 -7.89643032
0.0345942356 0.818274714 -7.91508449
NaN NaN NaN
0.0463784124 0.659882804 -7.87058337
0.0724412587 0.6426968 -7.87370597
NaN NaN NaN
0.0463784124 0.659882804 -7.87058337
0.0465986141 0.676360427 -7.88732534
NaN NaN NaN
0.0463784124 0.659882804 -7.87058337
0.072093207 0.660486471 -7.89092986
NaN NaN NaN
0.0707783344 0.836446067 -7.9001645
0.0906476064 0.848786568 -7.9088018
NaN NaN NaN
0.0707783344 0.836446067 -7.9001645
0.0500366405 0.837512565 -7.9144952
NaN NaN NaN
0.0707783344 0.836446067 -7.9001645
0.069142712 0.854014904 -7.91875844
NaN NaN NaN
0.0935807643 0.630552368 -7.86659933
0.0724412587 0.6426968 -7.87370597
NaN NaN NaN
0.0935807643 0.630552368 -7.86659933
0.115649374 0.643865852 -7.87535332
NaN NaN NaN
0.0935807643 0.630552368 -7.86659933
0.093221466 0.648493898 -7.88394192
NaN NaN NaN
0.140009557 0.658126097 -7.87184853
0.115649374 0.643865852 -7.87535332
NaN NaN NaN
0.140009557 0.658126097 -7.87184853
0.137876137 0.679368935 -7.8943796
NaN NaN NaN
0.140009557 0.658126097 -7.87184853
0.115300675 0.661571102 -7.89250116
NaN NaN NaN
0.0233468179 0.74674432 -7.88818262
0.0242432226 0.73390133 -7.89301054
NaN NaN NaN
0.0233468179 0.74674432 -7.88818262
0.0229577855 0.763013299 -7.90508012
NaN NaN NaN
0.155410564 0.785515174 -7.8937519
0.145081084 0.811550916 -7.90119225
NaN NaN NaN
0.155410564 0.785515174 -7.8937519
0.16225835 0.758886543 -7.8952372
NaN NaN NaN
0.155410564 0.785515174 -7.8937519
0.156185396 0.806447651 -7.9183478
NaN NaN NaN
0.155410564 0.785515174 -7.8937519
0.1623307 0.77182285 -7.91398482
NaN NaN NaN
0.155410564 0.785515174 -7.8937519
0.16172935 0.788398622 -7.92549975
NaN NaN NaN
0.0354747177 0.801713188 -7.8972999
0.0267999743 0.781299696 -7.89800301
NaN NaN NaN
0.0354747177 0.801713188 -7.8972999
0.0345942356 0.818274714 -7.91508449
NaN NaN NaN
0.0354747177 0.801713188 -7.8972999
0.0262495957 0.797666078 -7.9152168
NaN NaN NaN
0.0724412587 0.6426968 -7.87370597
0.093221466 0.648493898 -7.88394192
NaN NaN NaN
0.0724412587 0.6426968 -7.87370597
0.072093207 0.660486471 -7.89092986
NaN NaN NaN
0.145081084 0.811550916 -7.90119225
0.141735422 0.829756071 -7.91569552
NaN NaN NaN
0.145081084 0.811550916 -7.90119225
0.156185396 0.806447651 -7.9183478
NaN NaN NaN
0.031700356 0.697110825 -7.88340676
0.0465986141 0.676360427 -7.88732534
NaN NaN NaN
0.031700356 0.697110825 -7.88340676
0.0316612654 0.713297062 -7.90012778
NaN NaN NaN
0.031700356 0.697110825 -7.88340676
0.0468237437 0.69266866 -7.90388552
NaN NaN NaN
0.0267999743 0.781299696 -7.89800301
0.0229577855 0.763013299 -7.90508012
NaN NaN NaN
0.0267999743 0.781299696 -7.89800301
0.0262495957 0.797666078 -7.9152168
NaN NaN NaN
0.0267999743 0.781299696 -7.89800301
0.0225723363 0.779132432 -7.92182198
NaN NaN NaN
0.116914012 0.84154262 -7.90728237
0.0906476064 0.848786568 -7.9088018
NaN NaN NaN
0.116914012 0.84154262 -7.90728237
0.141735422 0.829756071 -7.91569552
NaN NaN NaN
0.116914012 0.84154262 -7.90728237
0.100178598 0.865678232 -7.92692886
NaN NaN NaN
0.116914012 0.84154262 -7.90728237
0.126960708 0.854068815 -7.92647812
NaN NaN NaN
0.0906476064 0.848786568 -7.9088018
0.069142712 0.854014904 -7.91875844
NaN NaN NaN
0.0906476064 0.848786568 -7.9088018
0.100178598 0.865678232 -7.92692886
NaN NaN NaN
0.115649374 0.643865852 -7.87535332
0.093221466 0.648493898 -7.88394192
NaN NaN NaN
0.115649374 0.643865852 -7.87535332
0.115300675 0.661571102 -7.89250116
NaN NaN NaN
0.16225835 0.758886543 -7.8952372
0.161775269 0.733489964 -7.89543157
NaN NaN NaN
0.16225835 0.758886543 -7.8952372
0.1623307 0.77182285 -7.91398482
NaN NaN NaN
0.16225835 0.758886543 -7.8952372
0.161370182 0.749587608 -7.91218475
NaN NaN NaN
0.0242432226 0.73390133 -7.89301054
0.0229577855 0.763013299 -7.90508012
NaN NaN NaN
0.0242432226 0.73390133 -7.89301054
0.0316612654 0.713297062 -7.90012778
NaN NaN NaN
0.0242432226 0.73390133 -7.89301054
0.0239553683 0.749927542 -7.90969177
NaN NaN NaN
0.0242432226 0.73390133 -7.89301054
0.0290966484 0.733204062 -7.91417885
NaN NaN NaN
0.154069788 0.696824324 -7.88736631
0.137876137 0.679368935 -7.8943796
NaN NaN NaN
0.154069788 0.696824324 -7.88736631
0.155927941 0.716788494 -7.90187311
NaN NaN NaN
0.154069788 0.696824324 -7.88736631
0.137495694 0.706583592 -7.92078438
NaN NaN NaN
0.161775269 0.733489964 -7.89543157
0.155927941 0.716788494 -7.90187311
NaN NaN NaN
0.161775269 0.733489964 -7.89543157
0.161370182 0.749587608 -7.91218475
NaN NaN NaN
0.161775269 0.733489964 -7.89543157
0.152735101 0.728928211 -7.92052732
NaN NaN NaN
0.0465986141 0.676360427 -7.88732534
0.072093207 0.660486471 -7.89092986
NaN NaN NaN
0.0465986141 0.676360427 -7.88732534
0.0468237437 0.69266866 -7.90388552
NaN NaN NaN
0.0465986141 0.676360427 -7.88732534
0.0717452993 0.678250636 -7.90812992
NaN NaN NaN
0.0 0.382735017 -7.83588713
0.0640827669 0.325927271 -7.84811422
NaN NaN NaN
0.0 0.382735017 -7.83588713
-0.0837451326 0.341898456 -7.86186333
NaN NaN NaN
0.0 0.382735017 -7.83588713
0.0 0.37310033 -7.88834265
NaN NaN NaN
0.0500366405 0.837512565 -7.9144952
0.069142712 0.854014904 -7.91875844
NaN NaN NaN
0.0500366405 0.837512565 -7.9144952
0.0345942356 0.818274714 -7.91508449
NaN NaN NaN
0.0500366405 0.837512565 -7.9144952
0.0484152861 0.854754919 -7.93334514
NaN NaN NaN
0.0500366405 0.837512565 -7.9144952
0.0336289593 0.83467885 -7.93288323
NaN NaN NaN
0.093221466 0.648493898 -7.88394192
0.072093207 0.660486471 -7.89092986
NaN NaN NaN
0.093221466 0.648493898 -7.88394192
0.115300675 0.661571102 -7.89250116
NaN NaN NaN
0.093221466 0.648493898 -7.88394192
0.0928621677 0.666435428 -7.90128451
NaN NaN NaN
0.069142712 0.854014904 -7.91875844
0.100178598 0.865678232 -7.92692886
NaN NaN NaN
0.069142712 0.854014904 -7.91875844
0.0776321594 0.870850434 -7.93316113
NaN NaN NaN
0.069142712 0.854014904 -7.91875844
0.0484152861 0.854754919 -7.93334514
NaN NaN NaN
0.0229577855 0.763013299 -7.90508012
0.0239553683 0.749927542 -7.90969177
NaN NaN NaN
0.0229577855 0.763013299 -7.90508012
0.0225723363 0.779132432 -7.92182198
NaN NaN NaN
0.0229577855 0.763013299 -7.90508012
0.0236702164 0.765803293 -7.9262164
NaN NaN NaN
0.141735422 0.829756071 -7.91569552
0.156185396 0.806447651 -7.9183478
NaN NaN NaN
0.141735422 0.829756071 -7.91569552
0.126960708 0.854068815 -7.92647812
NaN NaN NaN
0.141735422 0.829756071 -7.91569552
0.146013783 0.841849133 -7.93451268
NaN NaN NaN
0.141735422 0.829756071 -7.91569552
0.156162325 0.823301248 -7.93638821
NaN NaN NaN
0.0345942356 0.818274714 -7.91508449
0.0262495957 0.797666078 -7.9152168
NaN NaN NaN
0.0345942356 0.818274714 -7.91508449
0.0336289593 0.83467885 -7.93288323
NaN NaN NaN
0.0345942356 0.818274714 -7.91508449
0.0257091085 0.81382818 -7.93221058
NaN NaN NaN
-0.13287015 0.32678446 -7.82969002
-0.0837451326 0.341898456 -7.86186333
NaN NaN NaN
0.072093207 0.660486471 -7.89092986
0.0928621677 0.666435428 -7.90128451
NaN NaN NaN
0.072093207 0.660486471 -7.89092986
0.0717452993 0.678250636 -7.90812992
NaN NaN NaN
0.0316612654 0.713297062 -7.90012778
0.0468237437 0.69266866 -7.90388552
NaN NaN NaN
0.0316612654 0.713297062 -7.90012778
0.0290966484 0.733204062 -7.91417885
NaN NaN NaN
0.0316612654 0.713297062 -7.90012778
0.0446349333 0.717478645 -7.92613337
NaN NaN NaN
0.137876137 0.679368935 -7.8943796
0.115300675 0.661571102 -7.89250116
NaN NaN NaN
0.137876137 0.679368935 -7.8943796
0.114953321 0.679232956 -7.90960794
NaN NaN NaN
0.137876137 0.679368935 -7.8943796
0.137495694 0.706583592 -7.92078438
NaN NaN NaN
0.0262495957 0.797666078 -7.9152168
0.0225723363 0.779132432 -7.92182198
NaN NaN NaN
0.0262495957 0.797666078 -7.9152168
0.0257091085 0.81382818 -7.93221058
NaN NaN NaN
0.0262495957 0.797666078 -7.9152168
0.0221905355 0.795098991 -7.93840537
NaN NaN NaN
0.115300675 0.661571102 -7.89250116
0.0928621677 0.666435428 -7.90128451
NaN NaN NaN
0.115300675 0.661571102 -7.89250116
0.114953321 0.679232956 -7.90960794
NaN NaN NaN
0.155927941 0.716788494 -7.90187311
0.152735101 0.728928211 -7.92052732
NaN NaN NaN
0.155927941 0.716788494 -7.90187311
0.137495694 0.706583592 -7.92078438
NaN NaN NaN
0.100178598 0.865678232 -7.92692886
0.126960708 0.854068815 -7.92647812
NaN NaN NaN
0.100178598 0.865678232 -7.92692886
0.0776321594 0.870850434 -7.93316113
NaN NaN NaN
0.100178598 0.865678232 -7.92692886
0.117466026 0.874373925 -7.94168522
NaN NaN NaN
0.100178598 0.865678232 -7.92692886
0.095181009 0.883416125 -7.94464977
NaN NaN NaN
0.0239553683 0.749927542 -7.90969177
0.0290966484 0.733204062 -7.91417885
NaN NaN NaN
0.0239553683 0.749927542 -7.90969177
0.0236702164 0.765803293 -7.9262164
NaN NaN NaN
0.0239553683 0.749927542 -7.90969177
0.0315993548 0.745163556 -7.9330369
NaN NaN NaN
0.156185396 0.806447651 -7.9183478
0.16172935 0.788398622 -7.92549975
NaN NaN NaN
0.156185396 0.806447651 -7.9183478
0.156162325 0.823301248 -7.93638821
NaN NaN NaN
0.156185396 0.806447651 -7.9183478
0.161489995 0.803386601 -7.94123364
NaN NaN NaN
0.126960708 0.854068815 -7.92647812
0.146013783 0.841849133 -7.93451268
NaN NaN NaN
0.126960708 0.854068815 -7.92647812
0.117466026 0.874373925 -7.94168522
NaN NaN NaN
0.126960708 0.854068815 -7.92647812
0.143655541 0.85883113 -7.94885257
NaN NaN NaN
0.1623307 0.77182285 -7.91398482
0.161370182 0.749587608 -7.91218475
NaN NaN NaN
0.1623307 0.77182285 -7.91398482
0.16172935 0.788398622 -7.92549975
NaN NaN NaN
0.1623307 0.77182285 -7.91398482
0.160968861 0.765535597 -7.92878219
NaN NaN NaN
0.161370182 0.749587608 -7.91218475
0.152735101 0.728928211 -7.92052732
NaN NaN NaN
0.161370182 0.749587608 -7.91218475
0.160968861 0.765535597 -7.92878219
NaN NaN NaN
0.161370182 0.749587608 -7.91218475
0.152071475 0.744703122 -7.93681622
NaN NaN NaN
0.0468237437 0.69266866 -7.90388552
0.0717452993 0.678250636 -7.90812992
NaN NaN NaN
0.0468237437 0.69266866 -7.90388552
0.0446349333 0.717478645 -7.92613337
NaN NaN NaN
0.0468237437 0.69266866 -7.90388552
0.0713975314 0.695989007 -7.9253059
NaN NaN NaN
0.0776321594 0.870850434 -7.93316113
0.0484152861 0.854754919 -7.93334514
NaN NaN NaN
0.0776321594 0.870850434 -7.93316113
0.095181009 0.883416125 -7.94464977
NaN NaN NaN
0.0776321594 0.870850434 -7.93316113
0.0498287325 0.87646335 -7.95385575
NaN NaN NaN
0.0776321594 0.870850434 -7.93316113
0.0731742145 0.893138054 -7.95723162
NaN NaN NaN
0.0928621677 0.666435428 -7.90128451
0.0717452993 0.678250636 -7.90812992
NaN NaN NaN
0.0928621677 0.666435428 -7.90128451
0.114953321 0.679232956 -7.90960794
NaN NaN NaN
0.0928621677 0.666435428 -7.90128451
0.0925028694 0.684376957 -7.9186271
NaN NaN NaN
0.0484152861 0.854754919 -7.93334514
0.0336289593 0.83467885 -7.93288323
NaN NaN NaN
0.0484152861 0.854754919 -7.93334514
0.0342005219 0.852638524 -7.94948028
NaN NaN NaN
0.0484152861 0.854754919 -7.93334514
0.0498287325 0.87646335 -7.95385575
NaN NaN NaN
0.0290966484 0.733204062 -7.91417885
0.0446349333 0.717478645 -7.92613337
NaN NaN NaN
0.0290966484 0.733204062 -7.91417885
0.0315993548 0.745163556 -7.9330369
NaN NaN NaN
0.0225723363 0.779132432 -7.92182198
0.0236702164 0.765803293 -7.9262164
NaN NaN NaN
0.0225723363 0.779132432 -7.92182198
0.0221905355 0.795098991 -7.93840537
NaN NaN NaN
0.0225723363 0.779132432 -7.92182198
0.0233878158 0.781525864 -7.94258158
NaN NaN NaN
0.0336289593 0.83467885 -7.93288323
0.0257091085 0.81382818 -7.93221058
NaN NaN NaN
0.0336289593 0.83467885 -7.93288323
0.0342005219 0.852638524 -7.94948028
NaN NaN NaN
0.0336289593 0.83467885 -7.93288323
0.0251679409 0.829837263 -7.94906958
NaN NaN NaN
0.0717452993 0.678250636 -7.90812992
0.0925028694 0.684376957 -7.9186271
NaN NaN NaN
0.0717452993 0.678250636 -7.90812992
0.0713975314 0.695989007 -7.9253059
NaN NaN NaN
0.16172935 0.788398622 -7.92549975
0.160968861 0.765535597 -7.92878219
NaN NaN NaN
0.16172935 0.788398622 -7.92549975
0.161489995 0.803386601 -7.94123364
NaN NaN NaN
0.16172935 0.788398622 -7.92549975
0.160571376 0.781331163 -7.945221
NaN NaN NaN
0.146013783 0.841849133 -7.93451268
0.156162325 0.823301248 -7.93638821
NaN NaN NaN
0.146013783 0.841849133 -7.93451268
0.143655541 0.85883113 -7.94885257
NaN NaN NaN
0.146013783 0.841849133 -7.93451268
0.157893712 0.833561443 -7.95336334
NaN NaN NaN
0.114953321 0.679232956 -7.90960794
0.137495694 0.706583592 -7.92078438
NaN NaN NaN
0.114953321 0.679232956 -7.90960794
0.0925028694 0.684376957 -7.9186271
NaN NaN NaN
0.114953321 0.679232956 -7.90960794
0.114607332 0.696851012 -7.9266733
NaN NaN NaN
0.0257091085 0.81382818 -7.93221058
0.0221905355 0.795098991 -7.93840537
NaN NaN NaN
0.0257091085 0.81382818 -7.93221058
0.0251679409 0.829837263 -7.94906958
NaN NaN NaN
0.0257091085 0.81382818 -7.93221058
0.021812445 0.810910387 -7.9548276
NaN NaN NaN
0.117466026 0.874373925 -7.94168522
0.095181009 0.883416125 -7.94464977
NaN NaN NaN
0.117466026 0.874373925 -7.94168522
0.143655541 0.85883113 -7.94885257
NaN NaN NaN
0.117466026 0.874373925 -7.94168522
0.113975288 0.890548137 -7.9568256
NaN NaN NaN
0.117466026 0.874373925 -7.94168522
0.133270563 0.880475648 -7.9593928
NaN NaN NaN
0.0640827669 0.325927271 -7.84811422
0.118829517 0.327161726 -7.86144714
NaN NaN NaN
0.0640827669 0.325927271 -7.84811422
0.0 0.37310033 -7.88834265
NaN NaN NaN
0.0640827669 0.325927271 -7.84811422
0.0570734373 0.322435088 -7.89961939
NaN NaN NaN
0.0236702164 0.765803293 -7.9262164
0.0315993548 0.745163556 -7.9330369
NaN NaN NaN
0.0236702164 0.765803293 -7.9262164
0.0233878158 0.781525864 -7.94258158
NaN NaN NaN
0.0236702164 0.765803293 -7.9262164
0.0315765107 0.760838485 -7.94921948
NaN NaN NaN
0.095181009 0.883416125 -7.94464977
0.0731742145 0.893138054 -7.95723162
NaN NaN NaN
0.095181009 0.883416125 -7.94464977
0.113975288 0.890548137 -7.9568256
NaN NaN NaN
0.095181009 0.883416125 -7.94464977
0.0957729216 0.897462263 -7.95920016
NaN NaN NaN
0.152735101 0.728928211 -7.92052732
0.137495694 0.706583592 -7.92078438
NaN NaN NaN
0.152735101 0.728928211 -7.92052732
0.152071475 0.744703122 -7.93681622
NaN NaN NaN
0.152735101 0.728928211 -7.92052732
0.135200326 0.724405298 -7.94005354
NaN NaN NaN
0.156162325 0.823301248 -7.93638821
0.161489995 0.803386601 -7.94123364
NaN NaN NaN
0.156162325 0.823301248 -7.93638821
0.157893712 0.833561443 -7.95336334
NaN NaN NaN
0.156162325 0.823301248 -7.93638821
0.161387976 0.816324133 -7.95654321
NaN NaN NaN
0.204345478 0.293721972 -7.84306458
0.118829517 0.327161726 -7.86144714
NaN NaN NaN
0.160968861 0.765535597 -7.92878219
0.152071475 0.744703122 -7.93681622
NaN NaN NaN
0.160968861 0.765535597 -7.92878219
0.160571376 0.781331163 -7.945221
NaN NaN NaN
0.160968861 0.765535597 -7.92878219
0.151428314 0.76030761 -7.95288992
NaN NaN NaN
0.137495694 0.706583592 -7.92078438
0.114607332 0.696851012 -7.9266733
NaN NaN NaN
0.137495694 0.706583592 -7.92078438
0.135200326 0.724405298 -7.94005354
NaN NaN NaN
0.137495694 0.706583592 -7.92078438
0.114262727 0.714424863 -7.94369686
NaN NaN NaN
0.0925028694 0.684376957 -7.9186271
0.0713975314 0.695989007 -7.9253059
NaN NaN NaN
0.0925028694 0.684376957 -7.9186271
0.114607332 0.696851012 -7.9266733
NaN NaN NaN
0.0925028694 0.684376957 -7.9186271
0.0921435712 0.702318487 -7.93596969
NaN NaN NaN
0.0221905355 0.795098991 -7.93840537
0.0233878158 0.781525864 -7.94258158
NaN NaN NaN
0.0221905355 0.795098991 -7.93840537
0.021812445 0.810910387 -7.9548276
NaN NaN NaN
0.0221905355 0.795098991 -7.93840537
0.0231082129 0.79709268 -7.95878465
NaN NaN NaN
0.0446349333 0.717478645 -7.92613337
0.0315993548 0.745163556 -7.9330369
NaN NaN NaN
0.0446349333 0.717478645 -7.92613337
0.0713975314 0.695989007 -7.9253059
NaN NaN NaN
0.0446349333 0.717478645 -7.92613337
0.0710498982 0.713701294 -7.94245755
NaN NaN NaN
0.0446349333 0.717478645 -7.92613337
0.0464799515 0.738941903 -7.94972422
NaN NaN NaN
0.143655541 0.85883113 -7.94885257
0.133270563 0.880475648 -7.9593928
NaN NaN NaN
0.143655541 0.85883113 -7.94885257
0.157893712 0.833561443 -7.95336334
NaN NaN NaN
0.143655541 0.85883113 -7.94885257
0.147321643 0.86917242 -7.96546183
NaN NaN NaN
0.143655541 0.85883113 -7.94885257
0.158012938 0.849742143 -7.97149329
NaN NaN NaN
0.0342005219 0.852638524 -7.94948028
0.0498287325 0.87646335 -7.95385575
NaN NaN NaN
0.0342005219 0.852638524 -7.94948028
0.0251679409 0.829837263 -7.94906958
NaN NaN NaN
0.0342005219 0.852638524 -7.94948028
0.0340271878 0.867218105 -7.96409264
NaN NaN NaN
0.0342005219 0.852638524 -7.94948028
0.0246352406 0.845766916 -7.96583012
NaN NaN NaN
0.161489995 0.803386601 -7.94123364
0.160571376 0.781331163 -7.945221
NaN NaN NaN
0.161489995 0.803386601 -7.94123364
0.161387976 0.816324133 -7.95654321
NaN NaN NaN
0.161489995 0.803386601 -7.94123364
0.160177792 0.796971681 -7.96149844
NaN NaN NaN
0.0315993548 0.745163556 -7.9330369
0.0315765107 0.760838485 -7.94921948
NaN NaN NaN
0.0315993548 0.745163556 -7.9330369
0.0464799515 0.738941903 -7.94972422
NaN NaN NaN
0.0498287325 0.87646335 -7.95385575
0.0731742145 0.893138054 -7.95723162
NaN NaN NaN
0.0498287325 0.87646335 -7.95385575
0.0340271878 0.867218105 -7.96409264
NaN NaN NaN
0.0498287325 0.87646335 -7.95385575
0.0553486852 0.900352383 -7.97355583
NaN NaN NaN
0.0498287325 0.87646335 -7.95385575
0.036742008 0.884671317 -7.97702662
NaN NaN NaN
-0.0837451326 0.341898456 -7.86186333
0.0 0.37310033 -7.88834265
NaN NaN NaN
-0.0837451326 0.341898456 -7.86186333
-0.0510088838 0.34703189 -7.91067092
NaN NaN NaN
-0.0837451326 0.341898456 -7.86186333
-0.0912356772 0.326862692 -7.92616173
NaN NaN NaN
0.0713975314 0.695989007 -7.9253059
0.0921435712 0.702318487 -7.93596969
NaN NaN NaN
0.0713975314 0.695989007 -7.9253059
0.0710498982 0.713701294 -7.94245755
NaN NaN NaN
0.0731742145 0.893138054 -7.95723162
0.0957729216 0.897462263 -7.95920016
NaN NaN NaN
0.0731742145 0.893138054 -7.95723162
0.0789295405 0.908949097 -7.97193027
NaN NaN NaN
0.0731742145 0.893138054 -7.95723162
0.0553486852 0.900352383 -7.97355583
NaN NaN NaN
0.113975288 0.890548137 -7.9568256
0.0957729216 0.897462263 -7.95920016
NaN NaN NaN
0.113975288 0.890548137 -7.9568256
0.133270563 0.880475648 -7.9593928
NaN NaN NaN
0.113975288 0.890548137 -7.9568256
0.104457743 0.908840734 -7.97248581
NaN NaN NaN
0.113975288 0.890548137 -7.9568256
0.127735488 0.900125553 -7.9751113
NaN NaN NaN
0.114607332 0.696851012 -7.9266733
0.0921435712 0.702318487 -7.93596969
NaN NaN NaN
0.114607332 0.696851012 -7.9266733
0.114262727 0.714424863 -7.94369686
NaN NaN NaN
0.0251679409 0.829837263 -7.94906958
0.021812445 0.810910387 -7.9548276
NaN NaN NaN
0.0251679409 0.829837263 -7.94906958
0.0246352406 0.845766916 -7.96583012
NaN NaN NaN
0.0251679409 0.829837263 -7.94906958
0.0214381234 0.826564175 -7.97108614
NaN NaN NaN
0.0957729216 0.897462263 -7.95920016
0.0789295405 0.908949097 -7.97193027
NaN NaN NaN
0.0957729216 0.897462263 -7.95920016
0.104457743 0.908840734 -7.97248581
NaN NaN NaN
0.118829517 0.327161726 -7.86144714
0.0570734373 0.322435088 -7.89961939
NaN NaN NaN
0.118829517 0.327161726 -7.86144714
0.19465327 0.285270839 -7.91156012
NaN NaN NaN
0.118829517 0.327161726 -7.86144714
0.10200329 0.322466034 -7.9262365
NaN NaN NaN
0.0233878158 0.781525864 -7.94258158
0.0315765107 0.760838485 -7.94921948
NaN NaN NaN
0.0233878158 0.781525864 -7.94258158
0.0231082129 0.79709268 -7.95878465
NaN NaN NaN
0.0233878158 0.781525864 -7.94258158
0.0315590468 0.776337938 -7.96521734
NaN NaN NaN
0.152071475 0.744703122 -7.93681622
0.135200326 0.724405298 -7.94005354
NaN NaN NaN
0.152071475 0.744703122 -7.93681622
0.151428314 0.76030761 -7.95288992
NaN NaN NaN
0.152071475 0.744703122 -7.93681622
0.134305164 0.740113036 -7.955914
NaN NaN NaN
0.133270563 0.880475648 -7.9593928
0.147321643 0.86917242 -7.96546183
NaN NaN NaN
0.133270563 0.880475648 -7.9593928
0.127735488 0.900125553 -7.9751113
NaN NaN NaN
0.133270563 0.880475648 -7.9593928
0.145971212 0.88445897 -7.97934182
NaN NaN NaN
0.157893712 0.833561443 -7.95336334
0.161387976 0.816324133 -7.95654321
NaN NaN NaN
0.157893712 0.833561443 -7.95336334
0.158012938 0.849742143 -7.97149329
NaN NaN NaN
0.157893712 0.833561443 -7.95336334
0.161277004 0.83006661 -7.97533364
NaN NaN NaN
0.160571376 0.781331163 -7.945221
0.151428314 0.76030761 -7.95288992
NaN NaN NaN
0.160571376 0.781331163 -7.945221
0.160177792 0.796971681 -7.96149844
NaN NaN NaN
0.160571376 0.781331163 -7.945221
0.150908368 0.775840034 -7.96865313
NaN NaN NaN
0.0921435712 0.702318487 -7.93596969
0.0710498982 0.713701294 -7.94245755
NaN NaN NaN
0.0921435712 0.702318487 -7.93596969
0.114262727 0.714424863 -7.94369686
NaN NaN NaN
0.0921435712 0.702318487 -7.93596969
0.0917842729 0.720260017 -7.95331228
NaN NaN NaN
0.135200326 0.724405298 -7.94005354
0.114262727 0.714424863 -7.94369686
NaN NaN NaN
0.135200326 0.724405298 -7.94005354
0.134305164 0.740113036 -7.955914
NaN NaN NaN
0.135200326 0.724405298 -7.94005354
0.113919527 0.731954096 -7.96067827
NaN NaN NaN
0.021812445 0.810910387 -7.9548276
0.0231082129 0.79709268 -7.95878465
NaN NaN NaN
0.021812445 0.810910387 -7.9548276
0.0214381234 0.826564175 -7.97108614
NaN NaN NaN
0.021812445 0.810910387 -7.9548276
0.0228314511 0.812501314 -7.97482306
NaN NaN NaN
0.0340271878 0.867218105 -7.96409264
0.0246352406 0.845766916 -7.96583012
NaN NaN NaN
0.0340271878 0.867218105 -7.96409264
0.036742008 0.884671317 -7.97702662
NaN NaN NaN
0.0340271878 0.867218105 -7.96409264
0.0250351265 0.86430722 -7.98179201
NaN NaN NaN
0.161387976 0.816324133 -7.95654321
0.160177792 0.796971681 -7.96149844
NaN NaN NaN
0.161387976 0.816324133 -7.95654321
0.161277004 0.83006661 -7.97533364
NaN NaN NaN
0.161387976 0.816324133 -7.95654321
0.159788173 0.812454673 -7.97761195
NaN NaN NaN
0.0789295405 0.908949097 -7.97193027
0.104457743 0.908840734 -7.97248581
NaN NaN NaN
0.0789295405 0.908949097 -7.97193027
0.0553486852 0.900352383 -7.97355583
NaN NaN NaN
0.0789295405 0.908949097 -7.97193027
0.0673798657 0.910659372 -7.99115253
NaN NaN NaN
0.0789295405 0.908949097 -7.97193027
0.0917005155 0.91630747 -7.9974624
NaN NaN NaN
0.147321643 0.86917242 -7.96546183
0.158012938 0.849742143 -7.97149329
NaN NaN NaN
0.147321643 0.86917242 -7.96546183
0.145971212 0.88445897 -7.97934182
NaN NaN NaN
0.147321643 0.86917242 -7.96546183
0.1573284 0.86421649 -7.98455513
NaN NaN NaN
0.0315765107 0.760838485 -7.94921948
0.0464799515 0.738941903 -7.94972422
NaN NaN NaN
0.0315765107 0.760838485 -7.94921948
0.0315590468 0.776337938 -7.96521734
NaN NaN NaN
0.0315765107 0.760838485 -7.94921948
0.047769652 0.756166165 -7.96826724
NaN NaN NaN
0.104457743 0.908840734 -7.97248581
0.127735488 0.900125553 -7.9751113
NaN NaN NaN
0.104457743 0.908840734 -7.97248581
0.115158927 0.910879001 -7.99394281
NaN NaN NaN
0.104457743 0.908840734 -7.97248581
0.0917005155 0.91630747 -7.9974624
NaN NaN NaN
0.0710498982 0.713701294 -7.94245755
0.0464799515 0.738941903 -7.94972422
NaN NaN NaN
0.0710498982 0.713701294 -7.94245755
0.0917842729 0.720260017 -7.95331228
NaN NaN NaN
0.0710498982 0.713701294 -7.94245755
0.0707023941 0.7313872 -7.95958459
NaN NaN NaN
0.114262727 0.714424863 -7.94369686
0.0917842729 0.720260017 -7.95331228
NaN NaN NaN
0.114262727 0.714424863 -7.94369686
0.113919527 0.731954096 -7.96067827
NaN NaN NaN
0.0553486852 0.900352383 -7.97355583
0.036742008 0.884671317 -7.97702662
NaN NaN NaN
0.0553486852 0.900352383 -7.97355583
0.0673798657 0.910659372 -7.99115253
NaN NaN NaN
0.0553486852 0.900352383 -7.97355583
0.0447133143 0.899824994 -8.00182804
NaN NaN NaN
0.0246352406 0.845766916 -7.96583012
0.0214381234 0.826564175 -7.97108614
NaN NaN NaN
0.0246352406 0.845766916 -7.96583012
0.0250351265 0.86430722 -7.98179201
NaN NaN NaN
0.0246352406 0.845766916 -7.96583012
0.0210675748 0.842060176 -7.98718079
NaN NaN NaN
0.0231082129 0.79709268 -7.95878465
0.0315590468 0.776337938 -7.96521734
NaN NaN NaN
0.0231082129 0.79709268 -7.95878465
0.0228314511 0.812501314 -7.97482306
NaN NaN NaN
0.0231082129 0.79709268 -7.95878465
0.0315469349 0.79165968 -7.98102819
NaN NaN NaN
0.0464799515 0.738941903 -7.94972422
0.0707023941 0.7313872 -7.95958459
NaN NaN NaN
0.0464799515 0.738941903 -7.94972422
0.047769652 0.756166165 -7.96826724
NaN NaN NaN
0.151428314 0.76030761 -7.95288992
0.134305164 0.740113036 -7.955914
NaN NaN NaN
0.151428314 0.76030761 -7.95288992
0.150908368 0.775840034 -7.96865313
NaN NaN NaN
0.151428314 0.76030761 -7.95288992
0.133510633 0.75580252 -7.97165339
NaN NaN NaN
0.127735488 0.900125553 -7.9751113
0.145971212 0.88445897 -7.97934182
NaN NaN NaN
0.127735488 0.900125553 -7.9751113
0.115158927 0.910879001 -7.99394281
NaN NaN NaN
0.127735488 0.900125553 -7.9751113
0.13675933 0.899797973 -8.00343194
NaN NaN NaN
0.0 0.37310033 -7.88834265
0.0570734373 0.322435088 -7.89961939
NaN NaN NaN
0.0 0.37310033 -7.88834265
-0.0510088838 0.34703189 -7.91067092
NaN NaN NaN
0.0 0.37310033 -7.88834265
0.0 0.363464301 -7.94080547
NaN NaN NaN
0.160177792 0.796971681 -7.96149844
0.150908368 0.775840034 -7.96865313
NaN NaN NaN
0.160177792 0.796971681 -7.96149844
0.159788173 0.812454673 -7.97761195
NaN NaN NaN
0.160177792 0.796971681 -7.96149844
0.15039818 0.791187119 -7.98422135
NaN NaN NaN
0.036742008 0.884671317 -7.97702662
0.0250351265 0.86430722 -7.98179201
NaN NaN NaN
0.036742008 0.884671317 -7.97702662
0.0447133143 0.899824994 -8.00182804
NaN NaN NaN
0.036742008 0.884671317 -7.97702662
0.0257881599 0.874202968 -8.00769617
NaN NaN NaN
0.158012938 0.849742143 -7.97149329
0.161277004 0.83006661 -7.97533364
NaN NaN NaN
0.158012938 0.849742143 -7.97149329
0.1573284 0.86421649 -7.98455513
NaN NaN NaN
0.158012938 0.849742143 -7.97149329
0.161037548 0.842061896 -7.99008022
NaN NaN NaN
0.134305164 0.740113036 -7.955914
0.113919527 0.731954096 -7.96067827
NaN NaN NaN
0.134305164 0.740113036 -7.955914
0.133510633 0.75580252 -7.97165339
NaN NaN NaN
0.0917842729 0.720260017 -7.95331228
0.0707023941 0.7313872 -7.95958459
NaN NaN NaN
0.0917842729 0.720260017 -7.95331228
0.113919527 0.731954096 -7.96067827
NaN NaN NaN
0.0917842729 0.720260017 -7.95331228
0.0914249746 0.738201547 -7.97065487
NaN NaN NaN
0.0214381234 0.826564175 -7.97108614
0.0228314511 0.812501314 -7.97482306
NaN NaN NaN
0.0214381234 0.826564175 -7.97108614
0.0210675748 0.842060176 -7.98718079
NaN NaN NaN
0.0214381234 0.826564175 -7.97108614
0.0225570625 0.827777824 -7.99072396
NaN NaN NaN
0.145971212 0.88445897 -7.97934182
0.1573284 0.86421649 -7.98455513
NaN NaN NaN
0.145971212 0.88445897 -7.97934182
0.13675933 0.899797973 -8.00343194
NaN NaN NaN
0.145971212 0.88445897 -7.97934182
0.155520255 0.873925493 -8.00958625
NaN NaN NaN
0.0315590468 0.776337938 -7.96521734
0.047769652 0.756166165 -7.96826724
NaN NaN NaN
0.0315590468 0.776337938 -7.96521734
0.0315469349 0.79165968 -7.98102819
NaN NaN NaN
0.0315590468 0.776337938 -7.96521734
0.0475193077 0.772161389 -7.98395611
NaN NaN NaN
0.0707023941 0.7313872 -7.95958459
0.047769652 0.756166165 -7.96826724
NaN NaN NaN
0.0707023941 0.7313872 -7.95958459
0.0914249746 0.738201547 -7.97065487
NaN NaN NaN
0.0707023941 0.7313872 -7.95958459
0.0703550122 0.749046423 -7.97668678
NaN NaN NaN
0.161277004 0.83006661 -7.97533364
0.159788173 0.812454673 -7.97761195
NaN NaN NaN
0.161277004 0.83006661 -7.97533364
0.161037548 0.842061896 -7.99008022
NaN NaN NaN
0.161277004 0.83006661 -7.97533364
0.159402576 0.827777806 -7.99355908
NaN NaN NaN
0.0250351265 0.86430722 -7.98179201
0.0210675748 0.842060176 -7.98718079
NaN NaN NaN
0.0250351265 0.86430722 -7.98179201
0.0257881599 0.874202968 -8.00769617
NaN NaN NaN
0.0250351265 0.86430722 -7.98179201
0.0206325001 0.847224524 -8.00818095
NaN NaN NaN
0.113919527 0.731954096 -7.96067827
0.133510633 0.75580252 -7.97165339
NaN NaN NaN
0.113919527 0.731954096 -7.96067827
0.0914249746 0.738201547 -7.97065487
NaN NaN NaN
0.113919527 0.731954096 -7.96067827
0.113577755 0.749438294 -7.97761714
NaN NaN NaN
0.0228314511 0.812501314 -7.97482306
0.0315469349 0.79165968 -7.98102819
NaN NaN NaN
0.0228314511 0.812501314 -7.97482306
0.0225570625 0.827777824 -7.99072396
NaN NaN NaN
0.0228314511 0.812501314 -7.97482306
0.030725576 0.807635805 -7.9958465
NaN NaN NaN
0.150908368 0.775840034 -7.96865313
0.133510633 0.75580252 -7.97165339
NaN NaN NaN
0.150908368 0.775840034 -7.96865313
0.15039818 0.791187119 -7.98422135
NaN NaN NaN
0.150908368 0.775840034 -7.96865313
0.131473471 0.769842039 -7.98683198
NaN NaN NaN
0.0673798657 0.910659372 -7.99115253
0.0917005155 0.91630747 -7.9974624
NaN NaN NaN
0.0673798657 0.910659372 -7.99115253
0.0447133143 0.899824994 -8.00182804
NaN NaN NaN
0.0673798657 0.910659372 -7.99115253
0.0677122804 0.91651678 -8.01380754
NaN NaN NaN
0.047769652 0.756166165 -7.96826724
0.0703550122 0.749046423 -7.97668678
NaN NaN NaN
0.047769652 0.756166165 -7.96826724
0.0475193077 0.772161389 -7.98395611
NaN NaN NaN
0.1573284 0.86421649 -7.98455513
0.161037548 0.842061896 -7.99008022
NaN NaN NaN
0.1573284 0.86421649 -7.98455513
0.155520255 0.873925493 -8.00958625
NaN NaN NaN
0.1573284 0.86421649 -7.98455513
0.160602487 0.847225884 -8.01107969
NaN NaN NaN
0.159788173 0.812454673 -7.97761195
0.15039818 0.791187119 -7.98422135
NaN NaN NaN
0.159788173 0.812454673 -7.97761195
0.159402576 0.827777806 -7.99355908
NaN NaN NaN
0.159788173 0.812454673 -7.97761195
0.151166094 0.807540572 -7.99836517
NaN NaN NaN
0.115158927 0.910879001 -7.99394281
0.0917005155 0.91630747 -7.9974624
NaN NaN NaN
0.115158927 0.910879001 -7.99394281
0.13675933 0.899797973 -8.00343194
NaN NaN NaN
0.115158927 0.910879001 -7.99394281
0.117938182 0.914901163 -8.01573629
NaN NaN NaN
0.133510633 0.75580252 -7.97165339
0.113577755 0.749438294 -7.97761714
NaN NaN NaN
0.133510633 0.75580252 -7.97165339
0.131473471 0.769842039 -7.98683198
NaN NaN NaN
0.0917005155 0.91630747 -7.9974624
0.0677122804 0.91651678 -8.01380754
NaN NaN NaN
0.0917005155 0.91630747 -7.9974624
0.117938182 0.914901163 -8.01573629
NaN NaN NaN
0.0917005155 0.91630747 -7.9974624
0.0952497007 0.923096295 -8.02587237
NaN NaN NaN
0.0210675748 0.842060176 -7.98718079
0.0225570625 0.827777824 -7.99072396
NaN NaN NaN
0.0210675748 0.842060176 -7.98718079
0.0206325001 0.847224524 -8.00818095
NaN NaN NaN
0.0914249746 0.738201547 -7.97065487
0.0703550122 0.749046423 -7.97668678
NaN NaN NaN
0.0914249746 0.738201547 -7.97065487
0.113577755 0.749438294 -7.97761714
NaN NaN NaN
0.0914249746 0.738201547 -7.97065487
0.0910656763 0.756143076 -7.98799746
NaN NaN NaN
0.0315469349 0.79165968 -7.98102819
0.0475193077 0.772161389 -7.98395611
NaN NaN NaN
0.0315469349 0.79165968 -7.98102819
0.030725576 0.807635805 -7.9958465
NaN NaN NaN
0.0315469349 0.79165968 -7.98102819
0.0460195324 0.790225113 -8.00044498
NaN NaN NaN
0.0570734373 0.322435088 -7.89961939
0.10200329 0.322466034 -7.9262365
NaN NaN NaN
0.0570734373 0.322435088 -7.89961939
0.0 0.363464301 -7.94080547
NaN NaN NaN
0.0570734373 0.322435088 -7.89961939
0.0495207192 0.318672178 -7.95511742
NaN NaN NaN
0.161037548 0.842061896 -7.99008022
0.159402576 0.827777806 -7.99355908
NaN NaN NaN
0.161037548 0.842061896 -7.99008022
0.160602487 0.847225884 -8.01107969
NaN NaN NaN
0.0703550122 0.749046423 -7.97668678
0.0475193077 0.772161389 -7.98395611
NaN NaN NaN
0.0703550122 0.749046423 -7.97668678
0.0910656763 0.756143076 -7.98799746
NaN NaN NaN
0.0703550122 0.749046423 -7.97668678
0.0668700943 0.778351539 -8.0037969
NaN NaN NaN
0.113577755 0.749438294 -7.97761714
0.131473471 0.769842039 -7.98683198
NaN NaN NaN
0.113577755 0.749438294 -7.97761714
0.0910656763 0.756143076 -7.98799746
NaN NaN NaN
0.113577755 0.749438294 -7.97761714
0.114653762 0.778180589 -8.00482891
NaN NaN NaN
0.0225570625 0.827777824 -7.99072396
0.030725576 0.807635805 -7.9958465
NaN NaN NaN
0.0225570625 0.827777824 -7.99072396
0.0206325001 0.847224524 -8.00818095
NaN NaN NaN
0.0225570625 0.827777824 -7.99072396
0.0245898304 0.825134343 -8.01740173
NaN NaN NaN
0.15039818 0.791187119 -7.98422135
0.131473471 0.769842039 -7.98683198
NaN NaN NaN
0.15039818 0.791187119 -7.98422135
0.151166094 0.807540572 -7.99836517
NaN NaN NaN
0.15039818 0.791187119 -7.98422135
0.135756885 0.789974917 -8.00236566
NaN NaN NaN
0.0447133143 0.899824994 -8.00182804
0.0677122804 0.91651678 -8.01380754
NaN NaN NaN
0.0447133143 0.899824994 -8.00182804
0.0257881599 0.874202968 -8.00769617
NaN NaN NaN
0.0447133143 0.899824994 -8.00182804
0.0330049552 0.891524985 -8.02064404
NaN NaN NaN
0.0447133143 0.899824994 -8.00182804
0.0469389968 0.908761015 -8.02857284
NaN NaN NaN
0.0475193077 0.772161389 -7.98395611
0.0460195324 0.790225113 -8.00044498
NaN NaN NaN
0.0475193077 0.772161389 -7.98395611
0.0668700943 0.778351539 -8.0037969
NaN NaN NaN
0.13675933 0.899797973 -8.00343194
0.117938182 0.914901163 -8.01573629
NaN NaN NaN
0.13675933 0.899797973 -8.00343194
0.155520255 0.873925493 -8.00958625
NaN NaN NaN
0.13675933 0.899797973 -8.00343194
0.147724462 0.891525281 -8.02301946
NaN NaN NaN
0.13675933 0.899797973 -8.00343194
0.134165961 0.908240737 -8.03058733
NaN NaN NaN
-0.0510088838 0.34703189 -7.91067092
-0.0912356772 0.326862692 -7.92616173
NaN NaN NaN
-0.0510088838 0.34703189 -7.91067092
0.0 0.363464301 -7.94080547
NaN NaN NaN
-0.0510088838 0.34703189 -7.91067092
-0.0510155054 0.337392477 -7.96313664
NaN NaN NaN
0.159402576 0.827777806 -7.99355908
0.151166094 0.807540572 -7.99836517
NaN NaN NaN
0.159402576 0.827777806 -7.99355908
0.160602487 0.847225884 -8.01107969
NaN NaN NaN
0.159402576 0.827777806 -7.99355908
0.156247019 0.824945732 -8.02004385
NaN NaN NaN
0.131473471 0.769842039 -7.98683198
0.135756885 0.789974917 -8.00236566
NaN NaN NaN
0.131473471 0.769842039 -7.98683198
0.114653762 0.778180589 -8.00482891
NaN NaN NaN
0.030725576 0.807635805 -7.9958465
0.0460195324 0.790225113 -8.00044498
NaN NaN NaN
0.030725576 0.807635805 -7.9958465
0.0245898304 0.825134343 -8.01740173
NaN NaN NaN
0.030725576 0.807635805 -7.9958465
0.0371219931 0.803382825 -8.01867007
NaN NaN NaN
0.0910656763 0.756143076 -7.98799746
0.0668700943 0.778351539 -8.0037969
NaN NaN NaN
0.0910656763 0.756143076 -7.98799746
0.114653762 0.778180589 -8.00482891
NaN NaN NaN
0.0910656763 0.756143076 -7.98799746
0.0907063781 0.774084606 -8.00534005
NaN NaN NaN
0.0677122804 0.91651678 -8.01380754
0.0952497007 0.923096295 -8.02587237
NaN NaN NaN
0.0677122804 0.91651678 -8.01380754
0.0469389968 0.908761015 -8.02857284
NaN NaN NaN
0.0677122804 0.91651678 -8.01380754
0.0647173265 0.921682744 -8.03856597
NaN NaN NaN
0.0257881599 0.874202968 -8.00769617
0.0206325001 0.847224524 -8.00818095
NaN NaN NaN
0.0257881599 0.874202968 -8.00769617
0.0330049552 0.891524985 -8.02064404
NaN NaN NaN
0.0257881599 0.874202968 -8.00769617
0.0201844467 0.852542928 -8.02980757
NaN NaN NaN
0.0257881599 0.874202968 -8.00769617
0.0230465265 0.874938606 -8.03614583
NaN NaN NaN
0.151166094 0.807540572 -7.99836517
0.135756885 0.789974917 -8.00236566
NaN NaN NaN
0.151166094 0.807540572 -7.99836517
0.156247019 0.824945732 -8.02004385
NaN NaN NaN
0.151166094 0.807540572 -7.99836517
0.143862419 0.803130062 -8.02065177
NaN NaN NaN
0.117938182 0.914901163 -8.01573629
0.0952497007 0.923096295 -8.02587237
NaN NaN NaN
0.117938182 0.914901163 -8.01573629
0.134165961 0.908240737 -8.03058733
NaN NaN NaN
0.117938182 0.914901163 -8.01573629
0.115297691 0.921682169 -8.03961228
NaN NaN NaN
0.155520255 0.873925493 -8.00958625
0.160602487 0.847225884 -8.01107969
NaN NaN NaN
0.155520255 0.873925493 -8.00958625
0.147724462 0.891525281 -8.02301946
NaN NaN NaN
0.155520255 0.873925493 -8.00958625
0.160154443 0.852543988 -8.03270587
NaN NaN NaN
0.155520255 0.873925493 -8.00958625
0.157032304 0.874939178 -8.03892015
NaN NaN NaN
0.0206325001 0.847224524 -8.00818095
0.0245898304 0.825134343 -8.01740173
NaN NaN NaN
0.0206325001 0.847224524 -8.00818095
0.0201844467 0.852542928 -8.02980757
NaN NaN NaN
0.0460195324 0.790225113 -8.00044498
0.0668700943 0.778351539 -8.0037969
NaN NaN NaN
0.0460195324 0.790225113 -8.00044498
0.0371219931 0.803382825 -8.01867007
NaN NaN NaN
0.0460195324 0.790225113 -8.00044498
0.053696006 0.789536204 -8.02269783
NaN NaN NaN
0.19465327 0.285270839 -7.91156012
0.10200329 0.322466034 -7.9262365
NaN NaN NaN
0.135756885 0.789974917 -8.00236566
0.114653762 0.778180589 -8.00482891
NaN NaN NaN
0.135756885 0.789974917 -8.00236566
0.143862419 0.803130062 -8.02065177
NaN NaN NaN
0.135756885 0.789974917 -8.00236566
0.127198774 0.789294769 -8.0239947
NaN NaN NaN
0.160602487 0.847225884 -8.01107969
0.156247019 0.824945732 -8.02004385
NaN NaN NaN
0.160602487 0.847225884 -8.01107969
0.160154443 0.852543988 -8.03270587
NaN NaN NaN
0.0330049552 0.891524985 -8.02064404
0.0469389968 0.908761015 -8.02857284
NaN NaN NaN
0.0330049552 0.891524985 -8.02064404
0.0230465265 0.874938606 -8.03614583
NaN NaN NaN
0.0330049552 0.891524985 -8.02064404
0.0320165627 0.896774895 -8.04492673
NaN NaN NaN
0.0952497007 0.923096295 -8.02587237
0.0647173265 0.921682744 -8.03856597
NaN NaN NaN
0.0952497007 0.923096295 -8.02587237
0.115297691 0.921682169 -8.03961228
NaN NaN NaN
0.0952497007 0.923096295 -8.02587237
0.0947775654 0.929052978 -8.05010401
NaN NaN NaN
0.0668700943 0.778351539 -8.0037969
0.0907063781 0.774084606 -8.00534005
NaN NaN NaN
0.0668700943 0.778351539 -8.0037969
0.053696006 0.789536204 -8.02269783
NaN NaN NaN
0.0668700943 0.778351539 -8.0037969
0.0790452473 0.780041243 -8.02530798
NaN NaN NaN
0.114653762 0.778180589 -8.00482891
0.0907063781 0.774084606 -8.00534005
NaN NaN NaN
0.114653762 0.778180589 -8.00482891
0.127198774 0.789294769 -8.0239947
NaN NaN NaN
0.114653762 0.778180589 -8.00482891
0.101620925 0.780005512 -8.02578235
NaN NaN NaN
-0.0912356772 0.326862692 -7.92616173
-0.0510155054 0.337392477 -7.96313664
NaN NaN NaN
0.147724462 0.891525281 -8.02301946
0.134165961 0.908240737 -8.03058733
NaN NaN NaN
0.147724462 0.891525281 -8.02301946
0.157032304 0.874939178 -8.03892015
NaN NaN NaN
0.147724462 0.891525281 -8.02301946
0.14770635 0.896775003 -8.04732227
NaN NaN NaN
0.0907063781 0.774084606 -8.00534005
0.0790452473 0.780041243 -8.02530798
NaN NaN NaN
0.0907063781 0.774084606 -8.00534005
0.101620925 0.780005512 -8.02578235
NaN NaN NaN
0.10200329 0.322466034 -7.9262365
0.0495207192 0.318672178 -7.95511742
NaN NaN NaN
0.10200329 0.322466034 -7.9262365
0.183287363 0.275360323 -7.99188382
NaN NaN NaN
0.10200329 0.322466034 -7.9262365
0.0819986399 0.316883341 -8.00326437
NaN NaN NaN
0.0469389968 0.908761015 -8.02857284
0.0647173265 0.921682744 -8.03856597
NaN NaN NaN
0.0469389968 0.908761015 -8.02857284
0.0320165627 0.896774895 -8.04492673
NaN NaN NaN
0.0469389968 0.908761015 -8.02857284
0.0468740462 0.915502894 -8.054459
NaN NaN NaN
0.0245898304 0.825134343 -8.01740173
0.0371219931 0.803382825 -8.01867007
NaN NaN NaN
0.0245898304 0.825134343 -8.01740173
0.0201844467 0.852542928 -8.02980757
NaN NaN NaN
0.0245898304 0.825134343 -8.01740173
0.023018849 0.83466112 -8.04343454
NaN NaN NaN
0.0245898304 0.825134343 -8.01740173
0.0370340337 0.808064126 -8.03957326
NaN NaN NaN
0.134165961 0.908240737 -8.03058733
0.115297691 0.921682169 -8.03961228
NaN NaN NaN
0.134165961 0.908240737 -8.03058733
0.14770635 0.896775003 -8.04732227
NaN NaN NaN
0.134165961 0.908240737 -8.03058733
0.132466885 0.915502723 -8.05623114
NaN NaN NaN
0.0 0.363464301 -7.94080547
0.0495207192 0.318672178 -7.95511742
NaN NaN NaN
0.0 0.363464301 -7.94080547
-0.0510155054 0.337392477 -7.96313664
NaN NaN NaN
0.0 0.363464301 -7.94080547
0.0 0.353827022 -7.9932751
NaN NaN NaN
0.156247019 0.824945732 -8.02004385
0.143862419 0.803130062 -8.02065177
NaN NaN NaN
0.156247019 0.824945732 -8.02004385
0.160154443 0.852543988 -8.03270587
NaN NaN NaN
0.156247019 0.824945732 -8.02004385
0.142968116 0.807659961 -8.04134463
NaN NaN NaN
0.156247019 0.824945732 -8.02004385
0.156730071 0.834482429 -8.04608713
NaN NaN NaN
0.0371219931 0.803382825 -8.01867007
0.053696006 0.789536204 -8.02269783
NaN NaN NaN
0.0371219931 0.803382825 -8.01867007
0.0370340337 0.808064126 -8.03957326
NaN NaN NaN
0.0647173265 0.921682744 -8.03856597
0.0947775654 0.929052978 -8.05010401
NaN NaN NaN
0.0647173265 0.921682744 -8.03856597
0.0468740462 0.915502894 -8.054459
NaN NaN NaN
0.0647173265 0.921682744 -8.03856597
0.0681558974 0.928989391 -8.06253289
NaN NaN NaN
0.143862419 0.803130062 -8.02065177
0.127198774 0.789294769 -8.0239947
NaN NaN NaN
0.143862419 0.803130062 -8.02065177
0.142968116 0.807659961 -8.04134463
NaN NaN NaN
0.115297691 0.921682169 -8.03961228
0.0947775654 0.929052978 -8.05010401
NaN NaN NaN
0.115297691 0.921682169 -8.03961228
0.132466885 0.915502723 -8.05623114
NaN NaN NaN
0.115297691 0.921682169 -8.03961228
0.115079961 0.927359047 -8.06314262
NaN NaN NaN
0.0201844467 0.852542928 -8.02980757
0.0230465265 0.874938606 -8.03614583
NaN NaN NaN
0.0201844467 0.852542928 -8.02980757
0.023018849 0.83466112 -8.04343454
NaN NaN NaN
0.0201844467 0.852542928 -8.02980757
0.0197241061 0.858007183 -8.05202727
NaN NaN NaN
0.053696006 0.789536204 -8.02269783
0.0790452473 0.780041243 -8.02530798
NaN NaN NaN
0.053696006 0.789536204 -8.02269783
0.0370340337 0.808064126 -8.03957326
NaN NaN NaN
0.053696006 0.789536204 -8.02269783
0.0624769937 0.789936314 -8.04501865
NaN NaN NaN
0.0230465265 0.874938606 -8.03614583
0.0320165627 0.896774895 -8.04492673
NaN NaN NaN
0.0230465265 0.874938606 -8.03614583
0.0197241061 0.858007183 -8.05202727
NaN NaN NaN
0.0230465265 0.874938606 -8.03614583
0.0225804411 0.880471052 -8.05864282
NaN NaN NaN
0.160154443 0.852543988 -8.03270587
0.157032304 0.874939178 -8.03892015
NaN NaN NaN
0.160154443 0.852543988 -8.03270587
0.156730071 0.834482429 -8.04608713
NaN NaN NaN
0.160154443 0.852543988 -8.03270587
0.159694106 0.858007999 -8.05492538
NaN NaN NaN
0.127198774 0.789294769 -8.0239947
0.101620925 0.780005512 -8.02578235
NaN NaN NaN
0.127198774 0.789294769 -8.0239947
0.142968116 0.807659961 -8.04134463
NaN NaN NaN
0.127198774 0.789294769 -8.0239947
0.117591018 0.789766482 -8.04572697
NaN NaN NaN
0.157032304 0.874939178 -8.03892015
0.14770635 0.896775003 -8.04732227
NaN NaN NaN
0.157032304 0.874939178 -8.03892015
0.159694106 0.858007999 -8.05492538
NaN NaN NaN
0.157032304 0.874939178 -8.03892015
0.15656622 0.880471462 -8.06141707
NaN NaN NaN
0.0790452473 0.780041243 -8.02530798
0.101620925 0.780005512 -8.02578235
NaN NaN NaN
0.0790452473 0.780041243 -8.02530798
0.0624769937 0.789936314 -8.04501865
NaN NaN NaN
0.0790452473 0.780041243 -8.02530798
0.0904009071 0.785849849 -8.05318206
NaN NaN NaN
0.101620925 0.780005512 -8.02578235
0.117591018 0.789766482 -8.04572697
NaN NaN NaN
0.101620925 0.780005512 -8.02578235
0.0904009071 0.785849849 -8.05318206
NaN NaN NaN
0.0320165627 0.896774895 -8.04492673
0.0468740462 0.915502894 -8.054459
NaN NaN NaN
0.0320165627 0.896774895 -8.04492673
0.0225804411 0.880471052 -8.05864282
NaN NaN NaN
0.0320165627 0.896774895 -8.04492673
0.0307377868 0.901479726 -8.06894922
NaN NaN NaN
0.0947775654 0.929052978 -8.05010401
0.0681558974 0.928989391 -8.06253289
NaN NaN NaN
0.0947775654 0.929052978 -8.05010401
0.115079961 0.927359047 -8.06314262
NaN NaN NaN
0.0947775654 0.929052978 -8.05010401
0.094191418 0.93471471 -8.07309189
NaN NaN NaN
0.14770635 0.896775003 -8.04732227
0.132466885 0.915502723 -8.05623114
NaN NaN NaN
0.14770635 0.896775003 -8.04732227
0.15656622 0.880471462 -8.06141707
NaN NaN NaN
0.14770635 0.896775003 -8.04732227
0.14798913 0.901479663 -8.07137709
NaN NaN NaN
0.0468740462 0.915502894 -8.054459
0.0681558974 0.928989391 -8.06253289
NaN NaN NaN
0.0468740462 0.915502894 -8.054459
0.0307377868 0.901479726 -8.06894922
NaN NaN NaN
0.0468740462 0.915502894 -8.054459
0.0455227849 0.920529776 -8.07773984
NaN NaN NaN
0.023018849 0.83466112 -8.04343454
0.0370340337 0.808064126 -8.03957326
NaN NaN NaN
0.023018849 0.83466112 -8.04343454
0.0197241061 0.858007183 -8.05202727
NaN NaN NaN
0.023018849 0.83466112 -8.04343454
0.0316611951 0.820059811 -8.06186249
NaN NaN NaN
0.023018849 0.83466112 -8.04343454
0.0225466682 0.840111621 -8.06539064
NaN NaN NaN
0.0370340337 0.808064126 -8.03957326
0.0624769937 0.789936314 -8.04501865
NaN NaN NaN
0.0370340337 0.808064126 -8.03957326
0.0316611951 0.820059811 -8.06186249
NaN NaN NaN
0.0370340337 0.808064126 -8.03957326
0.0460133699 0.803557713 -8.0593535
NaN NaN NaN
0.132466885 0.915502723 -8.05623114
0.115079961 0.927359047 -8.06314262
NaN NaN NaN
0.132466885 0.915502723 -8.05623114
0.14798913 0.901479663 -8.07137709
NaN NaN NaN
0.132466885 0.915502723 -8.05623114
0.132852724 0.920529527 -8.07954769
NaN NaN NaN
0.0495207192 0.318672178 -7.95511742
0.0 0.353827022 -7.9932751
NaN NaN NaN
0.0495207192 0.318672178 -7.95511742
0.0819986399 0.316883341 -8.00326437
NaN NaN NaN
0.0495207192 0.318672178 -7.95511742
0.04108066 0.314467177 -8.01713572
NaN NaN NaN
0.142968116 0.807659961 -8.04134463
0.156730071 0.834482429 -8.04608713
NaN NaN NaN
0.142968116 0.807659961 -8.04134463
0.117591018 0.789766482 -8.04572697
NaN NaN NaN
0.142968116 0.807659961 -8.04134463
0.133286973 0.803218382 -8.06052771
NaN NaN NaN
0.142968116 0.807659961 -8.04134463
0.147358987 0.8196513 -8.06374542
NaN NaN NaN
0.156730071 0.834482429 -8.04608713
0.159694106 0.858007999 -8.05492538
NaN NaN NaN
0.156730071 0.834482429 -8.04608713
0.147358987 0.8196513 -8.06374542
NaN NaN NaN
0.156730071 0.834482429 -8.04608713
0.156297604 0.839944765 -8.06800524
NaN NaN NaN
0.0681558974 0.928989391 -8.06253289
0.094191418 0.93471471 -8.07309189
NaN NaN NaN
0.0681558974 0.928989391 -8.06253289
0.0455227849 0.920529776 -8.07773984
NaN NaN NaN
0.0681558974 0.928989391 -8.06253289
0.0639660767 0.933423053 -8.08593963
NaN NaN NaN
0.0197241061 0.858007183 -8.05202727
0.0225804411 0.880471052 -8.05864282
NaN NaN NaN
0.0197241061 0.858007183 -8.05202727
0.0225466682 0.840111621 -8.06539064
NaN NaN NaN
0.0197241061 0.858007183 -8.05202727
0.0192522759 0.86360782 -8.07480154
NaN NaN NaN
-0.0510155054 0.337392477 -7.96313664
0.0 0.353827022 -7.9932751
NaN NaN NaN
-0.0510155054 0.337392477 -7.96313664
-0.0515028223 0.324107746 -8.03432201
NaN NaN NaN
0.115079961 0.927359047 -8.06314262
0.094191418 0.93471471 -8.07309189
NaN NaN NaN
0.115079961 0.927359047 -8.06314262
0.132852724 0.920529527 -8.07954769
NaN NaN NaN
0.115079961 0.927359047 -8.06314262
0.11408557 0.933422654 -8.08697621
NaN NaN NaN
0.0225804411 0.880471052 -8.05864282
0.0307377868 0.901479726 -8.06894922
NaN NaN NaN
0.0225804411 0.880471052 -8.05864282
0.0192522759 0.86360782 -8.07480154
NaN NaN NaN
0.0225804411 0.880471052 -8.05864282
0.0221036576 0.886130483 -8.08165618
NaN NaN NaN
0.0624769937 0.789936314 -8.04501865
0.0904009071 0.785849849 -8.05318206
NaN NaN NaN
0.0624769937 0.789936314 -8.04501865
0.0460133699 0.803557713 -8.0593535
NaN NaN NaN
0.0624769937 0.789936314 -8.04501865
0.0641258228 0.794961376 -8.06935656
NaN NaN NaN
0.159694106 0.858007999 -8.05492538
0.15656622 0.880471462 -8.06141707
NaN NaN NaN
0.159694106 0.858007999 -8.05492538
0.156297604 0.839944765 -8.06800524
NaN NaN NaN
0.159694106 0.858007999 -8.05492538
0.159222275 0.863608448 -8.07769972
NaN NaN NaN
0.117591018 0.789766482 -8.04572697
0.0904009071 0.785849849 -8.05318206
NaN NaN NaN
0.117591018 0.789766482 -8.04572697
0.133286973 0.803218382 -8.06052771
NaN NaN NaN
0.117591018 0.789766482 -8.04572697
0.114896761 0.794779981 -8.06984616
NaN NaN NaN
0.15656622 0.880471462 -8.06141707
0.14798913 0.901479663 -8.07137709
NaN NaN NaN
0.15656622 0.880471462 -8.06141707
0.159222275 0.863608448 -8.07769972
NaN NaN NaN
0.15656622 0.880471462 -8.06141707
0.156089432 0.886130793 -8.08443061
NaN NaN NaN
0.094191418 0.93471471 -8.07309189
0.0639660767 0.933423053 -8.08593963
NaN NaN NaN
0.094191418 0.93471471 -8.07309189
0.11408557 0.933422654 -8.08697621
NaN NaN NaN
0.094191418 0.93471471 -8.07309189
0.0933102092 0.940703347 -8.09732932
NaN NaN NaN
0.0307377868 0.901479726 -8.06894922
0.0455227849 0.920529776 -8.07773984
NaN NaN NaN
0.0307377868 0.901479726 -8.06894922
0.0221036576 0.886130483 -8.08165618
NaN NaN NaN
0.0307377868 0.901479726 -8.06894922
0.0297995474 0.906566265 -8.09254688
NaN NaN NaN
0.0904009071 0.785849849 -8.05318206
0.0641258228 0.794961376 -8.06935656
NaN NaN NaN
0.0904009071 0.785849849 -8.05318206
0.114896761 0.794779981 -8.06984616
NaN NaN NaN
0.0904009071 0.785849849 -8.05318206
0.0940990794 0.793400042 -8.08323703
NaN NaN NaN
0.14798913 0.901479663 -8.07137709
0.132852724 0.920529527 -8.07954769
NaN NaN NaN
0.14798913 0.901479663 -8.07137709
0.156089432 0.886130793 -8.08443061
NaN NaN NaN
0.14798913 0.901479663 -8.07137709
0.147949118 0.906566239 -8.09499331
NaN NaN NaN
0.0316611951 0.820059811 -8.06186249
0.0460133699 0.803557713 -8.0593535
NaN NaN NaN
0.0316611951 0.820059811 -8.06186249
0.0225466682 0.840111621 -8.06539064
NaN NaN NaN
0.0316611951 0.820059811 -8.06186249
0.0463157381 0.807954789 -8.0798208
NaN NaN NaN
0.0316611951 0.820059811 -8.06186249
0.0304146229 0.82689399 -8.08503706
NaN NaN NaN
0.0460133699 0.803557713 -8.0593535
0.0641258228 0.794961376 -8.06935656
NaN NaN NaN
0.0460133699 0.803557713 -8.0593535
0.0463157381 0.807954789 -8.0798208
NaN NaN NaN
0.0225466682 0.840111621 -8.06539064
0.0192522759 0.86360782 -8.07480154
NaN NaN NaN
0.0225466682 0.840111621 -8.06539064
0.0304146229 0.82689399 -8.08503706
NaN NaN NaN
0.0225466682 0.840111621 -8.06539064
0.0220568373 0.845765861 -8.08816745
NaN NaN NaN
0.0455227849 0.920529776 -8.07773984
0.0639660767 0.933423053 -8.08593963
NaN NaN NaN
0.0455227849 0.920529776 -8.07773984
0.0297995474 0.906566265 -8.09254688
NaN NaN NaN
0.0455227849 0.920529776 -8.07773984
0.0446262441 0.925829832 -8.10070092
NaN NaN NaN
0.133286973 0.803218382 -8.06052771
0.147358987 0.8196513 -8.06374542
NaN NaN NaN
0.133286973 0.803218382 -8.06052771
0.114896761 0.794779981 -8.06984616
NaN NaN NaN
0.133286973 0.803218382 -8.06052771
0.132125722 0.807618852 -8.08084994
NaN NaN NaN
0.147358987 0.8196513 -8.06374542
0.156297604 0.839944765 -8.06800524
NaN NaN NaN
0.147358987 0.8196513 -8.06374542
0.132125722 0.807618852 -8.08084994
NaN NaN NaN
0.147358987 0.8196513 -8.06374542
0.147642859 0.826516208 -8.08688558
NaN NaN NaN
0.132852724 0.920529527 -8.07954769
0.11408557 0.933422654 -8.08697621
NaN NaN NaN
0.132852724 0.920529527 -8.07954769
0.147949118 0.906566239 -8.09499331
NaN NaN NaN
0.132852724 0.920529527 -8.07954769
0.132797316 0.925829654 -8.10252602
NaN NaN NaN
0.156297604 0.839944765 -8.06800524
0.159222275 0.863608448 -8.07769972
NaN NaN NaN
0.156297604 0.839944765 -8.06800524
0.147642859 0.826516208 -8.08688558
NaN NaN NaN
0.156297604 0.839944765 -8.06800524
0.155848579 0.845616245 -8.09076255
NaN NaN NaN
0.0192522759 0.86360782 -8.07480154
0.0221036576 0.886130483 -8.08165618
NaN NaN NaN
0.0192522759 0.86360782 -8.07480154
0.0220568373 0.845765861 -8.08816745
NaN NaN NaN
0.0192522759 0.86360782 -8.07480154
0.0187705392 0.869326046 -8.09805398
NaN NaN NaN
0.0639660767 0.933423053 -8.08593963
0.0933102092 0.940703347 -8.09732932
NaN NaN NaN
0.0639660767 0.933423053 -8.08593963
0.0446262441 0.925829832 -8.10070092
NaN NaN NaN
0.0639660767 0.933423053 -8.08593963
0.0637015301 0.939462893 -8.11012701
NaN NaN NaN
0.11408557 0.933422654 -8.08697621
0.0933102092 0.940703347 -8.09732932
NaN NaN NaN
0.11408557 0.933422654 -8.08697621
0.132797316 0.925829654 -8.10252602
NaN NaN NaN
0.11408557 0.933422654 -8.08697621
0.113347846 0.939462577 -8.11115377
NaN NaN NaN
0.0221036576 0.886130483 -8.08165618
0.0297995474 0.906566265 -8.09254688
NaN NaN NaN
0.0221036576 0.886130483 -8.08165618
0.0187705392 0.869326046 -8.09805398
NaN NaN NaN
0.0221036576 0.886130483 -8.08165618
0.021621921 0.891848709 -8.10490862
NaN NaN NaN
0.159222275 0.863608448 -8.07769972
0.156089432 0.886130793 -8.08443061
NaN NaN NaN
0.159222275 0.863608448 -8.07769972
0.155848579 0.845616245 -8.09076255
NaN NaN NaN
0.159222275 0.863608448 -8.07769972
0.158740531 0.869326548 -8.1009525
NaN NaN NaN
0.0641258228 0.794961376 -8.06935656
0.0463157381 0.807954789 -8.0798208
NaN NaN NaN
0.0641258228 0.794961376 -8.06935656
0.0940990794 0.793400042 -8.08323703
NaN NaN NaN
0.0641258228 0.794961376 -8.06935656
0.0633784001 0.800803097 -8.09277596
NaN NaN NaN
0.0 0.353827022 -7.9932751
0.04108066 0.314467177 -8.01713572
NaN NaN NaN
0.0 0.353827022 -7.9932751
-0.0515028223 0.324107746 -8.03432201
NaN NaN NaN
0.0 0.353827022 -7.9932751
0.0 0.344188582 -8.04575105
NaN NaN NaN
0.114896761 0.794779981 -8.06984616
0.132125722 0.807618852 -8.08084994
NaN NaN NaN
0.114896761 0.794779981 -8.06984616
0.0940990794 0.793400042 -8.08323703
NaN NaN NaN
0.114896761 0.794779981 -8.06984616
0.114628816 0.800608597 -8.09319626
NaN NaN NaN
0.156089432 0.886130793 -8.08443061
0.147949118 0.906566239 -8.09499331
NaN NaN NaN
0.156089432 0.886130793 -8.08443061
0.158740531 0.869326548 -8.1009525
NaN NaN NaN
0.156089432 0.886130793 -8.08443061
0.155607689 0.89184895 -8.10768337
NaN NaN NaN
0.0297995474 0.906566265 -8.09254688
0.0446262441 0.925829832 -8.10070092
NaN NaN NaN
0.0297995474 0.906566265 -8.09254688
0.021621921 0.891848709 -8.10490862
NaN NaN NaN
0.0297995474 0.906566265 -8.09254688
0.0291757468 0.912076094 -8.11587839
NaN NaN NaN
0.0933102092 0.940703347 -8.09732932
0.0637015301 0.939462893 -8.11012701
NaN NaN NaN
0.0933102092 0.940703347 -8.09732932
0.113347846 0.939462577 -8.11115377
NaN NaN NaN
0.0933102092 0.940703347 -8.09732932
0.0836148495 0.946823668 -8.12207165
NaN NaN NaN
0.0463157381 0.807954789 -8.0798208
0.0304146229 0.82689399 -8.08503706
NaN NaN NaN
0.0463157381 0.807954789 -8.0798208
0.0633784001 0.800803097 -8.09277596
NaN NaN NaN
0.0463157381 0.807954789 -8.0798208
0.0449920543 0.814225235 -8.10268723
NaN NaN NaN
0.147949118 0.906566239 -8.09499331
0.132797316 0.925829654 -8.10252602
NaN NaN NaN
0.147949118 0.906566239 -8.09499331
0.155607689 0.89184895 -8.10768337
NaN NaN NaN
0.147949118 0.906566239 -8.09499331
0.147605875 0.912076251 -8.1183306
NaN NaN NaN
0.132125722 0.807618852 -8.08084994
0.147642859 0.826516208 -8.08688558
NaN NaN NaN
0.132125722 0.807618852 -8.08084994
0.114628816 0.800608597 -8.09319626
NaN NaN NaN
0.132125722 0.807618852 -8.08084994
0.132470515 0.813899606 -8.10370139
NaN NaN NaN
0.0304146229 0.82689399 -8.08503706
0.0220568373 0.845765861 -8.08816745
NaN NaN NaN
0.0304146229 0.82689399 -8.08503706
0.0449920543 0.814225235 -8.10268723
NaN NaN NaN
0.0304146229 0.82689399 -8.08503706
0.0294942092 0.833262578 -8.10826111
NaN NaN NaN
0.0220568373 0.845765861 -8.08816745
0.0187705392 0.869326046 -8.09805398
NaN NaN NaN
0.0220568373 0.845765861 -8.08816745
0.0294942092 0.833262578 -8.10826111
NaN NaN NaN
0.0220568373 0.845765861 -8.08816745
0.0215547702 0.851561346 -8.11151324
NaN NaN NaN
0.0446262441 0.925829832 -8.10070092
0.0637015301 0.939462893 -8.11012701
NaN NaN NaN
0.0446262441 0.925829832 -8.10070092
0.0291757468 0.912076094 -8.11587839
NaN NaN NaN
0.0446262441 0.925829832 -8.10070092
0.0440252421 0.931409053 -8.12380216
NaN NaN NaN
0.147642859 0.826516208 -8.08688558
0.155848579 0.845616245 -8.09076255
NaN NaN NaN
0.147642859 0.826516208 -8.08688558
0.132470515 0.813899606 -8.10370139
NaN NaN NaN
0.147642859 0.826516208 -8.08688558
0.147601367 0.832931413 -8.1101241
NaN NaN NaN
0.132797316 0.925829654 -8.10252602
0.113347846 0.939462577 -8.11115377
NaN NaN NaN
0.132797316 0.925829654 -8.10252602
0.147605875 0.912076251 -8.1183306
NaN NaN NaN
0.132797316 0.925829654 -8.10252602
0.132440765 0.931409043 -8.12563238
NaN NaN NaN
0.155848579 0.845616245 -8.09076255
0.158740531 0.869326548 -8.1009525
NaN NaN NaN
0.155848579 0.845616245 -8.09076255
0.147601367 0.832931413 -8.1101241
NaN NaN NaN
0.155848579 0.845616245 -8.09076255
0.155387924 0.851434618 -8.11410928
NaN NaN NaN
0.0940990794 0.793400042 -8.08323703
0.0633784001 0.800803097 -8.09277596
NaN NaN NaN
0.0940990794 0.793400042 -8.08323703
0.114628816 0.800608597 -8.09319626
NaN NaN NaN
0.0940990794 0.793400042 -8.08323703
0.0934933447 0.799043047 -8.1062193
NaN NaN NaN
0.183287363 0.275360323 -7.99188382
0.0819986399 0.316883341 -8.00326437
NaN NaN NaN
0.0187705392 0.869326046 -8.09805398
0.021621921 0.891848709 -8.10490862
NaN NaN NaN
0.0187705392 0.869326046 -8.09805398
0.0215547702 0.851561346 -8.11151324
NaN NaN NaN
0.0187705392 0.869326046 -8.09805398
0.0182888025 0.875044272 -8.12130643
NaN NaN NaN
0.0819986399 0.316883341 -8.00326437
0.04108066 0.314467177 -8.01713572
NaN NaN NaN
0.0637015301 0.939462893 -8.11012701
0.0836148495 0.946823668 -8.12207165
NaN NaN NaN
0.0637015301 0.939462893 -8.11012701
0.0440252421 0.931409053 -8.12380216
NaN NaN NaN
0.0637015301 0.939462893 -8.11012701
0.0626666689 0.945215278 -8.13436383
NaN NaN NaN
0.113347846 0.939462577 -8.11115377
0.0836148495 0.946823668 -8.12207165
NaN NaN NaN
0.113347846 0.939462577 -8.11115377
0.132440765 0.931409043 -8.12563238
NaN NaN NaN
0.113347846 0.939462577 -8.11115377
0.113377672 0.945215074 -8.13541263
NaN NaN NaN
0.021621921 0.891848709 -8.10490862
0.0291757468 0.912076094 -8.11587839
NaN NaN NaN
0.021621921 0.891848709 -8.10490862
0.0182888025 0.875044272 -8.12130643
NaN NaN NaN
0.021621921 0.891848709 -8.10490862
0.0211401843 0.897566936 -8.12816106
NaN NaN NaN
0.158740531 0.869326548 -8.1009525
0.155607689 0.89184895 -8.10768337
NaN NaN NaN
0.158740531 0.869326548 -8.1009525
0.155387924 0.851434618 -8.11410928
NaN NaN NaN
0.158740531 0.869326548 -8.1009525
0.158258787 0.875044649 -8.12420527
NaN NaN NaN
0.0633784001 0.800803097 -8.09277596
0.0449920543 0.814225235 -8.10268723
NaN NaN NaN
0.0633784001 0.800803097 -8.09277596
0.0934933447 0.799043047 -8.1062193
NaN NaN NaN
0.0633784001 0.800803097 -8.09277596
0.0633877997 0.806460721 -8.11673279
NaN NaN NaN
0.114628816 0.800608597 -8.09319626
0.132470515 0.813899606 -8.10370139
NaN NaN NaN
0.114628816 0.800608597 -8.09319626
0.0934933447 0.799043047 -8.1062193
NaN NaN NaN
0.114628816 0.800608597 -8.09319626
0.11358059 0.806276136 -8.11713404
NaN NaN NaN
0.155607689 0.89184895 -8.10768337
0.147605875 0.912076251 -8.1183306
NaN NaN NaN
0.155607689 0.89184895 -8.10768337
0.158258787 0.875044649 -8.12420527
NaN NaN NaN
0.155607689 0.89184895 -8.10768337
0.155125946 0.897567108 -8.13093613
NaN NaN NaN
0.0291757468 0.912076094 -8.11587839
0.0440252421 0.931409053 -8.12380216
NaN NaN NaN
0.0291757468 0.912076094 -8.11587839
0.0211401843 0.897566936 -8.12816106
NaN NaN NaN
0.0291757468 0.912076094 -8.11587839
0.0286664292 0.917746591 -8.13912098
NaN NaN NaN
0.0836148495 0.946823668 -8.12207165
0.0626666689 0.945215278 -8.13436383
NaN NaN NaN
0.0836148495 0.946823668 -8.12207165
0.113377672 0.945215074 -8.13541263
NaN NaN NaN
0.0836148495 0.946823668 -8.12207165
0.0879212852 0.955052734 -8.15498674
NaN NaN NaN
0.0449920543 0.814225235 -8.10268723
0.0294942092 0.833262578 -8.10826111
NaN NaN NaN
0.0449920543 0.814225235 -8.10268723
0.0633877997 0.806460721 -8.11673279
NaN NaN NaN
0.0449920543 0.814225235 -8.10268723
0.0441166801 0.820131613 -8.12553512
NaN NaN NaN
0.04108066 0.314467177 -8.01713572
0.0 0.344188582 -8.04575105
NaN NaN NaN
0.147605875 0.912076251 -8.1183306
0.132440765 0.931409043 -8.12563238
NaN NaN NaN
0.147605875 0.912076251 -8.1183306
0.155125946 0.897567108 -8.13093613
NaN NaN NaN
0.147605875 0.912076251 -8.1183306
0.147151949 0.917746917 -8.1415744
NaN NaN NaN
0.132470515 0.813899606 -8.10370139
0.147601367 0.832931413 -8.1101241
NaN NaN NaN
0.132470515 0.813899606 -8.10370139
0.11358059 0.806276136 -8.11713404
NaN NaN NaN
0.132470515 0.813899606 -8.10370139
0.132372099 0.819841362 -8.12659946
NaN NaN NaN
0.0294942092 0.833262578 -8.10826111
0.0215547702 0.851561346 -8.11151324
NaN NaN NaN
0.0294942092 0.833262578 -8.10826111
0.0441166801 0.820131613 -8.12553512
NaN NaN NaN
0.0294942092 0.833262578 -8.10826111
0.0288739 0.839204219 -8.13170483
NaN NaN NaN
0.0215547702 0.851561346 -8.11151324
0.0182888025 0.875044272 -8.12130643
NaN NaN NaN
0.0215547702 0.851561346 -8.11151324
0.0288739 0.839204219 -8.13170483
NaN NaN NaN
0.0215547702 0.851561346 -8.11151324
0.0210453617 0.857441575 -8.1352004
NaN NaN NaN
0.0440252421 0.931409053 -8.12380216
0.0626666689 0.945215278 -8.13436383
NaN NaN NaN
0.0440252421 0.931409053 -8.12380216
0.0286664292 0.917746591 -8.13912098
NaN NaN NaN
0.0440252421 0.931409053 -8.12380216
0.0425798758 0.939129823 -8.15774946
NaN NaN NaN
0.147601367 0.832931413 -8.1101241
0.155387924 0.851434618 -8.11410928
NaN NaN NaN
0.147601367 0.832931413 -8.1101241
0.132372099 0.819841362 -8.12659946
NaN NaN NaN
0.147601367 0.832931413 -8.1101241
0.147251955 0.838934008 -8.13362747
NaN NaN NaN
0.132440765 0.931409043 -8.12563238
0.113377672 0.945215074 -8.13541263
NaN NaN NaN
0.132440765 0.931409043 -8.12563238
0.147151949 0.917746917 -8.1415744
NaN NaN NaN
0.132440765 0.931409043 -8.12563238
0.132479155 0.939129865 -8.15961196
NaN NaN NaN
0.0934933447 0.799043047 -8.1062193
0.0633877997 0.806460721 -8.11673279
NaN NaN NaN
0.0934933447 0.799043047 -8.1062193
0.11358059 0.806276136 -8.11713404
NaN NaN NaN
0.0934933447 0.799043047 -8.1062193
0.092591158 0.804983594 -8.13047952
NaN NaN NaN
0.155387924 0.851434618 -8.11410928
0.158258787 0.875044649 -8.12420527
NaN NaN NaN
0.155387924 0.851434618 -8.11410928
0.147251955 0.838934008 -8.13362747
NaN NaN NaN
0.155387924 0.851434618 -8.11410928
0.154920108 0.857343441 -8.13781895
NaN NaN NaN
0.0182888025 0.875044272 -8.12130643
0.0211401843 0.897566936 -8.12816106
NaN NaN NaN
0.0182888025 0.875044272 -8.12130643
0.0210453617 0.857441575 -8.1352004
NaN NaN NaN
0.0182888025 0.875044272 -8.12130643
0.0178070659 0.880762498 -8.14455887
NaN NaN NaN
0.0626666689 0.945215278 -8.13436383
0.0879212852 0.955052734 -8.15498674
NaN NaN NaN
0.0626666689 0.945215278 -8.13436383
0.0638081777 0.952033781 -8.15952012
NaN NaN NaN
0.0626666689 0.945215278 -8.13436383
0.0425798758 0.939129823 -8.15774946
NaN NaN NaN
0.0211401843 0.897566936 -8.12816106
0.0286664292 0.917746591 -8.13912098
NaN NaN NaN
0.0211401843 0.897566936 -8.12816106
0.0178070659 0.880762498 -8.14455887
NaN NaN NaN
0.0211401843 0.897566936 -8.12816106
0.0206584476 0.903285162 -8.1514135
NaN NaN NaN
0.158258787 0.875044649 -8.12420527
0.155125946 0.897567108 -8.13093613
NaN NaN NaN
0.158258787 0.875044649 -8.12420527
0.154920108 0.857343441 -8.13781895
NaN NaN NaN
0.158258787 0.875044649 -8.12420527
0.157777044 0.880762749 -8.14745805
NaN NaN NaN
0.113377672 0.945215074 -8.13541263
0.0879212852 0.955052734 -8.15498674
NaN NaN NaN
0.113377672 0.945215074 -8.13541263
0.111327583 0.9519874 -8.16051564
NaN NaN NaN
0.113377672 0.945215074 -8.13541263
0.132479155 0.939129865 -8.15961196
NaN NaN NaN
0.0633877997 0.806460721 -8.11673279
0.0441166801 0.820131613 -8.12553512
NaN NaN NaN
0.0633877997 0.806460721 -8.11673279
0.092591158 0.804983594 -8.13047952
NaN NaN NaN
0.0633877997 0.806460721 -8.11673279
0.0631265173 0.812306117 -8.1410036
NaN NaN NaN
0.11358059 0.806276136 -8.11713404
0.132372099 0.819841362 -8.12659946
NaN NaN NaN
0.11358059 0.806276136 -8.11713404
0.092591158 0.804983594 -8.13047952
NaN NaN NaN
0.11358059 0.806276136 -8.11713404
0.112787148 0.812146982 -8.14146533
NaN NaN NaN
0.155125946 0.897567108 -8.13093613
0.147151949 0.917746917 -8.1415744
NaN NaN NaN
0.155125946 0.897567108 -8.13093613
0.157777044 0.880762749 -8.14745805
NaN NaN NaN
0.155125946 0.897567108 -8.13093613
0.154644202 0.903285265 -8.1541889
NaN NaN NaN
-0.0515028223 0.324107746 -8.03432201
0.0 0.344188582 -8.04575105
NaN NaN NaN
0.0286664292 0.917746591 -8.13912098
0.0206584476 0.903285162 -8.1514135
NaN NaN NaN
0.0286664292 0.917746591 -8.13912098
0.0425798758 0.939129823 -8.15774946
NaN NaN NaN
0.0286664292 0.917746591 -8.13912098
0.0278491412 0.922996276 -8.16267524
NaN NaN NaN
0.0441166801 0.820131613 -8.12553512
0.0288739 0.839204219 -8.13170483
NaN NaN NaN
0.0441166801 0.820131613 -8.12553512
0.0631265173 0.812306117 -8.1410036
NaN NaN NaN
0.0441166801 0.820131613 -8.12553512
0.0435304524 0.825884474 -8.14877015
NaN NaN NaN
0.132372099 0.819841362 -8.12659946
0.147251955 0.838934008 -8.13362747
NaN NaN NaN
0.132372099 0.819841362 -8.12659946
0.112787148 0.812146982 -8.14146533
NaN NaN NaN
0.132372099 0.819841362 -8.12659946
0.131969314 0.825653367 -8.14995839
NaN NaN NaN
0.147151949 0.917746917 -8.1415744
0.132479155 0.939129865 -8.15961196
NaN NaN NaN
0.147151949 0.917746917 -8.1415744
0.154644202 0.903285265 -8.1541889
NaN NaN NaN
0.147151949 0.917746917 -8.1415744
0.146993186 0.922996366 -8.16514327
NaN NaN NaN
0.0288739 0.839204219 -8.13170483
0.0210453617 0.857441575 -8.1352004
NaN NaN NaN
0.0288739 0.839204219 -8.13170483
0.0435304524 0.825884474 -8.14877015
NaN NaN NaN
0.0288739 0.839204219 -8.13170483
0.0283591271 0.845025675 -8.15538835
NaN NaN NaN
0.0210453617 0.857441575 -8.1352004
0.0178070659 0.880762498 -8.14455887
NaN NaN NaN
0.0210453617 0.857441575 -8.1352004
0.0283591271 0.845025675 -8.15538835
NaN NaN NaN
0.0210453617 0.857441575 -8.1352004
0.0205284497 0.863408421 -8.15923648
NaN NaN NaN
0.147251955 0.838934008 -8.13362747
0.154920108 0.857343441 -8.13781895
NaN NaN NaN
0.147251955 0.838934008 -8.13362747
0.131969314 0.825653367 -8.14995839
NaN NaN NaN
0.147251955 0.838934008 -8.13362747
0.146786485 0.844832731 -8.15743076
NaN NaN NaN
0.154920108 0.857343441 -8.13781895
0.157777044 0.880762749 -8.14745805
NaN NaN NaN
0.154920108 0.857343441 -8.13781895
0.146786485 0.844832731 -8.15743076
NaN NaN NaN
0.154920108 0.857343441 -8.13781895
0.154444962 0.863344838 -8.16190008
NaN NaN NaN
0.092591158 0.804983594 -8.13047952
0.0631265173 0.812306117 -8.1410036
NaN NaN NaN
0.092591158 0.804983594 -8.13047952
0.112787148 0.812146982 -8.14146533
NaN NaN NaN
0.092591158 0.804983594 -8.13047952
0.0922188924 0.811124424 -8.15541409
NaN NaN NaN
0.0879212852 0.955052734 -8.15498674
0.0638081777 0.952033781 -8.15952012
NaN NaN NaN
0.0879212852 0.955052734 -8.15498674
0.111327583 0.9519874 -8.16051564
NaN NaN NaN
0.0879212852 0.955052734 -8.15498674
0.0750167295 0.959141819 -8.17580641
NaN NaN NaN
0.0879212852 0.955052734 -8.15498674
0.0993222587 0.959141819 -8.17630997
NaN NaN NaN
0.0178070659 0.880762498 -8.14455887
0.0206584476 0.903285162 -8.1514135
NaN NaN NaN
0.0178070659 0.880762498 -8.14455887
0.0205284497 0.863408421 -8.15923648
NaN NaN NaN
0.0178070659 0.880762498 -8.14455887
0.0173253292 0.886480724 -8.16781131
NaN NaN NaN
0.0206584476 0.903285162 -8.1514135
0.0278491412 0.922996276 -8.16267524
NaN NaN NaN
0.0206584476 0.903285162 -8.1514135
0.0173253292 0.886480724 -8.16781131
NaN NaN NaN
0.0206584476 0.903285162 -8.1514135
0.0211826035 0.915447965 -8.18543626
NaN NaN NaN
0.157777044 0.880762749 -8.14745805
0.154644202 0.903285265 -8.1541889
NaN NaN NaN
0.157777044 0.880762749 -8.14745805
0.154444962 0.863344838 -8.16190008
NaN NaN NaN
0.157777044 0.880762749 -8.14745805
0.1572953 0.88648085 -8.17071083
NaN NaN NaN
0.0638081777 0.952033781 -8.15952012
0.0425798758 0.939129823 -8.15774946
NaN NaN NaN
0.0638081777 0.952033781 -8.15952012
0.0750167295 0.959141819 -8.17580641
NaN NaN NaN
0.0638081777 0.952033781 -8.15952012
0.0521358832 0.951067521 -8.177318
NaN NaN NaN
0.0425798758 0.939129823 -8.15774946
0.0278491412 0.922996276 -8.16267524
NaN NaN NaN
0.0425798758 0.939129823 -8.15774946
0.0521358832 0.951067521 -8.177318
NaN NaN NaN
0.0425798758 0.939129823 -8.15774946
0.0334394874 0.935892805 -8.18066241
NaN NaN NaN
0.111327583 0.9519874 -8.16051564
0.132479155 0.939129865 -8.15961196
NaN NaN NaN
0.111327583 0.9519874 -8.16051564
0.0993222587 0.959141819 -8.17630997
NaN NaN NaN
0.111327583 0.9519874 -8.16051564
0.122120865 0.951067521 -8.17876793
NaN NaN NaN
0.132479155 0.939129865 -8.15961196
0.146993186 0.922996366 -8.16514327
NaN NaN NaN
0.132479155 0.939129865 -8.15961196
0.122120865 0.951067521 -8.17876793
NaN NaN NaN
0.132479155 0.939129865 -8.15961196
0.140662701 0.935892805 -8.18288383
NaN NaN NaN
0.0631265173 0.812306117 -8.1410036
0.0435304524 0.825884474 -8.14877015
NaN NaN NaN
0.0631265173 0.812306117 -8.1410036
0.0922188924 0.811124424 -8.15541409
NaN NaN NaN
0.0631265173 0.812306117 -8.1410036
0.0621022827 0.818442685 -8.16520856
NaN NaN NaN
0.154644202 0.903285265 -8.1541889
0.146993186 0.922996366 -8.16514327
NaN NaN NaN
0.154644202 0.903285265 -8.1541889
0.1572953 0.88648085 -8.17071083
NaN NaN NaN
0.154644202 0.903285265 -8.1541889
0.152711346 0.915447965 -8.18816123
NaN NaN NaN
0.112787148 0.812146982 -8.14146533
0.131969314 0.825653367 -8.14995839
NaN NaN NaN
0.112787148 0.812146982 -8.14146533
0.0922188924 0.811124424 -8.15541409
NaN NaN NaN
0.112787148 0.812146982 -8.14146533
0.112756753 0.818323166 -8.16582624
NaN NaN NaN
0.0278491412 0.922996276 -8.16267524
0.0334394874 0.935892805 -8.18066241
NaN NaN NaN
0.0278491412 0.922996276 -8.16267524
0.0211826035 0.915447965 -8.18543626
NaN NaN NaN
0.0435304524 0.825884474 -8.14877015
0.0283591271 0.845025675 -8.15538835
NaN NaN NaN
0.0435304524 0.825884474 -8.14877015
0.0621022827 0.818442685 -8.16520856
NaN NaN NaN
0.0435304524 0.825884474 -8.14877015
0.0420463816 0.834876953 -8.18293158
NaN NaN NaN
0.131969314 0.825653367 -8.14995839
0.146786485 0.844832731 -8.15743076
NaN NaN NaN
0.131969314 0.825653367 -8.14995839
0.112756753 0.818323166 -8.16582624
NaN NaN NaN
0.131969314 0.825653367 -8.14995839
0.131995665 0.83477295 -8.1844889
NaN NaN NaN
0.146993186 0.922996366 -8.16514327
0.140662701 0.935892805 -8.18288383
NaN NaN NaN
0.146993186 0.922996366 -8.16514327
0.152711346 0.915447965 -8.18816123
NaN NaN NaN
0.0283591271 0.845025675 -8.15538835
0.0205284497 0.863408421 -8.15923648
NaN NaN NaN
0.0283591271 0.845025675 -8.15538835
0.0275096603 0.851471959 -8.17940915
NaN NaN NaN
0.0283591271 0.845025675 -8.15538835
0.0420463816 0.834876953 -8.18293158
NaN NaN NaN
0.0205284497 0.863408421 -8.15923648
0.0173253292 0.886480724 -8.16781131
NaN NaN NaN
0.0205284497 0.863408421 -8.15923648
0.0275096603 0.851471959 -8.17940915
NaN NaN NaN
0.0205284497 0.863408421 -8.15923648
0.0209458033 0.868949936 -8.19686612
NaN NaN NaN
0.146786485 0.844832731 -8.15743076
0.154444962 0.863344838 -8.16190008
NaN NaN NaN
0.146786485 0.844832731 -8.15743076
0.146639564 0.851376053 -8.18166187
NaN NaN NaN
0.146786485 0.844832731 -8.15743076
0.131995665 0.83477295 -8.1844889
NaN NaN NaN
0.0750167295 0.959141819 -8.17580641
0.0993222587 0.959141819 -8.17630997
NaN NaN NaN
0.0750167295 0.959141819 -8.17580641
0.0521358832 0.951067521 -8.177318
NaN NaN NaN
0.0750167295 0.959141819 -8.17580641
0.0708790569 0.935348113 -8.18157202
NaN NaN NaN
0.0993222587 0.959141819 -8.17630997
0.122120865 0.951067521 -8.17876793
NaN NaN NaN
0.0993222587 0.959141819 -8.17630997
0.0708790569 0.935348113 -8.18157202
NaN NaN NaN
0.0993222587 0.959141819 -8.17630997
0.102819675 0.929818243 -8.18359366
NaN NaN NaN
0.154444962 0.863344838 -8.16190008
0.1572953 0.88648085 -8.17071083
NaN NaN NaN
0.154444962 0.863344838 -8.16190008
0.146639564 0.851376053 -8.18166187
NaN NaN NaN
0.154444962 0.863344838 -8.16190008
0.152474546 0.868949936 -8.19959109
NaN NaN NaN
0.0922188924 0.811124424 -8.15541409
0.0621022827 0.818442685 -8.16520856
NaN NaN NaN
0.0922188924 0.811124424 -8.15541409
0.112756753 0.818323166 -8.16582624
NaN NaN NaN
0.0922188924 0.811124424 -8.15541409
0.0866093909 0.819106493 -8.18840675
NaN NaN NaN
0.0173253292 0.886480724 -8.16781131
0.0211826035 0.915447965 -8.18543626
NaN NaN NaN
0.0173253292 0.886480724 -8.16781131
0.0168435925 0.892198951 -8.19106375
NaN NaN NaN
0.0173253292 0.886480724 -8.16781131
0.0209458033 0.868949936 -8.19686612
NaN NaN NaN
0.0521358832 0.951067521 -8.177318
0.0334394874 0.935892805 -8.18066241
NaN NaN NaN
0.0521358832 0.951067521 -8.177318
0.0708790569 0.935348113 -8.18157202
NaN NaN NaN
0.0521358832 0.951067521 -8.177318
0.0460034872 0.91515814 -8.18602176
NaN NaN NaN
0.122120865 0.951067521 -8.17876793
0.140662701 0.935892805 -8.18288383
NaN NaN NaN
0.122120865 0.951067521 -8.17876793
0.102819675 0.929818243 -8.18359366
NaN NaN NaN
0.122120865 0.951067521 -8.17876793
0.12788751 0.91515814 -8.18771821
NaN NaN NaN
0.1572953 0.88648085 -8.17071083
0.152711346 0.915447965 -8.18816123
NaN NaN NaN
0.1572953 0.88648085 -8.17071083
0.156813557 0.892198951 -8.1939636
NaN NaN NaN
0.1572953 0.88648085 -8.17071083
0.152474546 0.868949936 -8.19959109
NaN NaN NaN
0.0334394874 0.935892805 -8.18066241
0.0211826035 0.915447965 -8.18543626
NaN NaN NaN
0.0334394874 0.935892805 -8.18066241
0.0460034872 0.91515814 -8.18602176
NaN NaN NaN
0.0708790569 0.935348113 -8.18157202
0.102819675 0.929818243 -8.18359366
NaN NaN NaN
0.0708790569 0.935348113 -8.18157202
0.0460034872 0.91515814 -8.18602176
NaN NaN NaN
0.0708790569 0.935348113 -8.18157202
0.0869412488 0.914323623 -8.18707512
NaN NaN NaN
0.0708790569 0.935348113 -8.18157202
0.0644155045 0.89604086 -8.19110453
NaN NaN NaN
0.0621022827 0.818442685 -8.16520856
0.0420463816 0.834876953 -8.18293158
NaN NaN NaN
0.0621022827 0.818442685 -8.16520856
0.0866093909 0.819106493 -8.18840675
NaN NaN NaN
0.0621022827 0.818442685 -8.16520856
0.063044389 0.824140944 -8.19084157
NaN NaN NaN
0.140662701 0.935892805 -8.18288383
0.12788751 0.91515814 -8.18771821
NaN NaN NaN
0.140662701 0.935892805 -8.18288383
0.152711346 0.915447965 -8.18816123
NaN NaN NaN
0.112756753 0.818323166 -8.16582624
0.131995665 0.83477295 -8.1844889
NaN NaN NaN
0.112756753 0.818323166 -8.16582624
0.0866093909 0.819106493 -8.18840675
NaN NaN NaN
0.112756753 0.818323166 -8.16582624
0.110553752 0.824038995 -8.19164879
NaN NaN NaN
0.102819675 0.929818243 -8.18359366
0.0869412488 0.914323623 -8.18707512
NaN NaN NaN
0.102819675 0.929818243 -8.18359366
0.12788751 0.91515814 -8.18771821
NaN NaN NaN
0.102819675 0.929818243 -8.18359366
0.109767109 0.903870241 -8.19011871
NaN NaN NaN
0.0211826035 0.915447965 -8.18543626
0.0460034872 0.91515814 -8.18602176
NaN NaN NaN
0.0211826035 0.915447965 -8.18543626
0.0168435925 0.892198951 -8.19106375
NaN NaN NaN
0.0460034872 0.91515814 -8.18602176
0.0644155045 0.89604086 -8.19110453
NaN NaN NaN
0.0460034872 0.91515814 -8.18602176
0.0168435925 0.892198951 -8.19106375
NaN NaN NaN
0.0460034872 0.91515814 -8.18602176
0.0458983887 0.88361873 -8.19377574
NaN NaN NaN
0.0869412488 0.914323623 -8.18707512
0.109767109 0.903870241 -8.19011871
NaN NaN NaN
0.0869412488 0.914323623 -8.18707512
0.0644155045 0.89604086 -8.19110453
NaN NaN NaN
0.0869412488 0.914323623 -8.18707512
0.0895101295 0.889076548 -8.19333709
NaN NaN NaN
0.12788751 0.91515814 -8.18771821
0.152711346 0.915447965 -8.18816123
NaN NaN NaN
0.12788751 0.91515814 -8.18771821
0.109767109 0.903870241 -8.19011871
NaN NaN NaN
0.12788751 0.91515814 -8.18771821
0.156813557 0.892198951 -8.1939636
NaN NaN NaN
0.12788751 0.91515814 -8.18771821
0.128352935 0.886403473 -8.19479918
NaN NaN NaN
0.152711346 0.915447965 -8.18816123
0.156813557 0.892198951 -8.1939636
NaN NaN NaN
0.0275096603 0.851471959 -8.17940915
0.0420463816 0.834876953 -8.18293158
NaN NaN NaN
0.0275096603 0.851471959 -8.17940915
0.0209458033 0.868949936 -8.19686612
NaN NaN NaN
0.0275096603 0.851471959 -8.17940915
0.0329944486 0.848505096 -8.20214352
NaN NaN NaN
0.146639564 0.851376053 -8.18166187
0.131995665 0.83477295 -8.1844889
NaN NaN NaN
0.146639564 0.851376053 -8.18166187
0.152474546 0.868949936 -8.19959109
NaN NaN NaN
0.146639564 0.851376053 -8.18166187
0.140217662 0.848505096 -8.20436494
NaN NaN NaN
0.109767109 0.903870241 -8.19011871
0.0895101295 0.889076548 -8.19333709
NaN NaN NaN
0.109767109 0.903870241 -8.19011871
0.128352935 0.886403473 -8.19479918
NaN NaN NaN
0.109767109 0.903870241 -8.19011871
0.106499166 0.881136614 -8.19564165
NaN NaN NaN
0.0644155045 0.89604086 -8.19110453
0.0895101295 0.889076548 -8.19333709
NaN NaN NaN
0.0644155045 0.89604086 -8.19110453
0.0458983887 0.88361873 -8.19377574
NaN NaN NaN
0.0644155045 0.89604086 -8.19110453
0.0727987357 0.873535298 -8.19681276
NaN NaN NaN
0.0168435925 0.892198951 -8.19106375
0.0458983887 0.88361873 -8.19377574
NaN NaN NaN
0.0168435925 0.892198951 -8.19106375
0.0209458033 0.868949936 -8.19686612
NaN NaN NaN
0.0420463816 0.834876953 -8.18293158
0.063044389 0.824140944 -8.19084157
NaN NaN NaN
0.0420463816 0.834876953 -8.18293158
0.0329944486 0.848505096 -8.20214352
NaN NaN NaN
0.0420463816 0.834876953 -8.18293158
0.051536284 0.83333038 -8.20625942
NaN NaN NaN
0.131995665 0.83477295 -8.1844889
0.110553752 0.824038995 -8.19164879
NaN NaN NaN
0.131995665 0.83477295 -8.1844889
0.140217662 0.848505096 -8.20436494
NaN NaN NaN
0.131995665 0.83477295 -8.1844889
0.121521266 0.83333038 -8.20770935
NaN NaN NaN
0.0895101295 0.889076548 -8.19333709
0.106499166 0.881136614 -8.19564165
NaN NaN NaN
0.0895101295 0.889076548 -8.19333709
0.0727987357 0.873535298 -8.19681276
NaN NaN NaN
0.0895101295 0.889076548 -8.19333709
0.0941125032 0.869171646 -8.19832744
NaN NaN NaN
0.156813557 0.892198951 -8.1939636
0.128352935 0.886403473 -8.19479918
NaN NaN NaN
0.156813557 0.892198951 -8.1939636
0.152474546 0.868949936 -8.19959109
NaN NaN NaN
0.0458983887 0.88361873 -8.19377574
0.0727987357 0.873535298 -8.19681276
NaN NaN NaN
0.0458983887 0.88361873 -8.19377574
0.0209458033 0.868949936 -8.19686612
NaN NaN NaN
0.0458983887 0.88361873 -8.19377574
0.0562611619 0.857023431 -8.20053073
NaN NaN NaN
0.128352935 0.886403473 -8.19479918
0.106499166 0.881136614 -8.19564165
NaN NaN NaN
0.128352935 0.886403473 -8.19479918
0.152474546 0.868949936 -8.19959109
NaN NaN NaN
0.128352935 0.886403473 -8.19479918
0.116051653 0.857379225 -8.20168196
NaN NaN NaN
0.106499166 0.881136614 -8.19564165
0.0941125032 0.869171646 -8.19832744
NaN NaN NaN
0.106499166 0.881136614 -8.19564165
0.116051653 0.857379225 -8.20168196
NaN NaN NaN
0.0866093909 0.819106493 -8.18840675
0.063044389 0.824140944 -8.19084157
NaN NaN NaN
0.0866093909 0.819106493 -8.18840675
0.110553752 0.824038995 -8.19164879
NaN NaN NaN
0.0866093909 0.819106493 -8.18840675
0.0743348905 0.825256082 -8.20871738
NaN NaN NaN
0.0866093909 0.819106493 -8.18840675
0.0986404197 0.825256082 -8.20922094
NaN NaN NaN
0.0727987357 0.873535298 -8.19681276
0.0941125032 0.869171646 -8.19832744
NaN NaN NaN
0.0727987357 0.873535298 -8.19681276
0.0562611619 0.857023431 -8.20053073
NaN NaN NaN
0.0727987357 0.873535298 -8.19681276
0.0865947264 0.846280572 -8.20380105
NaN NaN NaN
0.0209458033 0.868949936 -8.19686612
0.0562611619 0.857023431 -8.20053073
NaN NaN NaN
0.0209458033 0.868949936 -8.19686612
0.0329944486 0.848505096 -8.20214352
NaN NaN NaN
0.063044389 0.824140944 -8.19084157
0.051536284 0.83333038 -8.20625942
NaN NaN NaN
0.063044389 0.824140944 -8.19084157
0.0743348905 0.825256082 -8.20871738
NaN NaN NaN
0.0941125032 0.869171646 -8.19832744
0.116051653 0.857379225 -8.20168196
NaN NaN NaN
0.0941125032 0.869171646 -8.19832744
0.0865947264 0.846280572 -8.20380105
NaN NaN NaN
0.110553752 0.824038995 -8.19164879
0.121521266 0.83333038 -8.20770935
NaN NaN NaN
0.110553752 0.824038995 -8.19164879
0.0986404197 0.825256082 -8.20922094
NaN NaN NaN
0.152474546 0.868949936 -8.19959109
0.116051653 0.857379225 -8.20168196
NaN NaN NaN
0.152474546 0.868949936 -8.19959109
0.140217662 0.848505096 -8.20436494
NaN NaN NaN
0.0562611619 0.857023431 -8.20053073
0.0329944486 0.848505096 -8.20214352
NaN NaN NaN
0.0562611619 0.857023431 -8.20053073
0.0865947264 0.846280572 -8.20380105
NaN NaN NaN
0.0562611619 0.857023431 -8.20053073
0.051536284 0.83333038 -8.20625942
NaN NaN NaN
0.0562611619 0.857023431 -8.20053073
0.0743348905 0.825256082 -8.20871738
NaN NaN NaN
0.116051653 0.857379225 -8.20168196
0.0865947264 0.846280572 -8.20380105
NaN NaN NaN
0.116051653 0.857379225 -8.20168196
0.140217662 0.848505096 -8.20436494
NaN NaN NaN
0.116051653 0.857379225 -8.20168196
0.121521266 0.83333038 -8.20770935
NaN NaN NaN
0.116051653 0.857379225 -8.20168196
0.0986404197 0.825256082 -8.20922094
NaN NaN NaN
0.0329944486 0.848505096 -8.20214352
0.051536284 0.83333038 -8.20625942
NaN NaN NaN
0.0865947264 0.846280572 -8.20380105
0.0743348905 0.825256082 -8.20871738
NaN NaN NaN
0.0865947264 0.846280572 -8.20380105
0.0986404197 0.825256082 -8.20922094
NaN NaN NaN
0.140217662 0.848505096 -8.20436494
0.121521266 0.83333038 -8.20770935
NaN NaN NaN
0.051536284 0.83333038 -8.20625942
0.0743348905 0.825256082 -8.20871738
NaN NaN NaN
0.121521266 0.83333038 -8.20770935
0.0986404197 0.825256082 -8.20922094
NaN NaN NaN
0.0743348905 0.825256082 -8.20871738
0.0986404197 0.825256082 -8.20922094
NaN NaN NaN
